"Term","NES","padj","LeadingEdgeGenes"
"Organophosphate Biosynthetic Process",-2.26421603341546,2.16644712071784e-21,"AK4;AK7;PGK1;IDH1;PNPLA3;FDPS;ELOVL6;QPRT;FADS1;AGPAT5;NR1H4;MOCOS;ACAT2;AK2;FABP3;MVK;PDK1;HEXB;GK5;GNPDA1;TPI1;ENO1;ACLY;HSD17B12;MVD;NME1;MPI;GMDS;MTM1;PAICS;APOA1;SLC19A3;DLAT;NDUFB9;LPIN1;MAP2K1;TPK1;ABHD5;TECR;PIK3C2A;APRT;GMPPB;HMGCS1;PCYT1A;PIK3C3;LPCAT3;RAB38;PAPSS2;NDUFS3;PCYT2;FASN;DGKG;ACSS2;PPT1;PTEN;IDI1;FABP5;PI4K2B;NANP;SPTLC2;ACSL1;LIPA;ACSL3;TKT;ALDOA;NDUFA9;DGUOK;SRD5A3;GK;GMPS;MOCS2;NDUFB3;PTPMT1;PDK3;IMPDH2;FITM2;PLD2;PGAP2;ACOT7;HMGCR;MTMR7;GFPT1;PCCA;LPGAT1;PNP;CMAS;PDXK;NUDT2;NDUFS8;GPAM;MTHFD1;FAR1;NDUFAB1;NDUFA12;ELOVL5;NDUFS5;ACSL4;PANK1;PIGU;AMPD3;PPIP5K2;OSBP;MTMR4;SGMS2;NUS1;NDUFA8;GPHN;NDUFA6;CPNE1;NME4;UPP1;DPM3;SDHD;ACACA;PIGA;NDUFC2;PMVK;NDUFV2;NDUFB2;IPMK;PIP5K1B;STOML2;IPPK;GGPS1;DLD;UXS1;MCEE;NDUFA1;PGM3;LIPH;DCTD;PRKAG2;SLC25A13;ATIC;PGS1;TBPL1;LHCGR;ABHD4;RRM1;MLYCD;PIK3C2B;SCP2;DTYMK;HPRT1;NDUFB10;SGMS1;SPTLC1;PIGP;NDUFB8;ABHD3;PMM2;DOLPP1;MFSD2A"
"Mitochondrial Gene Expression",-2.70059634875783,2.38490096556225e-16,"TRMT61B;MRPL22;MRPL40;LRPPRC;MRPL13;MRPS22;MRPL17;MRPS35;MRPL14;EARS2;C1QBP;MRPL3;MRPL32;MRPL18;MRPS17;MRPL44;IARS2;MRPL39;MRPL21;TACO1;PRKAA1;MRPS23;MRPS10;MRPL49;RMND1;DAP3;MRPL46;TRIT1;MRPL24;SLIRP;CDK5RAP1;TFB2M;TRUB2;TFAM;MRPS6;FASTKD1;MRPL50;MRPL27;GFM1;MRPL9;MRPS15;SLC25A33;MRPS16;MRPL52;FASTKD5;MRPS28;GFM2;MRPS31;MRPL47;MRPS34;MRPS26;MRPL23;FASTKD3;PUS1;CHCHD1;MRPL15;MRPL20;PTCD3;MRPS14;YARS2;MRPS11;MRPS24;MRPS25;TSFM;GATC;MTG1;MRPL33;MRPS2;MRPL55;MRPS7;HSD17B10;FOXO3;SHMT2;LARS2;AURKAIP1;MRPS27;MRPL48;MRPL35;MRPL30;MRPS33;FASTK;MRPL51;FASTKD2;MRPL42;PNPT1;TUFM;SUPV3L1;MRPL12;MRPL4;MTIF3;MRPS21;MRPL28"
"Purine Containing Compound Metabolic Process",-2.16340511857394,2.38490096556225e-16,"AK4;PGK1;LDHA;MLXIPL;CROT;IDH1;ENPP3;ALDOC;ENO2;ELOVL6;QPRT;UCP2;SLC2A6;LDHB;UCHL1;AK2;MVK;PDK1;TPI1;ENO1;GAPDH;ACLY;HSD17B12;ACO1;GOT2;MVD;NME1;CASK;GPI;PAICS;NUDT5;PFKP;PFKFB4;DLAT;NDUFB9;HK2;MAP2K1;PGAM1;TPK1;TECR;APRT;HMGCS1;PGAM4;RORA;PAPSS2;NDUFS3;FASN;PDE8A;ACSS2;PPT1;MFSD8;MDH1;RAN;HSD17B4;NUDT12;SLC4A4;ACSL1;LIPA;ACSL3;SLC25A18;TKT;ALDOA;NDUFA9;PRKAA1;DGUOK;GMPS;NDUFB3;PDK3;PDE10A;IMPDH2;FITM2;HKDC1;ACOT7;HMGCR;NUDT16;PCCA;PNP;PFKFB3;ENPP4;NUDT2;NDUFS8;ENTPD7;GPAM;MTHFD1;FAR1;NDUFAB1;PGD;NDUFA12;ELOVL5;NDUFS5;ACSL4;PANK1;AMPD3;FIS1;MCCC2;RPE;SUCLG1;NDUFA8;NDUFA6;FBP1;ITPA;NME4;SDHD;ACACA;DHTKD1;NDUFC2;ACOT4;PMVK;NDUFV2;NDUFB2;GNAI3;PSEN1;STOML2;OXSM;MTCH2;PGM2;DLD;GOT1;MCEE;NDUFA1;PRKAG2;ACOT9;NUDT3;SLC25A13;ATIC"
"Nucleoside Phosphate Biosynthetic Process",-2.42123244465721,7.26227010083613e-15,"AK4;AK7;PGK1;ELOVL6;QPRT;AK2;PDK1;GNPDA1;ENO1;ACLY;HSD17B12;NME1;MPI;GMDS;PAICS;DLAT;NDUFB9;MAP2K1;TPK1;TECR;APRT;GMPPB;PAPSS2;NDUFS3;FASN;ACSS2;PPT1;NANP;ACSL1;LIPA;ACSL3;ALDOA;NDUFA9;DGUOK;GMPS;NDUFB3;PDK3;IMPDH2;ACOT7;GFPT1;PCCA;PNP;CMAS;NUDT2;NDUFS8;MTHFD1;NDUFAB1;NDUFA12;ELOVL5;NDUFS5;ACSL4;PANK1;AMPD3;NDUFA8;NDUFA6;NME4;UPP1;SDHD;ACACA;NDUFC2;NDUFV2;NDUFB2;STOML2;DLD;UXS1;MCEE;NDUFA1;PGM3;DCTD;PRKAG2;SLC25A13;ATIC;TBPL1;RRM1;MLYCD;DTYMK;HPRT1;NDUFB10;NDUFB8;PMM2"
"Mitochondrial Translation",-2.69034489050937,8.63848064963588e-14,"MRPL22;MRPL40;LRPPRC;MRPL13;MRPS22;MRPL17;MRPS35;MRPL14;EARS2;C1QBP;MRPL3;MRPL32;MRPL18;MRPS17;MRPL44;IARS2;MRPL39;MRPL21;TACO1;MRPS23;MRPS10;MRPL49;RMND1;DAP3;MRPL46;MRPL24;CDK5RAP1;TRUB2;MRPS6;MRPL50;MRPL27;GFM1;MRPL9;MRPS15;MRPS16;MRPL52;MRPS28;GFM2;MRPS31;MRPL47;MRPS34;MRPS26;MRPL23;FASTKD3;CHCHD1;MRPL15;MRPL20;PTCD3;MRPS14;YARS2;MRPS11;MRPS24;MRPS25;TSFM;GATC;MTG1;MRPL33;MRPS2;MRPL55;MRPS7;SHMT2;LARS2;AURKAIP1;MRPS27;MRPL48;MRPL35;MRPL30;MRPS33;MRPL51;FASTKD2;MRPL42;TUFM;MRPL12;MRPL4;MTIF3;MRPS21;MRPL28"
"Small Molecule Biosynthetic Process",-1.97238216203778,4.03739291485264e-13,"PGK1;MLXIPL;EBP;FADS2;NSDHL;FDPS;ALDOC;ENO2;ELOVL6;SCD;APOC1;FADS1;NR1H4;CYP51A1;DHCR7;MVK;PLOD1;ACSS3;TPI1;ENO1;HSD17B7;SORD;ACLY;AACS;HSD17B12;SIGMAR1;GOT2;LSS;PDSS1;MVD;NME1;GPI;VDAC1;SEC14L2;APOA1;PTGES;SLC19A3;PFKFB4;PGAM1;STAR;LTA4H;TPK1;AKR1B1;PARK7;TECR;OSBPL6;SQLE;ALDH8A1;APRT;HMGCS1;PYCR1;MTHFD1L;NR3C1;LPCAT3;APOE;FASN;ACSS2;IDI1;ERRFI1;FABP5;HSD17B4;NANP;PLTP;STARD4;SPTLC2;ACSL1;LIPA;FDFT1;NDUFA9;PRKAA1;HMGCL;PDSS2;PSAT1;DHRS9;SPTSSA;INSIG2;ACOT7;HMGCR;ACOX1;LPGAT1;MAPK1;PNP;AGK;GLS;PFKFB3;SLC39A14;PDXK;MTHFD1;ALDH1A3;NDUFAB1;PGD;ELOVL5;ACSL4;PPIP5K2;OSBP;ERLIN2;MECR;HSD17B1;FBP1;ACER2;COQ5;PTGES3;ACACA;SPR;ACOT4;PMVK;IPMK;GSTP1;BCAT1;OXSM;CYP2R1;CBR1;DHCR24;IPPK;PGM2;LDHAL6B;BHMT2;GOT1;HSD3B1;DCTD;PECR;PRKAG2;SLC25A13;INSIG1;DGAT2;ERLIN1;PLOD2;LHCGR;PSPH;MLYCD;MIF;NLN;SCP2;DTYMK;COQ3;HPRT1;DECR2;SPTLC1;ABHD3;ABHD2;PLAA;ASAH1;SEPSECS;ENOPH1;MTHFD2;GAMT;NR1H3"
"Monocarboxylic Acid Metabolic Process",-1.91554685070577,8.63756205804394e-12,"PGK1;LDHA;MLXIPL;CROT;FADS2;IDH1;PNPLA3;ALDOC;ENO2;ELOVL6;DECR1;SCD;APOC1;FADS1;UCP2;NR1H4;SLC2A6;ACAT2;LDHB;UCHL1;FABP3;PDK1;TPI1;ENO1;GAPDH;SORD;ACLY;AACS;SLC6A8;HSD17B12;SLC16A3;SIGMAR1;MGAT4A;NME1;GPI;VDAC1;PTGES;PFKP;PFKFB4;DLAT;LPIN1;HK2;PGAM1;STAR;TPK1;AKR1B1;PARK7;ABHD5;TECR;OSBPL6;ALDH8A1;ANGPTL3;DBI;PGAM4;MTHFD1L;APOE;FASN;ACSS2;HAL;MFSD8;ERRFI1;FABP5;HSD17B4;AKR1C2;NUDT12;TYRP1;STARD4;SLC4A4;ACSL1;LIPA;ACSL3;FAH;SCPEP1;ALDOA;ABHD6;PRKAA1;D2HGDH;GRHPR;DHRS9;PDK3;HKDC1;INSIG2;MRS2;ACOT7;ACOX1;ETFB;PCCA;LPGAT1;PFKFB3;GPAM;ALDH1A3;NDUFAB1;PGD;ELOVL5;ACBD5;SLC16A1;ALDH3A2;ACSL4;ABHD10;OSBP;ERLIN2;MECR;ETFA;FBP1;SLC25A16;PTGES3;ACACA;DHTKD1;ACOT4;GSTP1;PSEN1;AKR1C1;ECH1;ECHS1;OXSM;CBR1;MTCH2;ADH5;HADH;LDHAL6B;DLD;MCEE;IVD;GPX1;PECR;PRKAG2;ACOT9;INSIG1;FTCD;DGAT2;ERLIN1;MLYCD;MIF;SCP2;NUDT8;DECR2;ABHD3;ABHD2;PLAA;ASAH1;ETFDH;MFSD2A;MTHFD2;GAMT;NR1H3;VNN2;PNPLA8;ABCC4;TRIB3;HAGH;MTTP;CCDC93;AKR1A1;STAT3;PDHB;ABCD3;PTGR1;SLC45A3;PGM1;NAMPT;ARV1;VNN1;SREBF1;ECI2;XYLB;LYPLA1;ECHDC3;POR;PHYH;ECHDC1;HSD17B10;ARL2;GCDH;PCCB;ADPGK;PPP2CA;SHMT2;NME2;ABCC2"
"Purine Containing Compound Biosynthetic Process",-2.3475505154948,9.91465729201545e-12,"AK4;PGK1;ELOVL6;QPRT;AK2;PDK1;ENO1;ACLY;HSD17B12;NME1;PAICS;DLAT;NDUFB9;MAP2K1;TPK1;TECR;APRT;PAPSS2;NDUFS3;FASN;ACSS2;PPT1;ACSL1;LIPA;ACSL3;ALDOA;NDUFA9;DGUOK;GMPS;NDUFB3;PDK3;IMPDH2;ACOT7;PCCA;PNP;NUDT2;NDUFS8;MTHFD1;NDUFAB1;NDUFA12;ELOVL5;NDUFS5;ACSL4;PANK1;AMPD3;NDUFA8;NDUFA6;NME4;SDHD;ACACA;NDUFC2;NDUFV2;NDUFB2;STOML2;PGM2;DLD;MCEE;NDUFA1;PRKAG2;SLC25A13;ATIC;MLYCD;HPRT1;NDUFB10;NDUFB8;STAT3;NME3;NME7;PDHB;NDUFA7;NAMPT;NDUFC1;PAPSS1;GCDH;MTHFD2L;SDHC;NME2;NDUFA13;CBR4"
"Nucleoside Triphosphate Metabolic Process",-2.32100489087833,1.09491122397869e-11,"AK4;PGK1;LDHA;MLXIPL;ENPP3;ALDOC;ENO2;UCP2;SMPDL3A;SLC2A6;UCHL1;AK2;TPI1;ENO1;GAPDH;NME1;GPI;ENTPD3;NUDT5;PFKP;PFKFB4;NDUFB9;HK2;MAP2K1;PGAM1;PGAM4;NDUFS3;MFSD8;RAN;SLC4A4;LIPA;ALDOA;NDUFA9;PRKAA1;DGUOK;NDUFB3;IMPDH2;HKDC1;NUDT16;PFKFB3;NUDT2;NDUFS8;ENTPD7;NDUFAB1;NDUFA12;NDUFS5;FIS1;NDUFA8;NDUFA6;FBP1;ITPA;NME4;SDHD;DHTKD1;NDUFC2;NDUFV2;NDUFB2;GNAI3;PSEN1;STOML2;MTCH2;NDUFA1;PRKAG2;SLC25A13;TBPL1;DTYMK;NDUFB10;NDUFB8;FIGNL1;MTTP;STAT3;NME3;NME7;PGM1;NDUFA7;ATP6V1B2;CLPX;NDUFC1;DCTPP1;ARL2;SDHC;ADPGK;PPP2CA;NME2;NDUFA13;PRKAG1;VCP;OLA1;NDUFS4;DNM1L;CMPK2"
"Nucleotide Metabolic Process",-2.00281478354479,2.10354499267803e-11,"AK4;AK7;PGK1;LDHA;MLXIPL;IDH1;ENPP3;ALDOC;ENO2;QPRT;UCP2;SLC2A6;LDHB;UCHL1;AK2;TPI1;ENO1;GAPDH;ACO1;GOT2;NME1;CASK;GPI;PAICS;NUDT5;PFKP;PFKFB4;NDUFB9;HK2;MAP2K1;PGAM1;PARK7;APRT;PGAM4;RORA;PAPSS2;NDUFS3;PDE8A;MFSD8;MDH1;RAN;NUDT12;SLC4A4;LIPA;SLC25A18;TKT;ALDOA;NDUFA9;PRKAA1;DGUOK;GMPS;NDUFB3;PDE10A;IMPDH2;HKDC1;NUDT16;PNP;PFKFB3;NUDT2;NDUFS8;ENTPD7;MTHFD1;NDUFAB1;PGD;NDUFA12;NDUFS5;AMPD3;FIS1;RPE;NDUFA8;NDUFA6;FBP1;ITPA;UNG;NME4;UPP1;SDHD;DHTKD1;NDUFC2;NDUFV2;NDUFB2;GNAI3;PSEN1;STOML2;MTCH2;GOT1;NDUFA1;DCTD;PRKAG2;NUDT3;SLC25A13;ATIC;TBPL1;RRM1;PTHLH;DTYMK;HPRT1;NDUFB10;MPP1;NDUFB8;RPIA"
"Generation of Precursor Metabolites and Energy",-1.96946122274348,4.76078555729946e-11,"AK4;PGK1;LDHA;MLXIPL;CROT;IDH1;MT3;ALDOC;ENO2;UCP2;SLC2A6;UCHL1;PDK1;ACSS3;GNPDA1;TPI1;ENO1;KL;GAPDH;AACS;ACO1;SOD2;GPI;PFKP;PFKFB4;DLAT;NDUFB9;HK2;IGF2;PGAM1;CAT;TPK1;PPP1CC;PARK7;AGL;PGAM4;PYGL;NDUFS3;UQCR11;PPIF;NDUFAF1;MFSD8;MDH1;TYRP1;SLC4A4;GYG2;LIPA;EPM2A;TKT;ALDOA;NDUFA9;PRKAA1;DGUOK;HMGCL;DHRS2;NDUFB3;PDK3;UQCRC2;HKDC1;GYS1;ACOX1;NHLRC1;GFPT1;GBE1;ETFB;PFKFB3;NDUFS8;IDE;RHOA;PDIA5;NDUFAB1;PGD;NDUFA12;NDUFS5;CYC1;RPE;GHITM;SUCLG1;NDUFA8;ETFA;NDUFA6;FBP1;SDHD;DHTKD1;COX6C;NDUFC2;NDUFV2;NDUFB2;PSEN1;UQCRH;PHKA1;STOML2;MTCH2;UQCRFS1;PGM2;DLD;SLC25A33;NDUFA1;PPP1R3G"
"Cellular Respiration",-2.20250733950987,5.19405112394622e-11,"AK4;PGK1;LDHA;MLXIPL;IDH1;ALDOC;ENO2;UCP2;SLC2A6;UCHL1;PDK1;TPI1;ENO1;GAPDH;ACO1;SOD2;GPI;PFKP;PFKFB4;DLAT;NDUFB9;HK2;PGAM1;CAT;TPK1;PARK7;PGAM4;NDUFS3;UQCR11;PPIF;NDUFAF1;MFSD8;MDH1;SLC4A4;LIPA;ALDOA;NDUFA9;PRKAA1;DGUOK;NDUFB3;PDK3;UQCRC2;HKDC1;ETFB;PFKFB3;NDUFS8;IDE;RHOA;NDUFAB1;NDUFA12;NDUFS5;CYC1;GHITM;SUCLG1;NDUFA8;ETFA;NDUFA6;FBP1;SDHD;DHTKD1;COX6C;NDUFC2;NDUFV2;NDUFB2;PSEN1;UQCRH;STOML2;MTCH2;UQCRFS1;DLD;SLC25A33;NDUFA1;PRKAG2;SLC25A13;COQ10A;COX5B;FH;NDUFB10;NDUFB8;ETFDH;TRAP1;MTTP;STAT3;MSH2;PDHB;UQCR10;PGM1;NDUFA7;COX4I1;UQCRQ;NDUFC1;CISD1;ARL2;SDHC;ADPGK;PPP2CA;SHMT2;IFNAR1;NDUFA13;IL10RB;COX7C;PRKAG1;NDUFA4;MDH2;VCP;BLOC1S1;NDUFS4"
"Atp Metabolic Process",-2.31307488797898,1.37639707410212e-10,"AK4;PGK1;LDHA;MLXIPL;ENPP3;ALDOC;ENO2;UCP2;SLC2A6;UCHL1;AK2;TPI1;ENO1;GAPDH;GPI;NUDT5;PFKP;PFKFB4;NDUFB9;HK2;MAP2K1;PGAM1;PGAM4;NDUFS3;MFSD8;SLC4A4;LIPA;ALDOA;NDUFA9;PRKAA1;NDUFB3;HKDC1;PFKFB3;NUDT2;NDUFS8;NDUFAB1;NDUFA12;NDUFS5;FIS1;NDUFA8;NDUFA6;FBP1;SDHD;DHTKD1;NDUFC2;NDUFV2;NDUFB2;PSEN1;STOML2;MTCH2;NDUFA1;PRKAG2;SLC25A13"
"Ribose Phosphate Metabolic Process",-2.06585834596001,1.31323747973788e-09,"AK4;PGK1;LDHA;MLXIPL;ENPP3;ALDOC;ENO2;UCP2;SLC2A6;UCHL1;AK2;TPI1;ENO1;GAPDH;NME1;CASK;GPI;PAICS;NUDT5;PFKP;PFKFB4;NDUFB9;HK2;MAP2K1;PGAM1;APRT;PGAM4;RORA;PAPSS2;NDUFS3;PDE8A;MFSD8;RAN;SLC4A4;LIPA;ALDOA;NDUFA9;PRKAA1;GMPS;NDUFB3;PDE10A;IMPDH2;HKDC1;PNP;PFKFB3;NUDT2;NDUFS8;ENTPD7;MTHFD1;NDUFAB1;NDUFA12;NDUFS5;AMPD3;FIS1;NDUFA8;NDUFA6;FBP1;ITPA;NME4;UPP1;SDHD;DHTKD1;NDUFC2;NDUFV2;NDUFB2;GNAI3;PSEN1;STOML2;MTCH2;NDUFA1;PRKAG2;NUDT3;SLC25A13;ATIC"
"Nucleoside Diphosphate Metabolic Process",-2.378691247977,3.89732486660278e-09,"AK4;PGK1;LDHA;MLXIPL;ALDOC;ENO2;UCP2;SLC2A6;UCHL1;AK2;TPI1;ENO1;GAPDH;NME1;CASK;GPI;ENTPD3;NUDT5;PFKP;PFKFB4;HK2;PGAM1;PGAM4;MFSD8;SLC4A4;LIPA;ALDOA;PRKAA1;HKDC1;PFKFB3;ENTPD7"
"Pyruvate Metabolic Process",-2.37829324887674,8.79947848006015e-09,"PGK1;LDHA;MLXIPL;ALDOC;ENO2;UCP2;SLC2A6;LDHB;UCHL1;PDK1;TPI1;ENO1;GAPDH;SLC16A3;GPI;VDAC1;PFKP;PFKFB4;DLAT;HK2;PGAM1;TPK1;PGAM4;MFSD8;SLC4A4;LIPA;ALDOA;PRKAA1;PDK3;HKDC1;PFKFB3;SLC16A1;FBP1;DHTKD1;PSEN1;MTCH2;LDHAL6B;DLD"
"Carbohydrate Catabolic Process",-2.22451074319049,2.87475558926532e-08,"PGK1;LDHA;MLXIPL;ALDOC;ENO2;UCP2;SLC2A6;UCHL1;HEXB;GK5;TPI1;ENO1;GAPDH;SORD;MPI;GPI;NUDT5;PFKP;PFKFB4;GM2A;HK2;PGAM1;AGL;PGAM4;PYGL;MFSD8;SLC4A4;GALT;LIPA;ALDOA;PRKAA1;GK;HKDC1;PFKFB3;LCT;MANBA;GALE;GALM;NEU1;FBP1;GLB1;DHTKD1;PSEN1;PHKA1;MTCH2;NAGA;PGM2"
"Ribonucleoprotein Complex Biogenesis",-1.75016032444523,3.42669221006719e-08,"MPHOSPH6;TRMT61B;GAPDH;WDR43;NOL3;EIF3I;DKC1;SRPK2;CUL4B;RCL1;RRP36;RPF2;YBEY;C1QBP;RAN;RUVBL1;SNRNP40;RPS12;SHQ1;EXOSC8;PRMT5;NHP2;EIF3B;RRN3;DDX47;NIP7;NPM1;RRP7A;NUDT16;NOL11;RPL38;HSP90AB1;SNIP1;MRTO4;RPL7L1;TXNL4A;NDUFAB1;DDX1;TFB2M;SUV39H1;RPS13;CINP;TSR1;EBNA1BP2;IMP3;DDX55;RPP40;EXOSC7;PTGES3;RPS28;RPLP0;GNL2;NSUN4;HEATR3;NOP10;GTPBP4;ATR;RPS8;SNRPD3;RPL27;C1D;RPS5;RPP30;RUVBL2;RPS15A;RPS23;RPL35A;EIF2S2;RPS21;SF3B5;WDR36;RPL5;RPSA;RPS27A;POP4;METTL5;EMG1;SNRPD2;SRFBP1;RPL7A;HSP90AA1;FTSJ3;NOL7;RPS6;USP39;RNU6ATAC;RPS19BP1;RPL35;SNRPD1;MTG1;DDX31;SNRPA1;SNRPG;DCAF13;RPUSD2;RPS24;NVL;DDX52;NOP14;LSM4;TGS1;UTP6;SYNCRIP;URB2;DDX21;MRPS2;USP4;BYSL;UTP20;FBL;RPL13A;PRKDC;CLP1;RPS17;WDR3;RPS3A;NOB1;WDR77;RPS14;EIF5B;BMS1;RPS19;PES1;RPL11;SNRPB2;LAS1L;WDR12;RPL7;SRPK1;RPL14;NOP16;XRCC5;PHF5A;PWP1;DDX49;SNRPB;DICER1;SNRNP25;WDR74;DHX9;NAT10;POP7;SDAD1;SNRNP48;GEMIN6;SNRNP200;DDX18;LSM5;FASTKD2;FCF1;PIN4;HEATR1;SNRPC;NMD3;NSA2;RPL26;NOM1;METTL18;TSR2;SF3B3;FRG1;RPS27L;RNU2-1;TUFM;RPS16;EXOSC2;RNU5E-1;SNRPE"
"Oxidative Phosphorylation",-2.34927142867772,4.05086942654484e-08,"AK4;MLXIPL;NDUFB9;PARK7;NDUFS3;UQCR11;PPIF;NDUFAF1;NDUFA9;DGUOK;NDUFB3;UQCRC2;NDUFS8;RHOA;NDUFAB1;NDUFA12;NDUFS5;CYC1;GHITM;NDUFA8;NDUFA6;SDHD;COX6C;NDUFC2;NDUFV2;NDUFB2;UQCRH;STOML2;MTCH2;UQCRFS1;DLD;SLC25A33;NDUFA1;COX5B;NDUFB10;NDUFB8;MSH2;UQCR10;NDUFA7;COX4I1;UQCRQ;NDUFC1;SDHC;SHMT2;NDUFA13;COX7C;NDUFA4;VCP;NDUFS4;CHCHD2;COX6B1;COX7A2;TMEM135;COX7B;NDUFS1;COX6A1;SDHB;NDUFA11;SDHAF2"
"Nucleotide Biosynthetic Process",-2.17550762716711,8.81516564819389e-08,"AK4;AK7;QPRT;AK2;ENO1;NME1;PAICS;NDUFB9;MAP2K1;APRT;PAPSS2;NDUFS3;LIPA;ALDOA;NDUFA9;DGUOK;GMPS;NDUFB3;IMPDH2;PNP;NUDT2;NDUFS8;MTHFD1;NDUFAB1;NDUFA12;NDUFS5;AMPD3;NDUFA8;NDUFA6;NME4;UPP1;SDHD;NDUFC2;NDUFV2;NDUFB2;STOML2;NDUFA1;DCTD;PRKAG2;SLC25A13;ATIC;TBPL1;RRM1;DTYMK;HPRT1;NDUFB10;NDUFB8;DHODH;STAT3;NME3;NME7;NDUFA7;NAMPT;NDUFC1;PAPSS1;MTHFD2L;SDHC;NME2;NDUFA13;VCP;GART;NDUFS4;CMPK2"
"Organophosphate Catabolic Process",-2.01025647396351,1.48246559463123e-07,"PGK1;LDHA;MLXIPL;IDH1;ENPP3;ALDOC;ENO2;APOC1;UCP2;SMPDL3A;SLC2A6;UCHL1;TPI1;ENO1;GAPDH;NME1;GPI;ENTPD3;SCARB1;NUDT5;PFKP;PFKFB4;HK2;PGAM1;PRDX6;ANGPTL3;PGAM4;PDE8A;MFSD8;NUDT12;SLC4A4;GALT;LIPA;ALDOA;ABHD6;PRKAA1;PDE10A;FITM2;PLD2;HKDC1;ACOT7;NUDT16;PNP;PFKFB3;GALE;ENTPD7;AMPD3;GALM;SUCLG1;FBP1;ITPA;UNG;UPP1;DHTKD1;PSEN1;ABHD12B;MTCH2"
"Nucleoside Diphosphate Catabolic Process",-2.3275221614974,1.65773110561165e-07,"PGK1;LDHA;MLXIPL;ALDOC;ENO2;UCP2;SLC2A6;UCHL1;TPI1;ENO1;GAPDH;GPI;ENTPD3;NUDT5;PFKP;PFKFB4;HK2;PGAM1;PGAM4;MFSD8;SLC4A4;LIPA;ALDOA;PRKAA1;HKDC1;PFKFB3;ENTPD7;FBP1;DHTKD1;PSEN1;MTCH2"
"Alcohol Metabolic Process",-1.98864243167222,1.69901990020062e-07,"EBP;IDH1;NSDHL;FDPS;CYP11A1;APOC1;NR1H4;PCSK9;CYP51A1;DHCR7;MVK;GK5;TPI1;VLDLR;HSD17B7;SORD;ACLY;LSS;MVD;SEC14L2;APOA1;SCARB1;STAR;CAT;TPK1;AKR1B1;RDH11;PARK7;SQLE;ANGPTL3;HMGCS1;DHRS3;LPCAT3;APOE;ALDH1B1;ACSS2;HSD17B6;IDI1;ERRFI1;AKR1C2;STARD4;SPTLC2;LIPA;FDFT1;ABCA1;PRKAA1;SRD5A3;GK;DHRS9;SPTSSA;INSIG2;RETSAT;HMGCR;MINPP1;MAPK1;AGK;ALDH1A3;ALDH3A2;PPIP5K2;ERLIN2;ACER2;SPR;PMVK;IPMK;AKR1C1;CYP2R1;DHCR24;IPPK;GOT1;PECR;NUDT3;INSIG1;DGAT2;ERLIN1;LHCGR"
"Electron Transport Chain",-2.29136114084974,1.69901990020062e-07,"SOD2;NDUFB9;PARK7;NDUFS3;UQCR11;NDUFAF1;NDUFA9;DGUOK;DHRS2;NDUFB3;UQCRC2;ETFB;NDUFS8;PDIA5;NDUFAB1;NDUFA12;NDUFS5;CYC1;GHITM;NDUFA8;ETFA;NDUFA6;SDHD;COX6C;NDUFC2;NDUFV2;NDUFB2;UQCRH;MTCH2;UQCRFS1;DLD;NDUFA1;COX5B;NDUFB10;NDUFB8;ETFDH;UQCR10;NDUFA7;COX4I1;UQCRQ;POR;NDUFC1;SDHC;COX7C;NDUFA4;NDUFS4;CHCHD2;COX6B1;COX7A2;COX7B;NDUFS1;HCCS;COX6A1;SDHB;NDUFA11;SDHAF2;COX8A;SNCA;NDUFB4;NDUFS6;SDHA;COQ9;PUM2;NDUFA2"
"Pyridine Containing Compound Metabolic Process",-2.136822639822,2.91522789389164e-07,"PGK1;LDHA;MLXIPL;IDH1;ALDOC;ENO2;QPRT;UCP2;SLC2A6;LDHB;UCHL1;TPI1;ENO1;GAPDH;ACO1;GOT2;GPI;PFKP;PFKFB4;HK2;PGAM1;PGAM4;MFSD8;MDH1;NUDT12;SLC4A4;LIPA;SLC25A18;TKT;ALDOA;PRKAA1;PSAT1;HKDC1;PNP;PFKFB3;PDXK;PGD"
"Axon Development",1.74404340020384,3.99521470729592e-07,"PTPRZ1;WNT5A;NELL2;SEMA5A;PRICKLE1;CDH4;NDP;S100B;DCHS2;EGR2;UST;NR4A3;MATN2;SEMA7A;PAK3;CNTN1;STMN1;ROBO3;VANGL2;VASH2;CDKL5;TGFB2;JUN;NRP1;SEMA4A;PTPRS;ABLIM1;TIAM2;SEMA6C;SEMA3C;SKIL;ERBB2;CNTN4;BCL11A;PTPRM;SMO;GPM6B;APBB1;ANK3;EFNB1;TTL;UNC5D;RAB3A;KIF13B;NTN4;UNC5C;ADCY1;ARHGEF40;BCL2;TTC8;PAK1;ULK2;PLP1;PLXNB1;RPS6KA5;PLEKHG4B;DDR1;FEZ1;GDI1;ACTG1;FN1;BRSK1;CHL1;NEO1;CDH1;FYN;LHX4;PRKCQ;KALRN;CHODL;KLF4;SEMA3A;NR4A2;BMPR2;CELSR2;NTRK2;SEMA4C;MAG;FOXG1;CRABP2;RYK;LIMK1;ATL1;SEMA3B;PTK7;CSPG5;SLITRK4;SLITRK2;ULK1;VCL;NRP2;SYNGAP1;NOTCH3;EXT1;CNTN2;ZFYVE27;GDF7;DLX5;SRF;B4GALT5;DIP2B;FAT4;FZD3;CHRNB2;PCDHAC2;FGFR2;TUBB3;SMAD4;PTCH1;EPHA6;CHN1;ANAPC2;DPYSL5;SEMA6A;KIF5C;DAG1;CELSR1;EFNB3;KIFC2;EFNA5;ATP8A2;IFRD1;NEXN;EFNA1;LAMA2;NFASC;SEMA4F;LAMB2"
"Small Molecule Catabolic Process",-1.86040108456275,6.43298090173602e-07,"PGK1;LDHA;CROT;ENO2;QPRT;DECR1;LDHB;GK5;GNPDA1;TPI1;ENO1;GAPDH;SORD;SLC16A3;DDO;GOT2;MPI;SCARB1;NUDT5;PFKP;DLAT;LPIN1;HK2;PGAM1;PARK7;ALDH8A1;APOE;GCSH;ALDH1B1;ACSS2;HAL;HSD17B6;HSD17B4;GALT;FAH;ALDOA;SRD5A3;GK;HMGCL;NQO2;ACOT7;ACOX1;ETFB;PCCA;PNP;GLS;ENPP4;GALE;ENTPD7;ACBD5;SLC16A1;MCCC2;GALM;ETFA;GLB1;UPP1;ACOT4;ECH1;BCAT1;ECHS1;SARDH;ADH5;HADH;LDHAL6B;DLD;GOT1;GCAT;MCEE;IVD;GPT2;HDC;NUDT3;FTCD;MLYCD;SCP2;NUDT8;DECR2;ABHD3;ABHD2;ETFDH;MFSD2A"
"Cell Morphogenesis Involved in Neuron Differentiation",1.67882606911224,9.32174468756363e-07,"PTPRZ1;WNT5A;NELL2;SEMA5A;PRICKLE1;CDH4;NDP;S100B;DCHS2;DBN1;HES1;EGR2;UST;NR4A3;FAT3;MATN2;SEMA7A;PAK3;CNTN1;STMN1;ROBO3;VANGL2;CDKL5;TGFB2;CC2D1A;NRP1;SEMA4A;PTPRS;ABLIM1;TIAM2;SEMA6C;SEMA3C;SKIL;ERBB2;MAPK8IP2;CNTN4;BCL11A;PTPRM;SMO;APBB1;ANK3;EFNB1;TTL;UNC5D;RAB3A;KIF13B;NTN4;UNC5C;ADCY1;NGEF;ARHGAP33;ARHGEF40;FZD4;BCL2;TTC8;PAK1;ULK2;PLXNB1;RPS6KA5;ARHGAP44;PLEKHG4B;FEZ1;KNDC1;GDI1;ACTG1;LZTS1;FN1;TECTA;BRSK1;CHL1;NEO1;CDH1;FYN;LHX4;KIF1A;PRKCQ;KALRN;CHODL;ZDHHC15;SEMA3A;NR4A2;BMPR2;CELSR2;PTPRD;NTRK2;SEMA4C;MAPRE3;MAG;FOXG1;DLG4;CRABP2;RYK;LIMK1;ATL1;SEMA3B;PTK7;STAU2;SLC1A3;PARP6;SLITRK4;SLITRK2;ULK1;VCL;NRP2;SYNGAP1;NOTCH3;HECW2;EXT1;CNTN2;EFHC2;ZFYVE27;GDF7;DLX5;SRF;CHRNA7;B4GALT5;DIP2B;FAT4;FZD3;CHRNB2;PCDHAC2;UNK;FGFR2;TUBB3;SMAD4;PTCH1;EPHA6;DTNBP1;CHN1;STRC;SS18L1;ANAPC2;DPYSL5;SEMA6A;KIF5C;DAG1;CELSR1;EFNB3;KIFC2;EFNA5;ATP8A2;IFRD1;NEXN;EFNA1;LAMA2;NFASC;SEMA4F;LAMB2"
"Nucleoside Triphosphate Biosynthetic Process",-2.26652379866563,9.32174468756363e-07,"AK4;ENO1;NME1;NDUFB9;MAP2K1;NDUFS3;LIPA;ALDOA;NDUFA9;NDUFB3;IMPDH2;NUDT2;NDUFS8;NDUFAB1;NDUFA12;NDUFS5;NDUFA8;NDUFA6;NME4;SDHD;NDUFC2;NDUFV2;NDUFB2;STOML2;NDUFA1;PRKAG2;SLC25A13;TBPL1;DTYMK;NDUFB10;NDUFB8;STAT3;NME3;NME7;NDUFA7;NDUFC1;SDHC;NME2;NDUFA13;VCP;NDUFS4;CMPK2"
"Ribosome Biogenesis",-1.83877677179267,1.18386862944755e-06,"MPHOSPH6;TRMT61B;WDR43;DKC1;CUL4B;RCL1;RRP36;RPF2;YBEY;C1QBP;RAN;RPS12;EXOSC8;PRMT5;NHP2;RRN3;DDX47;NIP7;NPM1;RRP7A;NUDT16;NOL11;RPL38;MRTO4;RPL7L1;NDUFAB1;TFB2M;SUV39H1;RPS13;CINP;TSR1;EBNA1BP2;IMP3;DDX55;RPP40;EXOSC7;RPS28;RPLP0;GNL2;NSUN4;HEATR3;NOP10;GTPBP4;RPS8;RPL27;C1D;RPS5;RPP30;RPS15A;RPS23;RPL35A;RPS21;WDR36;RPL5;RPSA;RPS27A;POP4;METTL5;EMG1;SRFBP1;RPL7A;FTSJ3;NOL7;RPS6;RPS19BP1;RPL35;MTG1;DDX31;DCAF13;RPUSD2;RPS24;NVL;DDX52;NOP14;UTP6;URB2;DDX21;MRPS2;BYSL;UTP20;FBL;PRKDC;RPS17;WDR3;RPS3A;NOB1;WDR77;RPS14;EIF5B;BMS1;RPS19;PES1;RPL11;LAS1L;WDR12;RPL7;RPL14;NOP16;XRCC5;PWP1;DDX49;WDR74;NAT10;POP7;SDAD1;DDX18;FASTKD2;FCF1;PIN4;HEATR1;NMD3;NSA2;RPL26;NOM1;METTL18;TSR2;FRG1;RPS27L;TUFM;RPS16;EXOSC2"
"Pyridine Containing Compound Catabolic Process",-2.25578721583179,1.2459021858101e-06,"PGK1;LDHA;MLXIPL;ALDOC;ENO2;QPRT;UCP2;SLC2A6;UCHL1;TPI1;ENO1;GAPDH;GPI;PFKP;PFKFB4;HK2;PGAM1;PGAM4;MFSD8;NUDT12;SLC4A4;LIPA;ALDOA;PRKAA1;HKDC1;PNP;PFKFB3"
"Sterol Biosynthetic Process",-2.40177394601922,1.2459021858101e-06,"EBP;NSDHL;FDPS;CYP51A1;DHCR7;MVK;HSD17B7;ACLY;LSS;MVD;SEC14L2;APOA1;SQLE;HMGCS1;LPCAT3;APOE;IDI1;LIPA;FDFT1;PRKAA1;INSIG2;HMGCR;MAPK1;ERLIN2;PMVK;DHCR24;PRKAG2;INSIG1;ERLIN1"
"Carbohydrate Derivative Catabolic Process",-1.96346864173989,1.33093612693122e-06,"PGK1;LDHA;MLXIPL;ALDOC;ENO2;UCP2;SLC2A6;UCHL1;HEXB;GALC;GNPDA1;TPI1;ENO1;GAPDH;GPI;PFKP;PFKFB4;GM2A;HK2;PGAM1;GNS;PGAM4;PDE8A;FUCA2;STT3B;MFSD8;LYVE1;SLC4A4;GALT;LIPA;ALDOA;PRKAA1;PDE10A;HKDC1;NUDT16;PNP;PFKFB3;ENPP4;LCT;MANBA;GALE;ENTPD7;FBXO17;FUCA1;AMPD3;HYAL3;GALM;NEU1;FBP1;ITPA;UNG;GLB1;UPP1;DHTKD1;PSEN1;FGF2;MTCH2;NAGA"
"Alcohol Biosynthetic Process",-2.19832069256979,1.40145581079077e-06,"EBP;NSDHL;FDPS;CYP51A1;DHCR7;MVK;HSD17B7;ACLY;LSS;MVD;SEC14L2;APOA1;PARK7;SQLE;HMGCS1;LPCAT3;APOE;IDI1;SPTLC2;LIPA;FDFT1;PRKAA1;SPTSSA;INSIG2;HMGCR;MAPK1;AGK;PPIP5K2;ERLIN2;ACER2;SPR;PMVK;IPMK;CYP2R1;DHCR24;IPPK;GOT1;INSIG1;ERLIN1;LHCGR;SCP2;SPTLC1;ASAH1;IP6K2;GPR146;BMP2;ARV1;SREBF1;QDPR"
"Nucleoside Phosphate Catabolic Process",-2.04503318756484,1.40145581079077e-06,"PGK1;LDHA;MLXIPL;ENPP3;ALDOC;ENO2;UCP2;SMPDL3A;SLC2A6;UCHL1;TPI1;ENO1;GAPDH;NME1;GPI;ENTPD3;NUDT5;PFKP;PFKFB4;HK2;PGAM1;PGAM4;PDE8A;MFSD8;NUDT12;SLC4A4;LIPA;ALDOA;PRKAA1;PDE10A;FITM2;HKDC1;ACOT7;NUDT16;PNP;PFKFB3;ENTPD7;AMPD3;SUCLG1;FBP1;ITPA;UNG;UPP1;DHTKD1;PSEN1;MTCH2"
"Carbohydrate Derivative Biosynthetic Process",-1.61466206776013,2.6366515177253e-06,"AK4;C1GALT1C1;AK2;HEXB;GK5;PLOD1;GNPDA1;TPI1;ENO1;MGAT4A;NME1;MGAT5;MPI;GMDS;PAICS;NDUFB9;CCDC134;MAP2K1;B3GALNT2;GALNT12;APRT;GMPPB;TMEM165;DAD1;ANGPT1;TRAK2;PAPSS2;NDUFS3;ALG3;STT3B;OSTC;ALG1;NANP;SPTLC2;LIPA;ST3GAL6;RPN1;TKT;ALDOA;NDUFA9;IL33;STT3A;POGLUT1;PRKAA1;DGUOK;MAN2A1;SRD5A3;GK;GMPS;NDUFB3;SPTSSA;IMPDH2;PGAP2;GFPT1;TGDS;TYW3;PNP;GALNT1;CMAS;RPN2;NUDT2;NDUFS8;MTHFD1;ALG8;CLTC;NDUFAB1;NDUFA12;NDUFS5;HAS2;GANAB;PIGU;GCNT3;AMPD3;ALG5;CTNNB1;NUS1;NDUFA8;SLC35D1;NDUFA6;ACER2;NME4;UPP1;DPM3;SDHD;HS2ST1;PIGA;NDUFC2;B4GALT1;EXTL2;NDUFV2;NDUFB2;UBE2J1;POFUT1;TUSC3;PSEN1;STOML2;PGM2;GALNT7;B3GNT5;UXS1;GALNT3;NDUFA1;GCNT4;PGM3;DCTD;OST4;PRKAG2;FUT11;BACE2;SLC25A13;ATIC;KDSR;TBPL1;PLOD2;ALG10;RRM1;DTYMK;DPAGT1;HPRT1;NDUFB10;SPTLC1;PIGP;NDUFB8;PMM2;CHST2;DDOST;DOLPP1"
"Neuron Projection Guidance",1.90988691437547,3.08008027121446e-06,"WNT5A;NELL2;SEMA5A;CDH4;NDP;EGR2;NR4A3;MATN2;SEMA7A;CNTN1;ROBO3;VANGL2;TGFB2;NRP1;SEMA4A;ABLIM1;SEMA6C;SEMA3C;ERBB2;CNTN4;PTPRM;SMO;EFNB1;UNC5D;NTN4;UNC5C;ARHGEF40;TTC8;ULK2;RPS6KA5;PLEKHG4B;FEZ1;CHL1;NEO1;FYN;LHX4;PRKCQ;KALRN;SEMA3A;BMPR2;SEMA4C;FOXG1;RYK;SEMA3B;PTK7;NRP2;NOTCH3;EXT1;CNTN2;GDF7;DLX5;FZD3;PCDHAC2;TUBB3;SMAD4;PTCH1;EPHA6;CHN1;DPYSL5;SEMA6A;KIF5C;DAG1;EFNB3;KIFC2;EFNA5;NEXN;EFNA1;LAMA2;NFASC;SEMA4F;LAMB2;FLRT2;ALCAM;PTPRH;SEMA6B"
"Cholesterol Biosynthetic Process via Desmosterol",-2.42365250697278,3.67167690218288e-06,"EBP;NSDHL;FDPS;DHCR7;MVK;HSD17B7;LSS;MVD;SQLE;HMGCS1;IDI1;FDFT1;HMGCR"
"Amide Metabolic Process",-1.69173038530956,4.807464697511e-06,"PGK1;CROT;IDH1;ELOVL6;SMPDL3A;NR1H4;LRP4;MVK;PDK1;HEXB;GALC;GNPDA1;ACLY;HSD17B12;P4HB;MVD;SOD2;NME1;ETHE1;APOA1;DLAT;GM2A;SPON1;TPK1;TECR;CASP3;HMGCS1;APOE;FASN;SLC1A2;ACSS2;HAL;PPT1;HSD17B4;SLC46A1;NANP;SPTLC2;ACSL1;ACSL3;XPNPEP1;CTSZ;GCLM;GSTT2;PCSK6;PRKAA1;PDK3;SPTSSA;FITM2;ACOT7;HMGCR;AGMAT;SLC2A13;GSTT1;PCCA;PNP;AGK;CMAS;LCT;IDE;GPAM;MTHFD1;GLO1;FAR1;ELOVL5;ACSL4;PANK1;PREP;OSBP;MECR;MCCC2;SGMS2;SUCLG1;NEU1;EPHA4;ACER2;GLB1;SLC25A16;PAM;ACACA;ACOT4;PMVK;GSTP1;PSEN1;OXSM;DLD;MCEE;GPX1;ACOT9;SLC16A12;BACE2;PRCP;FTCD;PSENEN;KDSR;DGAT2;ABHD4;MLYCD"
"Cardiac Chamber Development",1.95493612173228,4.807464697511e-06,"SOX4;WNT5A;HES1;NPY2R;ZFPM2;SAV1;VANGL2;TGFB2;NRP1;SMAD6;ANK2;HEYL;HAND2;SEMA3C;NRG1;COL11A1;KCNJ8;SMO;DSP;GJA5;GREB1L;MYOCD;CRELD1;SCN5A;TBX3;JAG1;TNNI3;PAX8;SUFU;PRDM1;BMPR2;GRHL2;PPP1R13L;GSK3A;PTK7;APLNR;NRP2;UBE4B;SRF;GATA6;CHD7;FGFR2;SMAD4"
"Glycolytic Process Through Glucose 6 Phosphate",-2.44076113924839,5.05981638311607e-06,"PGK1;ENO2;TPI1;ENO1;GAPDH;PFKP;HK2;PGAM1;ALDOA"
"Ribonucleotide Catabolic Process",-2.08989517670596,5.05981638311607e-06,"PGK1;LDHA;MLXIPL;ALDOC;ENO2;UCP2;SLC2A6;UCHL1;TPI1;ENO1;GAPDH;GPI;PFKP;PFKFB4;HK2;PGAM1;PGAM4;PDE8A;MFSD8;SLC4A4;LIPA;ALDOA;PRKAA1;PDE10A;HKDC1;PNP;PFKFB3;ENTPD7;AMPD3;FBP1;ITPA;UPP1;DHTKD1;PSEN1;MTCH2;PRKAG2;NUDT3"
"Sterol Metabolic Process",-2.11697714379173,5.05981638311607e-06,"EBP;NSDHL;FDPS;CYP11A1;APOC1;NR1H4;PCSK9;CYP51A1;DHCR7;MVK;VLDLR;HSD17B7;ACLY;LSS;MVD;SEC14L2;APOA1;SCARB1;STAR;CAT;SQLE;ANGPTL3;HMGCS1;LPCAT3;APOE;IDI1;ERRFI1;STARD4;LIPA;FDFT1;ABCA1;PRKAA1;INSIG2;HMGCR;MAPK1"
"Atp Synthesis Coupled Electron Transport",-2.23290642141028,6.18487363810983e-06,"NDUFB9;PARK7;NDUFS3;UQCR11;NDUFAF1;NDUFA9;DGUOK;NDUFB3;UQCRC2;NDUFS8;NDUFAB1;NDUFA12;NDUFS5;CYC1;GHITM;NDUFA8;NDUFA6;SDHD;COX6C;NDUFC2;NDUFV2;NDUFB2;UQCRH;MTCH2;UQCRFS1;DLD;NDUFA1;COX5B;NDUFB10;NDUFB8;UQCR10;NDUFA7;COX4I1;UQCRQ;NDUFC1;SDHC;COX7C;NDUFA4;NDUFS4;CHCHD2;COX6B1;COX7A2;COX7B;NDUFS1;COX6A1;SDHB;NDUFA11;SDHAF2;COX8A;SNCA;NDUFB4;NDUFS6;SDHA;COQ9;NDUFA2;NDUFB6;COX7A2L;COX5A;NDUFA5"
"Mitochondrion Organization",-1.71213600949363,6.18487363810983e-06,"BNIP3;UCP2;GGCT;FAM162A;SAMM50;APOO;SOD2;PRDX3;MTM1;SPATA18;HK2;NOL3;CXADR;PARK7;DDHD2;RHOT1;RAB38;NDUFS3;TOMM5;TIMMDC1;PPIF;TOMM40;NDUFAF1;MFSD8;APOOL;COA5;LIPA;IMMT;EPM2A;GCLM;TACO1;MAN2A1;HMGCL;AIFM1;PTPMT1;AGTPBP1;RAP1GDS1;DAP3;TIMM8B;AGK;CHCHD10;NDUFS8;SLIRP;TOMM6;GABPB1;NDUFS5;CMC1;YME1L1;TIMM10;PGAM5;FIS1;GHITM;TFAM;NDUFA6;MTX3;PIM2;OCIAD2;CASP6;ROMO1;SSBP1;TIMM13;TMEM126A;NDUFC2;TFRC;COX16;STOML2;MTCH2;ARMCX3;UQCRFS1;SLC25A33;GPX1;TIMM8A;VDAC2;CHCHD7;GSK3B;FASTKD3;NDUFAF2;LONP1;SLC25A4;AFG3L2;IFIT2;LYRM2;HSPD1;PARL;CCDC93;CAMKMT;STAT3;TIMM22;SMAD3;NME3;HSPA9;SLC25A46;DNAJA3;ATPAF2;GDAP1;HSD17B10"
"Purine Containing Compound Catabolic Process",-2.06891140196948,6.18487363810983e-06,"PGK1;LDHA;MLXIPL;ALDOC;ENO2;UCP2;SLC2A6;UCHL1;TPI1;ENO1;GAPDH;NME1;GPI;PFKP;PFKFB4;HK2;PGAM1;PGAM4;PDE8A;MFSD8;NUDT12;SLC4A4;LIPA;ALDOA;PRKAA1;PDE10A;FITM2;HKDC1;ACOT7;NUDT16;PNP;PFKFB3;ENPP4;AMPD3;SUCLG1;FBP1;ITPA;DHTKD1;PSEN1;MTCH2"
"Ribose Phosphate Biosynthetic Process",-2.09901778336785,6.18487363810983e-06,"AK4;AK2;ENO1;NME1;PAICS;NDUFB9;MAP2K1;APRT;PAPSS2;NDUFS3;LIPA;ALDOA;NDUFA9;GMPS;NDUFB3;IMPDH2;NUDT2;NDUFS8;MTHFD1;NDUFAB1;NDUFA12;NDUFS5;AMPD3;NDUFA8;NDUFA6;NME4;UPP1;SDHD;NDUFC2;NDUFV2;NDUFB2;STOML2;NDUFA1;PRKAG2;SLC25A13;ATIC;HPRT1;NDUFB10;NDUFB8;DHODH;STAT3;NME3;NME7;NDUFA7;NDUFC1;PAPSS1;SDHC;NME2;NDUFA13;VCP;GART;NDUFS4"
"Wnt Signaling Pathway",1.6928118403035,7.1420807302105e-06,"SOX4;CALCOCO1;WNT5A;SEMA5A;PRICKLE1;NDP;ASPM;SFRP4;CDH3;FOXO1;JUP;NDRG2;DEPDC1B;CD24;LRP5;GPC4;DAAM2;KANK1;VANGL2;CMAHP;FZD5;BICC1;ZNRF3;DAB2IP;CITED1;TGFB1I1;IGFBP1;LMBR1L;NKD1;MARK1;LRRFIP2;LDB1;TMEM88;LRP6;SFRP5;AMOTL2;ITGA3;MEST;DACT1;GRB10;CDK14;FZD4;BCL7A;WNK3;MED12;EGR1;NRBP2;VGLL4;PPM1B;COL6A1;EDNRB;SNAI2;APCDD1L;IGFBP2;FRAT2;KLF4;SOX13;APC2;NR4A2;TCF7;CELSR2;GPC5;MDK;TCF7L1;PAF1;CSNK1E;RARG;RYK;NFATC1;GSK3A;SPIN4;AXIN1;PTK7;NPPA;EGFR;MAD2L2;SOX9;HIC1;DVL2;TCF7L2;PYGO2;BRD7;EXT1;DAAM1;CTNNBIP1;FERMT2;DLX5;LIMD1;DVL3;ARHGEF19;DDIT3;FBXW4;FZD3;PLEKHA4;MDFI;WWOX;FGFR2;SMAD4;FRAT1;AXIN2;RNF146;PYGO1;BCL9;NLK;SHISA6;CELSR1;PKD1;INVS;IFRD1;SHISA2;WNT4;ZBED3;TSC2;GLI1;AMOTL1;HMGA2;SMURF2;CDH2;TAX1BP3"
"Cardiac Ventricle Development",2.0148161587647,7.63399030243399e-06,"SOX4;WNT5A;HES1;NPY2R;ZFPM2;SAV1;VANGL2;TGFB2;SMAD6;HEYL;HAND2;SEMA3C;NRG1;COL11A1;DSP;GJA5;GREB1L;MYOCD;SCN5A;TBX3;JAG1;TNNI3;PAX8;SUFU;PRDM1;BMPR2;GRHL2;PPP1R13L;GSK3A;PTK7;APLNR"
"Synapse Organization",1.6218566009659,9.60715729230905e-06,"NLGN4X;WNT5A;PRICKLE1;DBN1;RIMS1;GRID2;SEMA7A;PAK3;CPEB3;CLSTN2;COLQ;GPC4;VANGL2;PRRT1;CDKL5;PTPN13;FZD5;HIP1R;CAMK1;IQSEC2;PICK1;PPFIBP1;CC2D1A;NRP1;SEMA4A;PTPRS;PCDH17;TLN2;KCNJ8;ERBB2;CNTN4;INSR;TMEM108;DAB2IP;ANK3;KIF2C;SRGAP3;RIMS2;LINGO2;CACNB2;MARK1;TRIM47;IGSF11;LSAMP;SRGAP2;LIN7B;RAB3A;RIMS3;ITGA3;DLG5;FILIP1;NGEF;ARHGAP33;RHOB;PLXNB1;RPS6KA5;ARHGAP44;SPTBN2;SYNDIG1;IL10;ACTG1;FGFR1;LZTS1;ERC2;PALM;MTMR2;SLC12A5;CAPS2;CDH1;CDC20;FYN;KIF1A;C3;ZDHHC15;PTPRD;NTRK2;SEMA4C;AMIGO2;PCDHB14;MAPRE3;LRRC24;DLG4;BSN;RYK;HOMER1;MDGA1;DNM3;ZMYND8;PTK7;STAU2;DOCK1;COL4A5;VSIG10;LRFN3;FCGR2B;SLITRK4;SLITRK2;NRP2;SYNGAP1;C1QC;CNTN2;DAAM1;TUBA1A;C1QTNF3;ARHGEF9;CHRNA7;KIRREL3;F2R;WASF3;CHRNB2;PPP1R9B;SNCG;DTNBP1;DLGAP4;CX3CR1;AKT1;ANAPC2;CLSTN3;AMOT;RAB39B;DAG1;SHISA6;ERC1;SYN3;SYN1;ZC4H2;EFNA5;SORT1;ERBB3;CTTNBP2;EFNA1;LAMB2;DCTN1;AGRN;PCDHB13"
"Protein Folding",-1.84493410178815,1.12484372317498e-05,"PDIA6;PPIA;HSPA5;P4HB;PDIA3;GRPEL1;HSP90B1;PPIF;CANX;B2M;SIL1;CCT5;CALR;LMAN1;AIFM1;MKKS;PPIE;PDIA4;BAG4;PPID;PPIB;DNAJA4;LMAN2L;ERP29;ERP27;HSP90AB1;CCT8;HSPA6;PDIA5;HSPA4L;FKBP1A;PEX19;CMC1;FKBP10;CCT3;TBCE;DNAJC1;CCDC47;RP2;PFDN6;DNAJA2;PTGES3;PDRG1;CCT7;DNAJC5;DNAJC25;DNAJC2;RUVBL2;DNAJC7;HSPA4;DNAJA1;NAA10;PDCD5;PDCL3;BAG2;TRAP1;HSP90AA1;HSPE1;CDC123;HSPD1;HSPBP1;HSPA9;DNAJA3;CLPX;CRYAB;ARL2;CDC37L1;MPDU1;TTC1;BAG5;CCT6A"
"Acyl Coa Metabolic Process",-2.14871234013199,1.58689411104021e-05,"PGK1;ELOVL6;MVK;PDK1;ACLY;HSD17B12;MVD;NME1;DLAT;TPK1;TECR;HMGCS1;FASN;ACSS2;PPT1;HSD17B4;ACSL1;ACSL3;PDK3;FITM2;ACOT7;HMGCR;PCCA;GPAM;FAR1;ELOVL5;ACSL4;SUCLG1;ACACA;ACOT4;PMVK;OXSM;DLD;MCEE;ACOT9;DGAT2;MLYCD;NUDT8"
"Monosaccharide Catabolic Process",-2.26758947086832,1.61985004218458e-05,"PGK1;LDHA;ENO2;TPI1;ENO1;GAPDH;MPI;NUDT5;PFKP;HK2;PGAM1;GALT;ALDOA;GALE;GALM;GLB1"
"Acyl Coa Biosynthetic Process",-2.26841389983681,1.76705360783002e-05,"PGK1;ELOVL6;PDK1;ACLY;HSD17B12;DLAT;TPK1;TECR;FASN;ACSS2;PPT1;ACSL1;ACSL3;PDK3;PCCA;ELOVL5;ACSL4;ACACA;DLD;MCEE;MLYCD"
"Atp Biosynthetic Process",-2.18426095229276,1.7868799046309e-05,"ENO1;NDUFB9;MAP2K1;NDUFS3;LIPA;ALDOA;NDUFA9;NDUFB3;NUDT2;NDUFS8;NDUFAB1;NDUFA12;NDUFS5;NDUFA8;NDUFA6;SDHD;NDUFC2;NDUFV2;NDUFB2;STOML2;NDUFA1;PRKAG2;SLC25A13;NDUFB10;NDUFB8;STAT3;NDUFA7;NDUFC1;SDHC;NDUFA13;VCP;NDUFS4;PID1;NDUFS1;COX11;SDHB;NDUFA11"
"Glycolytic Process Through Fructose 6 Phosphate",-2.40141564779545,1.7868799046309e-05,"PGK1;ENO2;TPI1;ENO1;GAPDH;PFKP;HK2;PGAM1;ALDOA"
"Regulation of Trans Synaptic Signaling",1.68345701223339,2.2714296363992e-05,"NLGN4X;HOMER2;WNT5A;S100B;DBN1;RIMS1;NPY2R;GRID2;GABRB1;CAMK2D;PRKCZ;CPEB3;CLSTN2;COLQ;PLCL1;RIMS4;AKAP12;GRIK1;CALHM2;PLAT;SYT2;PRRT1;CDKL5;IGF1;IQSEC2;ADRA2A;PICK1;SYT11;PTPRS;PCDH17;ACE;MAPK8IP2;CNTN4;TMEM108;RIMS2;IGSF11;TSHZ3;ABR;RAB3A;RIMS3;ADCY1;BCL7A;ARHGAP44;SYNGR1;PRKCG;LZTS1;MTMR2;BRSK1;NEO1;CDH1;PDE9A;CDC20;FYN;PTPRD;NTRK2;TACR2;PLK2;FAAH;ADORA3;DLG4;BSN;HOMER1;ZMYND8;STAU2;AGER;GABBR1;SLC1A3;CSPG5;SLITRK4;SYNGAP1;SYT1;GNAO1;ELOVL4;PRKAR1B;CNTN2;GRIK2;C22orf39;SYT5;C1QTNF3;SRF;CHRNA7;F2R;FXR2;GRID2IP;CHRNB2;SNCG;DTNBP1;DLGAP4;CX3CR1;GRM3;ANAPC2;CLSTN3;FBXL20;DAG1;SHISA6;EFNB3;GRIK5;SYN3;HIP1;SYN1;SLC38A2;SYT7"
"Ribosomal Small Subunit Biogenesis",-2.096494355046,2.2962197879155e-05,"WDR43;RCL1;RRP36;RPS12;NPM1;RRP7A;NOL11;RPS13;TSR1;IMP3;RPP40;RPS28;RPS8;RPS5;RPS15A;RPS23;RPS21;WDR36;RPSA;RPS27A;EMG1;SRFBP1;NOL7;RPS6;RPS19BP1;DCAF13;RPS24;DDX52;NOP14;UTP6;BYSL;UTP20;FBL;PRKDC;RPS17;WDR3;RPS3A;NOB1;RPS14;BMS1;RPS19;XRCC5;NAT10;FCF1;HEATR1;NOM1;TSR2;RPS27L;RPS16;UTP15;DNTTIP2;LTV1;RPS7;GTF2H5;RPS9;ERAL1;RPS4X;SURF6;UTP23;KRI1"
"Cytoplasmic Translation",-1.90242162986121,3.03426792019425e-05,"GAPDH;CPEB2;EIF3I;RPL22L1;RPS12;EIF3B;RPL29;CNBP;RPL6;RPL38;UBA52;RPS13;EIF4A1;RPL22;RPS28;RPLP0;RPL23A;NCBP2;RPS8;DHX36;RPL27;RPS5;RPS15A;RPS23;RPL35A;EIF2S2;RPS21;RPL5;RPS3;RPSA;RPS27A;RPS29;RPL39;ALKBH3;RPL10A;RPL7A;RPL12;RPL32;RPS6;RPL35;RPL19;RPS24;SYNCRIP;RPL37;FTSJ1;RPL13A;RPL28;RPS2;RPS17;RPS3A;RPS14;RPL21;RPL15;RPS19;RPL11;RPS18;RPL7;RPL14;RPLP2;RPL36;RPL34;DHX9;RPL31;RPL4;RPL18A;IMPACT;RPS20;EIF2B4;RPL8;RPL36AL;RPL26;NCK1;MIF4GD;RPS16;RPL23;EIF3K;SMYD5;DRG1;RPLP1"
"Steroid Metabolic Process",-1.8131136530895,3.37596573780859e-05,"EBP;NSDHL;FDPS;CYP11A1;APOC1;NR1H4;PCSK9;CYP51A1;DHCR7;MVK;VLDLR;HSD17B7;ACLY;HSD17B12;HSD11B1;LSS;MVD;SEC14L2;APOA1;SCARB1;HSD3B2;STAR;CAT;AKR1B1;OSBPL6;SQLE;ANGPTL3;HMGCS1;NR3C1;LPCAT3;RORA;APOE;HSD17B6;IDI1;ERRFI1;HSD17B4;AKR1C2;STARD4;LIPA;FDFT1;ABCA1;PRKAA1;SRD5A3;DHRS2;DHRS9;INSIG2;HMGCR;HINT2;MAPK1"
"Rrna Metabolic Process",-1.76371223673895,3.66833851481983e-05,"MPHOSPH6;TRMT61B;SLFN5;WDR43;POLR1C;DKC1;POLR1B;RCL1;RRP36;RPF2;YBEY;EXOSC8;PRMT5;NHP2;DDX47;RRP7A;NUDT16;NOL11;POLR2H;MRTO4;RPL7L1;TFB2M;SUV39H1;TSR1;EBNA1BP2;IMP3;DDX55;RPP40;EXOSC7;RPS28;GTF3C4;NSUN4;NOP10;GTPBP4;RPS8;IPPK;RPL27;C1D;RPP30;POLR2L;RPL35A;RPS21;WDR36;RPL5;GTF3C6;POP4;METTL5;EMG1;SRFBP1;RPL7A;FTSJ3;NOL7;RPS6;RPL35;POLR2F;DCAF13;RPUSD2;RPS24;NVL;DDX52;NOP14;UTP6;POLR2K;DDX21;BYSL;UTP20;FBL;PRKDC;RPS17;WDR3;NOB1;WDR77;RPS14;BMS1;RPS19;PES1;RPL11;LAS1L;WDR12;RPL7;RPL14;PWP1;DDX49;WDR74;NAT10;POP7;DDX18;FCF1;PIN4;HEATR1;NSA2;RPL26;METTL18;TSR2;FRG1;TOP1;RPS16;EXOSC2;SLFN12L;UTP15;GAR1"
"Steroid Biosynthetic Process",-2.02223800619612,3.7164541321547e-05,"EBP;NSDHL;FDPS;CYP11A1;NR1H4;CYP51A1;DHCR7;MVK;HSD17B7;ACLY;HSD17B12;LSS;MVD;SEC14L2;APOA1;HSD3B2;STAR;AKR1B1;SQLE;HMGCS1;NR3C1;LPCAT3;APOE;HSD17B6;IDI1;STARD4;LIPA;FDFT1;PRKAA1;SRD5A3;INSIG2;HMGCR;HINT2;MAPK1;ACBD3;ERLIN2;HSD17B1;PMVK;CYP2R1;DHCR24;HSD3B1;PRKAG2;INSIG1;ERLIN1;LHCGR"
"Endoplasmic Reticulum to Golgi Vesicle Mediated Transport",-2.0132496647495,4.4563689500356e-05,"BCAP31;ERGIC1;MIA3;CTAGE9;COPB1;SCFD1;VAPB;TRAPPC3;TMED3;COPB2;TMED9;YIF1A;ZW10;GAS1;LMAN1;NRBP1;LMAN2L;SEC22A;CNIH4;ERGIC3;GOSR2;TMED2;TMED5;SEC24D;SEC23A;SEC24A;RAB1A;GOLT1B;INSIG1;PDCD6;BET1;ATL3;SEC23B;COPA;PREB;VTI1A;SAR1A;SEC22B;ERGIC2;USO1;YIF1B;ANK1;YKT6;TRAPPC5;VCP;CREB3L2;MCFD2;ARCN1;TBC1D20;TRAPPC2L;RINT1;RAB2A;SAR1B;TMED7;YIPF6;LMAN2"
"Protein Maturation",-1.51716515697461,5.0669970853615e-05,"PGK1;DUOXA2;PDIA6;PCSK9;MIPEP;PPIA;HSPA5;BOLA3;ENO1;P4HB;PDIA3;GRPEL1;SPON1;PRDX4;SPCS1;ISCA1;SRGN;CASP3;S100A10;PIK3C3;FGG;ANXA2;HSP90B1;PPIF;CANX;B2M;SIL1;CTSZ;CCT5;TSPAN5;PCSK6;CALR;GAS1;METAP1;LMAN1;AIFM1;MKKS;CLN5;PGAP2;PPIE;SEC11C;PDIA4;RAP1GDS1;BAG4;PPID;PPIB;DNAJA4;LMAN2L;ERP29;ERP27;HSP90AB1;CCT8;HSPA6;PDIA5;NDUFAB1;HSPA4L;FKBP1A;PEX19;CMC1;YME1L1;FKBP10;CCT3;TBCE;PIGU;PREP;DNAJC1;CCDC47;RP2;PFDN6;DNAJA2;PTGES3;CASP10;CASP6;NAA20;PDRG1;PIGA;CCT7;DNAJC5;PSEN1;STOML2;DHCR24;DNAJC25;CPD;DNAJC2;RUVBL2;ANXA2P2;DNAJC7;HSPA4;BACE2;PRCP;PRSS27;ATG4A;PSENEN;GLRX5;DNAJA1;NAA10;PMPCB;NAA15;ATG4C;CISD3;PDCD5;PIGP;PDCL3;BAG2;AFG3L2;TRAP1;HSP90AA1;HSPE1;SCG5;MAFB;DPM1;ATP6AP2;CDC123;F8;HSPD1;LDLRAD3;HSPBP1;ZMPSTE24;PARL;HSPA9;PIGN;DNAJA3;CLPX;NAA16;CRYAB;CISD1;ARL2;SPCS2;CDC37L1;MPDU1;TTC1;BAG5;NAA50;CCT6A;GALNT2;CLN3;CASP4"
"Negative Regulation of Syncytium Formation by Plasma Membrane Fusion",-2.25824079623003,5.13167339665032e-05,"RPL29;RPL6;RPL38;UBA52;RPLP0;RPL23A;RPL27;RPL35A;RPL5;RPL39;RPL10A;RPL7A;RPL12;RPL32;RPL35;RPL19;RPL37;RPL13A;RPL28;RPL21;RPL15;RPL11;RPL7;RPL14;RPLP2;RPL36;RPL34;RPL31;RPL4;RPL18A;RPL8;RPL23;RPLP1;RPL9"
"Phospholipid Metabolic Process",-1.67943497471359,5.13167339665032e-05,"IDH1;PNPLA3;FDPS;APOC1;FADS1;AGPAT5;SMPDL3A;NR1H4;PCSK9;ACAT2;FABP3;MVK;HEXB;OSBPL10;MVD;MTM1;APOA1;SCARB1;SPATA18;LPIN1;PRDX6;ABHD5;PIK3C2A;ANGPTL3;HMGCS1;DBI;PCYT1A;PIK3C3;LPCAT3;RAB38;PCYT2;DGKG;PTEN;IDI1;FABP5;PI4K2B;SPTLC2;ACSL3;FDFT1;ABHD6;SRD5A3;PTPMT1;FITM2;PLD2;PGAP2;HMGCR;MTMR7;LPGAT1;GPAM;FAR1;TNFAIP8L3;PIGU;OSBP;MTMR4;SGMS2;NUS1;CPNE1;DPM3;PIGA;PMVK;IPMK;PIP5K1B;ABHD12B;GGPS1;LIPH;PIK3R5;PGS1;ABHD4;PIK3C2B;SCP2;SGMS1;SPTLC1;PIGP;ABHD3;PLAA;DOLPP1;MFSD2A"
"Blood Vessel Morphogenesis",1.55675761559212,5.1793347652057e-05,"SOX4;WNT5A;SEMA5A;NDP;COL4A3;PLEKHG5;ID1;HES1;HIF3A;JUP;ADAM12;AKT3;PGF;NDNF;ZFPM2;VSTM4;BCAM;LRP5;PTGIS;NR4A1;MMP19;VASH2;FZD5;TGFB2;JUN;JUNB;NRP1;SEMA4A;PDGFB;IGFBP7;HAND2;EGR3;ERBB2;PTPRM;SMO;BCAS3;DAB2IP;CITED1;GJA5;HPGD;MYOCD;ANG;PIK3CA;BRCA1;THSD7A;AMOTL2;HDAC5;F3;NOTCH4;HMOX1;FZD4;JAG1;RHOB;GJC1;CSPG4;IL10;NPR3;ACTG1;FGFR1;TNNI3;FN1;HPSE;AQP1;MCAM;E2F8;FGF18;TNFSF12;SMAD1;FYN;THBS1;TEAD2;ISM1;C3;KLF4;PRDM1;PRKD2;BMPR2;TNFAIP3;MDK;NTRK2;PLCD3;MMP14;PLK2;SGCD;SASH1;EPHB4;APLNR;TLR3;TSPAN12;FMNL3;HS6ST1;CD47;EPN1;NRP2;NOTCH3;JAK1;TGM2;PXDN;PDGFA;GPNMB;SRF;GATA6;CHRNA7;CHD7;IL18;STIM1;RAMP1;MMRN2;ARID2;C6;FGFR2;FOXO4;ZNF304;RRAS;ALOX5;CX3CR1;APOB;E2F7;EFEMP2;AKT1;NR2F2;MFGE8;AMOT;SEMA6A;CEACAM1;RIN2;DAG1;TJP1;GAB1;RELA;WT1;PTGS2;C3AR1;SIRT1;FOXJ2;EFNA1;ECM1;WNT4;PLCG1;ROCK2;EGFL7;AMOTL1;FKBPL;HMGA2;TAL1;MEIS3;KLF2;PRKD1"
"Nucleobase Containing Compound Catabolic Process",-1.49053519601779,5.32670298511649e-05,"PGK1;LDHA;MLXIPL;ENPP3;ALDOC;ENO2;CRYZ;ZCCHC17;UCP2;SMPDL3A;SLC2A6;UCHL1;TPI1;ENO1;GAPDH;SLFN5;NME1;GPI;ENTPD3;NUDT5;PFKP;PFKFB4;HK2;NYNRIN;PGAM1;LRPPRC;CASP3;LSM11;PGAM4;DKC1;CARHSP1;PDE8A;C1QBP;MFSD8;NUDT12;RBX1;RBM47;SLC4A4;LIPA;EXOSC8;ALDOA;PRKAA1;GSPT2;PDE10A;INTS10;FITM2;HKDC1;SND1;ACOT7;NPM1;POLR2G;NUDT16;PNP;PFKFB3;ENPP4;FEN1;HBS1L;SLIRP;SNIP1;ENTPD7;MRTO4;SSB;DIS3L2;AMPD3;CNOT1;SUCLG1;GSPT1;FBP1;ITPA;UNG;EXOSC7;ERN1;UPP1;MAGOHB;FASTKD1;DHTKD1;NSUN4;RNASEH1;PSEN1;MTCH2;NCBP2;SNRPD3;DHX36;INTS2;SMG8;PRKAG2;FASTKD5;NUDT3;MAGOH;LSM1;LARP1B;ZFC3H1;MLYCD;RNASET2;GRSF1;FASTKD3;NUDT8;SAMD4A;EDC3;HPRT1"
"Fatty Acid Metabolic Process",-1.6760279115206,5.3760252786151e-05,"PGK1;MLXIPL;CROT;FADS2;PNPLA3;ELOVL6;DECR1;SCD;APOC1;FADS1;ACAT2;FABP3;PDK1;ACLY;AACS;HSD17B12;SIGMAR1;NME1;PTGES;LPIN1;TPK1;AKR1B1;ABHD5;TECR;ANGPTL3;DBI;APOE;FASN;ACSS2;FABP5;HSD17B4;AKR1C2;TYRP1;ACSL1;LIPA;ACSL3;ABHD6;PRKAA1;PDK3;INSIG2;ACOT7;ACOX1;ETFB;PCCA;LPGAT1;GPAM;NDUFAB1;ELOVL5;ACBD5;ALDH3A2;ACSL4;ERLIN2;MECR;ETFA;PTGES3;ACACA;ACOT4;GSTP1;AKR1C1;ECH1;ECHS1;OXSM;CBR1;ADH5;HADH;MCEE;IVD;GPX1;PECR;PRKAG2;ACOT9;INSIG1;DGAT2;ERLIN1;MLYCD;MIF;SCP2;NUDT8;DECR2;ABHD3;ABHD2;PLAA;ASAH1;ETFDH;MFSD2A"
"Phospholipid Biosynthetic Process",-1.75707931129501,7.01652365065335e-05,"IDH1;PNPLA3;FDPS;FADS1;AGPAT5;NR1H4;ACAT2;FABP3;MVK;HEXB;MVD;MTM1;APOA1;LPIN1;ABHD5;PIK3C2A;HMGCS1;PCYT1A;PIK3C3;LPCAT3;RAB38;PCYT2;DGKG;PTEN;IDI1;FABP5;PI4K2B;SPTLC2;ACSL3;SRD5A3;PTPMT1;FITM2;PLD2;PGAP2;HMGCR;MTMR7;LPGAT1;GPAM;FAR1;PIGU;OSBP;MTMR4;SGMS2;NUS1;CPNE1;DPM3;PIGA;PMVK;PIP5K1B;GGPS1;LIPH;PGS1;ABHD4;PIK3C2B;SCP2;SGMS1;SPTLC1;PIGP;ABHD3;DOLPP1;MFSD2A"
"Rrna Processing",-1.77018499861808,7.24944526379031e-05,"MPHOSPH6;TRMT61B;WDR43;DKC1;RCL1;RRP36;RPF2;YBEY;EXOSC8;PRMT5;NHP2;DDX47;RRP7A;NUDT16;NOL11;MRTO4;RPL7L1;TFB2M;SUV39H1;TSR1;EBNA1BP2;IMP3;DDX55;RPP40;EXOSC7;RPS28;NSUN4;NOP10;GTPBP4;RPS8;RPL27;C1D;RPP30;RPL35A;RPS21;WDR36;RPL5;POP4;METTL5;EMG1;SRFBP1;RPL7A;FTSJ3;NOL7;RPS6;RPL35;DCAF13;RPUSD2;RPS24;NVL;DDX52;NOP14;UTP6;DDX21;BYSL;UTP20;FBL;PRKDC;RPS17;WDR3;NOB1;WDR77;RPS14;BMS1;RPS19;PES1;RPL11;LAS1L;WDR12;RPL7;RPL14;PWP1;DDX49;WDR74;NAT10;POP7;DDX18;FCF1;PIN4;HEATR1;NSA2;RPL26;METTL18;TSR2;FRG1;RPS16;EXOSC2"
"Cell Surface Receptor Protein Serine Threonine Kinase Signaling Pathway",1.6525463262626,7.82151035552767e-05,"ATOH8;WNT5A;SMAD9;VWC2;NPNT;NDP;ID1;SFRP4;CDH3;HES1;HTRA1;CRIM1;FOS;BMP3;TTK;MAP1LC3A;AMH;TGFB2;JUN;CDKN1C;ITGB5;SMAD6;SKIL;ATF3;CITED1;NUMA1;TGFB1I1;ING1;HPGD;MYOCD;TOB1;LTBP4;ING2;FSTL3;ITGA3;DACT1;LTBP3;EGR1;FAM89B;PTPRK;SAP30L;NEO1;SMAD1;THBS1;PEG10;ZNF423;BMPR2;INHBB;AXIN1;CILP;GPR155;NUP93;UBE2O;ACVR2B;GDF9;TGFB3;LTBP1;EXT1;FERMT2;GDF7;FSTL1;DLX5;RBPMS;SCUBE3"
"Protein Localization to Mitochondrion",-2.1103327405401,9.40292734074698e-05,"SAMM50;HK2;GRPEL1;EIF2AK1;TOMM5;TOMM40;AIFM1;TIMM8B;AGK;TOMM6;TIMM10;MTX3;ROMO1;TIMM13;TIMM17A;TMEM126A;MTCH2;HSPA4;TIMM8A;DNAJA1;TIMM23;HSP90AA1;HSPD1;TIMM22;NDUFA13;TIMM9;DNM1L"
"Regulation of System Process",1.61805778494403,0.000109501399436006,"NLGN4X;CACNB3;HOPX;NPNT;S100B;RIMS1;NPY2R;FOXO1;CASR;EGR2;JUP;NR4A3;CAMK2D;FGF12;PRKCZ;CRHBP;IGF1;HIP1R;TGFB2;PPP1R12B;ADRA2A;CC2D1A;ABAT;PDGFB;IGFBP5;ANK2;HAND2;ACE;KCNJ8;MAPK8IP2;KCNMB2;TMEM108;DSP;C1QTNF1;GJA5;RIMS2;KCNQ1;MYOCD;CACNB2;AVPR1A;TSHZ3;ITGA9;SCN5A;FOXP1;ZDHHC21;PAK1;WNK3;GJC1;NPR3;FGFR1;TNNI3;PBX3;MTMR2;AQP1;INPP5K;PDE9A;OXTR;SGK1;EDNRB;TRPC1;KLF4;HBEGF;BMPR2;TACR2;MAG;FAAH;ADORA3;DLG4;GSTM2;GSK3A;FOXL2;INHBB;ZMYND8;AGER;NPPA;APLNR;GDF9;AKAP9;TMEM98;CACNB1;GNAO1;GAS6;LMNA;ELOVL4;KCNIP2;PRKAR1B;SLC22A5;KCND2;GRIK2;KCNJ5;FLNA;SRF;CHRNA7;CACNA1G;F2R;FBXO32;WASF3;DES"
"Canonical Wnt Signaling Pathway",1.69226715277263,0.000135946171452737,"SOX4;WNT5A;SEMA5A;PRICKLE1;NDP;ASPM;SFRP4;CDH3;FOXO1;JUP;LRP5;DAAM2;KANK1;FZD5;BICC1;ZNRF3;DAB2IP;IGFBP1;LMBR1L;NKD1;TMEM88;LRP6;SFRP5;MEST;DACT1;CDK14;FZD4;WNK3;EGR1;NRBP2;PPM1B;COL6A1;EDNRB;SNAI2;IGFBP2;FRAT2;KLF4;SOX13;APC2;NR4A2;TCF7;GPC5;MDK;TCF7L1;CSNK1E;RARG;RYK;GSK3A;SPIN4;AXIN1;PTK7;NPPA;EGFR;MAD2L2;SOX9;DVL2;TCF7L2;EXT1;CTNNBIP1;DLX5;LIMD1;DVL3;DDIT3;FZD3;PLEKHA4;FGFR2;SMAD4;FRAT1;AXIN2;RNF146;PYGO1;BCL9"
"Cardiac Septum Development",1.91668805102613,0.000135946171452737,"SOX4;WNT5A;HES1;ZFPM2;SAV1;VANGL2;TGFB2;NRP1;SMAD6;ANK2;HEYL;SEMA3C;KCNJ8;SMO;GJA5;CRELD1;TBX3;JAG1;PAX8;SUFU;PRDM1;BMPR2;PTK7;APLNR;NRP2;GATA6;CHD7;FGFR2;SMAD4"
"Proton Motive Force Driven Atp Synthesis",-2.13855946043124,0.000138707476674597,"NDUFB9;NDUFS3;NDUFA9;NDUFB3;NDUFS8;NDUFAB1;NDUFA12;NDUFS5;NDUFA8;NDUFA6;SDHD;NDUFC2;NDUFV2;NDUFB2;STOML2;NDUFA1;NDUFB10;NDUFB8;NDUFA7;NDUFC1;SDHC;NDUFA13;NDUFS4;NDUFS1;SDHB;NDUFA11;NDUFB4;NDUFS6;SDHA;NDUFA2;NDUFB6"
"Heart Morphogenesis",1.75522565274067,0.000139526608176406,"SOX4;WNT5A;PRICKLE1;DCHS1;DCHS2;HES1;NPY2R;PIM1;ZFPM2;SAV1;VANGL2;TGFB2;JUN;NRP1;SMAD6;HEYL;HAND2;SEMA3C;NRG1;COL11A1;KCNJ8;INSR;SMO;DSP;GJA5;GREB1L;ALDH1A2;ADAMTS5;TBX3;JAG1;TNNI3;SUFU;TEAD2;SNAI2;BMPR2;GRHL2;PPP1R13L;GSK3A;NDRG4;EPHB4;SOX9;APLNR;DVL2;NRP2;TGFB3;EXT1;UBE4B;ASXL1;SRF;GATA6;CHD7;ARID2;FGFR2;SMAD4;PTCH1;AXIN2"
"Regulation of Chromosome Segregation",1.84034009692533,0.000139526608176406,"BUB1;TTK;UBE2C;NCAPG;DPF3;BIRC5;CENPE;BUB1B;DUSP1;RCC2;KIF2C;NUMA1;SMARCC2;PLK1;DLGAP5;BCL7A;ESPL1;CDK1;ZWINT;DPF2;CDC20;SMC6;SMARCA2;SKA3;FBXO5;MAD2L2;BRD7;RMI2;HECW2;CENPF;NCAPH;NCAPD2;ARID2;USP44;CDC6;NCAPH2;MAD1L1;NCAPD3;ANAPC2;ARID1B;INCENP;ARID1A;LCMT1;NDC80;CCNB1;SIRT1;DYNLRB1;NCAPG2;IK;SMARCC1;HNRNPU;CHFR;RB1;SMARCD1;TPR"
"Sister Chromatid Segregation",1.72991752580885,0.000139526608176406,"PRICKLE1;KIFC1;BUB1;KIF11;TTK;UBE2C;KIF23;NCAPG;DPF3;BIRC5;CENPE;BUB1B;CENPA;PRC1;DUSP1;KIF2C;NUMA1;SMARCC2;KIF15;PLK1;KIF4A;MYBL2;DLGAP5;KIF18A;BCL7A;SKA2;ESPL1;KIF14;CDK1;ZWINT;DPF2;CDC20;TOP2A;SMARCA2;CEP55;SKA3;CEP192;MAP9;FBXO5;MAD2L2;AKAP8L;SPAG5;MZT1;BRD7;RMI2;HECW2;CENPF;FLNA;NCAPH;OFD1;NUSAP1;CLASP1;NCAPD2;KIF22;ARID2;USP44;CDC6;NCAPH2;MAD1L1;CHMP4C;NCAPD3;ANAPC2;ARID1B;INCENP;CEP97;NEK2;ARID1A;LCMT1;NDC80;CCNB1;SIRT1;DCTN2;CHMP1B;DYNLRB1;GOLGA2;KIF18B;NCAPG2;IK;SMARCC1;AAAS;STAG2;HNRNPU;CHFR;EML3;RB1;SMARCD1;CCDC61;TPR;CENPK;RRS1"
"Regulation of Cell Growth",1.6214402424485,0.000143407937377778,"WNT5A;SEMA5A;CDH4;OSGIN2;RIMS1;SOCS2;CAMK2D;SEMA7A;IGFBP3;SYT2;CDKL5;IGF1;TGFB2;ESR2;NRP1;PTPRS;IGFBP7;IGFBP5;SEMA6C;NRG1;ENPP1;ERBB2;BCL11A;ING1;IGFBP1;RIMS2;TTL;MYOCD;AVPR1A;TSPYL2;BRCA1;LTBP4;PRDM11;FOXP1;CDKN2C;CISH;OGFR;BCL2;PAK1;ULK2;DDR1;GDI1;FN1;VGLL4;KIF14;CDKN2AIP;TCHP;CDH1;SGK1;PRKCQ;SMARCA2;TP53;SEMA3A;TEAD1;HBEGF;BMPR2;SLC23A2;MMP14;MAG;CRABP2;RYK;GSK3A;LIMK1;NPPA;EGFR;MAD2L2;GDF9;ULK1;EPHX2;MUC12;SYT1"
"Isoprenoid Biosynthetic Process",-2.31401119809841,0.00015105509278879,"FDPS;ACAT2;MVK;LSS;PDSS1;MVD;ALDH8A1;HMGCS1;IDI1;PDSS2;DHRS9;HMGCR;ALDH1A3;DPM3;PMVK;GGPS1"
"Heart Development",1.56174735268692,0.0001778595971931,"SOX4;MYH11;SIK1;ID3;WNT5A;HOPX;PRICKLE1;DCHS1;DCHS2;ID1;PDLIM7;HES1;NPY2R;PIM1;ZFPM2;FGF12;SAV1;VANGL2;IGF1;BICC1;TGFB2;JUN;NRP1;PDGFB;SMAD6;ANK2;HEYL;HAND2;SEMA3C;NRG1;COL11A1;KCNJ8;ERBB2;INSR;SMO;DSP;GJA5;GREB1L;KCNQ1;MYOCD;CRELD1;ALDH1A2;PDLIM1;VCAM1;SCN5A;FOXP1;ADAMTS5;PAK1;TBX3;JAG1;GJC1;MED12;SOX6;FGFR1;TNNI3;FN1;VGLL4;CDK1;PCSK5;PAX8;SMAD1;SUFU;COL6A1;TEAD2;SNAI2;PRDM1;BMPR2;GRHL2;PPP1R13L;BCOR;NFATC1;GSK3A;SGCD;PTK7;NPPA;EGFR;NDRG4;EPHB4;SOX9;APLNR;ACVR2B;DVL2;NRP2;TGFB3;MEF2D;LMNA;EXT1;UBE4B;SYPL2;POU6F1;ASXL1;SRF;GATA6;SH3PXD2B;CASP7;CACNA1G;CHD7;ARID2;FGFR2;SMAD4;CRIP1;DZIP1;PTCH1;COX17;PDLIM3;AXIN2"
"Fatty Acid Derivative Biosynthetic Process",-2.18150617506625,0.000194942635264656,"ELOVL6;ACSS3;AACS;HSD17B12;TECR;FASN;PPT1;ACSL1;ACSL3;HMGCL;FAR1;ELOVL5;ACSL4;PAM;ACACA"
"Mitochondrial Electron Transport Nadh to Ubiquinone",-2.1300399731671,0.000206022097325837,"NDUFB9;PARK7;NDUFS3;NDUFAF1;NDUFA9;NDUFB3;NDUFS8;NDUFAB1;NDUFS5;NDUFA8;NDUFA6;NDUFC2;NDUFV2;NDUFB2;DLD;NDUFA1;NDUFB10;NDUFB8;NDUFA7;NDUFC1;NDUFA4;NDUFS4;NDUFS1;NDUFA11;SNCA;NDUFB4;NDUFS6;COQ9;NDUFA2;NDUFB6"
"Isoprenoid Metabolic Process",-2.01714960069058,0.00020932293733328,"FDPS;ACAT2;MVK;LSS;PDSS1;MVD;NME1;AKR1B1;RDH11;ALDH8A1;HMGCS1;DHRS3;HSD17B6;IDI1;LIPA;FDFT1;SCPEP1;SRD5A3;PDSS2;DHRS9;RETSAT;HMGCR;ALDH1A3;ALDH3A2;DPM3;PMVK;AKR1C1;ADH5;GGPS1;PECR;RARRES2;DGAT2;LRP8;SCP2"
"Mesenchyme Development",1.71327800207742,0.000212583433623767,"SOX4;WNT5A;SEMA5A;PRICKLE1;DCHS1;HES1;TNXB;ZFPM2;FGF12;SEMA7A;IGF1;AMH;TGFB2;NRP1;SEMA4A;SEMA6C;HEYL;HAND2;SEMA3C;NRG1;SMO;DAB2IP;TGFB1I1;EFNB1;CRELD1;ALDH1A2;MARK1;LRP6;DLG5;NOTCH4;ADAMTS5;BCL2;TBX3;JAG1;FGFR1;FN1;TEAD2;EDNRB;SNAI2;PHACTR4;SEMA3A;BMPR2;MDK;SPSB3;SEMA4C;FAM83D;SEMA3B;PTK7;MAD2L2;SOX9;APLNR;TCF7L2;NRP2;TGFB3;TCOF1"
"Acetyl Coa Metabolic Process",-2.16169248415052,0.000229360018187901,"PGK1;MVK;PDK1;ACLY;MVD;NME1;DLAT;TPK1;HMGCS1;FASN;ACSS2;PDK3;HMGCR;ACACA;PMVK;DLD;MLYCD;NUDT8"
"Cell Growth",1.57549534538006,0.000269256444223012,"WNT5A;SEMA5A;PRICKLE1;CDH4;OSGIN2;S100B;RIMS1;SOCS2;CAMK2D;SEMA7A;PRKCZ;IGFBP3;SYT2;CDKL5;IGF1;TGFB2;ESR2;NRP1;PTPRS;IGFBP7;IGFBP5;SEMA6C;NRG1;ENPP1;ERBB2;BCL11A;TMEM108;ING1;IGFBP1;RIMS2;TTL;MYOCD;AVPR1A;TSPYL2;BRCA1;LTBP4;PRDM11;FOXP1;CDKN2C;CISH;OGFR;BCL2;PAK1;ULK2;DDR1;GDI1;FN1;VGLL4;KIF14;CDKN2AIP;TCHP;CDH1;SGK1;PRKCQ;SMARCA2;TP53;SEMA3A;TEAD1;HBEGF;BMPR2;SLC23A2;MMP14;MAG;RARG;CRABP2;RYK;GSK3A;LIMK1;FOXL2;NPPA;EGFR;MAD2L2;SOX9;GDF9;ULK1;EPHX2;VCL;NRP2;MUC12;SYT1;EXT1;SPHK2"
"Nuclear Chromosome Segregation",1.66459897472865,0.000275907640937638,"PRICKLE1;ASPM;KIFC1;BUB1;CCNB1IP1;KIF11;TTK;UBE2C;KIF23;NCAPG;DPF3;BIRC5;CENPE;BUB1B;CENPA;PRC1;DUSP1;RCC2;KIF2C;NUMA1;SMARCC2;KIF15;TTL;PLK1;KIF4A;MYBL2;DLGAP5;KIF18A;BCL7A;SKA2;ESPL1;KIF14;CDK1;ZWINT;DPF2;CDC20;TOP2A;SMARCA2;CEP55;SKA3;CEP192;PSMC3IP;FAM83D;MAP9;FBXO5;MAD2L2;AKAP8L;SPAG5;MZT1;BRD7;GEM;RMI2;HECW2;CENPF;FLNA;EHMT2;NCAPH;BAG6;SUN1;OFD1;NUSAP1;CLASP1;FANCD2;NCAPD2;KIF22;ARID2;USP44;CDC6;NCAPH2;PTTG1;MAD1L1;CENPV;CHMP4C;NCAPD3;ANAPC2;ARID1B;INCENP;CEP97;PMF1;NEK2;ARID1A;LCMT1;NDC80;CCNB1;SIRT1;DCTN2;ZCWPW1;CHMP1B;DYNLRB1;GOLGA2;KIF18B;NCAPG2;IK;SMARCC1;AAAS;STAG2;HNRNPU;CHFR;EML3;RB1;SMARCD1;CCDC61;TPR;CENPK;RRS1"
"Glucose Catabolic Process",-2.26125620948605,0.000304781716767086,"PGK1;LDHA;ENO2;TPI1;ENO1;GAPDH;PFKP;HK2;PGAM1;ALDOA"
"Organic Acid Biosynthetic Process",-1.67083839382871,0.000304781716767086,"MLXIPL;FADS2;ELOVL6;SCD;APOC1;FADS1;NR1H4;PLOD1;ACLY;HSD17B12;SIGMAR1;GOT2;NME1;VDAC1;PTGES;STAR;LTA4H;PARK7;TECR;OSBPL6;ALDH8A1;PYCR1;MTHFD1L;FASN;ACSS2;ERRFI1;FABP5;HSD17B4;NANP;STARD4;ACSL1;PRKAA1;PSAT1;DHRS9;INSIG2;ACOT7;ACOX1;LPGAT1;GLS;MTHFD1;ALDH1A3;NDUFAB1;ELOVL5;ACSL4;OSBP;ERLIN2;MECR;PTGES3;ACACA;ACOT4;GSTP1;BCAT1;OXSM;CBR1;LDHAL6B;BHMT2;GOT1;PECR;PRKAG2;INSIG1;ERLIN1;PLOD2;PSPH;MLYCD;MIF;SCP2;DECR2;ABHD3;ABHD2;PLAA;SEPSECS;ENOPH1;MTHFD2;GAMT;NR1H3"
"Homophilic Cell Cell Adhesion",1.88518252827797,0.000355869619650624,"CDH4;DCHS1;DCHS2;CDH3;FAT3;CLSTN2;PCDHGB7;ROBO3;FAT2;PCDH9;PCDH17;PCDH18;TRO;CNTN4;PTPRM;IGSF11;CDH12;CADM1;PCDHGB6;CDH1;PCDHGB4;CELSR2;AMIGO2;PCDHB14;CADM4;PTK7;PCDH10;PCDHGA10;PCDHGB5;CNTN2;KIRREL3;FAT4;PCDHAC2;PCDHGA9;CLSTN3;CEACAM1;PCDHGB2;CELSR1;PKD1;PCDH11X;NEXN;PCDHB13;PCDH7;CDH2;CD84;PCDHGA12;PALLD;PCDHGC3;CLSTN1;PCDHA9"
"Renal System Development",1.64547553159722,0.000355869619650624,"SOX4;ID3;WNT5A;PRICKLE1;NPNT;DCHS1;COL4A3;COL4A4;DCHS2;HES1;ZBTB16;CD24;VANGL2;BICC1;TGFB2;CDKN1C;NRP1;PDGFB;KANK2;SMAD6;HEYL;ACE;KCNJ8;HS3ST3A1;SMO;CITED1;ARG2;HPGD;GREB1L;MYOCD;ALDH1A2;ITGA3;DLG5;BCL2;TTC8;JAG1;GZF1;EGR1;FGFR1;AQP1;PDGFD;PCSK5;PAX8;SMAD1;ASS1;EDNRB;MPST;PRDM1;KLHL3;PTK7;SOX9;ACVR2B;NOTCH3;EXT1;CENPF;CTNNBIP1;LIN28A;ASXL1;PDGFA;KIRREL3;BAG6;KIF26B;FGFR2;SMAD4;IFT27;PTCH1;DTNBP1;PROM1;PYGO1"
"Sensory Organ Development",1.54791238278533,0.000362530253386018,"SOX4;WNT5A;PRICKLE1;SOBP;NDP;DCHS1;HES1;NR4A3;SLC25A27;FAT3;VSTM4;LRP5;MFAP2;FOS;VANGL2;IGF1;FZD5;TGFB2;JUN;SALL2;CDKN1C;ADAMTS18;NRP1;RPGR;MERTK;HAND2;CCNA2;COL11A1;SKIL;PTPRM;SHROOM2;KCNQ1;NKD1;ALDH1A2;SLC25A25;CEBPD;TUB;FZD4;BCL2;TTC8;TBX3;JAG1;MAB21L2;VIM;DDR1;FGFR1;PBX3;AQP1;TECTA;PAX8;TMOD1;SCAPER;C3;PHACTR4;KLF4;FOXP2;PRDM1;BMPR2;NTRK2;ROM1;TOPORS;GRHL2;PPP1R13L;FOXG1;RARG;FOXL2;SGCD;PTK7;STAU2;EGFR;SOX9;TSPAN12;ACVR2B;DIAPH3;LRP10;DVL2;TULP3;RING1;CTNS;DLX5;PXDN;TSHZ1;SRF;SH3PXD2B;CHD7;FZD3;MEGF11;TGIF2;CHRNA10;FGFR2;FZR1;SIX5;IFT27;DTNBP1;NR2E3;STRC;PROM1;ZHX2;BLVRA;CACNA1C;MAB21L1;DAG1;ATP8B1;WT1;ZNF513;EFNA5;ATP8A2"
"Regulation of Synapse Structure or Activity",1.66852591255243,0.000363275407937906,"NLGN4X;WNT5A;PRICKLE1;DBN1;GRID2;SEMA7A;PAK3;CPEB3;CLSTN2;COLQ;GPC4;VANGL2;CDKL5;PTPN13;CAMK1;IQSEC2;CC2D1A;SEMA4A;PTPRS;DAB2IP;SRGAP3;LINGO2;MARK1;TRIM47;IGSF11;LSAMP;SRGAP2;LIN7B;DLG5;NGEF;ARHGAP33;RHOB;RPS6KA5;ARHGAP44;SYNDIG1;IL10;FGFR1;LZTS1;SLC12A5;CDC20;FYN;KIF1A;ZDHHC15;PTPRD;NTRK2;SEMA4C;AMIGO2;MAPRE3;LRRC24;HOMER1;MDGA1;ZMYND8;STAU2;DOCK1;LRFN3;FCGR2B;SLITRK4;SLITRK2;NRP2;SYNGAP1"
"Mitochondrial Rna Metabolic Process",-2.07657418136766,0.000474577774755555,"TRMT61B;LRPPRC;EARS2;C1QBP;PRKAA1;TRIT1;SLIRP;CDK5RAP1;TFB2M;TRUB2;TFAM;FASTKD1;NSUN4;SLC25A33;FASTKD5;GRSF1;FASTKD3;PUS1;YARS2;REXO2;HSD17B10;FOXO3;FASTK;FASTKD2;PNPT1;SUPV3L1;MRPL12"
"Cardiac Chamber Morphogenesis",1.86540941969782,0.000558196205793621,"SOX4;HES1;NPY2R;ZFPM2;SAV1;VANGL2;TGFB2;NRP1;SMAD6;HEYL;HAND2;SEMA3C;NRG1;COL11A1;SMO;DSP;GJA5;TBX3;JAG1;TNNI3;BMPR2;GRHL2;PPP1R13L;GSK3A;APLNR;NRP2;UBE4B;SRF;GATA6;CHD7;FGFR2;SMAD4"
"Cell Junction Assembly",1.54600453259458,0.000576295579541886,"NLGN4X;WNT5A;HOPX;PRICKLE1;CDH4;CDH3;LIMCH1;GRID2;JUP;CPEB3;CLSTN2;COLQ;GPC4;PTPN13;FZD5;FSCN1;IQSEC2;ARHGAP6;SORBS1;CC2D1A;NRP1;SEMA4A;PTPRS;PCDH17;ACE;TLN2;KCNJ8;GPM6B;RCC2;THSD1;GJA5;SRGAP3;STON1;LINGO2;MARK1;TRIM47;LDB1;IGSF11;LSAMP;SRGAP2;LIN7B;LAMA3;DLG5;CDH12;FBF1;ARHGAP33;BCL2;PLXNB1;GJC1;MYO1C;SPTBN2;SYNDIG1;ACTG1;FGFR1;LZTS1;FN1;PTPRK;SLC12A5;CDH1;MPDZ;THBS1;SNAI2;MICALL2;PTPRD;NTRK2;SEMA4C;AMIGO2;GRHL2;PCDHB14;MMP14;LRRC24;BSN;RYK;MDGA1;CLDN11;DNM3;STAU2;DOCK1;TESK2;APLNR;VSIG10;LRFN3;SLITRK4;CLDN18;SLITRK2;VCL"
"Tissue Morphogenesis",1.51947670835305,0.000576295579541886,"WNT5A;PRICKLE1;NPNT;DCHS1;DCHS2;HES1;CASR;NR4A3;ZFPM2;LRP5;VANGL2;IGF1;FZD5;LLGL2;TGFB2;ADAMTS12;NRP1;ITGB5;IGFBP5;HEYL;HAND2;SEMA3C;NRG1;COL11A1;HS3ST3A1;GREB1;SMO;DSP;CITED1;TGFB1I1;GREB1L;NKD1;ALDH1A2;FOXP1;ITGA3;DLG5;NTN4;NOTCH4;SOCS3;ADAMTS5;BCL2;TTC8;PAK1;TBX3;JAG1;RHOB;GZF1;DDR1;MED12;IL10;ACTG1;FGFR1;TNNI3;BRSK1;DLG3;PAX8;SMAD1;SUFU;TEAD2;SNAI2;PHACTR4;KLF4;SPINT1;PRKD2;ARMC5;HBEGF;BMPR2;SPINT2;KLHL3;MDK;SEMA4C;GRHL2;MMP14;ESRP2;RARG;HHIP;AXIN1;VPS52;PTK7;EGFR;NDRG4;CYP7B1;SOX9;APLNR;DVL2;VCL;NRP2;TGFB3;TULP3;EXT1;KRT19;TGM2;CTNNBIP1;FERMT2;GDF7;UBE4B;FLNA;PDGFA;TRIM28;SRF;CSF1;CHD7;FZD3;KIF26B;MMRN2;CLASP1"
"Mitotic Nuclear Division",1.62682597963663,0.000577335291388777,"PRICKLE1;KIFC1;BUB1;LRP5;KIF11;TTK;UBE2C;MKI67;KIF23;NCAPG;IGF1;CDKN1C;BIRC5;CENPE;BUB1B;CENPA;PDGFB;PRC1;INSR;ANLN;EPS8;DUSP1;KIF2C;NUMA1;KIF15;PLK1;KIF4A;MYBL2;DLGAP5;UBE2S;KIF18A;SKA2;ESPL1;KIF14;CDK1;CHEK1;ZWINT;CDC20;CEP55;SKA3;CEP192;NFE2L1;MAP9;PHIP;REEP4;FBXO5;MAD2L2;AKAP8L;SPAG5;MZT1;CENPF;FLNA;L3MBTL1;NCAPH;CDC14A;OFD1;NUSAP1;CLASP1;CUL9;SMPD3;NCAPD2;KIF22;USP44;PPP1R9B;NCAPH2;MAD1L1;CHMP4C;NCAPD3;INCENP;SH2B1;CEP97;NEK2;TOM1L2;LCMT1;NDC80;CCNB1;SIRT1"
"Morphogenesis of a Branching Structure",1.75587428465578,0.000705392637051929,"WNT5A;NPNT;DCHS1;CASR;LRP5;VANGL2;IGF1;FZD5;LLGL2;NRP1;SEMA3C;HS3ST3A1;SMO;CITED1;GREB1L;DLG5;NTN4;NOTCH4;SOCS3;BCL2;PAK1;TBX3;GZF1;DDR1;IL10;FGFR1;PAX8;SNAI2;SPINT1;PRDM1;SPINT2;MDK;GRHL2;MMP14;ESRP2;HHIP;SOX9;EXT1;TGM2;CTNNBIP1;GDF7;PDGFA;SRF;CSF1;FGFR2;SMAD4;ESR1;PTCH1;DAG1;CELSR1;PKD1;WT1;AGT;WNT4;FKBPL;HMGA2"
"Regulation of Cell Junction Assembly",1.650166398517,0.000705392637051929,"NLGN4X;WNT5A;HOPX;PRICKLE1;LIMCH1;GRID2;CPEB3;CLSTN2;COLQ;GPC4;PTPN13;FZD5;IQSEC2;ARHGAP6;CC2D1A;NRP1;SEMA4A;PTPRS;ACE;GPM6B;RCC2;SRGAP3;LINGO2;MARK1;TRIM47;LDB1;IGSF11;LSAMP;SRGAP2;LIN7B;DLG5;ARHGAP33;MYO1C;SYNDIG1;ACTG1;FGFR1;LZTS1;SLC12A5;THBS1;SNAI2;PTPRD;NTRK2;SEMA4C;AMIGO2;MMP14;LRRC24;MDGA1;STAU2;DOCK1;APLNR;LRFN3;SLITRK4;SLITRK2;VCL"
"Sulfur Compound Biosynthetic Process",-1.84914977251362,0.000705392637051929,"PGK1;ELOVL6;PDK1;ACLY;HSD17B12;SLC19A3;DLAT;TPK1;TECR;PAPSS2;FASN;SLC1A2;ACSS2;PPT1;ACSL1;ACSL3;GCLM;PDK3;ACOT7;PCCA;MTHFD1;ELOVL5;ACSL4;PANK1;ACACA;GSTP1;DLD;BHMT2;MCEE"
"Terpenoid Biosynthetic Process",-2.19665851354018,0.000713876485539157,"FDPS;ACAT2;MVK;LSS;MVD;ALDH8A1;HMGCS1;IDI1;DHRS9;HMGCR;ALDH1A3;DPM3;PMVK;GGPS1"
"Fatty Acid Derivative Metabolic Process",-1.97705264457486,0.000740142681451098,"ELOVL6;ACSS3;AACS;HSD17B12;TECR;FASN;PPT1;HSD17B4;TYRP1;ACSL1;ACSL3;HMGCL;FITM2;ACOT7;FAR1;ELOVL5;ALDH3A2;ACSL4;PAM;ACACA;DLD;PECR;DGAT2;NUDT8;DBT;PTGR1;DGAT1;GCDH;CBR4;CYP4F3"
"Stem Cell Development",1.90555962941978,0.000752888664150131,"SEMA5A;HES1;FGF12;SEMA7A;NRP1;SEMA4A;SEMA6C;HAND2;SEMA3C;NRG1;SMO;EFNB1;ALDH1A2;JAG1;FN1;EDNRB;SNAI2;PHACTR4;SEMA3A;SEMA4C;SEMA3B;SOX9;NRP2;TCOF1"
"Regulation of Sister Chromatid Segregation",1.8040355871764,0.000830571703559746,"BUB1;TTK;UBE2C;DPF3;BIRC5;CENPE;BUB1B;DUSP1;NUMA1;SMARCC2;PLK1;DLGAP5;BCL7A;ESPL1;CDK1;ZWINT;DPF2;CDC20;SMARCA2;SKA3;FBXO5;MAD2L2;BRD7;RMI2;HECW2;CENPF;ARID2;USP44;CDC6;MAD1L1;ANAPC2;ARID1B;INCENP;ARID1A;LCMT1;NDC80;CCNB1;SIRT1;DYNLRB1;IK;SMARCC1;HNRNPU;CHFR;RB1;SMARCD1;TPR"
"Negative Regulation of Cell Differentiation",1.51405443997585,0.000868030562622983,"SOX4;ID3;WNT5A;JDP2;HOPX;SEMA5A;PRICKLE1;S100B;ID1;ASPM;HES1;FOXO1;CRIM1;ZFPM2;ZBTB16;LRRC17;TNFSF4;LRP5;DAAM2;IGF1;TGFB2;ADAMTS12;NRP1;PDGFB;PTPRS;IGFBP5;SMAD6;SEMA6C;HAND2;SKIL;ENPP1;ERBB2;PRDM6;CNTN4;BCL11A;SMO;DAB2IP;CITED1;TGFB1I1;TMEM176B;MYOCD;MARK1;MYB;LDB1;TOB1;FSTL3;PIK3R1;FOXP1;HDAC5;NOTCH4;ZFP36;ZFP36L2;PAK1;BCL7A;S1PR3;TBX3;ULK2;JAG1;LTBP3;ZBTB7B;TMEM176A;IRF1;SOX6;GDI1;LRP3;EIF4ENIF1;PRTG;SUFU;CDH1;DPF2;TRIM11;EDNRB;SNAI2;SMARCA2;CDK6;REG3G;TRIM6;MDK;SPSB3;PAF1;MAG;FOXG1;RARG;RYK;NFATC1;GSK3A;AXIN1;EGFR;MAD2L2;SOX9;TLR3;FCGR2B;CLDN18;ULK1;TMEM98;SOCS5;SYNGAP1;NOTCH3;TMSB4X;C1QC;CNTN2;KCTD11;FERMT2;LIN28A;MMP11;IGDCC4;ASXL1;LIMD1;DIP2B;DDIT3;IL18;YPEL4;SMAD4;FOXO4;PTCH1;AXIN2;GPR137;AKIRIN1;ZHX2;DPYSL5;CEACAM1;SS18;N4BP2L2;EFNB3;E2F1;NFKBIA;ADAMTS7;SIRT1;IFRD1;SORT1;FOXJ2;TWSG1;LAG3;EFNA1;WNT4;HMGB3;SEMA4F;SPRED3;HMGA2;ABCA5;CDK13;ZNF675;TRIM62;GREM1;TOB2;PKP2;SFRP1;SMARCC1;HEY2;KLF13;DNMT1;TSKU;SMAD7;ZFHX3;CTDSP1;ZNF750"
"Monocarboxylic Acid Biosynthetic Process",-1.69683172729194,0.000870668327760778,"MLXIPL;FADS2;ELOVL6;SCD;APOC1;FADS1;NR1H4;ACLY;HSD17B12;SIGMAR1;NME1;VDAC1;PTGES;STAR;PARK7;TECR;OSBPL6;ALDH8A1;MTHFD1L;FASN;ACSS2;ERRFI1;FABP5;HSD17B4;STARD4;ACSL1;PRKAA1;DHRS9;INSIG2;ACOT7;ACOX1;LPGAT1;ALDH1A3;NDUFAB1;ELOVL5;ACSL4;OSBP;ERLIN2;MECR;PTGES3;ACACA;ACOT4;GSTP1;OXSM;CBR1;LDHAL6B;PECR;PRKAG2;INSIG1;ERLIN1;MLYCD;MIF;SCP2;DECR2;ABHD3;ABHD2;PLAA;MTHFD2;GAMT;NR1H3"
"Positive Regulation of Transmembrane Receptor Protein Serine Threonine Kinase Signaling Pathway",1.83625629417504,0.000922553239414442,"ATOH8;NPNT;HES1;TTK;AMH;TGFB2;CDKN1C;CITED1;NUMA1;TGFB1I1;MYOCD;ING2;NEO1;THBS1;ZNF423;BMPR2;AXIN1;NUP93;UBE2O;ACVR2B;TGFB3;GDF7;SCUBE3"
"Regulation of Synapse Assembly",1.74167257677338,0.000998153101061138,"NLGN4X;WNT5A;PRICKLE1;GRID2;CPEB3;CLSTN2;COLQ;GPC4;PTPN13;IQSEC2;CC2D1A;SEMA4A;PTPRS;SRGAP3;LINGO2;MARK1;TRIM47;IGSF11;LSAMP;SRGAP2;LIN7B;DLG5;ARHGAP33;SYNDIG1;FGFR1;LZTS1;SLC12A5;PTPRD;NTRK2;SEMA4C;AMIGO2;LRRC24;MDGA1;STAU2;DOCK1;LRFN3;SLITRK4;SLITRK2"
"Neural Crest Cell Differentiation",1.87274088687861,0.00100284110451835,"SEMA5A;HES1;FGF12;SEMA7A;NRP1;SEMA4A;SEMA6C;HAND2;SEMA3C;NRG1;SMO;EFNB1;ALDH1A2;LRP6;JAG1;FN1;EDNRB;SNAI2;PHACTR4;SEMA3A;SEMA4C;SEMA3B;SOX9;NRP2;TCOF1;EXT1"
"Inner Mitochondrial Membrane Organization",-2.04942482875301,0.0010240583347602,"SAMM50;APOO;APOOL;IMMT;TIMM8B;AGK;CHCHD10;TIMM10;GHITM;MTX3;ROMO1;TIMM13;TMEM126A;TIMM8A;AFG3L2;TIMM22;HSPA9;SLC25A46;NDUFA13;DNAJC11;TIMM9"
"Ribosomal Large Subunit Biogenesis",-1.93439154816925,0.00113409973199631,"RPF2;NIP7;NPM1;MRTO4;RPL7L1;NDUFAB1;CINP;EBNA1BP2;DDX55;NSUN4;HEATR3;GTPBP4;RPL35A;RPL5;RPL7A;FTSJ3;RPL35;MTG1;NVL;PES1;RPL11;LAS1L;WDR12;RPL7;RPL14;NOP16;WDR74;SDAD1;DDX18;FASTKD2;NSA2;RPL26;TUFM"
"Stem Cell Differentiation",1.67955295230531,0.00114687253804859,"SEMA5A;PRICKLE1;HES1;FGF12;SEMA7A;SOX5;TGFB2;NRP1;SEMA4A;SEMA6C;HAND2;SEMA3C;ACE;NRG1;SMO;EFNB1;LMBR1L;MYOCD;ALDH1A2;LRP6;ZFP36L2;JAG1;LTBP3;SOX6;FN1;SMAD1;TEAD2;EDNRB;SNAI2;CDK6;PHF19;TRIM6;PHACTR4;TP53;SEMA3A;BMPR2;SEMA4C;SEMA3B;SOX9;NRP2;TCOF1;TMSB4X;EXT1;ERCC2;LIN28A;SRF;NR6A1;FGFR2;SMAD4;FOXO4;ESR1;CHD3;SEMA6A;N4BP2L2;L3MBTL2;SEMA4F;EPCAM;HMGA2;TAL1;CDK13;GATAD2B;CDH2;SEMA6B;GREM1;SFRP1;RBM24"
"Response to Oxygen Radical",-2.1626984785487,0.00119795820683996,"MT3;UCP2;NQO1;SOD2;PARK7;PRDX1"
"Regulation of Growth",1.49514209879177,0.00130327387009596,"WNT5A;HOPX;SEMA5A;CDH4;OSGIN2;RIMS1;SOCS2;PIM1;CAMK2D;ZFPM2;SEMA7A;COLQ;IGFBP3;SAV1;SYT2;CDKL5;IGF1;TGFB2;ESR2;NRP1;PTPRS;IGFBP7;IGFBP5;SEMA6C;NRG1;ENPP1;ERBB2;INSR;BCL11A;SMO;ING1;IGFBP1;RIMS2;TTL;MYOCD;AVPR1A;PIK3CA;TLL2;TSPYL2;BRCA1;LTBP4;PRDM11;LIN7B;FOXP1;TFCP2L1;CDKN2C;CISH;OGFR;BCL2;RFTN1;PAK1;ULK2;DDR1;GDI1;FGFR1;FN1;CAPN3;VGLL4;KIF14;CDK1;LRP12;CDKN2AIP;TCHP;CDH1;SGK1;PRKCQ;SMARCA2;FOSL2;TP53;SEMA3A;TEAD1;HBEGF;BMPR2;SLC23A2;WWC3;MMP14;MAG;CRABP2;RYK;GSK3A;LIMK1;NPPA;EGFR;MAD2L2;GDF9;WWC2;ULK1;EPHX2;MUC12;SYT1"
"Cardiac Muscle Tissue Development",1.67559213425558,0.00132044693439012,"MYH11;SIK1;HOPX;PRICKLE1;PIM1;ZFPM2;SAV1;IGF1;TGFB2;NRG1;COL11A1;KCNJ8;DSP;GJA5;GREB1L;MYOCD;ALDH1A2;SCN5A;FOXP1;PAK1;TBX3;GJC1;SOX6;FGFR1;TNNI3;VGLL4;CDK1;SMAD1;BMPR2;PPP1R13L;GSK3A;SGCD;NPPA;NDRG4;LMNA;UBE4B;SRF;GATA6;CACNA1G;CHD7;ARID2;FGFR2;SMAD4"
"Ketone Metabolic Process",-1.6669321597403,0.00133270215262036,"PGK1;MLXIPL;CYP11A1;APOC1;NR1H4;FABP3;PDK1;TPI1;NQO1;PDSS1;NME1;STAR;TPK1;AKR1B1;PARK7;ALDH8A1;HSD17B6;FABP5;AKR1C2;STARD4;NDUFA9;PDSS2;DHRS9;NQO2;PDK3;VKORC1;INSIG2;LPGAT1;GLO1;ELOVL5;ERLIN2;HSD17B1;COQ5;AKR1C1;CBR1;HSD3B1;PRKAG2;INSIG1;KDSR;DGAT2;ERLIN1;MLYCD;SCP2;COQ3;PLAA;MFSD2A;NR1H3;TRIB3;HAGH;AKR1A1;BMP2;ADM;RTN4IP1;SLC45A3;SREBF1;COQ2;HSD17B10;CLCN2;NME2;AKR7A2;STAT5B;CBR4"
"Mitotic Cell Cycle Checkpoint Signaling",1.73393485669993,0.00133270215262036,"BUB1;TTK;BIRC5;BUB1B;DUSP1;IER3;STK33;PLK1;BRCA1;MBTPS1;CDK2;CDK1;BRSK1;CHEK1;ZWINT;CDC20;TP53;DGKZ;SKA3;ORC1;MDC1;PLK3;MAD2L2;CDK5RAP3;MUS81;CENPF;FANCD2;DTL;USP44;FZR1;FOXO4;RFWD3;CDC6;BARD1;MAD1L1;HUS1B;CHMP4C;RBBP8;INCENP;FBXO31;LCMT1;NDC80;CCNB1;UIMC1;FOXN3;EME1;XPC;CDC7;TRIM39"
"Digestive System Development",1.80135950990491,0.0014057048787525,"WNT5A;DCHS1;HES1;SAV1;VANGL2;IGF1;HIP1R;TGFB2;ALX4;CDKN1C;INSR;SMO;KCNQ1;MYOCD;ALDH1A2;MYB;SFRP5;DACT1;BCL2;PCSK5;ASS1;EDNRB;PRDM1;VPS52;EGFR;ACVR2B;CLDN18;EXT1;PDGFA;GATA6"
"Non Canonical Wnt Signaling Pathway",1.89153060261138,0.00144608213045464,"WNT5A;PRICKLE1;SFRP4;DAAM2;VANGL2;FZD5;ZNRF3;NKD1;SFRP5;DACT1;FZD4;MED12;CELSR2;CSNK1E;RYK;DVL2;DAAM1;DVL3;ARHGEF19;FZD3;PLEKHA4"
"Developmental Growth",1.47655379670933,0.00144948389196346,"NLGN4X;FSHR;WNT5A;HOPX;SEMA5A;PRICKLE1;CDH4;S100B;RIMS1;ASPM;SOCS2;PIM1;ZFPM2;SEMA7A;PRKCZ;COLQ;PRLR;SAV1;VANGL2;SYT2;CDKL5;IGF1;AMH;LLGL2;TGFB2;CDKN1C;ETNK2;NRP1;PTPRS;SEMA6C;NRG1;KCNJ8;INSR;BCL11A;SMO;TMEM108;IGFBP1;RIMS2;TTL;NKD1;PIK3CA;TLL2;SLC25A25;LIN7B;FOXP1;BCL2;TTC8;PAK1;ULK2;POC1A;DDR1;MED12;SPTBN2;GDI1;FGFR1;WDTC1;FN1;CAPN3;VGLL4;SLC12A5;CDK1;CHEK1;SMAD1;CDH1;COL6A1;FOSL2;SEMA3A;BMPR2;SLC23A2;WWC3;MDK;GRHL2;THBS3;PPP1R13L;MAG;RARG;CRABP2;RYK;GSK3A;LIMK1;FOXL2;PTK7;NPPA;NDRG4;SOX9;ACVR2B;GDF9;WWC2;INTS1;CLDN18;ATRX;ULK1;VCL;NRP2;SYT1;RAD51B;EXT1;ERCC2;PLEKHA1;ZFYVE27;SOX15;EHMT2;TRIM28;SRF;GATA6;BRCA2;DIP2B;CSF1;CHD7;KIF26B"
"Rna 5 End Processing",-2.10574794530627,0.00157493924814664,"LSM11;SSB;RNGTT;RPP40;SNRPD3;RPP30;POP4;SNRPD2;POP1;SNRPD1;SNRPG;NOP14;TGS1;UTP20;HSD17B10;RNMT;SNRPB;POP7;PNPT1;SNRPE"
"Ventricular Septum Development",1.86384474487546,0.00175669406618988,"SOX4;WNT5A;HES1;ZFPM2;SAV1;VANGL2;TGFB2;SMAD6;HEYL;GJA5;TBX3;PAX8;SUFU;PRDM1;BMPR2;PTK7;APLNR"
"Mitotic Sister Chromatid Segregation",1.64639676069031,0.00176136141702897,"PRICKLE1;KIFC1;BUB1;KIF11;TTK;UBE2C;KIF23;NCAPG;BIRC5;CENPE;BUB1B;CENPA;PRC1;DUSP1;KIF2C;NUMA1;KIF15;PLK1;KIF4A;MYBL2;DLGAP5;KIF18A;SKA2;ESPL1;KIF14;CDK1;ZWINT;CDC20;CEP55;SKA3;CEP192;MAP9;FBXO5;MAD2L2;AKAP8L;SPAG5;MZT1;CENPF;FLNA;NCAPH;OFD1;NUSAP1;CLASP1;NCAPD2;KIF22;USP44;NCAPH2;MAD1L1;CHMP4C;NCAPD3;INCENP;CEP97;NEK2;LCMT1;NDC80;CCNB1;SIRT1;DCTN2;CHMP1B;DYNLRB1;GOLGA2;KIF18B;NCAPG2;IK;AAAS;STAG2;HNRNPU;EML3;RB1;CCDC61;TPR;CENPK;RRS1"
"Establishment of Protein Localization to Endoplasmic Reticulum",-2.00459517895,0.00179541065437635,"HSPA5;SRPRB;SPCS1;RYR2;TRAM2;SSR4;SSR1;SEC61B;UBL4A;SSR3;RAB3GAP1;SEC61A1;SEC61G;SRP72;SRP68;ZFAND2A;SGTA;SPCS2;SRP19;SRP9;TRAM1;SEC63;SSR2;EDEM1;SEC62;SRP14;SRP54"
"Developmental Cell Growth",1.65217484130758,0.00183706329527655,"WNT5A;SEMA5A;PRICKLE1;CDH4;S100B;RIMS1;SEMA7A;PRKCZ;SYT2;CDKL5;IGF1;NRP1;PTPRS;SEMA6C;BCL11A;TMEM108;RIMS2;TTL;FOXP1;PAK1;ULK2;DDR1;GDI1;FN1;CDH1;SEMA3A;BMPR2;SLC23A2;MAG;RARG;CRABP2;RYK;GSK3A;LIMK1;FOXL2;NPPA;SOX9;GDF9;ULK1;VCL;NRP2;SYT1;EXT1;ZFYVE27;SRF;DIP2B"
"Muscle Tissue Development",1.54026201432709,0.00183871089162164,"MYH11;SIK1;HOPX;PRICKLE1;S100B;PGM5;EGR2;PIM1;ZFPM2;NR4A1;FOS;SAV1;BTG2;IGF1;TGFB2;IGFBP5;HEYL;SEMA3C;NRG1;COL11A1;SKIL;KCNJ8;SMO;DSP;ATF3;GJA5;GREB1L;MYOCD;ALDH1A2;TLL2;SCN5A;FOXP1;BCL2;PAK1;TBX3;GJC1;EGR1;SOX6;FGFR1;TNNI3;VGLL4;CDK1;SMAD1;COL6A1;FOSL2;FOXP2;BMPR2;CSRP2;PPP1R13L;CSRP1;GSK3A;HOMER1;FOXL2;SGCD;NPPA;NDRG4;SOX9;LMNA;HLF;CENPF;ARRDC2;SOX15;UBE4B;SRF;GATA6;CACNA1G;CHD7;ARID2;FGFR2;SMAD4;GPCPD1;PTCH1;ZFAND5;AKIRIN1;EFEMP2;NR2F2;BCL9"
"Postsynapse Organization",1.64550380179343,0.00183871089162164,"WNT5A;PRICKLE1;DBN1;GRID2;PAK3;CPEB3;COLQ;CDKL5;HIP1R;PICK1;CC2D1A;NRP1;PTPRS;INSR;TMEM108;KIF2C;MARK1;TRIM47;ITGA3;DLG5;NGEF;ARHGAP33;RPS6KA5;ARHGAP44;SPTBN2;SYNDIG1;ACTG1;FGFR1;LZTS1;MTMR2;SLC12A5;FYN;KIF1A;ZDHHC15;PTPRD;SEMA4C;MAPRE3;DLG4;HOMER1;ZMYND8;STAU2;DOCK1;FCGR2B;NRP2;SYNGAP1"
"Maturation of Ssu Rrna",-1.88285322651165,0.0018465196812686,"WDR43;RCL1;RRP36;RRP7A;NOL11;TSR1;IMP3;RPP40;RPS28;RPS8;RPS21;WDR36;EMG1;SRFBP1;NOL7;DCAF13;DDX52;NOP14;UTP6;BYSL;UTP20;FBL;WDR3;NOB1;RPS14;BMS1;RPS19;NAT10;FCF1;HEATR1;TSR2;RPS16;UTP15;DNTTIP2"
"Regulation of Wnt Signaling Pathway",1.57393689284445,0.00197747198915576,"SOX4;WNT5A;SEMA5A;PRICKLE1;ASPM;SFRP4;CDH3;FOXO1;JUP;DEPDC1B;DAAM2;KANK1;VANGL2;CMAHP;BICC1;ZNRF3;DAB2IP;CITED1;IGFBP1;LMBR1L;NKD1;TMEM88;SFRP5;ITGA3;MEST;DACT1;GRB10;CDK14;WNK3;EGR1;NRBP2;VGLL4;PPM1B;SNAI2;APCDD1L;IGFBP2;SOX13;APC2;GPC5;MDK;TCF7L1;CSNK1E;NFATC1;GSK3A;SPIN4;AXIN1;PTK7;NPPA;EGFR;MAD2L2;SOX9;HIC1;TCF7L2;CTNNBIP1;DLX5;LIMD1;DDIT3;PLEKHA4;MDFI;WWOX;FGFR2;SMAD4;FRAT1;AXIN2;RNF146"
"Vacuolar Acidification",-2.02642509382659,0.00206633437635328,"CREG1;PPT1;CLN5;ATP6AP1;TCIRG1;TMEM9;CLIC4;ATP6AP2;ATP6V1B2;ATP6V1H;CLN3;RNASEK;LAMP2;ATP6V0E1;SLC11A1;DMXL1"
"Positive Regulation of Epithelial Cell Proliferation",1.69702146411043,0.00211190180468166,"IQGAP3;WNT5A;SEMA5A;CDH3;AKT3;NR4A3;NR4A1;VASH2;IGF1;JUN;NRP1;PDGFB;EGR3;ERBB2;SMO;ANG;HMGB2;SCN5A;F3;HMOX1;IL10;FGFR1;TNFSF12;REG3G;FOXP2;PRKD2;TNFAIP3;MDK;ESRP2;EGFR;CYP7B1;SOX9;APLNR;TCF7L2;NRP2"
"Regulation of Plasma Lipoprotein Particle Levels",-1.89972909435033,0.00232104450407341,"APOC1;NR1H4;PCSK9;VLDLR;APOA1;SCARB1;CSK;CNPY2;NCEH1;ANGPTL3;LPCAT3;APOE;ANXA2;PLTP;LIPA;ACSL3;ABCA1;PCSK6"
"Fatty Acyl Coa Metabolic Process",-2.0494688417329,0.0023511197365825,"ELOVL6;HSD17B12;TECR;FASN;PPT1;HSD17B4;ACSL1;ACSL3;FITM2;ACOT7;FAR1;ELOVL5;ACSL4;ACACA;DLD;DGAT2;NUDT8;DBT;DGAT1;GCDH;CBR4"
"Positive Regulation of Cell Growth",1.73633498085397,0.0023718065379695,"SEMA5A;CDH4;RIMS1;SEMA7A;SYT2;CDKL5;IGF1;TGFB2;NRP1;NRG1;ERBB2;BCL11A;IGFBP1;RIMS2;AVPR1A;BCL2;PAK1;GDI1;FN1;CDKN2AIP;TEAD1;HBEGF;BMPR2;SLC23A2;MMP14;CRABP2;LIMK1;EGFR;SYT1;ZFYVE27;SRF"
"Monocarboxylic Acid Catabolic Process",-1.78189765571563,0.00241259268157476,"LDHA;CROT;DECR1;LDHB;SORD;SLC16A3;DLAT;LPIN1;HSD17B4;FAH;ACOT7;ACOX1;ETFB;PCCA;ACBD5;SLC16A1;ETFA;ECH1;ECHS1;HADH;LDHAL6B;MCEE;IVD;MLYCD;SCP2;NUDT8;DECR2;ABHD3;ABHD2;ETFDH;MFSD2A;AKR1A1;ABCD3;ECI2;XYLB;PHYH;ECHDC1;HSD17B10;GCDH;PCCB"
"Response to Type i Interferon",-1.76712591012317,0.00241259268157476,"IRAK1;PSME2;PSMA2;IFNE;PSMA1;PSMB7;PTPN11;AZI2;RBM47;TTLL12;IFIH1;PSMD8;PSMB1;PSMA5;PSMD7;PSMC6;PSMD14;FADD;PSMD1;PSMA6;PSMB3;PSMC1;PSME1;PSMC2;PSMA4;USP27X;USP18;IFITM1;PSMB4;PSMB6;PSMD6;PSMD13;PSMD12;TRIM65;TANK;SHMT2;IFNAR1;PSMB5;RNF185;OAS3;EIF4E2;PSMC5"
"Developmental Growth Involved in Morphogenesis",1.6273267553139,0.00246034639994098,"WNT5A;SEMA5A;PRICKLE1;CDH4;S100B;RIMS1;SEMA7A;PRKCZ;VANGL2;SYT2;CDKL5;NRP1;PTPRS;SEMA6C;BCL11A;TMEM108;RIMS2;TTL;NKD1;PAK1;ULK2;DDR1;MED12;GDI1;FN1;CDH1;SEMA3A;BMPR2;SLC23A2;MAG;RARG;CRABP2;RYK;LIMK1;PTK7;SOX9;ULK1;VCL;NRP2;SYT1;ZFYVE27;TRIM28;SRF;DIP2B;CSF1;KIF26B"
"Mesenchymal Cell Differentiation",1.65484249430478,0.00246034639994098,"WNT5A;SEMA5A;HES1;TNXB;FGF12;SEMA7A;IGF1;TGFB2;NRP1;SEMA4A;SEMA6C;HEYL;HAND2;SEMA3C;NRG1;SMO;DAB2IP;TGFB1I1;EFNB1;ALDH1A2;MARK1;LRP6;DLG5;NOTCH4;BCL2;TBX3;JAG1;FGFR1;FN1;EDNRB;SNAI2;PHACTR4;SEMA3A;MDK;SPSB3;SEMA4C;FAM83D;SEMA3B;MAD2L2;SOX9;TCF7L2;NRP2;TGFB3;TCOF1;EXT1;FERMT2;TRIM28;KDM1A;FGFR2;SMAD4;AXIN2;SEMA6A;EFNA1;AGT;WNT4;SEMA4F;ROCK2;SPRED3;HMGA2;CDH2;SEMA6B;TRIM62;GREM1;SFRP1;HEY2;SMAD7;ZNF750"
"Plasma Lipoprotein Particle Clearance",-1.99769736731631,0.00246034639994098,"APOC1;NR1H4;PCSK9;VLDLR;APOA1;SCARB1;CSK;CNPY2;NCEH1;APOE;ANXA2;LIPA"
"Regulation of Fat Cell Differentiation",1.74421674271642,0.00246034639994098,"WNT5A;JDP2;HES1;FOXO1;PIM1;ZFPM2;ZBTB16;CBX4;LRP5;SAV1;ENPP1;TGFB1I1;ZFP36;ZFP36L2;JAG1;ZBTB7B;LRP3;CMKLR1;CDS1;LPL;SNAI2;CREBL2;SOX13;AXIN1;FERMT2;MMP11;ASXL1;DDIT3;ALOX5;AXIN2;AKT1;CEBPB;PTGS2;ATAT1;E2F1;SIRT1;SORT1"
"Cardiac Ventricle Morphogenesis",1.89673511543906,0.00251730931132246,"SOX4;NPY2R;ZFPM2;TGFB2;HEYL;HAND2;SEMA3C;NRG1;COL11A1;DSP;JAG1;TNNI3;GRHL2;PPP1R13L;GSK3A;UBE4B;CHD7;FGFR2;SMAD4"
"External Encapsulating Structure Organization",1.60910072467136,0.00254358838836303,"MYH11;FSHR;PRICKLE1;NPNT;VIT;COL4A3;COL4A4;ECM2;TNXB;NDNF;MATN2;ADAMTS10;CSGALNACT1;COLQ;ADAMTS15;MMP19;ANTXR2;FSCN1;PRDM5;TGFB2;ADAMTS12;ADAMTS18;FBLN1;MATN3;COL11A1;GPM6B;ADAMTS4;TLL2;LTBP4;NTN4;ADAMTS5;MMP16;COL9A2;DDR1;HPSE;PHLDB1;COL6A1;SPINT1;ADAMTSL5;KIF9;SPINT2;MMP14;OLFML2A;SOX9;COL4A5;GAS6;ANTXR1;EXT1;ERCC2;SERPINH1;AEBP1;MMP11;PXDN;ADAMTSL4;SH3PXD2B;CLASP1;CCDC80;SMPD3;ADAMTS13;COLEC12;SMAD4;AXIN2;EFEMP2;GFOD2;MMP24;DAG1;THSD4;WT1;ADAMTS7;TIMP3;LAMA2;AGT;LAMB2;BCL3;FLRT2;ZNF469"
"Protein n Linked Glycosylation",-1.79223133789336,0.00258121344934853,"HEXB;MGAT4A;MGAT5;TMEM165;DAD1;ALG3;STT3B;OSTC;ALG1;RPN1;STT3A;MAN2A1;SRD5A3;GFPT1;RPN2;ALG8;GANAB;ALG5;NUS1;B4GALT1;UBE2J1;TUSC3;PGM3;OST4;FUT11;ALG10;DPAGT1;PMM2;DDOST;DOLPP1"
"Outflow Tract Morphogenesis",1.84400326017025,0.00258926596769417,"PRICKLE1;HES1;NPY2R;ZFPM2;TGFB2;JUN;NRP1;SMAD6;HEYL;HAND2;SEMA3C;GJA5;GREB1L;TBX3;JAG1;BMPR2;DVL2;NRP2;GATA6;FGFR2;SMAD4"
"Embryonic Organ Development",1.52282419545302,0.00278341275500751,"ID3;WNT5A;PRICKLE1;SOBP;HES1;NR4A3;ZFPM2;MFAP2;VANGL2;VASH2;HOXC4;FZD5;LLGL2;TGFB2;JUNB;ALX4;CDKN1C;PDGFB;HAND2;COL11A1;SMO;CITED1;GJA5;GREB1L;KCNQ1;ALDH1A2;MYB;TEAD3;SOCS3;MMP16;KRT8;TBX3;MED12;IL10;FGFR1;PBX3;TECTA;E2F8;PCSK5;PAX8;SUFU;TEAD2;PHACTR4;SPINT1;PRDM1;TEAD1;SPINT2;PLCD3;GRHL2;PPP1R13L;MMP14;FOXG1;RARG;FOXL2;VPS52;PTK7;EGFR;NDRG4;SOX9;APLNR;HS6ST1;DVL2;EPN1;TULP3;KRT19;PLK4;SOX15;DLX5;PDGFA;TRIM28;TSHZ1;SRF;CHD7;FZD3;MDFI;ARID2;CHRNA10;FGFR2;TEAD4;PTCH1;STRC;E2F7;AKT1;NR2F2"
"Positive Regulation of Cell Cycle",1.54827327637513,0.00284066609703651,"WNT5A;HES1;BUB1;PIM1;NR4A3;LRP5;UBE2C;KIF23;NCAPG;IGF1;TGFB2;BIRC5;PDGFB;CCND2;INSR;RCC2;NUMA1;TTL;PLK1;DLGAP5;LRP6;CEP120;TBX3;POC1A;IL10;FGFR1;ESPL1;CSPP1;KIF14;CDK1;E2F8;CHEK1;CDC20;SMC6;HSPA2;SKA3;FAM83D;PAF1;FOXG1;PHIP;RBM46;FBXO5;EGFR;SPAG5;ATRX;CIT;RAD51B;CDC25B;PLK4;SOX15;PKN2;NCAPH;BRCA2;CDC14A;NUSAP1;KLHL18;SMPD3;NCAPD2;DTL;DBF4B;FGFR2;CDC6;NCAPH2;MAD1L1;CENPV;E2F7;AKT1;NCAPD3;INCENP;SH2B1;USP19;MEPCE;NDC80;CCNB1;CCDC15;CDC7;MARK4;WNT4;ROCK2;GLI1;TAL1;DDX11"
"Response to Bmp",1.71800106759615,0.00284066609703651,"WNT5A;SMAD9;VWC2;ID1;SFRP4;HES1;HTRA1;CRIM1;ADAMTS12;SMAD6;HEYL;SKIL;NUMA1;TOB1;FSTL3;ITGA3;EGR1;NEO1;SMAD1;SPINT1;ZNF423;BMPR2;GPR155;SOX9;UBE2O;ACVR2B;EXT1;GDF7;FSTL1;DLX5;SCUBE3;GATA6;SMPD3;SMAD4;TRIM33;GDF6;HIVEP1;ADAMTS7;TWSG1;SMURF2;KDR;GREM1;SFRP1;BMP8A;SMAD7"
"Cardiac Septum Morphogenesis",1.8386263063433,0.00289334702997684,"SOX4;HES1;ZFPM2;SAV1;VANGL2;TGFB2;NRP1;SMAD6;HEYL;SEMA3C;SMO;GJA5;TBX3;JAG1;BMPR2;APLNR;NRP2;GATA6;CHD7;FGFR2;SMAD4"
"Detoxification",-1.69602405392051,0.00324237023759226,"MT3;ABCB6;DUOX2;NQO1;SOD2;PRDX3;MGST1;PTGES;IPCEF1;PRDX6;CAT;PRDX4;RDH11;PARK7;APOE;PRDX1;MT1X;TXN;TXNDC17;SLC30A1;GSTT1;SRXN1"
"Positive Regulation of Axon Extension",1.91413282585377,0.00324237023759226,"SEMA5A;CDH4;SEMA7A;CDKL5;NRP1;PAK1;GDI1;FN1;BMPR2;LIMK1;ZFYVE27;SRF"
"Sulfur Compound Metabolic Process",-1.56596365826171,0.00324237023759226,"PGK1;CROT;IDH1;ELOVL6;MVK;PDK1;ACLY;HSD17B12;MVD;SOD2;NME1;ETHE1;SLC19A3;DLAT;TPK1;TECR;HMGCS1;BPHL;PAPSS2;FASN;SLC1A2;ACSS2;PPT1;HSD17B4;ACSL1;ACSL3;GCLM;GSTT2;PDK3;FITM2;ACOT7;HMGCR;GSTT1;PCCA;GPAM;MTHFD1;GLO1;FAR1;ELOVL5;ACSL4;PANK1;MCCC2;SUCLG1;ACACA;ACOT4;PMVK;GSTP1;OXSM;DLD;BHMT2;MCEE;GPX1;ACOT9;DGAT2;MLYCD;PTER;NUDT8;CHST2;ENOPH1;DBT;HAGH;SLC19A2;AKR1A1;PDHB;ARL6IP5;VNN1;DGAT1;PAPSS1;CRYAB;TKTL1;GCDH;MTHFD2L;SOD1;TXN2;ABCC2;STAT5B;CBR4;SLC5A6"
"Chromosome Segregation",1.51815526563559,0.00325126806652999,"PRICKLE1;ASPM;KIFC1;BUB1;CCNB1IP1;KIF11;TTK;UBE2C;MKI67;KIF23;NCAPG;DPF3;BIRC5;CENPE;BUB1B;CENPA;PRC1;DUSP1;RCC2;KIF2C;NUMA1;SMARCC2;KIF15;TTL;PLK1;KIF4A;MYBL2;DLGAP5;BRCA1;KIF18A;BCL7A;HJURP;SKA2;ESPL1;KIF14;CDK1;ZWINT;DPF2;CDC20;SMC6;TOP2A;SMARCA2;CEP55;SKA3;CEP192;PSMC3IP;MIS18A;FAM83D;UVRAG;MAPRE3;MAP9;FBXO5;MAD2L2;AKAP8L;SPAG5;DIAPH3;CENPO;MZT1;BRD7;GEM;RMI2;HECW2;CENPF;ERCC2;FLNA;EHMT2;NCAPH;BAG6;SUN1;OFD1;CENPL;NUSAP1;CLASP1;FANCD2;NCAPD2;KIF22;ARID2;USP44;CDC6;NCAPH2;PTTG1;MAD1L1;CENPV;CHMP4C;NCAPD3;ANAPC2;ARID1B;INCENP;CEP97;PMF1;NEK2;BEX4;ARID1A;LCMT1;NDC80;CCNB1;SIRT1;CTCF;DCTN2;ZCWPW1;CHMP1B;DYNLRB1;GOLGA2;KIF18B;STIL;PPP2R1B;NCAPG2;IK;TNKS;SMARCC1;AAAS;STAG2;HNRNPU;CHFR;EML3;RB1;HAUS4;SMARCD1;CCDC61;TPR;CENPK;RRS1"
"Muscle Cell Proliferation",1.67119554137631,0.00326036670992644,"PIM1;NDRG2;NR4A3;ZFPM2;IGFBP3;FOS;SAV1;IGF1;TGFB2;JUN;PDGFB;IGFBP5;NRG1;HPGD;MYOCD;ANG;PIK3CA;PIK3R1;FOXP1;HMOX1;PAK1;IL10;FGFR1;VGLL4;CDK1;PDGFD;SMAD1;THBS1;KLF4;HBEGF;BMPR2;TNFAIP3;NDRG4;TCF7L2;TGFB3;NOTCH3;MEF2D;CTNNBIP1;GATA6;DDIT3;IL18;SMPD3;ARID2;FGFR2;SIX5;AKIRIN1;EFEMP2;AKT1"
"Protein Rna Complex Organization",-1.53060570405187,0.00328538394412877,"GAPDH;NOL3;EIF3I;DKC1;SRPK2;RPF2;RUVBL1;SNRNP40;SHQ1;PRMT5;EIF3B;RRP7A;RPL38;HSP90AB1;SNIP1;MRTO4;TXNL4A;NDUFAB1;DDX1;PTGES3;RPS28;NSUN4;ATR;SNRPD3;RUVBL2;FAF2;EIF2S2;SF3B5;RPL5;RPSA;SNRPD2;HSP90AA1;RPS6;USP39;RNU6ATAC;SNRPD1;MTG1;SNRPA1;SNRPG;NVL;LSM4;TGS1;SYNCRIP;USP4;RPL13A;PRKDC;CLP1;WDR77;RPS14;RPS19;RPL11;SNRPB2;VCP;SRPK1;XRCC5;PHF5A;SNRPB;DICER1;SNRNP25;DHX9;SNRNP48;GEMIN6;SNRNP200;LSM5;FASTKD2;SNRPC;KIF5B;SF3B3;RPS27L;RNU2-1;TUFM;RNU5E-1;SNRPE;EIF3K"
"Ossification",1.5070228458637,0.00333167552688892,"ID3;WNT5A;SMAD9;PRICKLE1;NPNT;DCHS1;ID1;PDLIM7;CASR;EGR2;CRIM1;TNFSF11;ZBTB16;LRRC17;SEMA7A;CSGALNACT1;LRP5;IGFBP3;BMP3;IGF1;JUNB;ADAMTS12;MRC2;IGFBP5;SMAD6;HAND2;ENPP1;SMO;GPM6B;CITED1;TOB1;VCAN;DHH;FSTL3;CEBPD;MMP16;BCL2;JAG1;PLXNB1;LTBP3;MN1;LRP3;FGF18;SMAD1;SUFU;COL6A1;SNAI2;KLF10;CDK6;FOSL2;IGFBP2;BMPR2;MDK;THBS3;MMP14;BCOR;TPM4;FBXO5;EGFR;GABBR1;SOX9;ACVR2B;EXT1;ERCC2;NAB2;CTNNBIP1;FERMT2;DLX5;SCUBE3;LIMD1;RBMX;CLEC11A;CSF1;SMPD3;WWOX;FGFR2;SMAD4;PHEX;PTCH1;ALOX5;AXIN2;CHSY1;NAB1;AKT1"
"Cell Substrate Adhesion",1.48892648647574,0.00338429812453914,"VWC2;NPNT;VIT;ECM2;LIMCH1;NPY2R;TNXB;JUP;NDNF;BCAM;KANK1;FAT2;ARHGAP6;SORBS1;ADAMTS12;FBLN1;NRP1;PDGFB;ITGB5;SMAD6;MERTK;GPM6B;RCC2;THSD1;TGFB1I1;SNED1;STON1;LDB1;ITGA9;SRGAP2;VCAM1;SORBS3;PIK3R1;ITGA3;NTN4;FZD4;BCL2;JAG1;DDR1;ACTG1;FN1;HPSE;PTPRK;TECTA;KIF14;THBS1;AXL;EPDR1;CDK6;MICALL2;MDK;TESK1;THBS3;MMP14;TMEM8B;GSK3A;DOCK1;TESK2;CSPG5;VCL;GAS6;ANTXR1;ATXN3;FERMT2;TRIP6;TYRO3;FLNA;SRF;PARVB;CSF1;MEGF11;CLASP1;CCDC80;ADAMTS13;SPRY4;RRAS;LPXN;STRC;EFEMP2"
"Sensory System Development",1.50131991482416,0.0034262745326248,"SOX4;WNT5A;PRICKLE1;NDP;FAT3;VSTM4;LRP5;MFAP2;FOS;FZD5;TGFB2;JUN;SALL2;CDKN1C;ADAMTS18;NRP1;RPGR;MERTK;SKIL;PTPRM;SHROOM2;NKD1;ALDH1A2;SLC25A25;TUB;FZD4;BCL2;TTC8;ULK2;JAG1;MAB21L2;VIM;PBX3;AQP1;TMOD1;SCAPER;C3;PHACTR4;KLF4;FOXP2;PRDM1;SEMA3A;BMPR2;NTRK2;ROM1;TOPORS;GRHL2;PPP1R13L;RARG;FOXL2;SGCD;STAU2;EGFR;SOX9;TSPAN12;ACVR2B;TULP3;RING1;CTNS;PXDN;SRF;SH3PXD2B;CHD7;MEGF11;TGIF2;FZR1;SIX5;DTNBP1;NR2E3;PROM1;ZHX2;CACNA1C;MAB21L1;DAG1;WT1;ZNF513;EFNA5;ATP8A2;TWSG1;KDM2B;LAMB2;SPRED3;MEIS3"
"Carbohydrate Metabolic Process",-1.39517643729087,0.00386044104535786,"PGK1;LDHA;MLXIPL;IDH1;ALDOC;ENO2;SLC2A1;UCP2;SLC2A6;UCHL1;PDK1;HEXB;GK5;GNPDA1;TPI1;BOLA3;ENO1;KL;GAPDH;SORD;MPI;GPI;NUDT5;PFKP;PFKFB4;DLAT;GM2A;HK2;IGF2;PGAM1;PPP1CC;AKR1B1;AGL;ANGPTL3;PGAM4;NR3C1;RORA;PYGL;ALDH1B1;FUCA2;MFSD8;ERRFI1;FABP5;SLC4A4;GALT;GYG2;LIPA;EPM2A;ST3GAL6;ALDOA;PRKAA1;MAN2A1;GK;PDK3;HKDC1;GYS1;TPD52L2;FBN2;NHLRC1;GBE1;PFKFB3;SLC39A14;LCT;MANBA;GALE;GLO1;CLTC;PGD;HAS2;GANAB;FUCA1;GCNT3;HYAL3;GALM;RPE;NEU1;FBP1;SLC2A8;GLB1;DHTKD1;B4GALT1;POFUT1;PSEN1;PHKA1;MTCH2;NAGA;PGM2;GALNT7;GOT1;UXS1;GALNT3;GCNT4;PGM3;PPP1R3G;PRKAG2;SLC25A13;DGAT2;LHCGR;MLYCD;B4GALT2;GSK3B;NLN;SCP2;COQ3"
"Positive Regulation of Endothelial Cell Proliferation",1.75162645339694,0.0038882617525598,"WNT5A;SEMA5A;AKT3;NR4A1;VASH2;JUN;NRP1;PDGFB;EGR3;ANG;HMGB2;F3;HMOX1;IL10;FGFR1;TNFSF12;PRKD2;MDK;APLNR;NRP2"
"Negative Regulation of Mitotic Cell Cycle Phase Transition",1.61722880878282,0.00391932495627041,"BUB1;TTK;BIRC5;BUB1B;KANK2;DUSP1;IER3;PLK1;BRCA1;DACT1;BCL2;ZFP36L2;MBTPS1;CDK2;CDK1;BRSK1;CHEK1;ZWINT;CDC20;KLF4;TP53;DGKZ;SKA3;ORC1;FBXO5;CTDSP2;PLK3;MAD2L2;CDK5RAP3;BRD7;CENPF;GPNMB;DTL;USP44;FZR1;FOXO4;RFWD3;CDC6;BARD1;MAD1L1;E2F7;HUS1B;CHMP4C;RBBP8;INCENP;FBXO31;LCMT1;NDC80;CCNB1;UIMC1;FOXN3;CDC7;TRIM39;DYNLRB1;IK;BLM;CTDSP1;CDK2AP2;CTDSPL;FBXO7;CHFR;RB1"
"Regulation of Neuron Projection Development",1.51795143473642,0.00391932495627041,"WNT5A;SEMA5A;CDH4;DBN1;HES1;GRID2;UST;NDNF;FAT3;SEMA7A;PAK3;CNTN1;ROBO3;KANK1;CDKL5;CAMK1;ULK4;NRP1;PTPRS;TIAM2;SEMA6C;SKIL;PPP2R5B;BCL11A;DAB2IP;APBB1;MARK1;KIF13B;NGEF;ARHGAP33;FZD4;PAK1;ULK2;PLXNB1;ARHGAP44;VIM;DDR1;FEZ1;KIDINS220;CSMD3;SF3A2;KNDC1;GDI1;FGFR1;LZTS1;FN1;BRSK1;NEO1;SMAD1;CDH1;CDC20;FYN;GPC2;KIF1A;CHODL;KLF4;ZDHHC15;SEMA3A;BMPR2;PTPRD;MDK;NTRK2;MAPRE3;MAG;CRABP2;RYK;GSK3A;LIMK1;PTK7;STAU2;NDRG4;PARP6;ULK1;SYNGAP1;HECW2;CNTN2;EFHC2;PAQR3;ZFYVE27;AVIL"
"Regulation of Developmental Growth",1.57186467101907,0.00408206001785727,"WNT5A;HOPX;SEMA5A;CDH4;RIMS1;SOCS2;PIM1;ZFPM2;SEMA7A;COLQ;SAV1;SYT2;CDKL5;IGF1;NRP1;PTPRS;SEMA6C;NRG1;INSR;BCL11A;SMO;RIMS2;TTL;PIK3CA;TLL2;LIN7B;FOXP1;BCL2;PAK1;ULK2;GDI1;FGFR1;FN1;CAPN3;VGLL4;CDK1;CDH1;FOSL2;SEMA3A;BMPR2;SLC23A2;WWC3;MAG;CRABP2;RYK;GSK3A;LIMK1;WWC2;ULK1;SYT1;ZFYVE27;SOX15;SRF;GATA6;DIP2B;CSF1;CHD7"
"Mitochondrial Respiratory Chain Complex Assembly",-1.83445627821364,0.00418600466808935,"NDUFS3;TIMMDC1;NDUFAF1;COA5;TACO1;AIFM1;NDUFS8;NDUFS5;CMC1;TFAM;NDUFA6;OCIAD2;TMEM126A;NDUFC2;COX16;UQCRFS1;SLC25A33;CHCHD7;FASTKD3;NDUFAF2;LYRM2;ATPAF2;NDUFA13;NDUFS4;HIGD1A;ATPAF1;TMEM186;NDUFS1;COX11;SCO1;SDHAF2;LYRM7;TMEM70;TMEM126B;NDUFS6;SURF1;FOXRED1;COX7A2L"
"Regulation of Canonical Wnt Signaling Pathway",1.5847345974492,0.00459718978664793,"SOX4;WNT5A;SEMA5A;PRICKLE1;ASPM;SFRP4;CDH3;FOXO1;JUP;DAAM2;KANK1;BICC1;ZNRF3;DAB2IP;IGFBP1;LMBR1L;NKD1;TMEM88;SFRP5;MEST;DACT1;CDK14;WNK3;EGR1;NRBP2;PPM1B;SNAI2;IGFBP2;SOX13;APC2;GPC5;MDK;CSNK1E;GSK3A;SPIN4;AXIN1;PTK7;NPPA;EGFR;MAD2L2;SOX9;TCF7L2;CTNNBIP1;DLX5;LIMD1;DDIT3;PLEKHA4;FGFR2;SMAD4;FRAT1;AXIN2;RNF146"
"Myoblast Differentiation",1.74215195613157,0.00495340330633055,"SOX4;ID3;PRICKLE1;IGFBP3;IGF1;DPF3;NRG1;SMARCC2;MYOCD;MAP3K5;TBX3;JAG1;CAPN3;SMARCA2;PLEKHM3;SOX9;TCF7L2;BRD7;SOX15;SRF;DDIT3;IL18;ARID2;AKIRIN1;ARID1B;ARID1A;IFRD1;GREM1;SMARCC1;RBM24;ZFHX3;RB1;SMARCD1"
"Neuron Migration",1.66262763371911,0.00501648841569994,"ASPM;DDIT4;NDNF;FAT3;MATN2;ROBO3;CDKL5;FBXO41;ULK4;NRP1;DAB2IP;MARK1;UNC5D;SRGAP2;ITGA3;MEST;FILIP1;ASTN1;ARHGEF2;FGFR1;LRP12;CHL1;NEO1;FYN;AXL;SEMA3A;NR4A2;CELSR2;MDK;NTRK2;FOXG1;GPR173;MDGA1;NRP2;GAS6;CNTN2;TUBA1A;FLNA;SRF;KIRREL3;FZD3;UNK"
"Cellular Oxidant Detoxification",-1.84987684047058,0.00525756828599554,"MT3;DUOX2;NQO1;SOD2;PRDX3;MGST1;PTGES;IPCEF1;PRDX6;CAT;PRDX4;PARK7;APOE;PRDX1;TXN;TXNDC17;GSTT1;SRXN1"
"Cellular Response to Oxygen Radical",-2.05231930129449,0.00530970526524782,"MT3;NQO1;SOD2;PARK7;PRDX1"
"Regulation of Epithelial Cell Proliferation",1.54012406444914,0.0054418389885449,"ATOH8;IQGAP3;WNT5A;SEMA5A;COL4A3;CDH3;HES1;AKT3;NR4A3;NR4A1;SAV1;VASH2;IGF1;TGFB2;JUN;CDKN1C;LIMS2;NRP1;PDGFB;EGR3;ERBB2;PTPRM;SMO;DAB2IP;ANG;ALDH1A2;HMGB2;SCN5A;F3;ZFP36;HMOX1;IL10;FGFR1;PTPRK;FGF18;TNFSF12;THBS1;EDNRB;SNAI2;CDK6;REG3G;FOXP2;PRKD2;TNFAIP3;MDK;NLRC3;ESRP2;EGFR;CYP7B1;SOX9;APLNR;TCF7L2;NRP2"
"Positive Regulation of Cell Projection Organization",1.51415663393136,0.00553153756080811,"WNT5A;SEMA5A;CDH4;DBN1;NDNF;SEMA7A;CNTN1;ROBO3;CDKL5;FSCN1;CAMK1;NRP1;TIAM2;SKIL;PPP2R5B;BCL11A;ANLN;EPS8;DAB2IP;APBB1;PIK3CA;PIK3R1;CEP120;FZD4;PAK1;PLXNB1;DDR1;FEZ1;KIDINS220;SF3A2;GDI1;FGFR1;FN1;PALM;KCTD17;SMAD1;FYN;GPC2;CHODL;ZDHHC15;BMPR2;PTPRD;MDK;NTRK2;CDC42EP1;MAPRE3;DLG4;CRABP2;RYK;LIMK1;ZMYND8;PTK7;STAU2;NDRG4;PARP6;DVL2;TGFB3;ZFYVE27;AVIL;SRF;PROM2;DVL3"
"Positive Regulation of Fibroblast Proliferation",1.84704856607512,0.00561860300829749,"WNT5A;IGF1;JUN;FBLN1;PDGFB;CCNA2;FN1;AQP1;PDGFD;CDK6;FOSL2;EGFR;GAS6;PDGFA;CDC6;ESR1;PDGFC;E2F1;CCNB1;AGT"
"Amide Biosynthetic Process",-1.67792295638742,0.00566928909777867,"PGK1;ELOVL6;PDK1;ACLY;HSD17B12;DLAT;TPK1;TECR;FASN;SLC1A2;ACSS2;PPT1;NANP;SPTLC2;ACSL1;ACSL3;GCLM;PRKAA1;PDK3;SPTSSA;ACOT7;AGMAT;PCCA;AGK;ELOVL5;ACSL4;PANK1;OSBP;MECR;SGMS2;PAM;ACACA;DLD;MCEE;KDSR;MLYCD;FH;SGMS1;SPTLC1;ASAH1"
"Long Chain Fatty Acyl Coa Metabolic Process",-2.04659093829162,0.00580246373252417,"ELOVL6;HSD17B12;TECR;ACSL1;ACSL3;ACOT7;FAR1;ELOVL5;ACSL4"
"Protein Insertion into Membrane",-1.89590977667105,0.00612538498710186,"NOMO1;SAMM50;TOMM5;TOMM40;TRAM2;TMEM147;TIMM8B;AGK;TOMM6;UBL4A;TIMM10;CCDC47;MTX3;ROMO1;TIMM13;TMEM126A;MTCH2;SEC61A1;NOMO2;TIMM8A;NCLN;SGTA;TMCO1;TIMM22"
"Nucleoside Monophosphate Metabolic Process",-1.81879783371464,0.00615453888904768,"AK4;AK7;AK2;CASK;PAICS;APRT;DGUOK;GMPS;IMPDH2;PNP;NUDT2;AMPD3;UPP1;DCTD;ATIC;HPRT1;MPP1"
"Establishment of Protein Localization to Mitochondrial Membrane",-1.95487052347223,0.00632988578785921,"SAMM50;TOMM5;TOMM40;TIMM8B;AGK;TOMM6;TIMM10;MTX3;ROMO1;TIMM13;TMEM126A;MTCH2;TIMM8A"
"Golgi Vesicle Transport",-1.47709206617721,0.00632988578785921,"SNX8;BCAP31;CSK;ERGIC1;GOLGA7;MIA3;CTAGE9;COPB1;SCFD1;VAPB;TRAPPC3;TMED3;KDELR2;COPB2;ACSL3;TMED9;YIF1A;ZW10;GAS1;LMAN1;NRBP1;TBC1D14;AP3M2;LMAN2L;ARL8B;SEC22A;EHD3;PSMD14;CNIH4;KIF13A;ERGIC3;SNX3;GOSR2;TMED2;COG6;RAB6A;TMED5;RP2;SEC24D;VAMP4;ARF3;SEC23A;SEC24A;RAB1A;SNX2;COG2;COPZ1;GOLT1B;INSIG1;ARL3;DNM2;GABARAPL2;PDCD6;PREPL;BET1;ATL3;AP3S1;SEC23B;AP1AR;COPA;EXOC6B;PREB;SPTBN1;VAMP3;VTI1A;SAR1A;GOLPH3L;CCDC93;SEC22B;ERGIC2;PKDCC;USO1;YIF1B;LYPLA1;ANK1;YKT6;CLN3;AP3S2;TRAPPC5;VCP;ARFGAP3;NAPG;CREB3L2;COMMD1;MCFD2;BET1L;RAB11A;RER1;LAPTM5;ARCN1"
"Positive Regulation of Cell Cycle Process",1.59393480187533,0.00632988578785921,"WNT5A;BUB1;LRP5;UBE2C;KIF23;NCAPG;IGF1;BIRC5;PDGFB;CCND2;INSR;RCC2;NUMA1;PLK1;DLGAP5;CEP120;POC1A;FGFR1;ESPL1;CSPP1;KIF14;CDK1;E2F8;CDC20;SMC6;HSPA2;SKA3;FAM83D;PAF1;PHIP;FBXO5;EGFR;SPAG5;ATRX;CIT;RAD51B;CDC25B;PLK4;SOX15;PKN2;NCAPH;CDC14A;NUSAP1;KLHL18;SMPD3;NCAPD2;DTL;DBF4B;CDC6;NCAPH2;MAD1L1;CENPV;E2F7;AKT1;NCAPD3;INCENP;SH2B1;USP19;MEPCE;NDC80;CCNB1;CCDC15;CDC7;WNT4;ROCK2;GLI1;DDX11;DYNLRB1;DDR2;STIL;NCAPG2;SIN3A;SVIL;HNRNPU"
"Lipid Catabolic Process",-1.52829581252912,0.00659930239220599,"CROT;IDH1;PNPLA3;DECR1;APOC1;SMPDL3A;HEXB;GALC;HSD11B1;SCARB1;LPIN1;GM2A;PLBD1;PRDX6;NCEH1;ABHD5;DDHD2;ANGPTL3;APOE;HSD17B6;PPT1;HSD17B4;LIPA;ABHD6;PRKAA1;SRD5A3;FITM2;PLD2;ACOT7;ACOX1;TBL1XR1;HINT2;ETFB;PCCA;LCT;HCAR3;ACBD5;FUCA1;NEU1;ETFA;ACER2;GLB1;ECH1;ECHS1;ABHD12B;NAGA;HADH;MCEE;IVD;HCAR2;LIPH;RARRES2;ABHD4;MLYCD;SCP2;NUDT8;DECR2;ABHD3;ABHD2;ASAH1;ETFDH;MFSD2A"
"Detoxification of Inorganic Compound",-2.06549878939657,0.0066226447864933,"MT3;ABCB6;CAT;PARK7;MT1X;TXN;SLC30A1"
"Establishment of Protein Localization to Mitochondrion",-1.68557354798572,0.00670528179843637,"MIPEP;SAMM50;BCAP31;HK2;GRPEL1;TOMM5;TOMM40;FBXW7;PRKAA1;LMAN1;AIFM1;UBL5;BAG4;TIMM8B;AGK;TOMM6;TIMM10;FIS1;MTX3;ROMO1;TIMM13;TIMM17A;TMEM126A;MTCH2;HSPA4;TIMM8A;DNAJA1;TIMM23;PMPCB;RHOU;HSP90AA1;TOMM34;HSPD1;PARL;TIMM22;SREBF1;GDAP1;UBE2L3"
"Negative Regulation of Wnt Signaling Pathway",1.64399079621637,0.00670528179843637,"WNT5A;PRICKLE1;SFRP4;FOXO1;BICC1;ZNRF3;DAB2IP;CITED1;IGFBP1;LMBR1L;NKD1;TMEM88;SFRP5;MEST;DACT1;GRB10;EGR1;VGLL4;SNAI2;APCDD1L;IGFBP2;SOX13;APC2;MDK;CSNK1E;NFATC1;GSK3A;AXIN1;NPPA;MAD2L2;SOX9;HIC1;TCF7L2;CTNNBIP1;LIMD1;DDIT3;MDFI;WWOX;SMAD4;AXIN2;NLK;SHISA6;INVS;SHISA2;TSC2;GLI1;HMGA2;CDH2;TAX1BP3;GREM1;SFRP1;TSKU;PTPRU"
"Neuron Projection Extension",1.64198373779711,0.00672639609816545,"WNT5A;SEMA5A;PRICKLE1;CDH4;S100B;RIMS1;SEMA7A;PRKCZ;SYT2;CDKL5;NRP1;PTPRS;SEMA6C;BCL11A;TMEM108;RIMS2;TTL;PAK1;ULK2;DDR1;GDI1;FN1;CDH1;SEMA3A;BMPR2;SLC23A2;MAG;RYK;LIMK1;ULK1;VCL;NRP2;SYT1;ZFYVE27;SRF;DIP2B"
"Proteoglycan Biosynthetic Process",1.77084630897062,0.00672639609816545,"B3GNT7;CHST7;UST;CSGALNACT1;CHST1;VANGL2;IGF1;HS3ST3A1;CHST14;ST3GAL3;CHST10;B3GNT4;BMPR2;CHST12;HS6ST1;HS3ST1;TCF7L2;EXT1"
"Regulation of Stem Cell Proliferation",1.86283688289286,0.00672639609816545,"PIM1;FBLN1;ACE;CITED1;HMGB2;TBX3;LTBP3;SNAI2;FERMT2;KDM1A;N4BP2L2;EPCAM;HMGA2;KAT7;DGCR8;HNRNPU"
"Regulation of Transmembrane Receptor Protein Serine Threonine Kinase Signaling Pathway",1.55221627578766,0.00701593289970393,"ATOH8;WNT5A;VWC2;NPNT;SFRP4;CDH3;HES1;HTRA1;CRIM1;TTK;AMH;TGFB2;CDKN1C;SMAD6;SKIL;CITED1;NUMA1;TGFB1I1;ING1;MYOCD;TOB1;LTBP4;ING2;FSTL3;ITGA3;DACT1;FAM89B;SAP30L;NEO1;THBS1;PEG10;ZNF423;BMPR2;AXIN1;CILP;GPR155;NUP93;UBE2O;ACVR2B;TGFB3;LTBP1;GDF7;FSTL1;SCUBE3"
"Modulation of Excitatory Postsynaptic Potential",1.86090112988348,0.00711390038550375,"NLGN4X;RIMS1;NPY2R;PRKCZ;MAPK8IP2;TMEM108;RIMS2;MTMR2;DLG4;ZMYND8;ELOVL4;PRKAR1B;GRIK2;CHRNA7"
"Positive Regulation of Growth",1.5870157680227,0.00712146945560342,"HOPX;SEMA5A;CDH4;RIMS1;PIM1;ZFPM2;SEMA7A;SYT2;CDKL5;IGF1;TGFB2;NRP1;NRG1;ERBB2;INSR;BCL11A;SMO;IGFBP1;RIMS2;AVPR1A;TFCP2L1;BCL2;RFTN1;PAK1;GDI1;FGFR1;FN1;CAPN3;CDK1;CDKN2AIP;TEAD1;HBEGF;BMPR2;SLC23A2;MMP14;CRABP2;LIMK1;EGFR;SYT1;ZFYVE27;SOX15;SRF;GATA6;CSF1;CHD7"
"Positive Regulation of Developmental Growth",1.6847907886963,0.00734525864920918,"HOPX;SEMA5A;CDH4;RIMS1;PIM1;ZFPM2;SEMA7A;SYT2;CDKL5;IGF1;NRP1;NRG1;INSR;BCL11A;SMO;RIMS2;BCL2;PAK1;GDI1;FGFR1;FN1;CAPN3;CDK1;BMPR2;SLC23A2;CRABP2;LIMK1;SYT1;ZFYVE27;SOX15;SRF;GATA6;CSF1;CHD7;FGFR2;AKT1;ANAPC2;WT1;CCNB1;EFNA5;ATP8A2;AGRN;GLI1;HMGA2"
"Epigenetic Regulation of Gene Expression",1.51192696420267,0.00736615095290532,"ERI2;ATAD2;ZDBF2;PHC1;CBX4;L3MBTL3;CDKN1C;CENPA;PHF2;CREBZF;KDM5A;MIS18BP1;PHF8;PHF1;MYOCD;PIK3CA;BRCA1;ING2;CBX2;HDAC5;DNMT3A;CDK2;EGR1;CHEK1;SETDB1;ZNF512;SMARCA2;PHF19;TP53;MOV10L1;MIS18A;PPM1D;BCOR;OGG1;SAMD1;GSK3A;TDRD12;AXIN1;ATRX;BRD7;LMNA;RING1;SPHK2;USP21;CIZ1;EHMT2;ZNF512B;TRIM28;L3MBTL1;KDM1A;RBM15B;ASH2L;CBX6;TDRD3;CBX7;CBX8;ZNF304;BCORL1;CENPV;DIRAS3;ARID1B;ARID1A;WT1;L3MBTL2;PRMT7;SIRT1;APOBEC3A;CTCF;KDM2B;ZNF335;HMGA2;ZCWPW1;KLF2;KAT7;TNRC18;SPIN1;SIN3A;TET1;MAX;DNMT1;HNRNPU;RB1;HDAC8;SMARCD1;BAHD1;TPR;IFI16"
"Positive Regulation of Nervous System Development",1.56706269297377,0.00736615095290532,"PTPRZ1;SEMA5A;CDH4;DBN1;ASPM;HES1;GRID2;EGR2;SEMA7A;CLSTN2;ROBO3;CDKL5;IQSEC2;NRP1;SEMA4A;TIAM2;SKIL;BCL11A;SMO;LINGO2;DLG5;FZD4;PAK1;PLXNB1;SYNDIG1;GDI1;FN1;NAP1L1;CHODL;SPINT1;BMPR2;DCT;PTPRD;MDK;NTRK2;AMIGO2;MAPRE3;MAG;FOXG1;LRRC24;CRABP2;LIMK1;STAU2;PARP6;SLITRK4;SLITRK2;TGM2;ZFYVE27;SRF;KDM1A;FZD3;FXR2"
"Positive Regulation of Cell Development",1.46016020876403,0.00736875900249558,"SOX4;PTPRZ1;SEMA5A;CDH4;DBN1;ASPM;HES1;EGR2;TNFSF11;ZBTB16;TNFSF4;SEMA7A;PRKCZ;FOS;ROBO3;CDKL5;CD101;NRP1;TIAM2;EGR3;SKIL;BCL11A;SMO;SMARCC2;FZD4;BCL2;PAK1;PLXNB1;ZBTB7B;IL10;GDI1;FN1;NAP1L1;AXL;SMARCA2;KLF10;CHODL;SOX13;SPINT1;BMPR2;DCT;AMBRA1;PTPRD;MDK;NTRK2;MMP14;MAPRE3;MAG;FOXG1;CRABP2;LIMK1;STAU2;AGER;PARP6;SOCS5;BRD7;GAS6;TGM2;CTNNBIP1;ZFYVE27;SRF;KDM1A;CSF1;FZD3;IL18;FXR2;ARID2;NFKBIZ;BRD2;CX3CR1;SS18L1;ANAPC2;LGALS9;ARID1B"
"Hormone Biosynthetic Process",-1.84038388793517,0.00738486675250241,"CYP11A1;HSD17B7;STC2;HSD17B12;DUOX2;HSD3B2;STAR;AKR1B1;NR3C1;HSD17B6;SRD5A3;TG"
"Regulation of Aerobic Respiration",-2.05689187720893,0.00738486675250241,"AK4;MLXIPL;PARK7;PPIF;IDE;RHOA"
"Anatomical Structure Maturation",1.59768109257646,0.00740284792461817,"WNT5A;DCHS1;CDH3;HES1;ZBTB16;L3MBTL3;IGF1;FZD5;TGFB2;FBXO41;CDKN1C;ADAMTS12;PICK1;ANG;ALDH1A2;FARP2;TFCP2L1;NTN4;BCL2;PLXNB1;FGFR1;KIF14;AXL;EDNRB;C3;NR4A2;CATSPERG;THBS3;ANKS1A;FBXO5;NDRG4;DIAPH3;KCNIP2;EXT1;ERCC2;CNTN2;CDC25B;BRD1;BRCA2;B4GALT5;KDM1A;DDIT3"
"Synapse Assembly",1.56124985786258,0.0074515202520284,"NLGN4X;WNT5A;PRICKLE1;GRID2;CPEB3;CLSTN2;COLQ;GPC4;PTPN13;FZD5;IQSEC2;CC2D1A;SEMA4A;PTPRS;PCDH17;KCNJ8;SRGAP3;LINGO2;MARK1;TRIM47;IGSF11;LSAMP;SRGAP2;LIN7B;DLG5;ARHGAP33;PLXNB1;SPTBN2;SYNDIG1;FGFR1;LZTS1;SLC12A5;CDH1;PTPRD;NTRK2;SEMA4C;AMIGO2;PCDHB14;LRRC24;BSN;RYK;MDGA1;DNM3;STAU2;DOCK1;VSIG10;LRFN3;SLITRK4;SLITRK2"
"Endothelial Cell Proliferation",1.65747041729894,0.00769776752709803,"ATOH8;WNT5A;SEMA5A;COL4A3;AKT3;VSTM4;NR4A1;VASH2;JUN;NRP1;PDGFB;EGR3;PTPRM;ANG;ALDH1A2;HMGB2;F3;HMOX1;IL10;FGFR1;FGF18;TNFSF12;THBS1;PRKD2;BMPR2;MDK;MMP14;APLNR;NRP2"
"Acetyl Coa Biosynthetic Process",-2.02947095140692,0.00810128962212439,"PGK1;PDK1;ACLY;DLAT;TPK1;ACSS2;PDK3"
"Dicarboxylic Acid Metabolic Process",-1.70139533812548,0.00810128962212439,"IDH1;QPRT;NR1H4;ACLY;DDO;GOT2;FAHD1;MTHFD1L;HAL;MDH1;SLC46A1;GCLM;D2HGDH;GRHPR;GLS;MTHFD1;SUCLG1;ACOT4;DLD;GOT1;GPT2;ATIC;FTCD;FH;MTHFD2;NIT2;PHYH;MTHFD2L;MDH2;MTHFS;GLUD2;ALDH5A1;SLC7A11;MTRR;ME1;SLC19A1"
"Regulation of Syncytium Formation by Plasma Membrane Fusion",-1.79731053564235,0.00810128962212439,"RPL29;RPL6;RPL38;UBA52;RPLP0;RPL23A;RPL27;RPL35A;RPL5;RPL39;RPL10A;RPL7A;RPL12;RPL32;RPL35;RPL19;RPL37;RPL13A;RPL28;RPL21;RPL15;RPL11;RPL7;RPL14;RPLP2;RPL36;RPL34;RPL31;RPL4;RPL18A;RPL8;RPL23;RPLP1;RPL9;GCM1;RPL41;EHD1;PLEKHO1;RPL17;TNFSF14;RPL13;RPL37A;TREM2;CD53;ADAM9;MAPK14;RPL24;NFATC2;RPL30"
"Actin Filament Organization",1.46245685370202,0.00815300862650762,"IQGAP3;SEMA5A;PLEKHH2;DBN1;MYO5B;LIMCH1;ARHGAP28;PAK3;ARHGEF10L;DAAM2;MICAL1;KANK1;FSCN1;HIP1R;ARHGAP6;SORBS1;LIMS2;PICK1;NRP1;FCHSD1;KANK2;PLEKHG2;ITGB5;PAWR;SSH3;EPS8;SHROOM2;CGNL1;ANG;PIK3CA;PDLIM1;CORO2A;SORBS3;PIK3R1;ARHGEF2;BCL2;TTC8;PAK1;TMOD2;RHOB;SAMD14;MARCKS;MYO1C;SPTBN2;WASH3P;ACTG1;INPP5K;TMOD1;WIPF3;ARHGEF18;MICALL2;CNN2;TESK1;CDC42EP1;TPM4;GBA2;LIMK1;SHROOM4;TNFAIP1;MAD2L2;PPP1R9A;DIAPH3;CD47;TMSB10;TGFB3;TMSB4X;ASAP3;MYO5C;TPM2;MYO1D;FERMT2;AVIL;FLNA;SRF;ESPNL;PARVB;WASF3;NCK2;CLASP1;PPP1R9B;MYL9"
"Proteasomal Ubiquitin Independent Protein Catabolic Process",-2.01640347104632,0.00815300862650762,"PSMA2;PSMA1;PSMB7;PSMB1;PSMA5;PSMA6;PSMB3;PSMA4;PSMB4;PSMB6;PSMB5;PSMA3;PSME4"
"Transforming Growth Factor Beta Receptor Signaling Pathway",1.56639178965949,0.00815300862650762,"SMAD9;NPNT;NDP;ID1;CDH3;HTRA1;FOS;TGFB2;JUN;CDKN1C;ITGB5;SMAD6;SKIL;ATF3;CITED1;TGFB1I1;ING1;HPGD;MYOCD;LTBP4;ING2;ITGA3;LTBP3;FAM89B;PTPRK;SAP30L;SMAD1;THBS1;PEG10;AXIN1;CILP;GDF9;TGFB3;LTBP1"
"Purine Nucleoside Monophosphate Metabolic Process",-1.81262020111546,0.00834329376600907,"AK4;AK2;CASK;PAICS;APRT;DGUOK;GMPS;IMPDH2;PNP;NUDT2;AMPD3;ATIC;HPRT1;MPP1"
"Negative Regulation of Synaptic Transmission",1.80068983496047,0.0083605169365639,"NPY2R;GRID2;GABRB1;COLQ;PRRT1;IQSEC2;PICK1;PCDH17;PLK2;STAU2;AGER;GABBR1;GRIK2;SRF;GRID2IP"
"Regulation of Phospholipid Metabolic Process",-1.99425815442009,0.00837843917263306,"IDH1;APOC1;NR1H4;FABP3;SCARB1;SPATA18;LPIN1;RAB38;ACSL3"
"Regulation of Myoblast Differentiation",1.75960977026731,0.00851831247336728,"SOX4;ID3;PRICKLE1;IGFBP3;DPF3;SMARCC2;MYOCD;MAP3K5;TBX3;CAPN3;SMARCA2;SOX9;BRD7;DDIT3;IL18;ARID2;AKIRIN1;ARID1B;ARID1A"
"Chromosome Organization",1.39382306855348,0.0086130657334588,"FSHR;PRICKLE1;KIFC1;BUB1;CCNB1IP1;KIF11;TTK;UBE2C;KIF23;NCAPG;DPF3;BIRC5;CENPE;BUB1B;CENPA;PRC1;DUSP1;RECQL4;KIF2C;NUMA1;MIS18BP1;SMARCC2;KIF15;PLK1;KIF4A;LDB1;MYBL2;DLGAP5;HMGB2;NASP;ZNF827;KIF18A;BCL7A;HJURP;CDK2;SKA2;ESPL1;KIF14;CDK1;RAD54L;ZWINT;DPF2;CDC20;SMC6;TOP2A;PRKCQ;SMARCA2;CEP55;KLF4;TP53;HSPA2;SKA3;CEP192;MSH6;PSMC3IP;MIS18A;MAP9;FBXO5;MAD2L2;MAP2K7;AKAP8L;EXO1;SPAG5;ATRX;MUS81;TCF7L2;MZT1;RAD51D;BRD7;LMNA;GEM;RMI2;HECW2;CENPF;FLNA;EHMT2;NCAPH;BRCA2;BAG6;SUN1;OFD1;NUSAP1;CLASP1;FANCD2;NCAPD2;INO80E;TDRD3;KIF22;ARID2;USP44;ACD;CDC6;NAF1;ZBTB48;NCAPH2;PTTG1;MAD1L1;AXIN2;CENPV;HUS1B;CHMP4C;NCAPD3;ANAPC2;XRCC1;ARID1B;INCENP;SLX4;TEP1;CEP97;NEK2;ARID1A;LCMT1;NDC80;CCNB1;ACTR8;SIRT1;EME1;CTCF;DCTN2;HMGB3;LIG1;HMGA2;ZCWPW1;TAL1;DDX11;CHMP1B;DCLRE1B;DYNLRB1;CDCA5;GOLGA2;KIF18B;PPP2R1B;NCAPG2;SMG6;IK;TNKS;SMARCC1;BLM;AAAS;STAG2;HNRNPU;CHFR;EML3;RB1;HDAC8;ACIN1"
"Epithelial Cell Proliferation",1.46853110594651,0.0086130657334588,"FSHR;ATOH8;IQGAP3;WNT5A;SEMA5A;COL4A3;CDH3;HES1;AKT3;TNFSF11;NR4A3;VSTM4;NR4A1;IGFBP3;SAV1;VASH2;IGF1;TGFB2;JUN;CDKN1C;LIMS2;NRP1;PDGFB;IGFBP5;EGR3;ERBB2;PTPRM;SMO;DAB2IP;ANG;ALDH1A2;HMGB2;SCN5A;F3;ZFP36;HMOX1;IL10;FGFR1;PTPRK;FGF18;TNFSF12;THBS1;EDNRB;SNAI2;CDK6;REG3G;FOXP2;PRDM1;PRKD2;BMPR2;TNFAIP3;MDK;NLRC3;MMP14;ESRP2;EGFR;CYP7B1;SOX9;APLNR;CLDN18;TCF7L2;NRP2"
"Fatty Acid Biosynthetic Process",-1.64604323487785,0.0086130657334588,"MLXIPL;FADS2;ELOVL6;SCD;APOC1;FADS1;ACLY;HSD17B12;SIGMAR1;NME1;PTGES;TECR;FASN;ACSS2;FABP5;HSD17B4;ACSL1;PRKAA1;INSIG2;ACOT7;ACOX1;LPGAT1;NDUFAB1;ELOVL5;ACSL4;ERLIN2;MECR;PTGES3;ACACA;ACOT4;GSTP1;OXSM;CBR1;PECR;PRKAG2;INSIG1;ERLIN1;MLYCD;MIF;SCP2;DECR2;ABHD3;ABHD2;PLAA"
"Response to Transforming Growth Factor Beta",1.52079035972938,0.0086130657334588,"WNT5A;SMAD9;NPNT;NDP;ID1;CDH3;HTRA1;SOX5;FOS;TGFB2;JUN;CDKN1C;ITGB5;SMAD6;SKIL;ATF3;CITED1;TGFB1I1;ING1;HPGD;MYOCD;DNM3OS;LTBP4;ING2;ITGA3;ZFP36L2;LTBP3;SOX6;FAM89B;PTPRK;SAP30L;PDGFD;SMAD1;FYN;THBS1;PEG10;AXIN1;CILP;SOX9;GDF9;TGFB3;LTBP1"
"Fatty Acyl Coa Biosynthetic Process",-2.01884791200109,0.00863081742979669,"ELOVL6;HSD17B12;TECR;FASN;PPT1;ACSL1;ACSL3;ELOVL5;ACSL4;ACACA"
"Filopodium Assembly",1.80064080740009,0.00863081742979669,"DAAM2;FGD6;RAB3IP;FSCN1;NRP1;SRGAP2;PIK3R1;FGD4;ARHGAP44;PALM;DNM3;ZMYND8;STAU2;FMNL3;TGFB3;SRF;PPP1R9B"
"Morphogenesis of an Epithelium",1.46895301433411,0.00863081742979669,"WNT5A;PRICKLE1;NPNT;DCHS1;HES1;CASR;LRP5;VANGL2;IGF1;FZD5;LLGL2;TGFB2;ADAMTS12;NRP1;ITGB5;IGFBP5;HAND2;SEMA3C;HS3ST3A1;GREB1;SMO;CITED1;TGFB1I1;GREB1L;NKD1;ALDH1A2;FOXP1;DLG5;NTN4;NOTCH4;SOCS3;BCL2;TTC8;PAK1;TBX3;JAG1;RHOB;GZF1;DDR1;MED12;IL10;ACTG1;FGFR1;BRSK1;DLG3;PAX8;SUFU;TEAD2;SNAI2;PHACTR4;KLF4;SPINT1;PRKD2;HBEGF;SPINT2;KLHL3;MDK;SEMA4C;GRHL2;MMP14;ESRP2;RARG;HHIP;PTK7;EGFR;NDRG4;CYP7B1;SOX9;APLNR;DVL2;VCL;TULP3;EXT1;KRT19;TGM2;CTNNBIP1;FERMT2;GDF7;FLNA;PDGFA;TRIM28;SRF;CSF1;FZD3;KIF26B;MMRN2;CLASP1;FGFR2;SMAD4;ESR1;PTCH1"
"Proton Transmembrane Transport",-1.65951762638466,0.00863081742979669,"UCP2;NDUFB9;SLC17A5;SLC15A4;NDUFS3;SLC46A1;SLC25A18;NDUFA9;NDUFB3;NDUFS8;ATP6AP1;SLC9A9;NDUFA12;NDUFS5;SLC16A1;CYC1;SLC9A5;GHITM;NDUFA8;TCIRG1;NDUFA6;ATP6V1E1;NDUFC2;NDUFV2;NDUFB2;UQCRH;UQCRFS1;NDUFA1;SLC9A6;SLC25A13;COX5B;NDUFB10;NDUFB8;SLC25A3;SLC25A4;SLC9B2;ATP6AP2;SLC11A2;SLC18A2;UQCR10;NDUFA7;ATP6V1G1;COX4I1;ATP6V1B2;NDUFC1;ATP6V1H;NDUFA4;RNASEK;NDUFS4;SLC7A11;ATP1B1;COX6B1;ATP6V0E1;SLC11A1"
"Regulation of Osteoblast Differentiation",1.66109874609714,0.00890762828392997,"ID3;NPNT;ID1;CRIM1;LRP5;IGF1;IGFBP5;SMAD6;HAND2;CITED1;TOB1;CEBPD;JAG1;LRP3;SMAD1;SUFU;SNAI2;CDK6;BMPR2;FBXO5;SOX9;ACVR2B;CTNNBIP1;FERMT2;SCUBE3;LIMD1;FGFR2;PTCH1;AXIN2;CEBPB;JUND;TWSG1;WNT4;GLI1;PRKD1;DDR2;GREM1;FAM20C;SFRP1"
"Branching Morphogenesis of an Epithelial Tube",1.66551603136793,0.0090416257413132,"WNT5A;NPNT;DCHS1;CASR;LRP5;VANGL2;IGF1;NRP1;HS3ST3A1;SMO;CITED1;GREB1L;DLG5;NOTCH4;BCL2;PAK1;TBX3;GZF1;DDR1;PAX8;MDK;MMP14;ESRP2;HHIP;SOX9;EXT1;CTNNBIP1;GDF7;SRF;CSF1;FGFR2;SMAD4;ESR1;PTCH1;DAG1;CELSR1;PKD1;WT1;AGT;WNT4;FKBPL;HMGA2"
"Regulation of Mitotic Sister Chromatid Segregation",1.74903722501896,0.0090416257413132,"BUB1;TTK;BIRC5;BUB1B;DUSP1;NUMA1;PLK1;CDK1;ZWINT;CDC20;SKA3;FBXO5;MAD2L2;CENPF;USP44;MAD1L1;INCENP;LCMT1;NDC80;CCNB1;SIRT1;DYNLRB1;IK;HNRNPU;TPR;RAD21;KAT2B;DYNLT3;KNTC1;MAD2L1;SPC25;KAT5;ZWILCH"
"Artery Development",1.68239779651009,0.00904940622427051,"SOX4;PRICKLE1;HES1;EGR2;AKT3;TGFB2;NRP1;SMAD6;HAND2;GJA5;HPGD;MYOCD;JAG1;SUFU;PRDM1;BMPR2;MDK;APLNR;ACVR2B;NOTCH3;SRF;DDIT3;CHD7;ARID2;APOB;EFEMP2"
"Negative Regulation of Mitotic Cell Cycle",1.54367118608907,0.00904940622427051,"BUB1;TTK;CDKN1C;BIRC5;BUB1B;KANK2;DUSP1;IER3;STK33;PLK1;BRCA1;DACT1;BCL2;ZFP36L2;MBTPS1;CDK2;IL10;CDK1;BRSK1;CHEK1;ZWINT;CDC20;KLF4;TP53;DGKZ;SKA3;ORC1;MDC1;RBM46;FBXO5;CTDSP2;PLK3;MAD2L2;CDK5RAP3;MUS81;BRD7;CENPF;GPNMB;FZD3;FANCD2;DTL;USP44;FZR1;FOXO4;RFWD3;CDC6;BARD1;ANGEL2;MAD1L1;E2F7;HUS1B;CHMP4C;RBBP8;INCENP;FBXO31;TOM1L2;LCMT1;NDC80;CCNB1;UIMC1;FOXN3;EME1;XPC;CDC7;TRIM39;DYNLRB1;IK;RAD9A;BLM;CTDSP1;CDK2AP2;CTDSPL;FBXO7;CHFR;RB1"
"Regulation of Nervous System Development",1.46397667590425,0.0090709759073409,"PTPRZ1;WNT5A;SEMA5A;CDH4;S100B;DBN1;ASPM;HES1;GRID2;EGR2;SEMA7A;CLSTN2;ROBO3;DAAM2;CDKL5;PTPN13;IGF1;IQSEC2;NRP1;SEMA4A;PTPRS;TIAM2;SEMA6C;HEYL;SKIL;BCL11A;SMO;LINGO2;HMGB2;MEST;DLG5;FZD4;PAK1;ULK2;PLXNB1;SYNDIG1;GDI1;FN1;MTMR2;KIF14;NAP1L1;PRTG;CDH1;TRIM11;CHODL;SPINT1;BMPR2;DCT;PTPRD;MDK;NTRK2;AMIGO2;MAPRE3;MAG;FOXG1;LRRC24;CRABP2;RYK;LIMK1;STAU2;PARP6;SLITRK4;SLITRK2;ULK1;TMEM98;SYNGAP1;TGM2;KCTD11;LIN28A;ZFYVE27;IGDCC4;SRF;DIP2B;KDM1A;WASF3;CHD7;FZD3;FXR2"
"Positive Regulation of Axonogenesis",1.72995049246122,0.00909813164568982,"SEMA5A;CDH4;SEMA7A;ROBO3;CDKL5;NRP1;TIAM2;SKIL;BCL11A;PAK1;PLXNB1;GDI1;FN1;CHODL;BMPR2;NTRK2;CRABP2;LIMK1;ZFYVE27;SRF"
"Pattern Specification Process",1.50157989911724,0.009125250271702,"WNT5A;PRICKLE1;DCHS1;HES1;EGR2;ZBTB16;LRP5;DAAM2;VANGL2;HOXC4;BTG2;FZD5;BICC1;ALX4;NRP1;SMAD6;HEYL;HAND2;SEMA3C;SMO;EFNB1;NKD1;ALDH1A2;TLL2;LDB1;SIM2;GAS8;TTC8;DNAAF2;TBX3;MED12;FGFR1;PBX3;GPR161;PCSK5;PAX8;SMAD1;SUFU;C3;APC2;BMPR2;CELSR2;BCOR;FOXG1;RARG;HHIP;AXIN1;NDRG4;APLNR;ACVR2B;DVL2;NRP2;SYNGAP1;TULP3;RING1;EXT1;DISP1;CTNNBIP1;TSHZ1;SRF;DDIT3;OFD1;MDFI;ACD;FGFR2;SMAD4;PTCH1;AXIN2;CHSY1;MNS1;NR2F2"
"Regulation of Synaptic Plasticity",1.56950573519179,0.00939593221076901,"S100B;DBN1;GRID2;CAMK2D;PRKCZ;CPEB3;CALHM2;PRRT1;IQSEC2;PICK1;ACE;CNTN4;IGSF11;TSHZ3;RAB3A;ADCY1;BCL7A;SYNGR1;PRKCG;LZTS1;BRSK1;PDE9A;CDC20;NTRK2;PLK2;DLG4;STAU2;AGER;SLITRK4;SYNGAP1;ELOVL4;PRKAR1B;CNTN2;GRIK2;C22orf39;SRF;CHRNA7;F2R;FXR2;GRID2IP"
"Organic Acid Catabolic Process",-1.5239099829971,0.00941471206934249,"LDHA;CROT;QPRT;DECR1;LDHB;GNPDA1;SORD;SLC16A3;DDO;GOT2;DLAT;LPIN1;ALDH8A1;GCSH;HAL;HSD17B4;FAH;HMGCL;ACOT7;ACOX1;ETFB;PCCA;GLS;ACBD5;SLC16A1;MCCC2;ETFA;ACOT4;ECH1;BCAT1;ECHS1;SARDH;HADH;LDHAL6B;DLD;GOT1;GCAT;MCEE;IVD;GPT2;HDC;FTCD;MLYCD;SCP2;NUDT8;DECR2;ABHD3;ABHD2;ETFDH;MFSD2A;DBT;AKR1A1;ABCD3;QDPR;ECI2;XYLB;HIBADH;PHYH;ECHDC1;HSD17B10;GCDH;PCCB;TXN2"
"Regulation of Lipoprotein Particle Clearance",-2.01814021703776,0.00954433590085215,"APOC1;NR1H4;PCSK9;CSK;CNPY2;ANXA2"
"Regulation of Nervous System Process",1.69114966581751,0.00966468521487728,"NLGN4X;S100B;RIMS1;NPY2R;EGR2;FGF12;PRKCZ;IGF1;ABAT;MAPK8IP2;TMEM108;RIMS2;AVPR1A;MTMR2;MAG;DLG4;ZMYND8;TMEM98;ELOVL4;PRKAR1B;GRIK2;CHRNA7;WASF3"
"Cellular Response to Toxic Substance",-1.6631122582419,0.00971947579205353,"MT3;ABCB6;DUOX2;NQO1;SOD2;PRDX3;MGST1;PTGES;IPCEF1;PRDX6;CAT;PRDX4;RDH11;PARK7;APOE;PRDX1;TXN;TXNDC17;GSTT1;SRXN1;FIS1;SUCLG1;GSTP1;ADH5;GPX1"
"Establishment or Maintenance of Cell Polarity",1.52569212198789,0.00976967040717115,"WNT5A;PRICKLE1;DCHS2;HES1;UST;PRKCZ;KANK1;VANGL2;PARD3B;IGF1;FSCN1;LLGL2;CENPA;KCNJ8;KIF2C;NUMA1;MRAS;PDLIM1;SFRP5;AMOTL2;DLG5;FBF1;TTC8;PAK1;FEZ1;SKA2;FAM89B;FRMD4A;KIAA1614;AQP1;BRSK1;DLG3;SKA3;SPINT2;DLG4;PTK7;SPAG5;DIAPH3;LMNA;PARVB;CYTH1;KIF26B;CLASP1;MAP7;MYO18A;RRAS"
"Melanosome Assembly",-1.99279682791876,0.00982958701973108,"ABCB6;HPS5;AP1S1;RAB38"
"Regulation of Postsynapse Organization",1.64287179513195,0.0102884156951508,"WNT5A;PRICKLE1;DBN1;GRID2;PAK3;CPEB3;CDKL5;CC2D1A;PTPRS;MARK1;TRIM47;NGEF;ARHGAP33;RPS6KA5;ARHGAP44;SYNDIG1;FGFR1;LZTS1;SLC12A5;FYN;KIF1A;ZDHHC15;PTPRD;SEMA4C;MAPRE3;HOMER1;ZMYND8;STAU2;DOCK1;FCGR2B;NRP2"
"Smad Protein Signal Transduction",1.7150199906221,0.0102884156951508,"ATOH8;SMAD9;FOS;TTK;MAP1LC3A;AMH;TGFB2;JUN;SMAD6;CITED1;TOB1;FAM89B;SMAD1;BMPR2;CILP;NUP93;TGFB3;GDF7;RBPMS;SMAD4;EID2;SH2B1;GDF6;TWSG1"
"Monosaccharide Metabolic Process",-1.4525171105642,0.0103086971713288,"PGK1;LDHA;ALDOC;ENO2;SLC2A1;PDK1;TPI1;BOLA3;ENO1;GAPDH;SORD;MPI;GPI;NUDT5;PFKP;PFKFB4;DLAT;HK2;IGF2;PGAM1;AKR1B1;NR3C1;RORA;FUCA2;ERRFI1;FABP5;GALT;LIPA;ALDOA;PRKAA1;MAN2A1;PDK3;HKDC1;FBN2;PFKFB3;SLC39A14;GALE;PGD;FUCA1;GALM;FBP1;GLB1;B4GALT1;POFUT1;PHKA1;PGM2;GOT1;UXS1;PPP1R3G;PRKAG2;SLC25A13;DGAT2"
"Neural Precursor Cell Proliferation",1.65765867730336,0.0103860919278024,"PTPRZ1;WNT5A;DBN1;ASPM;FOXO1;SOX5;BTG2;IGF1;LIMS2;SMO;TEAD3;CEP120;ARHGEF2;MELK;FGFR1;KIF14;NAP1L1;EML1;PDE9A;SPINT1;DCT;MDK;FOXG1;RYK;HHIP;KCTD11;FLNA;SLC16A2;KDM1A;FZD3"
"Regulation of Mitotic Nuclear Division",1.66057112720873,0.0104407862280719,"BUB1;LRP5;TTK;UBE2C;MKI67;IGF1;BIRC5;BUB1B;PDGFB;INSR;DUSP1;PLK1;DLGAP5;ESPL1;CHEK1;ZWINT;CDC20;SKA3;NFE2L1;PHIP;FBXO5;MAD2L2;CENPF;L3MBTL1;NUSAP1;CUL9;SMPD3;USP44;MAD1L1;INCENP;SH2B1;NEK2;TOM1L2;LCMT1;NDC80;CCNB1"
"Response to Cocaine",1.79200868483243,0.0105008278729193,"HOMER2;CRHBP;FOSB;ABAT;CCNA2;HDAC5;DNMT3A;FYN;MAPRE3;HOMER1;SLC1A3;TGM2;EHMT2;CHRNB2"
"Negative Regulation of Cell Growth",1.6090987906537,0.0107139829820523,"WNT5A;SEMA5A;OSGIN2;TGFB2;ESR2;NRP1;PTPRS;SEMA6C;ENPP1;BCL11A;ING1;TSPYL2;BRCA1;PRDM11;FOXP1;CDKN2C;BCL2;PAK1;ULK2;VGLL4;CDKN2AIP;TCHP;CDH1;SMARCA2;TP53;BMPR2;MAG;RYK;GSK3A;NPPA;GDF9;ULK1"
"Positive Regulation of Fat Cell Differentiation",1.732247725606,0.0114167906879812,"PIM1;ZBTB16;CBX4;LRP5;SAV1;ZFP36;ZBTB7B;CMKLR1;CDS1;LPL;SNAI2;CREBL2;SOX13"
"Gland Morphogenesis",1.66846904776155,0.0114958441600838,"WNT5A;LRP5;IGF1;TGFB2;LIMS2;NRP1;IGFBP5;SEMA3C;NTN4;BCL2;TBX3;DDR1;FGFR1;SNAI2;TNFAIP3;MDK;ESRP2;RARG;EGFR;CYP7B1;SOX9;TGFB3;TGM2;GDF7;PDGFA;CSF1;CAPN1;FGFR2;CRIP1;ESR1;PTCH1;CEACAM1;DAG1;CEBPB;TWSG1;WNT4;GLI1"
"Positive Regulation of Chromosome Segregation",1.78853766052373,0.0118025325513976,"NCAPG;BIRC5;RCC2;NUMA1;CDK1;SMC6;SKA3;NCAPH;NCAPD2;CDC6;NCAPH2;MAD1L1;NCAPD3;INCENP;CCNB1;NCAPG2;HNRNPU"
"Nadh Dehydrogenase Complex Assembly",-1.96239418167974,0.012070991873792,"NDUFS3;TIMMDC1;NDUFAF1;NDUFS8;NDUFS5;NDUFA6;TMEM126A;NDUFC2;NDUFAF2;LYRM2;NDUFA13;NDUFS4;TMEM186;NDUFS1;TMEM70;TMEM126B;NDUFS6"
"Regulation of Nuclear Division",1.62177671734776,0.012070991873792,"WNT5A;BUB1;LRP5;TTK;UBE2C;MKI67;IGF1;BIRC5;BUB1B;PDGFB;INSR;DUSP1;PLK1;DLGAP5;ESPL1;CHEK1;ZWINT;CDC20;SKA3;NFE2L1;PHIP;FBXO5;MAD2L2;CENPF;L3MBTL1;NUSAP1;CUL9;SMPD3;USP44;FZR1;MAD1L1;INCENP;SH2B1;NEK2;TOM1L2;LCMT1;NDC80;CCNB1"
"Axis Elongation",1.82657158916594,0.0122202252957358,"WNT5A;VANGL2;NKD1;MED12;PTK7;SOX9;TRIM28;FGFR2;ESR1"
"Dolichol Linked Oligosaccharide Biosynthetic Process",-1.95785538432059,0.0123631844559835,"ALG3;ALG1;SRD5A3;ALG8;ALG5;NUS1;ALG10;DPAGT1;DPM1;MPDU1;ALG12;ALG6"
"Organelle Fission",1.40931684949042,0.0123631844559835,"WNT5A;PRICKLE1;ASPM;KIFC1;BUB1;LRP5;CCNB1IP1;KIF11;TTK;UBE2C;MKI67;KIF23;NCAPG;IGF1;DDHD1;CDKN1C;BIRC5;CENPE;BUB1B;CENPA;PDGFB;PRC1;INSR;ANLN;EPS8;DUSP1;KIF2C;NUMA1;KIF15;PLK1;KIF4A;MYBL2;DLGAP5;ING2;UBE2S;KIF18A;SKA2;ESPL1;KIF14;CDK1;RAD54L;CHEK1;ZWINT;CDC20;TOP2A;CEP55;HSPA2;SKA3;MOV10L1;CEP192;PSMC3IP;NFE2L1;MAP9;PHIP;REEP4;RBM46;TDRD12;FBXO5;MAD2L2;AKAP8L;SPAG5;MUS81;MZT1;RAD51B;RAD51D;CENPF;CDC25B;FLNA;EHMT2;L3MBTL1;NCAPH;BRCA2;CDC14A;BAG6;SUN1;OFD1;NUSAP1;CLASP1;CUL9;SMPD3;FANCD2;NCAPD2;KIF22;USP44;PPP1R9B;FZR1;KLHDC3;NCAPH2;PTTG1;MAD1L1;CENPV;MASTL;CHMP4C;NCAPD3;INCENP;SH2B1;SLX4;CEP97;NEK2;TOM1L2;LCMT1;NDC80;CCNB1;SIRT1;EME1;FOXJ2;WNT4;DCTN2"
"Negative Regulation of Growth",1.54928450714826,0.0125701197173273,"WNT5A;SEMA5A;OSGIN2;SOCS2;SAV1;TGFB2;ESR2;NRP1;PTPRS;IGFBP5;SEMA6C;ENPP1;BCL11A;ING1;TLL2;TSPYL2;BRCA1;PRDM11;FOXP1;CDKN2C;BCL2;PAK1;ULK2;VGLL4;CDKN2AIP;TCHP;CDH1;SMARCA2;TP53;BMPR2;WWC3;MAG;RYK;GSK3A;NPPA;GDF9;WWC2;ULK1"
"Mesenchymal Cell Migration",1.78145818989674,0.0126064063350395,"SEMA5A;SEMA7A;NRP1;SEMA4A;SEMA6C;HAND2;SEMA3C;SMO;EFNB1;FN1;EDNRB;PHACTR4;SEMA3A;SEMA4C;SEMA3B;NRP2"
"Cardiocyte Differentiation",1.60549248530124,0.0126788983702287,"MYH11;SIK1;PRICKLE1;HES1;IGF1;TGFB2;HAND2;SEMA3C;NRG1;KCNJ8;GREB1L;MYOCD;VCAM1;FOXP1;PAK1;TBX3;JAG1;SOX6;CDK1;GSK3A;SGCD;NPPA;EGFR;LMNA;SRF;GATA6"
"Nephron Development",1.59769537125518,0.0126788983702287,"NPNT;DCHS1;COL4A3;COL4A4;DCHS2;HES1;CD24;VANGL2;PDGFB;HEYL;HS3ST3A1;SMO;CITED1;GREB1L;ITGA3;BCL2;JAG1;GZF1;EGR1;AQP1;PDGFD;PAX8;EDNRB;KLHL3;SOX9;NOTCH3;EXT1;CTNNBIP1;ASXL1;PDGFA;KIRREL3;KIF26B;SMAD4;PTCH1;PROM1;PKD1;WT1;AGT;WNT4;LAMB2"
"Phospholipase c Activating g Protein Coupled Receptor Signaling Pathway",1.64542662857529,0.0129903396659922,"FSHR;WNT5A;CASR;DGKA;ADRA2A;INPP5A;GPR157;SELE;DGKQ;PRKCG;MC1R;OPRL1;PLCB4;CMKLR1;EDNRB;DGKZ;PRKD2;TACR2;HOMER1;PLCB3;TGM2;F2R;HCRTR1;ESR1;CX3CR1;C3AR1;AGT;DGKD;PRKD1;GNA11;BICD1;GPR143;FPR3;P2RY2;DGKE"
"Regulation of Vasculature Development",1.49175136372466,0.0135181778426442,"WNT5A;SEMA5A;COL4A3;ID1;JUP;ADAM12;AKT3;PTGIS;VASH2;TGFB2;NRP1;SEMA4A;ERBB2;PTPRM;DAB2IP;BRCA1;F3;HMOX1;RHOB;IL10;HPSE;AQP1;FGF18;TNFSF12;SMAD1;FYN;THBS1;ISM1;C3;KLF4;PRKD2;TNFAIP3;MDK;PLK2;SASH1;APLNR;TLR3;TSPAN12;EPN1;JAK1;TGM2;GPNMB;GATA6;CHRNA7;STIM1;C6;FOXO4;ZNF304;RRAS;ALOX5;CX3CR1;AMOT;SEMA6A;CEACAM1;TJP1;GAB1;RELA;C3AR1;SIRT1;FOXJ2;EFNA1;ECM1;WNT4;PLCG1;ROCK2;FKBPL;HMGA2;KLF2;PRKD1"
"Positive Regulation of Neurogenesis",1.55632202254423,0.0136791522156266,"PTPRZ1;SEMA5A;CDH4;DBN1;ASPM;HES1;EGR2;SEMA7A;ROBO3;CDKL5;NRP1;TIAM2;SKIL;BCL11A;SMO;FZD4;PAK1;PLXNB1;GDI1;FN1;NAP1L1;CHODL;SPINT1;BMPR2;DCT;PTPRD;MDK;NTRK2;MAPRE3;MAG;FOXG1;CRABP2;LIMK1;STAU2;PARP6;TGM2;ZFYVE27;SRF;KDM1A;FZD3;FXR2"
"Muscle Organ Development",1.49843564123043,0.013953516845002,"ID3;S100B;EGR2;ZFPM2;NR4A1;FOS;VANGL2;BTG2;IGF1;TGFB2;DPF3;ALX4;HEYL;NRG1;COL11A1;EGR3;SKIL;SMO;DSP;ATF3;MYOCD;SFMBT1;TLL2;CTF1;SMTN;BCL2;EGR1;SOX6;TNNI3;CAPN3;TCF12;ASS1;COL6A1;CHODL;FOXP2;HBEGF;HOMER1;FOXL2;SGCD;ZBTB42;PRR14;MEF2D;LMNA;HLF;CENPF;DISP1;ARRDC2;SOX15;UBE4B;POU6F1;CHKB;CHD7;DES;FGFR2;FHL3;SMAD4;FOXO4;TEAD4;GPCPD1;EID2;AKIRIN1;EFEMP2;NR2F2;BCL9;USP19;DAG1;WT1;SIRT1;ERBB3;LAMA2;TAGLN;GPC1;SCN11A;UNC45A;HMG20B;XK;PKP2;HEY2;RBM24;SMAD7;ZFHX3;ZNF609;SVIL;LUC7L"
"Positive Regulation of Phosphatidylinositol 3 Kinase Protein Kinase b Signal Transduction",1.54210874691293,0.0140109021244758,"FSHR;WNT5A;SEMA5A;NDP;TNFSF11;IRS1;IGF1;TGFB2;ADRA2A;PDGFB;IGFBP5;MERTK;INSR;C1QTNF1;PIK3CA;PLXNB1;DDR1;FGFR1;FN1;HPSE;PDGFD;FYN;THBS1;AXL;HBEGF;AMBRA1;NTRK2;RYK;EGFR;TCF7L2;GAS6;FERMT2;LIN28A;TYRO3;PDGFA;F2R;IL18;PDGFC;CX3CR1;SELP;DAG1;GAB1;HIP1;EFNA5;SIRT1;ERBB3;AGT;PRKD1;RGL2;PRR5;DDR2;KDR"
"Lysosomal Lumen Acidification",-1.95812696976629,0.0141423064641849,"CREG1;PPT1;CLN5;ATP6AP1;TCIRG1;TMEM9;ATP6AP2;ATP6V1H;CLN3;RNASEK;LAMP2"
"Actin Filament Based Movement",1.64191421722231,0.0142627927715197,"LIMCH1;JUP;CAMK2D;FGF12;SYNE2;ANK2;KCNJ8;DSP;GJA5;KCNQ1;CACNB2;PIK3CA;SCN5A;GJC1;MYO1C;TNNI3;SCN9A;EPDR1;SGCD;AKAP9;MYO5C;MYO1D;KCNJ5;FLNA;CACNA1G;CTNNA3;SCN3B;CACNA1C;SCN4A"
"Osteoblast Differentiation",1.5289340385825,0.0142627927715197,"ID3;SMAD9;NPNT;ID1;CRIM1;LRRC17;SEMA7A;LRP5;IGFBP3;BMP3;IGF1;JUNB;MRC2;IGFBP5;SMAD6;HAND2;SMO;CITED1;TOB1;VCAN;DHH;CEBPD;JAG1;LRP3;SMAD1;SUFU;COL6A1;SNAI2;CDK6;FOSL2;IGFBP2;BMPR2;TPM4;FBXO5;GABBR1;SOX9;ACVR2B;CTNNBIP1;FERMT2;DLX5;SCUBE3;LIMD1;RBMX;WWOX;FGFR2;SMAD4;PTCH1;AXIN2;AKT1"
"Triglyceride Metabolic Process",-1.66609908485606,0.0146565214404867,"PNPLA3;APOC1;PCSK9;GK5;SCARB1;LPIN1;CAT;ABHD5;DDHD2;TMX1;APOE;PTPN11;FBXW7;ACSL1;LIPA;GK;FITM2;INSIG2;TBL1XR1;LPGAT1;GPAM"
"Actin Mediated Cell Contraction",1.64349980182751,0.0146930616707868,"LIMCH1;JUP;CAMK2D;FGF12;ANK2;KCNJ8;DSP;GJA5;KCNQ1;CACNB2;PIK3CA;SCN5A;GJC1;TNNI3;SCN9A;EPDR1;SGCD;AKAP9;KCNJ5;FLNA;CACNA1G;CTNNA3;SCN3B;CACNA1C;SCN4A"
"Chromosome Separation",1.65779478143528,0.0147812404348154,"BUB1;TTK;UBE2C;NCAPG;BIRC5;BUB1B;DUSP1;NUMA1;PLK1;DLGAP5;ESPL1;ZWINT;CDC20;SKA3;FBXO5;MAD2L2;CENPF;NCAPH;NCAPD2;USP44;NCAPH2;MAD1L1;NCAPD3;INCENP;LCMT1;NDC80;CCNB1;DYNLRB1;NCAPG2;IK;CHFR;RB1"
"Regulation of Neural Precursor Cell Proliferation",1.71074375644557,0.0147812404348154,"PTPRZ1;WNT5A;ASPM;FOXO1;BTG2;IGF1;LIMS2;SMO;NAP1L1;PDE9A;SPINT1;DCT;MDK;FOXG1;RYK;KCTD11;FLNA;SLC16A2;KDM1A;FZD3"
"Cotranslational Protein Targeting to Membrane",-1.94987967077511,0.0148357187913776,"SRPRB;SIL1;TRAM2;SSR1;SEC61B;SSR3;SEC61A1;SEC61G;SRP72;SRP68;SRP19;SRP9;TRAM1;SEC63;SSR2;SEC62;SRP14;SRP54"
"Artery Morphogenesis",1.72069478474295,0.0150744137651266,"SOX4;HES1;AKT3;TGFB2;NRP1;HAND2;GJA5;HPGD;MYOCD;JAG1;PRDM1;BMPR2;MDK;NOTCH3;SRF;CHD7;ARID2;APOB;EFEMP2"
"Protein Import into Mitochondrial Matrix",-1.94823568637939,0.0151268232160039,"SAMM50;GRPEL1;TOMM40;ROMO1;TIMM17A;HSPA4;TIMM23;HSP90AA1"
"Cell Cycle G2 m Phase Transition",1.56498286352902,0.0157099038692929,"BIRC5;CCNA2;RCC2;IER3;PLK1;BRCA1;CDK14;FOXM1;MBTPS1;CDK2;MELK;KIF14;CDK1;BRSK1;CHEK1;CDK6;PKIA;TP53;HSPA2;ORC1;PPM1D;FBXO5;PLK3;AKAP8L;CDK5RAP3;RAD51B;CENPF;CDC25B;DTL;DBF4B;FZR1;FOXO4;CDC6;BARD1;MASTL;HUS1B;CHMP4C;RBBP8;NEK2;LCMT1;NDC80;CCNB1;UIMC1;FOXN3;CDC7;TRIM39;SIN3A;BLM;CHFR;ATF5;CLSPN;CTC1;RNASEH2B;RAD21;ZFYVE19;USP22;CCNB2;STOX1;STK35;MARK3;PBX1;SYF2;AURKA;CDC25A;BABAM1"
"Ameboidal Type Cell Migration",1.49866612441994,0.016023426700765,"WNT5A;SEMA5A;SEMA7A;LRP5;AKAP12;DAAM2;KANK1;FAT2;TGFB2;JUN;NRP1;SEMA4A;KANK2;SEMA6C;HAND2;SEMA3C;SMO;ANLN;DAB2IP;RCC2;EFNB1;PDLIM1;SRGAP2;AMOTL2;PAK1;FN1;THBS1;EDNRB;PHACTR4;SEMA3A;HBEGF;BMPR2;SEMA4C;TESK1;SEMA3B;SASH1;DOCK1;SOX9;ACVR2B;NRP2"
"Atrial Septum Development",1.78028837423709,0.016023426700765,"SOX4;WNT5A;TGFB2;ANK2;SMO;GJA5"
"Regulation of Hair Cycle",1.78011439532624,0.016023426700765,"WNT5A;CDH3;TGFB2;SMO;NUMA1;HPSE"
"Regulation of Lysosomal Lumen Ph",-1.91560157402905,0.016023426700765,"CREG1;TMEM165;PPT1;CLN5;ATP6AP1;TCIRG1;TMEM9;ATP6AP2;ATP6V1H;CLN3;RNASEK;SLC7A11;LAMP2"
"Regulation of Oxidative Phosphorylation",-1.97043490045229,0.016023426700765,"AK4;MLXIPL;PPIF;RHOA;SLC25A33"
"Behavior",1.3933729695493,0.0161413394200153,"NLGN4X;HOMER2;FSHR;PTPRZ1;SOBP;NDP;S100B;NPY2R;CASR;EGR2;NR4A3;FGF12;DACH1;CPEB3;CLSTN2;CNTN1;FOS;CRHBP;GATM;FOSB;PRRT1;BTG2;ABAT;SYT11;CCND2;C1QTNF4;PCDH17;HAND2;MAPK8IP2;INSR;EPS8;KCNQ1;AVPR1A;GPR157;NPTX2;ITGA3;ASTN1;ADCY1;FZD4;BCL2;BCL7A;TMOD2;CRTC1;EGR1;SPTBN2;PRKCG;PBX3;MC1R;SLC12A5;CAPS2;BRSK1;SCN9A;CHL1;SPECC1;COL6A1;TMOD1;FYN;SGK1;THBS1;LONRF2;CPT1A;EDNRB;CHST10;FOXP2;TP53;NR4A2;MDK;NTRK2;ADCY3;TACR2;PLK2;MAPRE3;DLG4;HOMER1;AGER;EGFR;NDRG4;ARRDC3;SLC1A3;AFF2;MAN2B1;SLITRK4;SYNGAP1;GNAO1;EXT1;PRKAR1B;ATXN3;CNTN2;KCND2;GRIK2;TUBA1A;CTNS;EHMT2;SRF;CHRNA7;KIRREL3;CHD7;CHRNB2;HCRTR1;PPP1R9B;SNCG"
"Low Density Lipoprotein Particle Clearance",-1.91969891536811,0.0161413394200153,"NR1H4;PCSK9;SCARB1;CSK;CNPY2;NCEH1;ANXA2;LIPA"
"Nucleotide Sugar Biosynthetic Process",-1.9173341698086,0.0161413394200153,"GNPDA1;MPI;GMDS;GMPPB;NANP;GFPT1;CMAS;UXS1;PGM3;PMM2"
"Uterus Development",1.79884608150781,0.0162961514724399,"FSHR;WNT5A;ANTXR2;TGFB2;CDKN1C;GREB1L;MYOCD;COL6A1;FOXL2;SMAD4;ESR1"
"Aldehyde Metabolic Process",-1.74508570073634,0.016853006562819,"IDH1;TPI1;MGAT4A;RDH11;PARK7;ALDH8A1;ALDH1B1;TKT;GRHPR;PDXK;GLO1;ALDH1A3;ALDH3A2;RPE;AKR1C1;ADH5;RPIA;HAGH;AKR1A1;BMP2;TALDO1;CLCN2;AKR7A2;ALPL"
"Proteoglycan Metabolic Process",1.62942077410788,0.016853006562819,"B3GNT7;CHST7;UST;CSGALNACT1;CHST1;VANGL2;IGF1;ADAMTS12;COL11A1;HS3ST3A1;ADAMTS4;IDS;HPSE;CHST14;ST3GAL3;EDNRB;CHST10;B3GNT4;BMPR2;CHST12;HS6ST1;HS3ST1;TCF7L2;EXT1"
"Regulation of Cellular Component Size",1.44469756224478,0.016853006562819,"FSHR;IQGAP3;WNT5A;SEMA5A;CDH4;PLEKHH2;ARHGAP28;AKT3;SEMA7A;PAK3;DAAM2;KANK1;CDKL5;HIP1R;NRP1;FCHSD1;KANK2;PLEKHG2;PTPRS;SEMA6C;SSH3;BCL11A;EPS8;TTL;PIK3CA;SLC12A4;PAK1;TMOD2;ULK2;WNK3;SPTBN2;GDI1;WDTC1;FN1;AQP1;KCNK6;SLC12A5;CDH1;COL6A1;TMOD1;SEMA3A;BMPR2;CDC42EP1;MAG;RARG;CRABP2;RYK;GBA2;LIMK1"
"Diencephalon Development",1.72887143517901,0.0169957335220166,"WNT5A;SEMA5A;HES1;NDNF;NRP1;SMO;ALDH1A2;CDH1;NR4A2;INHBB;KCNC1;NRP2"
"Regulation of Non Canonical Wnt Signaling Pathway",1.79222742971895,0.0170139775805579,"WNT5A;SFRP4;DAAM2;ZNRF3;NKD1;SFRP5;DACT1;CSNK1E"
"Negative Regulation of Gene Expression Epigenetic",1.52761263210832,0.0174333243394721,"ERI2;PHC1;CBX4;CENPA;PHF2;CREBZF;KDM5A;MIS18BP1;PHF8;PHF1;BRCA1;ING2;CBX2;HDAC5;DNMT3A;CDK2;CHEK1;SETDB1;ZNF512;SMARCA2;PHF19;MOV10L1;MIS18A;PPM1D;BCOR;TDRD12;ATRX;LMNA;RING1;CIZ1;EHMT2;ZNF512B;TRIM28;L3MBTL1;RBM15B;CBX6;TDRD3;CBX7;CBX8;ZNF304;BCORL1;CENPV;WT1;L3MBTL2;SIRT1;CTCF;KDM2B;HMGA2;TNRC18;SPIN1;SIN3A;MAX;DNMT1;HNRNPU;RB1;HDAC8;BAHD1;TPR;IFI16;UBR5;BEND3;EHMT1;MBD2;CDKN2B-AS1;EED;KAT8;HELLS"
"Positive Regulation of Mirna Metabolic Process",1.69814864501545,0.0174333243394721,"ATOH8;FOS;TGFB2;JUN;PDGFB;SMAD6;MYOCD;DNM3OS;MYB;EGR1;IL10;SMAD1;KLF4;TP53;TEAD1;EGFR;POU2F1;NOTCH3;SRF;SMAD4;RELA;WT1;AGT"
"Regulation of Extent of Cell Growth",1.64463563577117,0.0174644659077744,"WNT5A;SEMA5A;CDH4;SEMA7A;CDKL5;NRP1;PTPRS;SEMA6C;BCL11A;TTL;PAK1;ULK2;GDI1;FN1;CDH1;SEMA3A;BMPR2;MAG;CRABP2;RYK;LIMK1;ULK1;ZFYVE27;SRF;DIP2B"
"Ventricular Septum Morphogenesis",1.74207294247328,0.0174644659077744,"SOX4;HES1;ZFPM2;SAV1;VANGL2;TGFB2;HEYL;GJA5;TBX3;BMPR2;APLNR;FGFR2;SMAD4"
"Organic Anion Transport",-1.35929285089319,0.017808412761307,"CROT;SLC2A1;UCP2;PLIN2;NR1H4;SLC2A6;FABP3;SLC7A5;SLC6A8;SLC16A3;GOT2;TRPC4;SFXN1;MGST1;PTGES;CYB5R4;PLEKHA8P1;SLC16A7;KCNK1;PDPN;SLC17A5;SLC15A4;APOE;SLC1A2;FABP5;SLC46A1;LRRC8D;SLC38A5;SLC4A4;ACSL1;ACSL3;EPM2A;SLC25A18;SLC25A1;PANX1;SLC39A6;NMB;SLC33A1;SLC26A6;SLC39A14;SLC7A6;PSAP;SLC43A3;RGS2;SLC1A5;SLC16A1;SLCO4C1;ACSL4;FIS1;SLC35D1;SLC2A8;LRRC8B;SLC25A16;RAB3GAP1;SLC38A6;SLC12A2;LYN;PSEN1;AKR1C1;SLC25A20"
"Lung Alveolus Development",1.73585720433737,0.0181454885141254,"HOPX;IGF1;IGFBP5;MYOCD;LTBP3;NKIRAS2;COL6A1;ABCA12;FOSL2;FOXP2;BMPR2;HS6ST1;CLDN18;TGFB3;ASXL1;PDGFA;GATA6;SMPD3;FGFR2"
"Regulation of Axonogenesis",1.61514057856648,0.0183531718934949,"WNT5A;SEMA5A;CDH4;UST;SEMA7A;PAK3;ROBO3;CDKL5;NRP1;PTPRS;TIAM2;SEMA6C;SKIL;BCL11A;KIF13B;PAK1;ULK2;PLXNB1;GDI1;FN1;BRSK1;CDH1;CHODL;BMPR2;NTRK2;MAG;CRABP2;RYK;LIMK1;ULK1;SYNGAP1;CNTN2;ZFYVE27;SRF;DIP2B"
"Ribosome Assembly",-1.70765125083628,0.0185868988400604,"RPF2;C1QBP;NIP7;NPM1;RRP7A;RPL38;MRTO4;NDUFAB1;RPS28;NSUN4;RPL5;RPSA;RPS6;MTG1;MRPS2;PRKDC;RPS14;EIF5B;RPS19;RPL11;XRCC5;FASTKD2;RPS27L;TUFM"
"Intracellular Sterol Transport",-1.80216582026497,0.019071634377567,"PCSK9;STAR;ANXA2;STARD4;ABCA1;ARL8B;OSBP;NUS1;TMEM97"
"Regulation of Axon Extension",1.6704345773457,0.0192124013436449,"WNT5A;SEMA5A;CDH4;SEMA7A;CDKL5;NRP1;PTPRS;SEMA6C;BCL11A;TTL;PAK1;GDI1;FN1;CDH1;SEMA3A;BMPR2;MAG;RYK;LIMK1;ZFYVE27;SRF;DIP2B"
"Regulation of Heart Rate by Cardiac Conduction",1.7636892070389,0.0192996843289515,"JUP;CAMK2D;ANK2;ACE;DSP;GJA5;KCNQ1;CACNB2;SCN5A;AKAP9;KCNJ5;CACNA1G;CTNNA3;SCN3B;CACNA1C"
"Mesenchymal Cell Proliferation",1.76223627997697,0.0195420033439087,"WNT5A;DCHS1;DCHS2;LRP5;HAND2;SMO;FGFR1;FOXP2;SOX9;LMNA;CTNNBIP1;PDGFA;FGFR2"
"Telomerase Rna Localization",-1.90912950832783,0.0210170776696064,"DKC1;RUVBL1;SHQ1;CCT5;NHP2;CCT8;CCT3;CCT7;NOP10;RUVBL2"
"Tissue Remodeling",1.5708005704922,0.0210170776696064,"FSHR;NDP;TNFSF11;LRP5;IGF1;TGFB2;IGFBP5;HAND2;SEMA3C;ACE;GJA5;JAG1;LTBP3;CSPG4;NPR3;COL6A1;AXL;FOSL2;BMPR2;TNFAIP3;MDK;MMP14;ACP5;AGER;ACVR2B;CLDN18;EXT1;GPNMB;F2R;CHD7;IL18;YPEL4;CAPN1"
"Regulation of Mirna Metabolic Process",1.64790586988324,0.0210283178415216,"ATOH8;FOS;TGFB2;JUN;PDGFB;SMAD6;MYOCD;DNM3OS;MYB;EGR1;IL10;SMAD1;KLF4;TP53;TEAD1;EGFR;SOX9;POU2F1;NOTCH3;ZNF512B;SRF;SMAD4;ESR1;RELA;WT1;AGT"
"Regulation of Actin Filament Based Process",1.45141877838191,0.0223598495711242,"SEMA5A;PLEKHH2;LIMCH1;JUP;ARHGAP28;CAMK2D;PAK3;ARHGEF10L;DAAM2;KANK1;VANGL2;FSCN1;HIP1R;TGFB2;ARHGAP6;PICK1;NRP1;FCHSD1;KANK2;PLEKHG2;ANK2;SSH3;EPS8;BCAS3;DSP;GPM6B;GJA5;CGNL1;PIK3CA;SORBS3;SCN5A;PIK3R1;NGEF;TTC8;PAK1;TMOD2;ARHGAP44;SPTBN2;WASH3P;ACTG1;INPP5K;TMOD1;ARHGEF18;CNN2;TESK1;CDC42EP1;GBA2;LIMK1;STAU2;CD47;DVL2;AKAP9;TGFB3;CIT;TMSB4X;ASAP3;FERMT2;AVIL;FLNA;PDGFA;DVL3;ARHGEF19;WASF3;NCK2;CLASP1;SMAD4;CTNNA3;AMOT;CACNA1C;TJP1;CELSR1;RHOBTB1;SYNPO2L;VILL;EFNA5;BAIAP2L1"
"Autonomic Nervous System Development",1.78685896219322,0.0225392222436456,"SOX4;HES1;EGR2;NRP1;HAND2;VCAM1;FN1;EDNRB;PHACTR4;SEMA3A;NRP2;FZD3"
"Regulation of Mitotic Cell Cycle",1.37969236776588,0.0226502652694455,"SIK1;HES1;BUB1;PIM1;LRP5;TTK;UBE2C;MKI67;IGF1;DPF3;CDKN1C;BIRC5;CENPE;BUB1B;PDGFB;KANK2;CCND2;INSR;ANLN;DUSP1;RCC2;SMARCC2;IER3;TTL;STK33;PLK1;DLGAP5;BRCA1;CDKN2C;DACT1;BCL2;ZFP36L2;BCL7A;FOXM1;MBTPS1;CDK2;IL10;FGFR1;ESPL1;KIF14;CDK1;BRSK1;CHEK1;ZWINT;DPF2;CDC20;SMARCA2;PKIA;KLF4;TP53;DGKZ;HSPA2;SKA3;AMBRA1;ORC1;NFE2L1;MDC1;CDK9;FOXG1;TMEM8B;PHIP;RBM46;FBXO5;CTDSP2;PLK3;EGFR;MAD2L2;CDK5RAP3;MUS81;AATF;RAD51B;BRD7;HECW2;CENPF;ERCC2;CDC25B;L3MBTL1;PKN2;GPNMB;BRCA2;CDC14A;FZD3;NUSAP1;CUL9;KLHL18;SMPD3;FANCD2;ARID2;DTL;USP44;PPP1R9B;DBF4B;FZR1;FOXO4;RFWD3;CDC6;BARD1;PTCH1;ANGEL2;MAD1L1;MASTL;E2F7;HUS1B;AKT1;CHMP4C;ANAPC2;RBBP8;ARID1B;INCENP;SH2B1;NEK2;FBXO31;MEPCE;ARID1A;PKD1;TOM1L2;LCMT1;E2F1;NDC80;CCNB1;UIMC1;SIRT1;FOXN3;EME1;XPC;CDC7;TRIM39"
"Modified Amino Acid Metabolic Process",-1.51654909441664,0.0227689462007476,"CROT;IDH1;DUOXA2;PLOD1;OSBPL10;SLC6A8;DUOX2;GOT2;P4HB;SOD2;ETHE1;PCYOX1;PARK7;MTHFD1L;LPCAT3;SLC1A2;PCYOX1L;SLC46A1;GGH;GCLM;GSTT2;TG;GSTT1;MTHFD1;GLO1;SLC25A16;GSTP1;ABHD12B;SARDH;BHMT2;GCNT4;GPX1;ATIC;FTCD;PLOD2;TMLHE;MTHFD2;GAMT;CKMT2;VNN2;HAGH;ARL6IP5;VNN1;POR;CRYAB;PLOD3;ABHD16B;MTHFD2L;SOD1;SHMT2;ABCC2"
"Regulation of Cellular Response to Growth Factor Stimulus",1.46198703138676,0.0228642516357046,"WNT5A;VWC2;NPNT;SFRP4;CDH3;HES1;TNXB;HTRA1;CRIM1;CDKN1C;ADAMTS12;NRP1;SMAD6;SKIL;PPP2R5B;TMEM108;DAB2IP;CITED1;NUMA1;TGFB1I1;ING1;MYOCD;TOB1;LTBP4;ING2;FSTL3;ITGA3;GRB10;FZD4;FAM89B;SAP30L;NEO1;FGF18;THBS1;PEG10;ZNF423;PRKD2;CADM4;HHIP;AXIN1;CILP;GPR155;UBE2O;LTBP1;PTP4A3;FSTL1;SCUBE3;OFD1;MMRN2;SMAD4;SPRY4;EID2;NR2F2;BCL9;SEMA6A;TRIM33;SIRT1;TWSG1;SHISA2;AGT;WNT4;SPRED3;SMURF2;GPC1;KDR;GREM1;ADAMTS3;SULF2;FAM20C;SFRP1;SIN3A;TET1;SMAD7"
"Regulation of Postsynaptic Membrane Potential",1.63005140522484,0.0228642516357046,"NLGN4X;RIMS1;NPY2R;GRID2;GABRB1;PRKCZ;GRIK1;ABAT;MAPK8IP2;TMEM108;RIMS2;MTMR2;DLG4;GSK3A;ZMYND8;GABBR1;SYT1;ELOVL4;PRKAR1B;KCND2;GRIK2;SLC29A1;CHRNA7;CHRNB2;CHRNA10"
"Positive Regulation of Chromosome Separation",1.70699698958287,0.0229645562554004,"UBE2C;NCAPG;BIRC5;NUMA1;PLK1;DLGAP5;ESPL1;CDC20;SKA3;NCAPH;NCAPD2;NCAPH2;MAD1L1;NCAPD3;INCENP"
"Alcohol Catabolic Process",-1.88477516263421,0.0230896822074969,"GK5;TPI1;SORD;SCARB1;APOE;ALDH1B1;ACSS2;SRD5A3;GK"
"Mitochondrial Membrane Organization",-1.5885176031055,0.0231852725326974,"BNIP3;SAMM50;APOO;HK2;NOL3;RHOT1;TOMM5;PPIF;TOMM40;APOOL;IMMT;TIMM8B;AGK;CHCHD10;TOMM6;TIMM10;GHITM;MTX3;CASP6;ROMO1;TIMM13;TMEM126A;MTCH2;TIMM8A;VDAC2;GSK3B;SLC25A4;AFG3L2;STAT3;TIMM22;NME3;HSPA9;SLC25A46"
"Mitotic Cell Cycle Phase Transition",1.37718580831406,0.0236908101927079,"IQGAP3;BUB1;TTK;UBE2C;DPF3;CDKN1C;BIRC5;CENPE;BUB1B;KANK2;CCND2;CCNA2;ANLN;EPS8;DUSP1;RCC2;SMARCC2;IER3;PHF8;PLK1;MYB;DLGAP5;BRCA1;CDKN2C;DACT1;CDK14;UBE2S;BCL2;ZFP36L2;BCL7A;FOXM1;MBTPS1;CCNG1;CDK2;MELK;ESPL1;KIF14;CDK1;BRSK1;CHEK1;ZWINT;CCNF;DPF2;CDC20;SMARCA2;CDK6;PKIA;KLF4;TP53;DGKZ;HSPA2;SKA3;AMBRA1;ORC1;PPM1D;PLK2;FBXO5;CTDSP2;PLK3;EGFR;MAD2L2;CDK5RAP3;RAD51B;BRD7;HECW2;CENPF;ERCC2;CDC25B;GPNMB;CDC14A;CLASP1;KLHL18;ARID2;DTL;USP44;PPP1R9B;DBF4B;FZR1;FOXO4;RFWD3;CDC6;BARD1;MAD1L1;USP37;MASTL;E2F7;HUS1B;AKT1;CHMP4C;ANAPC2;RBBP8;ARID1B;INCENP;NEK2;FBXO31;MEPCE;ARID1A;PKD1;LCMT1;E2F1;NDC80;CCNB1;UIMC1;FOXN3;POLE;XPC;CDC7;TRIM39"
"Skeletal System Development",1.37754985368608,0.0238603780354875,"WNT5A;DCHS1;SFRP4;TNFSF11;ZBTB16;LRRC17;SOX5;TTC9;CSGALNACT1;LRP5;BMP3;HOXC4;IGF1;TGFB2;ALX4;CDKN1C;ADAMTS12;MATN3;MBOAT2;HAND2;COL11A1;ADAMTS4;GJA5;HAPLN3;ARID5A;VCAN;KIAA1217;FOXP1;CSRNP1;MMP16;SLC38A10;COL9A2;TBX3;PLXNB1;POC1A;LTBP3;MED12;SOX6;NPR3;FGFR1;FGF18;PCSK5;CMKLR1;SMAD1;COL6A1;SNAI2;FOSL2;ACAN;TP53;BMPR2;MDK;GRHL2;THBS3;MMP14;RARG;RYK;HHIP;ACP5;SOX9;ACVR2B;CLDN18;DYM;TCOF1;MEPE;TULP3;EXT1;NAB2;PLEKHA1;SERPINH1;TGM2;SLC26A2;DLX5;ASXL1;PDGFA;SRF;SH3PXD2B;ZNF219;CHD7;SMPD3;MDFI;WWOX;ACD;FGFR2;TEAD4;PHEX;PDGFC;AXIN2;CHSY1;ZFAND5;NAB1"
"Axon Extension",1.57901041544168,0.023866630319686,"WNT5A;SEMA5A;CDH4;SEMA7A;CDKL5;NRP1;PTPRS;SEMA6C;BCL11A;TTL;PAK1;ULK2;GDI1;FN1;CDH1;SEMA3A;BMPR2;MAG;RYK;LIMK1;ULK1;VCL;NRP2;ZFYVE27;SRF;DIP2B"
"Asymmetric Cell Division",1.7740953050884,0.0241315613358227,"ASPM;ZBTB16;SOX5;TEAD3;ING2;ARHGEF2"
"Positive Regulation of Nervous System Process",1.78146416069895,0.0241315613358227,"S100B;RIMS1;EGR2;IGF1;ABAT;RIMS2;MAG;ELOVL4;WASF3;DAG1;CDK18"
"Endothelial Cell Chemotaxis",1.71488087704745,0.0243194392964488,"SEMA5A;PLEKHG5;NR4A1;NRP1;EGR3;FGFR1;FGF18;THBS1;PRKD2;TMSB4X;GAB1;CORO1B;PRKD1;KDR"
"Gtp Metabolic Process",-1.89443347182664,0.0243194392964488,"AK4;NME1;RAN;IMPDH2;ENTPD7;NME4;GNAI3"
"Somatic Stem Cell Population Maintenance",1.75198404173129,0.0243946735503603,"SOX4;HES1;LRP5;VANGL2;LDB1;ZFP36L2;PAX8;KLF10;SOX9;LDB2;ZHX2;BCL9"
"Cardiac Muscle Cell Contraction",1.66254396014832,0.024776594326209,"JUP;CAMK2D;FGF12;ANK2;KCNJ8;DSP;GJA5;KCNQ1;CACNB2;PIK3CA;SCN5A;GJC1;SCN9A;SGCD;AKAP9;KCNJ5;FLNA;CACNA1G;CTNNA3;SCN3B;CACNA1C;SCN4A"
"Fat Cell Differentiation",1.47362105750274,0.024776594326209,"WNT5A;JDP2;HES1;FOXO1;EGR2;PIM1;NR4A3;ZFPM2;ZBTB16;CBX4;LRP5;NR4A1;SAV1;SMAD6;KCNJ8;ENPP1;CLIP3;TGFB1I1;CEBPD;MEST;LRRC8C;ZFP36;TTC8;ZFP36L2;JAG1;ZBTB7B;LRP3;CMKLR1;CDS1;LPL;SNAI2;FOSL2;CREBL2;KLF4;SOX13;NR4A2;ALDH6A1;INHBB;AXIN1;TCF7L2;CNTN2;FERMT2;MMP11;C1QTNF3;ASXL1;DDIT3;AKT2;ALOX5;AXIN2;AKT1;CEBPB;PTGS2;ATAT1;GDF6;E2F1;BSCL2;OSBPL11;SIRT1;IFRD1;SORT1"
"Meiotic Cell Cycle Process",1.53112845720225,0.024776594326209,"WNT5A;ASPM;CCNB1IP1;TTK;PLK1;ING2;KIF18A;SKA2;ESPL1;RAD54L;ZWINT;CDC20;TOP2A;HSPA2;SKA3;MOV10L1;MSH6;PSMC3IP;RBM46;TDRD12;FBXO5;ATRX;MUS81;RAD51B;RAD51D;CDC25B;EHMT2;NCAPH;BRCA2;BAG6;SUN1;FANCD2;NCAPD2;FZR1;KLHDC3;NCAPH2;PTTG1;CENPV;MASTL;HUS1B;NCAPD3;INCENP;SLX4;NDC80;EME1;FOXJ2;WNT4;ZSCAN21;ZCWPW1;SWI5;GOLGA2"
"Neuron Projection Extension Involved in Neuron Projection Guidance",1.74425435375087,0.024776594326209,"WNT5A;SEMA5A;NRP1;SEMA3A;BMPR2;RYK;NRP2"
"Skeletal System Morphogenesis",1.50318483290463,0.0247887076196781,"SFRP4;SOX5;CSGALNACT1;LRP5;HOXC4;TGFB2;ALX4;COL11A1;CSRNP1;MMP16;POC1A;LTBP3;MED12;SOX6;FGFR1;FGF18;FOSL2;BMPR2;GRHL2;THBS3;MMP14;RARG;RYK;HHIP;ACP5;SOX9;ACVR2B;TULP3;EXT1;NAB2;PLEKHA1;SERPINH1;DLX5;SMPD3;MDFI;WWOX;FGFR2;AXIN2;CHSY1;ZFAND5;NAB1"
"Acylglycerol Homeostasis",-1.87811305459032,0.0248476128531524,"MLXIPL;APOC1;NR1H4;APOA1;SCARB1;MAP2K1;ANGPTL3;RORA;APOE;FITM2"
"Mitotic Spindle Organization",1.54963139603455,0.0249221352873328,"PRICKLE1;KIFC1;STMN1;KIF11;TTK;KIF23;BIRC5;CENPE;PRC1;NUMA1;KIF15;PLK1;KIF4A;MYBL2;DLGAP5;POC1A;EML1;CDC20;CEP192;PLK2;MAP9;PLK3;MZT1;FLNA;OFD1;CLASP1;CHMP4C;PCNT;INCENP;CEP97;NEK2;PKD1;NDC80;CCNB1;DCTN2;DCTN1;CHMP1B;GOLGA2;STIL;TNKS;AAAS;STAG2;HNRNPU;EML3;SBDS;CCDC61;TPR"
"Smooth Muscle Cell Proliferation",1.55585038245415,0.0249221352873328,"NDRG2;NR4A3;IGFBP3;IGF1;JUN;PDGFB;IGFBP5;HPGD;MYOCD;ANG;PIK3CA;PIK3R1;FOXP1;HMOX1;PAK1;IL10;PDGFD;THBS1;KLF4;HBEGF;BMPR2;TNFAIP3;NDRG4;TCF7L2;TGFB3;NOTCH3;MEF2D;CTNNBIP1;DDIT3;IL18;SMPD3;FGFR2;EFEMP2;AKT1"
"Fibroblast Proliferation",1.60781758283448,0.0254995248685478,"WNT5A;DACH1;IGF1;JUN;FBLN1;PDGFB;CCNA2;PAWR;KCNJ8;DAB2IP;FN1;AQP1;PDGFD;CDK6;FOSL2;TP53;NLRC3;EGFR;GAS6;PDGFA;CDC6;ESR1;PDGFC;E2F1;CCNB1;AGT"
"Response to Cadmium Ion",-1.78349798846006,0.025518780206608,"MT3;ABCB6;SOD2;GPI;CAT;MT1X;ALAD;SLC30A1"
"Neutral Lipid Metabolic Process",-1.54511379332399,0.0257103045951411,"PNPLA3;APOC1;AGPAT5;PCSK9;GK5;SCARB1;LPIN1;CAT;ABHD5;DDHD2;TMX1;APOE;DGKG;PTPN11;FBXW7;ACSL1;LIPA;ABHD6;GK;FITM2;INSIG2;TBL1XR1;LPGAT1;GPAM"
"Regulation of Bmp Signaling Pathway",1.6229837311578,0.0264393642223884,"WNT5A;VWC2;SFRP4;HES1;HTRA1;CRIM1;SMAD6;SKIL;NUMA1;TOB1;FSTL3;ITGA3;NEO1;ZNF423;GPR155;UBE2O;FSTL1;SCUBE3"
"Regulation of Neurogenesis",1.45480535342938,0.0264393642223884,"PTPRZ1;WNT5A;SEMA5A;CDH4;DBN1;ASPM;HES1;EGR2;SEMA7A;ROBO3;DAAM2;CDKL5;NRP1;PTPRS;TIAM2;SEMA6C;HEYL;SKIL;BCL11A;SMO;HMGB2;MEST;FZD4;PAK1;ULK2;PLXNB1;GDI1;FN1;NAP1L1;PRTG;CDH1;TRIM11;CHODL;SPINT1;BMPR2;DCT;PTPRD;MDK;NTRK2;MAPRE3;MAG;FOXG1;CRABP2;RYK;LIMK1;STAU2;PARP6;ULK1;TMEM98;SYNGAP1;TGM2;KCTD11;LIN28A;ZFYVE27;IGDCC4;SRF;DIP2B;KDM1A;CHD7;FZD3;FXR2"
"Heterochromatin Organization",1.52344818789042,0.0264849351015245,"ERI2;PHC1;CBX4;CENPA;PHF2;KDM5A;MIS18BP1;PHF8;PHF1;BRCA1;CBX2;DNMT3A;CDK2;CDK1;SETDB1;ZNF512;SMARCA2;PHF19;MOV10L1;MIS18A;PPM1D;BCOR;TDRD12;ATRX;LMNA;RING1;CIZ1;EHMT2;ZNF512B;TRIM28;L3MBTL1;RBM15B;CBX6;TDRD3;CBX7;CBX8;ZNF304;BCORL1;CENPV;L3MBTL2;SIRT1;CTCF;KDM2B;HMGA2;TNRC18;SPIN1;SIN3A;MAX;DNMT1;HNRNPU;RB1;HDAC8;BAHD1;TPR;UBR5;BEND3;EHMT1;MBD2;CDKN2B-AS1;EED;KAT8;HELLS"
"Anterior Posterior Pattern Specification",1.5596771849747,0.0265945266338442,"WNT5A;PRICKLE1;HES1;ZBTB16;LRP5;VANGL2;HOXC4;BTG2;FZD5;ALX4;HEYL;SEMA3C;SMO;NKD1;ALDH1A2;LDB1;TBX3;MED12;PBX3;PCSK5;BMPR2;CELSR2;RARG;ACVR2B;TULP3;RING1;CTNNBIP1;TSHZ1;SRF;DDIT3;OFD1;SMAD4;AXIN2;NR2F2"
"Regulation of Insulin Like Growth Factor Receptor Signaling Pathway",1.73598682560546,0.0266592110318288,"CDH3;IGFBP3;IGF1;IGFBP5;IGFBP1;IGFBP2;PHIP;CILP"
"Mirna Transcription",1.65257634611155,0.0278773498288529,"ATOH8;FOS;TGFB2;JUN;PDGFB;SMAD6;MYOCD;MYB;EGR1;IL10;SMAD1;KLF4;TP53;TEAD1;EGFR;SOX9;POU2F1;NOTCH3;ZNF512B;SRF;SMAD4;ESR1;RELA;WT1;AGT"
"Mitochondrial Rna Processing",-1.86220288791378,0.0278773498288529,"TRMT61B;LRPPRC;TRIT1;SLIRP;CDK5RAP1;TRUB2;FASTKD1;FASTKD5;FASTKD3;PUS1;HSD17B10;FASTK;FASTKD2;PNPT1;SUPV3L1"
"Renal Tubule Development",1.61548159886907,0.0278773498288529,"PRICKLE1;NPNT;DCHS1;HES1;CD24;HEYL;HS3ST3A1;SMO;CITED1;GREB1L;BCL2;TTC8;JAG1;GZF1;AQP1;PAX8;KLHL3;SOX9;CTNNBIP1;KIF26B;SMAD4;PTCH1;PROM1;PKD1;WT1;AGT;WNT4"
"Wnt Signaling Pathway Planar Cell Polarity Pathway",1.7174724111271,0.0278773498288529,"WNT5A;PRICKLE1;VANGL2;ZNRF3;NKD1;DACT1;MED12;CELSR2;RYK;DVL2;DAAM1;DVL3;ARHGEF19;FZD3;PLEKHA4"
"Spindle Organization",1.48497797964109,0.0282891914019591,"PRICKLE1;ASPM;KIFC1;STMN1;KIF11;TTK;KIF23;BIRC5;CENPE;PRC1;NUMA1;KIF15;PLK1;KIF4A;MYBL2;DLGAP5;CEP120;POC1A;SKA2;ESPL1;EML1;CDC20;SKA3;CEP192;UVRAG;PLK2;MAPRE3;MAP9;FBXO5;PLK3;SPAG5;ATRX;MZT1;FLNA;OFD1;CLASP1;CENPV;CHMP4C;CHD3;PCNT;INCENP;CEP97;NEK2;PKD1;NDC80;CCNB1;DCTN2;DCTN1;CHMP1B;GOLGA2;STIL;PPP2R1B;TNKS;AAAS;STAG2;HNRNPU;EML3;SBDS;HAUS4;CCDC61;TPR;SMC1A;TUBGCP6;CCNB2;TUBGCP2;GNAI1;NEK7;MAP1S;HAUS7;HAUS1;WRAP73;MAP4;AURKA;SPC25;CKAP5;SUN2;LZTS2;PIBF1;MYH9;RGS14;HAUS5"
"Platelet Derived Growth Factor Receptor Signaling Pathway",1.64899729633339,0.0284521855506903,"FSHR;NR4A3;PLAT;HIP1R;NRP1;PDGFB;STON1;MYOCD;CSRNP1;F3;CSPG4;PDGFD;CBLB;NDRG4;PLEKHA1;PDGFA;SMPD3;PDGFC;ZFAND5"
"Intra Golgi Vesicle Mediated Transport",-1.8337675791148,0.0288967535151059,"COPB1;TRAPPC3;COPB2;GOSR2;COG6;RAB6A;COG2;COPZ1;GABARAPL2;COPA;VTI1A"
"Ferroptosis",-1.86150345984728,0.0289304798735332,"DHCR7;ACLY;NQO1;SLC25A1;PRKAA1;PSAT1;SLC39A7;ACSL4;TMEM164;GSTP1"
"Establishment or Maintenance of Bipolar Cell Polarity",1.69144924519436,0.0295061741698707,"WNT5A;PRKCZ;VANGL2;PARD3B;FSCN1;LLGL2;DLG5;TTC8;DLG3;DLG4;PTK7"
"Excitatory Synapse Assembly",1.7100739428131,0.0295061741698707,"WNT5A;PRICKLE1;GRID2;PTPN13;SEMA4A;PTPRS;SRGAP2;FGFR1;PTPRD"
"Hormone Metabolic Process",-1.47112535902415,0.0295061741698707,"DUOXA2;CYP11A1;HSD17B7;STC2;HSD17B12;DDO;DUOX2;P4HB;HSD3B2;STAR;AKR1B1;RDH11;ALDH8A1;DHRS3;NR3C1;PAPSS2;HSD17B6;PTPN11;HSD17B4;AKR1C2;CTSZ;SCPEP1;PCSK6;SRD5A3;DHRS2;DHRS9;TG;RETSAT;IDE;ALDH1A3;PREP;HSD17B1;ARL15;AKR1C1;HSD3B1;GCNT4;BACE2;PRCP;DGAT2;LHCGR"
"Mitotic Dna Integrity Checkpoint Signaling",1.6090681378996,0.0295061741698707,"IER3;STK33;PLK1;BRCA1;MBTPS1;CDK2;CDK1;BRSK1;CHEK1;TP53;DGKZ;ORC1;MDC1;CDK5RAP3;MUS81;FANCD2;DTL;FZR1;FOXO4;RFWD3;CDC6;HUS1B;FBXO31;UIMC1;FOXN3;EME1;XPC;CDC7;TRIM39"
"Negative Regulation of Cell Cycle Process",1.41597257832862,0.0295061741698707,"BUB1;TTK;BIRC5;BUB1B;KANK2;PPP2R5B;DAB2IP;APBB1;DUSP1;IER3;STK33;PLK1;SUSD2;BRCA1;DACT1;BCL2;ZFP36L2;MBTPS1;CDK2;ESPL1;CDK1;BRSK1;E2F8;CHEK1;ZWINT;CCNF;CDC20;KLF4;TP53;DGKZ;SKA3;ORC1;MDC1;FBXO5;CTDSP2;PLK3;MAD2L2;CDK5RAP3;ATRX;MUS81;TMSB4X;BRD7;CENPF;GPNMB;USP28;BRCA2;FANCD2;DTL;USP44;FZR1;FOXO4;RFWD3;CDC6;BARD1;GNB1L;MAD1L1;E2F7;HUS1B;CHMP4C;RBBP8;INCENP;NEK2;FBXO31;TOM1L2;LCMT1;E2F1;NDC80;CCNB1;UIMC1;SIRT1;FOXN3;EME1;XPC;CDC7;TRIM39;FBXO6;DYNLRB1;IK;RAD9A;TNKS;BLM;CTDSP1;TELO2;CDK2AP2;CTDSPL;FBXO7;CHFR;RB1;CLOCK;ATF5;TPR;CLSPN;RNASEH2B;RAD21;RFC2;ZFYVE19;PROX1;KAT2B;SETMAR;WDR76;STK35;DYNLT3;RAD1;BTN2A2"
"Regulation of Cell Size",1.53445572064377,0.0295061741698707,"FSHR;IQGAP3;WNT5A;SEMA5A;CDH4;AKT3;SEMA7A;CDKL5;NRP1;PTPRS;SEMA6C;BCL11A;TTL;SLC12A4;PAK1;ULK2;WNK3;GDI1;WDTC1;FN1;AQP1;SLC12A5;CDH1;COL6A1;SEMA3A;BMPR2;MAG;RARG;CRABP2;RYK;LIMK1"
"Lipid Homeostasis",-1.52547722907197,0.0298727736109629,"MLXIPL;PNPLA3;APOC1;NR1H4;PCSK9;FABP3;OSBPL10;APOA1;SCARB1;MAP2K1;ABHD5;ANGPTL3;RORA;APOE;ERRFI1;FBXW7;LIPA;ABCA1;PRKAA1;FITM2;ACOX1;CNBP;GPAM;NUS1;ACACA;TMEM97;AKR1C1;MTCH2;SEC24A;GOT1;INSIG1;DGAT2;LAMTOR1;ABHD4"
"Cell Matrix Adhesion",1.4546171917678,0.0298852229343718,"NPNT;ECM2;LIMCH1;TNXB;JUP;BCAM;ARHGAP6;SORBS1;ADAMTS12;NRP1;ITGB5;GPM6B;RCC2;THSD1;SNED1;STON1;LDB1;ITGA9;VCAM1;PIK3R1;ITGA3;BCL2;JAG1;DDR1;ACTG1;FN1;HPSE;PTPRK;TECTA;THBS1;EPDR1;CDK6;THBS3;MMP14;TMEM8B;TESK2;VCL;FERMT2;TRIP6;SRF;CSF1;CLASP1;ADAMTS13;RRAS;STRC;EFEMP2;RIN2;DAG1;PKD1"
"Positive Regulation of Cartilage Development",1.68285375720644,0.0302347157380356,"WNT5A;ZBTB16;SOX5;SOX6;FGF18;SMAD1;BMPR2;MDK;SOX9;ZNF219"
"Glycerolipid Metabolic Process",-1.33387305544599,0.0302973620435739,"PNPLA3;APOC1;AGPAT5;NR1H4;PCSK9;FABP3;GK5;OSBPL10;MTM1;APOA1;SCARB1;SPATA18;LPIN1;PRDX6;CAT;ABHD5;DDHD2;PIK3C2A;TMX1;DBI;PCYT1A;PIK3C3;LPCAT3;RAB38;APOE;PCYT2;DGKG;PTEN;PTPN11;FABP5;FBXW7;PI4K2B;ACSL1;LIPA;ACSL3;ABHD6;GK;PTPMT1;FITM2;PLD2;PGAP2;INSIG2;MTMR7;TBL1XR1;LPGAT1;AGK;GPAM;FAR1;TNFAIP8L3"
"Epithelial Tube Morphogenesis",1.43745635369297,0.0303925158343097,"WNT5A;PRICKLE1;NPNT;DCHS1;HES1;CASR;LRP5;VANGL2;IGF1;TGFB2;ADAMTS12;NRP1;HAND2;HS3ST3A1;SMO;CITED1;GREB1L;FOXP1;DLG5;NOTCH4;BCL2;PAK1;TBX3;RHOB;GZF1;DDR1;MED12;PAX8;SUFU;TEAD2;PHACTR4;SPINT1;PRKD2;SPINT2;KLHL3;MDK;SEMA4C;GRHL2;MMP14;ESRP2;RARG;HHIP;PTK7;NDRG4;SOX9;APLNR;DVL2;TULP3;EXT1;CTNNBIP1;GDF7;SRF;CSF1;FZD3;KIF26B;MMRN2;FGFR2;SMAD4;ESR1;PTCH1;BRD2;DAG1;CELSR1;PKD1;WT1;AGT;WNT4;ARL13B;KDM2B;TSC2;FKBPL;HMGA2"
"Mammary Gland Alveolus Development",1.72139590697554,0.0304291135539979,"SOCS2;TNFSF11;PRLR;DDR1"
"Gastrulation",1.52393796311498,0.0306778957027889,"ATOH8;WNT5A;PRICKLE1;NR4A3;LRP5;VANGL2;ITGB5;COL11A1;DUSP1;LDB1;LAMA3;ITGA3;IL10;FGFR1;FN1;SMAD1;COL6A1;KLF4;ARMC5;BMPR2;PAF1;MMP14;AXIN1;APLNR;ACVR2B;DVL2;EXT1;SRF;GATA6;ZBTB17;TGIF2;FGFR2;SMAD4"
"Cochlea Development",1.71644238953326,0.0307066465852686,"WNT5A;SOBP;DCHS1;HES1;VANGL2;CCNA2;KCNQ1;PTK7;SOX9;DVL2"
"Mesenchyme Morphogenesis",1.673921253214,0.0307066465852686,"WNT5A;DCHS1;TGFB2;HEYL;ADAMTS5;TBX3;FGFR1;SNAI2;SOX9;APLNR;TGFB3"
"Actomyosin Structure Organization",1.47476772302581,0.0309667680807373,"MYH11;IQGAP3;PGM5;LIMCH1;ARHGAP28;ARHGEF10L;EPB41L4A;ARHGAP6;SORBS1;NRP1;ITGB5;ANLN;CGNL1;PDLIM1;SORBS3;PIK3R1;TTC8;KRT8;PAK1;TMOD2;NEURL2;ACTG1;CAPN3;INPP5K;TMOD1;ARHGEF18;CNN2;TESK1;CSRP2;CSRP1;LIMK1;TNFAIP1;CD47;FLNC;TGFB3;ASAP3;KRT19;FERMT2;SRF;CLASP1;MYL9;SMAD4;MYO18A;AMOT;TJP1;SYNPO2L;RTKN;FAM171A1;WNT4;ROCK2;PRKD1;ARHGEF5;KCTD13"
"Ear Development",1.53345760884703,0.0313205670599031,"WNT5A;SOBP;DCHS1;HES1;NR4A3;SLC25A27;VANGL2;IGF1;TGFB2;CCNA2;COL11A1;SHROOM2;KCNQ1;CEBPD;BCL2;TTC8;TBX3;JAG1;DDR1;FGFR1;TECTA;PAX8;FOXG1;PTK7;SOX9;DIAPH3;LRP10;DVL2;DLX5;TSHZ1;CHD7;FZD3;CHRNA10;FGFR2;IFT27;STRC"
"Microtubule Cytoskeleton Organization Involved in Mitosis",1.50109421310291,0.0313205670599031,"PRICKLE1;KIFC1;STMN1;KIF11;TTK;KIF23;BIRC5;CENPE;CENPA;PRC1;NUMA1;KIF15;PLK1;KIF4A;MYBL2;DLGAP5;POC1A;ESPL1;CDK1;EML1;CDC20;CEP192;PLK2;MAP9;PLK3;MZT1;FLNA;OFD1;NUSAP1;CLASP1;CHMP4C;PCNT;INCENP;CEP97;NEK2;PKD1;NDC80;CCNB1;DCTN2;DCTN1;CHMP1B;GOLGA2;STIL;TNKS;AAAS;STAG2;HNRNPU;EML3;SBDS;INPPL1;CCDC61;TPR"
"Protein Localization to Cell Junction",1.5676983125835,0.0316542583593992,"WNT5A;VWC2;COLQ;GPC4;IQSEC2;ERBB2;TMEM108;DSP;KIF2C;CGNL1;DLG5;ARHGAP44;ACTG1;DLG3;ZDHHC15;ARHGEF18;DLG4;BSN;TJP2;STAU2;GRIPAP1;GPC6;VCL;JAK1;FERMT2;FLNA"
"Cardiac Atrium Development",1.75769911288452,0.0317607516724388,"SOX4;WNT5A;TGFB2;ANK2;SMO;GJA5"
"Negative Regulation of Cell Population Proliferation",1.33774150598122,0.0325106674317047,"ATOH8;WNT5A;COL4A3;SFRP4;HES1;TP53I11;PLA2G5;NDRG2;ZBTB16;DACH1;IGFBP3;SAV1;BTG2;IGF1;FZD5;TGFB2;JUN;CDKN1C;LIMS2;FBLN1;KANK2;IGFBP7;IGFBP5;SMAD6;PAWR;ERBB2;AZGP1;PTPRM;DAB2IP;DUSP1;TGFB1I1;ING1;ARG2;MYOCD;ANG;ALDH1A2;TOB1;GAS8;SFRP5;CDKN2C;SRPX;DLG5;HMOX1;BCL2;PAK1;TBX3;PLXNB1;ZBTB7B;DDR1;MN1;IRF1;IFI35;IL10;VGLL4;PTPRK;DLG3;SMAD1;PDE9A;THBS1;SNAI2;SMARCA2;KLF10;CDK6;ATG13;KLF4;SPINT1;TP53;BMPR2;AMBRA1;TNFAIP3;WWC3;NLRC3;PPM1D;ADORA3;RARG;CBLB;SPIN4;GABBR1;NDRG4;SOX9;ZNF777;WWC2;FCGR2B;ULK1;TGFB3;LMNA;KCTD11;CTNNBIP1;SKAP2;GPNMB;SRF;GATA6;BRCA2;SLC16A2;SSTR2;F2R;MMRN2;NCK2;ZBTB17;ARID2;ING5;FGFR2;SMAD4;FOXO4;CDC6;SIX5;PTCH1;NR2E3;MAD1L1;ALOX5;AXIN2;E2F7;AKIRIN1;EFEMP2;IL20RB;NR2F2;CEACAM1;LGALS9;RBM10;CEBPB;WT1;TMEM115;E2F1;JUND"
"Hindbrain Development",1.55399398902972,0.0327665261129498,"NLGN4X;HES1;GRID2;EGR2;CNTN1;IGF1;ABAT;PTPRS;SMO;ALDH1A2;LDB1;NAV2;SCN5A;FZD4;BCL2;PAK1;SPTBN2;KNDC1;KIF14;CAPS2;SMAD1;FOXP2;MDK;SEMA4C;KCNC1;FCGR2B;TUBA1A;FLNA"
"Cell Cycle Checkpoint Signaling",1.46387152372192,0.0335104958414625,"BUB1;TTK;BIRC5;BUB1B;DUSP1;IER3;STK33;PLK1;BRCA1;MBTPS1;CDK2;CDK1;BRSK1;CHEK1;ZWINT;CDC20;TP53;DGKZ;SKA3;ORC1;MDC1;PLK3;MAD2L2;CDK5RAP3;MUS81;CENPF;USP28;BRCA2;FANCD2;DTL;USP44;FZR1;FOXO4;RFWD3;CDC6;BARD1;GNB1L;MAD1L1;HUS1B;CHMP4C;RBBP8;INCENP;FBXO31;LCMT1;E2F1;NDC80;CCNB1;UIMC1;FOXN3;EME1;XPC;CDC7;TRIM39;FBXO6;DYNLRB1;IK;RAD9A;BLM;TELO2;CHFR;CLOCK;TPR;CLSPN;RNASEH2B;RFC2;ZFYVE19;PROX1;SETMAR;WDR76;DYNLT3;RAD1;KNTC1;MAD2L1;HINFP;SYF2;PPP1R10;SPC25;CDC5L;BABAM1"
"Neural Tube Development",1.48700729775801,0.0336494326030515,"WNT5A;PRICKLE1;DCHS1;HES1;VANGL2;TGFB2;SEMA3C;SMO;ALDH1A2;DACT1;MARCKS;MED12;GPR161;SUFU;TEAD2;PHACTR4;SPINT1;AMBRA1;SPINT2;SEMA4C;GRHL2;RARG;PTK7;DVL2;TULP3;GDF7;FZD3;PTCH1;BRD2;ZNF358;CELSR1;PKD1;ARL13B;KDM2B;TSC2;DZIP1L;STIL;SFRP1;IFT140;TRAF6;CC2D2A;PLXNB2;ST14;TTBK2;PRKACA;TSC1"
"Spinal Cord Development",1.66741771049008,0.0337582088985964,"SOX4;VIT;DAAM2;PTPRS;SMO;MED12;SOX6;PBX3;SUFU;LONRF2;LHX4;SOX13;MPST;NFE2L1;MDGA1;ERCC2;GDF7;PTCH1;AKT1;PKD1;ZC4H2;DCTN1;TAL1"
"Developmental Maturation",1.47344457676424,0.0338229752651682,"WNT5A;DCHS1;CDH3;HES1;ZBTB16;SEMA7A;L3MBTL3;IGF1;FZD5;TGFB2;FBXO41;CDKN1C;ADAMTS12;PICK1;DAB2IP;ANG;ALDH1A2;FARP2;RAB3A;TFCP2L1;NTN4;BCL2;PLXNB1;FGFR1;PALM;KIF14;CDC20;AXL;EDNRB;C3;ZDHHC15;NR4A2;CATSPERG;THBS3;ANKS1A;DLG4;FBXO5;NDRG4;DIAPH3;KCNIP2;EXT1;ERCC2;CNTN2;CDC25B;BRD1;BRCA2;B4GALT5;KDM1A;DDIT3"
"Retina Vasculature Development in Camera Type Eye",1.71993834048805,0.0338229752651682,"NDP;VSTM4;LRP5;NRP1;FZD4;BMPR2;ROM1;ACVR2B"
"Regulation of Dna Binding Transcription Factor Activity",1.51256417874173,0.033849973591625,"SIK1;ID3;ID1;PIM1;PRKCZ;TCEAL7;ESR2;CREBZF;FANK1;HEYL;ENPP1;RTKN2;CRTC2;ARHGEF2;ADCY1;RPS6KA5;CRTC1;TRAF2;CMKLR1;SGK1;PRKCQ;PRKD2;RNF31;NLRC3;ADORA3;AGER;CDK5RAP3;IKBKG;STK36;FLNA;SRF;MAP3K10;IL18;RWDD3;ESR1;CLU;TSSK4;LGALS9;ERC1;RPS6KA4;SIRT1;BCL3;PRKD1;ARHGEF5;RBCK1;DDR2"
"Mammary Gland Development",1.56903045455255,0.0340197513826496,"IQGAP3;WNT5A;SOCS2;TNFSF11;LRP5;PRLR;IGF1;CDO1;IGFBP5;NRG1;SMO;NOTCH4;TBX3;ZBTB7B;DDR1;OXTR;SOX9;TGFB3;SLC29A1;BRCA2;CSF1;CAPN1;FGFR2;ESR1;AKT2;PTCH1;AKT1"
"Mesoderm Morphogenesis",1.64662856096592,0.0340197513826496,"WNT5A;NR4A3;ITGA3;TBX3;FGFR1;SMAD1;KLF4;ARMC5;BMPR2;AXIN1;SRF;FGFR2;TWSG1;HMGA2;TAL1"
"Protein Localization to Nucleolus",-1.89181622377264,0.0340197513826496,"PINX1;SIGMAR1;RPF2;RAN;NPM1;RRP7A;NVL;BYSL;HEATR1;NMD3;CACNB4"
"Positive Regulation of Striated Muscle Cell Differentiation",1.67140127259612,0.0340842818239238,"HOPX;IGF1;NRG1;MYOCD;BCL2;MMP14"
"Antigen Processing and Presentation of Endogenous Antigen",-1.80755315701184,0.0347566021187294,"HLA-G;TAP1;B2M;TAP2;HLA-A;HLA-B;ULBP3;IDE;ERAP1"
"Positive Regulation of Vasculature Development",1.51199560118465,0.0350242095673622,"WNT5A;SEMA5A;JUP;ADAM12;AKT3;PTGIS;VASH2;NRP1;BRCA1;F3;HMOX1;RHOB;IL10;HPSE;AQP1;FGF18;TNFSF12;SMAD1;THBS1;C3;KLF4;PRKD2;MDK;SASH1;APLNR;TLR3;JAK1;TGM2;GATA6;CHRNA7;STIM1;C6;ZNF304;RRAS;TJP1;GAB1;C3AR1;SIRT1;ECM1;PLCG1;HMGA2;PRKD1;KDR;GREM1"
"Embryonic Placenta Development",1.59184332141631,0.0355224698974356,"HES1;VASH2;FZD5;LLGL2;JUNB;CDKN1C;PDGFB;CITED1;SOCS3;KRT8;IL10;E2F8;SPINT1;PRDM1;SPINT2;PLCD3;GRHL2;EGFR;HS6ST1;KRT19;PLK4;SOX15;TRIM28;MDFI;FGFR2;E2F7;AKT1;NR2F2;CEBPB;PKD1"
"Rna Modification",-1.47081461127162,0.0355224698974356,"TRMT61B;APOBEC3G;LSM11;DKC1;HENMT1;RBM47;TPRKB;NHP2;BAG4;TYW3;TRIT1;METTL2B;DTWD1;SSB;CDK5RAP1;TFB2M;TRUB2;APOBEC3C;ADAT2;TRMU;PUS7;NSUN4;NOP10;SNRPD3;METTL2A;PUS7L;PUS1;METTL5;EMG1;SEPSECS;SNRPD2;FTSJ3;SNRPD1;SNRPG;RPUSD2;TGS1;SYNCRIP;FTSJ1;THUMPD2;FBL;HSD17B10;ELP3;ADARB1;RNMT;SNRPB;NAT10;FASTKD2;OSGEP;MTFMT"
"Appendage Morphogenesis",1.57304653212331,0.0357710705242459,"WNT5A;PRICKLE1;ZBTB16;LRP5;TGFB2;ALX4;HAND2;SEMA3C;AFF3;GJA5;ALDH1A2;TBX3;FGFR1;PCSK5;COL6A1;GRHL2;RARG;CRABP2;SOX9;ZNF141;ATRX;TULP3;EXT1;DLX5;ZNF219;FBXW4;CHD7;ACD;FGFR2;SMAD4;PTCH1;ZNF358"
"Amino Acid Metabolic Process",-1.39983619868804,0.0357760287359557,"QPRT;UCP2;NR1H4;PLOD1;DDO;GOT2;P4HB;PARK7;ALDH8A1;PYCR1;BPHL;GCSH;HAL;EARS2;IARS2;FAH;GCLM;HMGCL;PSAT1;AGMAT;ETFB;PCCA;GLS;MTHFD1;FARSB;EEF1E1;MCCC2;ETFA;AIMP2;BCAT1;ECHS1;SARDH;DLD;BHMT2;GOT1;GCAT;NAT8L;IVD;GPT2;HDC;SERINC3;FTCD;PLOD2;PSPH;FH;ASNSD1;AIMP1;SEPSECS;YARS2;ENOPH1;ABCC4;NIT2;DBT;MTTP;GATC;QDPR;HIBADH;HSD17B10;PLOD3;GCDH;MTHFD2L;PCCB;SHMT2;LARS2;ATF4;CLN3;MTHFS;GLUD2;ALDH5A1"
"Phospholipid Homeostasis",-1.8475024210576,0.0372687453169879,"FABP3;OSBPL10;APOA1;ANGPTL3;ABCA1;GPAM"
"Purine Nucleoside Monophosphate Biosynthetic Process",-1.86790789041387,0.0372687453169879,"PAICS;APRT;DGUOK;GMPS;IMPDH2;NUDT2;AMPD3;ATIC;HPRT1"
"Unsaturated Fatty Acid Biosynthetic Process",-1.65497535150225,0.0372687453169879,"FADS2;ELOVL6;SCD;FADS1;SIGMAR1;PTGES;FABP5;ELOVL5;PTGES3;CBR1;MIF;DECR2;PLAA;PNPLA8"
"Embryonic Morphogenesis",1.32118777510499,0.038094826625779,"ATOH8;WNT5A;PRICKLE1;SOBP;HES1;NR4A3;ZBTB16;LRP5;MFAP2;VANGL2;HOXC4;FZD5;LLGL2;TGFB2;ALX4;CDKN1C;ITGB5;HAND2;COL11A1;AFF3;SMO;DUSP1;TGFB1I1;GJA5;KCNQ1;ALDH1A2;LDB1;LAMA3;ITGA3;DACT1;SOCS3;MMP16;TBX3;MAB21L2;MED12;IL10;FGFR1;FN1;TECTA;PAX8;SMAD1;SUFU;COL6A1;TEAD2;PHACTR4;KLF4;SPINT1;ARMC5;BMPR2;SPINT2;SEMA4C;PAF1;GRHL2;MMP14;FOXG1;RARG;CRABP2;FOXL2;AXIN1;PTK7;NDRG4;SOX9;APLNR;ACVR2B;DVL2;TULP3;EXT1;GDF7;DLX5;TRIM28;TSHZ1;SRF;GATA6;FBXW4;CHD7;FZD3;OFD1;ZBTB17;MDFI;TGIF2;CHRNA10;ACD;FGFR2;SMAD4;PTCH1;BRD2;ZNF358;STRC"
"Outflow Tract Septum Morphogenesis",1.71333710962101,0.038094826625779,"ZFPM2;TGFB2;NRP1;SMAD6;SEMA3C;BMPR2;NRP2;GATA6;FGFR2;SMAD4"
"Response to Oxidative Stress",-1.29292346760345,0.038094826625779,"BNIP3;FADS2;IDH1;MT3;UCP2;PPIA;STC2;CYB5B;DUOX2;PSME2;NQO1;SOD2;PRDX3;MGST1;RCAN1;MAP2K1;IPCEF1;PSMA2;PRDX6;PSMA1;CAT;PRDX4;PARK7;BRF2;CASP3;PYCR1;APOE;HMOX2;PSMB7;PPIF;PRDX1;RBX1;GCLM;PRKAA1;DHRS2;ALAD;AIFM1;PSMD8;TXN;PSMB1;PSMA5;PSMD7;NUDT2;SRXN1;PSMC6;PSMD14;NCOA7;PSMD1;PSMA6;STAU1;ERN1;ROMO1;PAM;GSTP1;PSEN1;ATOX1;PSMB3;PSMC1;PSME1;PSMC2;PSMA4"
"Positive Chemotaxis",1.66300886866789,0.038187785019924,"WNT5A;SEMA5A;CASR;PGF;NRP1;PDGFB;HMGB2;F3"
"Translational Initiation",-1.48022801597594,0.038187785019924,"GAPDH;BZW2;EIF3I;EIF2AK1;EIF2AK3;EIF3B;EIF2AK4;NPM1;POLR2G;HBS1L;HABP4;DDX1;PAIP2;COPS5;EIF4A1;BANK1;NCBP2;RPS5;EIF2S2;RPS3;EIF4EBP1;EIF4E;SYNCRIP;RPL13A;RPS17;RPS3A;EIF5B;ATF4;ABCE1;BZW1;PAIP2B;EIF4E2;IMPACT;MTFMT;EIF2B4;NCK1;MIF4GD;DNAJC3;MTIF3;EIF3K"
"Cell Fate Commitment",1.46720261934158,0.0382102690972001,"WNT5A;HES1;TNXB;SOX5;TGFB2;NRP1;SMO;TGFB1I1;TEAD3;PRDM11;DHH;NOTCH4;ARHGEF2;SOCS3;BCL2;TBX3;JAG1;SOX6;FGFR1;SMAD1;KLF4;SOX13;APC2;PRDM1;BMPR2;NFE2L1;PAF1;FOXG1;SOX9;TCF7L2;NOTCH3;JAK1;EXT1;GDF7;EHMT2;GATA6;FGFR2;SMAD4;TEAD4;PTCH1;BRD2;NR2F2;CHD3"
"Bone Development",1.47453297518055,0.038317368927871,"DCHS1;SFRP4;TNFSF11;ZBTB16;LRRC17;TTC9;CSGALNACT1;LRP5;IGF1;ADAMTS12;FOXP1;MMP16;SLC38A10;PLXNB1;POC1A;LTBP3;FGF18;SMAD1;COL6A1;FOSL2;TP53;BMPR2;THBS3;MMP14;RARG;ACP5;SOX9;CLDN18;DYM;TULP3;EXT1;NAB2;SERPINH1;TGM2;DLX5;ASXL1;PDGFA;SH3PXD2B;SMPD3;FGFR2;PHEX;PDGFC;AXIN2;CHSY1;NAB1;ADAMTS7;FOXN3;ECM1;BBX;DDR2;KDR;GREM1;SULF2;FAM20C;TSKU;GGCX"
"Positive Regulation of Canonical Wnt Signaling Pathway",1.53621877961754,0.0383257268361632,"SOX4;SEMA5A;ASPM;SFRP4;CDH3;JUP;DAAM2;KANK1;DACT1;WNK3;NRBP2;PPM1B;GPC5;CSNK1E;SPIN4;PTK7;EGFR;DLX5;PLEKHA4;FGFR2;FRAT1;RNF146"
"Regulation of Mitotic Cell Cycle Phase Transition",1.38616757312595,0.0384953186120252,"BUB1;TTK;UBE2C;DPF3;CDKN1C;BIRC5;CENPE;BUB1B;KANK2;CCND2;ANLN;DUSP1;RCC2;SMARCC2;IER3;PLK1;DLGAP5;BRCA1;CDKN2C;DACT1;BCL2;ZFP36L2;BCL7A;MBTPS1;CDK2;ESPL1;KIF14;CDK1;BRSK1;CHEK1;ZWINT;DPF2;CDC20;SMARCA2;PKIA;KLF4;TP53;DGKZ;HSPA2;SKA3;AMBRA1;ORC1;FBXO5;CTDSP2;PLK3;EGFR;MAD2L2;CDK5RAP3;RAD51B;BRD7;HECW2;CENPF;ERCC2;CDC25B;GPNMB;CDC14A;KLHL18;ARID2;DTL;USP44;PPP1R9B;DBF4B;FZR1;FOXO4;RFWD3;CDC6;BARD1;MAD1L1;E2F7;HUS1B;AKT1;CHMP4C;RBBP8;ARID1B;INCENP;FBXO31;MEPCE;ARID1A;PKD1;LCMT1;E2F1;NDC80;CCNB1;UIMC1;FOXN3;XPC;CDC7;TRIM39;CCNH;DYNLRB1;DDR2;STIL;IK;SMARCC1;SIN3A;BLM;CTDSP1;CDK2AP2;CTDSPL;FBXO7;CHFR;RB1"
"Negative Regulation of Myoblast Differentiation",1.6992587509061,0.0387095115798824,"SOX4;ID3;PRICKLE1;TBX3;SOX9;DDIT3;IL18"
"Membrane Repolarization",1.66322335806411,0.0389427030674915,"CACNB3;ANK2;KCNJ8;GJA5;KCNQ1;SCN5A;NPPA;AKAP9;KCNIP2;KCND2;KCNJ5;FLNA"
"Cell Cell Adhesion Mediated by Cadherin",1.68528887324602,0.0400419239329513,"WNT5A;CDH4;DCHS2;CDH3;FAT3;FAT2;CDH12;NOTCH4;CDH1;CELSR2;MAD2L2;FAT4;MMP24;TJP1;CELSR1;EPCAM;CDH2;FLOT1;SMAD7;PTPRU"
"Sensory Organ Morphogenesis",1.46295584211621,0.0404273388508858,"SOX4;WNT5A;SOBP;NDP;NR4A3;FAT3;LRP5;MFAP2;VANGL2;FZD5;RPGR;COL11A1;PTPRM;SHROOM2;KCNQ1;NKD1;BCL2;TTC8;TBX3;JAG1;FGFR1;AQP1;TECTA;PAX8;PHACTR4;PRDM1;NTRK2;ROM1;TOPORS;FOXG1;RARG;FOXL2;PTK7;STAU2;SOX9;TSPAN12;DVL2;RING1;DLX5;TSHZ1;CHD7;FZD3;MEGF11;CHRNA10;FGFR2;NR2E3;STRC;PROM1;ZHX2"
"Trna Metabolic Process",-1.4013718267896,0.0404273388508858,"TRMT61B;LAGE3;EARS2;IARS2;EXOSC8;TPRKB;TYW3;TRIT1;METTL2B;DTWD1;SSB;FARSB;CDK5RAP1;EEF1E1;DDX1;TRUB2;ADAT2;TRMU;RPP40;EXOSC7;GTF3C4;PUS7;AIMP2;RPP30;POLR2L;METTL2A;GTF3C6;GRSF1;PUS1;POP4;AIMP1;SEPSECS;YARS2;POP1;POLR2F;GATC;FTSJ1;THUMPD2;HSD17B10;CLP1;LARS2;ELP3;TSEN15;DICER1;NAT10;POP7;FAM98B;OSGEP;MTFMT"
"Mesoderm Development",1.55956156183204,0.04043922514871,"WNT5A;NR4A3;ZFPM2;AMH;SMO;RPS6KA6;ITGA3;MEST;TBX3;FGFR1;SMAD1;TEAD2;KLF4;ARMC5;BMPR2;AXIN1;ACVR2B;EXT1;SRF;FGFR2;SMAD4"
"Neuron Projection Arborization",1.67305989967445,0.0405994107075404,"WNT5A;CC2D1A;NRP1;FZD4;BCL7A;SEMA3A;DLG4;DVL2;TUBA1A;DVL3;CHRNA7"
"Mitotic Spindle Assembly",1.57489028010012,0.0406376739100807,"PRICKLE1;KIFC1;KIF11;KIF23;BIRC5;PRC1;KIF15;PLK1;KIF4A;MYBL2;CDC20;CEP192;MAP9;MZT1;FLNA;OFD1;CLASP1;CHMP4C;INCENP;CEP97;NEK2;CHMP1B;GOLGA2;AAAS;STAG2;HNRNPU;EML3;CCDC61;TPR"
"Regulation of Filopodium Assembly",1.70386526375697,0.0406435083221757,"DAAM2;RAB3IP;FSCN1;NRP1;PIK3R1;ARHGAP44;PALM;ZMYND8;STAU2;TGFB3;SRF"
"Respiratory System Development",1.44522179646346,0.0406435083221757,"WNT5A;HOPX;ID1;HES1;ZFPM2;SAV1;VANGL2;IGF1;IGFBP5;MYOCD;ALDH1A2;SIM2;RAB3A;ITGA3;HYDIN;DLG5;LTBP3;FGFR1;FGF18;NKIRAS2;ASS1;COL6A1;ABCA12;FOSL2;FOXP2;BMPR2;GRHL2;MMP14;ESRP2;RARG;HHIP;PTK7;SOX9;ACVR2B;HS6ST1;CLDN18;TGFB3;TULP3;EXT1;DISP1;DLX5;ASXL1;PDGFA;SRF;GATA6;BAG6;CHD7;SMPD3;FGFR2;PHEX"
"Maintenance of Cell Number",1.46338062318498,0.0409267952887822,"SOX4;ASPM;HES1;FOXO1;LRP5;SAV1;VANGL2;IGF1;SMO;ING1;LDB1;ING2;ZFP36L2;BCL7A;TBX3;JAG1;MED12;EIF4ENIF1;SAP30L;TRIM8;PAX8;DPF2;SMARCA2;KLF10;PHF19;KLF4;MED14;PAF1;SOX9;LDB2;LIN28A;FANCD2;TEAD4;ZNF358;ZHX2;BCL9;MMP24;SS18;DCAF5;ARID1A;KDM2B;HMGA2;TAL1;CDH2;CNOT3;SFRP1;SMARCC1;SIN3A;TET1"
"Exploration Behavior",1.64930366007645,0.0419909487779714,"NDP;NPY2R;ABAT;ITGA3;CHL1;DLG4;ATXN3;TUBA1A"
"Gastrulation with Mouth Forming Second",1.7039776876654,0.0419909487779714,"WNT5A;PRICKLE1;LRP5;LDB1;ACVR2B;SRF;ZBTB17;SMAD4;AMOT"
"Heart Process",1.43594349318454,0.0419909487779714,"HOPX;JUP;CAMK2D;FGF12;TGFB2;ANK2;ACE;KCNJ8;DSP;GJA5;KCNQ1;CACNB2;AVPR1A;PIK3CA;SCN5A;GJC1;TNNI3;SCN9A;FYN;EDNRB;TRPC1;HBEGF;PPP1R13L;ADORA3;GSTM2;GSK3A;SGCD;NPPA;AKAP9;GNAO1;KCNIP2;EXT1;KCND2;KCNJ5;FLNA;GATA6;CACNA1G;DES;TMEM38A"
"Mitotic Sister Chromatid Separation",1.60211333152217,0.0425601147642262,"BUB1;TTK;UBE2C;BIRC5;BUB1B;DUSP1;PLK1;DLGAP5;ESPL1;ZWINT;CDC20;SKA3;FBXO5;MAD2L2;CENPF;USP44;NCAPH2;MAD1L1;INCENP;LCMT1;NDC80;CCNB1"
"Negative Regulation of Nuclear Division",1.62838339536599,0.0426116990664891,"BUB1;TTK;BIRC5;BUB1B;DUSP1;PLK1;CHEK1;ZWINT;CDC20;SKA3;FBXO5;MAD2L2;CENPF;USP44;MAD1L1;INCENP;TOM1L2;LCMT1;NDC80;CCNB1;DYNLRB1;IK;TPR;RAD21;DYNLT3;RAD1;KNTC1;MAD2L1;SPC25;ZWILCH"
"Regulation of Membrane Potential",1.37196404957954,0.0426116990664891,"NLGN4X;CACNB3;NDP;RIMS1;NPY2R;CASR;KCNK5;GRID2;JUP;GABRB1;CAMK2D;SLC25A27;FGF12;PRKCZ;RNF122;RIMS4;GRIK1;PMAIP1;ABAT;ANK2;KCNJ8;MAPK8IP2;KCNMB2;TMEM108;DSP;ANK3;GJA5;RIMS2;KCNQ1;CACNB2;SCN5A;RIMS3;BCL2;CRTC1;GJC1;KCNMB3;MTMR2;KCNK6;SCN9A;COL6A1;TSPAN9;NTRK2;DLG4;GSK3A;KCNC1;ZMYND8;NPPA;GABBR1;BOK;AKAP9;SYT1;ELOVL4;KCNIP2;PRKAR1B;KCND2;GRIK2;KCNJ5;SLC29A1;FLNA;CHRNA7;CACNA1G"
"Alpha Amino Acid Biosynthetic Process",-1.59053349648142,0.0435811262176068,"PLOD1;GOT2;PARK7;PYCR1;PSAT1;GLS;MTHFD1;BHMT2;GOT1;PLOD2;PSPH;SEPSECS;ENOPH1;PLOD3;MTHFD2L;SHMT2;CLN3;GLUD2;MTRR"
"Heart Valve Morphogenesis",1.64051617071556,0.0439746412655938,"SOX4;DCHS1;TGFB2;SMAD6;HEYL;GJA5;ADAMTS5;JAG1;SNAI2;BMPR2;NFATC1;NPPA;SOX9"
"Cell Cycle Phase Transition",1.30944873288442,0.0440014227749764,"IQGAP3;BUB1;TTK;UBE2C;DPF3;CDKN1C;BIRC5;CENPE;BUB1B;KANK2;CCND2;CCNA2;ANLN;EPS8;APBB1;DUSP1;RCC2;SMARCC2;IER3;PHF8;STK33;PLK1;MYB;SUSD2;DLGAP5;BRCA1;CDKN2C;DACT1;CDK14;UBE2S;BCL2;ZFP36L2;BCL7A;FOXM1;MBTPS1;CCNG1;CDK2;MN1;MELK;ESPL1;KIF14;CDK1;BRSK1;CHEK1;ZWINT;CCNF;DPF2;CDC20;SMARCA2;CDK6;PKIA;KLF4;TP53;DGKZ;HSPA2;SKA3;AMBRA1;ORC1;MDC1;FAM83D;PAF1;PPM1D;PLK2;FBXO5;CTDSP2;PLK3;EGFR;MAD2L2;AKAP8L;CDK5RAP3;MUS81;TMSB4X;RAD51B;BRD7;HECW2;CENPF;ERCC2;CDC25B;GPNMB;USP28;BRCA2;CDC14A;CLASP1;KLHL18;FANCD2;ARID2;DTL;USP44;PPP1R9B;DBF4B;FZR1;FOXO4;RFWD3;CDC6;BARD1;GNB1L;MAD1L1;USP37;MASTL;E2F7;HUS1B;AKT1;CHMP4C;ANAPC2;RBBP8;ARID1B;INCENP;NEK2;CDK18;FBXO31;MEPCE;ARID1A;PKD1;NPAT;LCMT1;E2F1;NDC80;CCNB1;UIMC1;FOXN3;EME1;POLE;XPC;CDC7;TRIM39;FBXO6"
"Cellular Process Involved in Reproduction in Multicellular Organism",1.42477026207635,0.0441955150939905,"FSHR;ASPM;ZDBF2;ZBTB16;CCNB1IP1;IGF1;AMH;KLC3;CDKN1C;AGFG2;TUBA8;STK33;ANG;PIK3CA;HMGB2;ING2;CEP57;DHH;DNMT3A;FZD4;BCL2;SPESP1;CCDC159;FANCG;CCDC136;SUFU;HOOK1;PRDM1;HSPA2;MOV10L1;MDK;FSIP2;CATSPERG;DND1;GSK3A;RBM46;FOXL2;INHBB;TDRD12;FBXO5;STAU2;GDF9;TTC21A;CDC25B;DPY19L2;LIN28A;PAQR8;EHMT2;TRIM28;BRCA2;MAST2;CEP70;DZIP1;SIX5;PTCH1;SBF1;DNAH1;CHN2;DIRAS3;AKT1;MNS1;MYCBPAP;PYGO1;TSSK4;FOLR2;WT1;CCNB1;PRMT7;PMFBP1;CTCF;WNT4"
"Regulation of Cartilage Development",1.64697625714029,0.0441955150939905,"WNT5A;ZBTB16;SOX5;TGFB2;ADAMTS12;MBOAT2;LTBP3;SOX6;FGF18;SMAD1;SNAI2;BMPR2;MDK;RARG;SOX9;ZNF219;SMPD3;AXIN2;GDF6;ADAMTS7"
"Renal System Process",1.53543855459889,0.0443796003693017,"MYO5B;PDGFB;GJA5;KCNQ1;HSD11B2;ITGA3;ADCY1;BCL2;WNK3;NPR3;AQP1;MCAM;MLLT6;PCSK5;INPP5K;SGK1;EDNRB;KLHL3;ADCY3;GAS6;ADCY2;PRKAR1B;CHRNA7;F2R;CHRNB2;KCNMA1"
"Negative Regulation of Canonical Wnt Signaling Pathway",1.54856284700822,0.0447212441514803,"WNT5A;PRICKLE1;SFRP4;FOXO1;BICC1;ZNRF3;DAB2IP;IGFBP1;LMBR1L;NKD1;TMEM88;SFRP5;MEST;DACT1;EGR1;SNAI2;IGFBP2;SOX13;APC2;MDK;GSK3A;AXIN1;NPPA;MAD2L2;SOX9;TCF7L2;CTNNBIP1;LIMD1;DDIT3"
"Potassium Ion Import Across Plasma Membrane",1.66066376954317,0.0451841947283493,"KCNK5;FXYD6;ANK2;KCNJ8;KCNQ1;SLC12A4;SLC12A5;KCNJ16"
"Coronary Vasculature Development",1.69344283404169,0.0456725574528153,"PRICKLE1;NRP1;SMAD6;HAND2;KCNJ8;MYOCD;SUFU;PRDM1;SGCD;PTK7;APLNR;SRF;GATA6;ARID2"
"Hydrogen Peroxide Metabolic Process",-1.65779177487509,0.0458680819909285,"MT3;DUOXA2;DUOX2;SOD2;PRDX3;PRDX6;CAT;PRDX4;PARK7;PRDX1;TXN;ACOX1"
"l Amino Acid Metabolic Process",-1.48230430027206,0.0458680819909285,"QPRT;UCP2;NR1H4;PLOD1;DDO;GOT2;P4HB;PARK7;ALDH8A1;PYCR1;HAL;FAH;GCLM;HMGCL;PSAT1;AGMAT;GLS;MTHFD1;MCCC2;ECHS1;DLD;BHMT2;GOT1;GCAT;NAT8L;IVD;GPT2;HDC;SERINC3;FTCD;PLOD2;PSPH;ENOPH1;ABCC4;NIT2;MTTP;QDPR;HIBADH;HSD17B10;PLOD3;GCDH;MTHFD2L;SHMT2;ATF4;CLN3;MTHFS;GLUD2;ALDH5A1;SLC7A11;MTRR"
"Positive Regulation of Neuron Projection Development",1.51707592028044,0.0458680819909285,"WNT5A;DBN1;NDNF;CNTN1;ROBO3;CAMK1;PPP2R5B;BCL11A;DAB2IP;APBB1;DDR1;FEZ1;KIDINS220;SF3A2;FGFR1;SMAD1;FYN;GPC2;ZDHHC15;PTPRD;MDK;NTRK2;MAPRE3;RYK;PTK7;STAU2;NDRG4"
"Maintenance of Synapse Structure",1.65386874551891,0.0459820562412648,"PRICKLE1;RIMS1;RIMS2;RAB3A;RIMS3;ERC2;BSN;SYNGAP1;C1QTNF3;ERC1;SORT1;DCTN1"
"Cell Differentiation Involved in Embryonic Placenta Development",1.70232268389385,0.0462007309608776,"FZD5;KRT8;E2F8;PRDM1;SPINT2;GRHL2;KRT19;PLK4;SOX15;MDFI;E2F7;NR2F2"
"Erk1 and Erk2 Cascade",1.4046286702588,0.0462007309608776,"FSHR;IQGAP3;NPNT;PLA2G5;CASR;TNFSF11;NDRG2;SEMA7A;PRKCZ;AKAP12;IGF1;JUN;FBLN1;NRP1;PDGFB;HAND2;NRG1;ERBB2;DAB2IP;DUSP1;ATF3;RPS6KA6;MAP3K12;GRB10;ZFP36L2;DNAJC27;FN1;CDK1;PDGFD;FGF18;KLF4;PRKD2;FAM83D;AGER;EGFR;NDRG4;SOX9;MAP2K7;GAS6;FERMT2;PDGFA;GPNMB;CHRNA7;F2R;HCRTR1;CHRNA10;FGFR2;SMAD4;PDGFC;SPRY4;RRAS;NECAB2;SEMA6A;CEACAM1;LGALS9"
"Establishment of Cell Polarity",1.49521768920253,0.0465018589342044,"WNT5A;PRICKLE1;HES1;UST;PRKCZ;KANK1;PARD3B;FSCN1;LLGL2;CENPA;KCNJ8;NUMA1;AMOTL2;FBF1;TTC8;PAK1;FEZ1;SKA2;FAM89B;FRMD4A;BRSK1;SKA3;PTK7;SPAG5;DIAPH3"
"Placenta Development",1.49328681586652,0.0465018589342044,"NDP;HES1;HTRA1;PTGIS;VASH2;FZD5;LLGL2;JUNB;CDKN1C;ETNK2;PDGFB;CITED1;ANG;SOCS3;KRT8;IL10;E2F8;CCNF;LHX4;PEG10;SPINT1;PRDM1;BMPR2;SPINT2;PLCD3;GRHL2;EGFR;HS6ST1;KRT19;PLK4;SOX15;TRIM28;MDFI;FGFR2;E2F7;AKT1;NR2F2;CEBPB;PKD1;PTGS2"
"Response to Alkaloid",1.57817739575707,0.0465018589342044,"HOMER2;HES1;CRHBP;FOSB;ADRA2A;ABAT;CCNA2;HDAC5;DNMT3A;PRKCG;FYN;CPT1A;MAPRE3;GSTM2;HOMER1;SLC1A3;TGM2;EHMT2;CASP7;CHRNB2;TMEM38A;PPP1R9B;PTCH1"
"Hippo Signaling",1.63728352565637,0.046733912532565,"DCHS1;SAV1;TEAD3;AMOTL2;DLG5;WTIP;VGLL4;TEAD2;STRN4;TEAD1;WWC3;ARRDC3;WWC2;CIT;LIMD1;FAT4;TEAD4;AMOT;SIRT1;AMOTL1"
"Positive Regulation of Telomere Maintenance via Telomere Lengthening",-1.79896369913972,0.0472306476622363,"DKC1;CCT5;CCT8;CCT3;CTNNB1;PTGES3;CCT7;ATR;DHX36;POT1;FBXO4;HSP90AA1;CCT6A;CCT4"
"Cardiac Muscle Cell Action Potential Involved in Contraction",1.63331918928535,0.0475088926551351,"JUP;FGF12;ANK2;KCNJ8;DSP;GJA5;KCNQ1;CACNB2;SCN5A;GJC1;SCN9A;KCNJ5;FLNA;CACNA1G;CTNNA3;SCN3B;CACNA1C;SCN4A"
"Neuroblast Proliferation",1.62659788302685,0.0475088926551351,"ASPM;SOX5;SMO;TEAD3;ARHGEF2;FGFR1;EML1;DCT;FOXG1;HHIP;KCTD11;KDM1A;FZD3;FGFR2;CX3CR1"
"Antigen Processing and Presentation of Endogenous Peptide Antigen",-1.79425447930209,0.0476184855980333,"HLA-G;TAP1;B2M;TAP2;HLA-A;HLA-B;ULBP3;IDE;ERAP1"
"In Utero Embryonic Development",1.35218614166548,0.0476184855980333,"HOPX;DBN1;HES1;ZFPM2;CCNB1IP1;VASH2;IGF1;FZD5;LLGL2;JUNB;FBLL1;CDKN1C;ETNK2;ARNT2;PDGFB;HAND2;SKIL;SMO;CITED1;MYB;NASP;SOCS3;KRT8;DNAAF2;TBX3;PPP4R4;IL10;FGFR1;WDTC1;E2F8;CHEK1;SPECC1;INPP5K;KLF4;SPINT1;PRDM1;ARMC5;SPINT2;PLCD3;GRHL2;BCOR;RBM46;INPP5B;AXIN1;EGFR;HS6ST1;DIAPH3;INTS1;EPN1;TGFB3;ZFP14;RAD51B;POLG2;ERCC2;KRT19;PLK4;SOX15;NECAB1;TRIM28;SRF;GATA6;BRCA2;ASF1B;CHD7;APBA3;XAB2;UNK;MDFI;C6;FGFR2;SMAD4;TEAD4;PTCH1;ZFAND5;APOB;E2F7;CMTM3;AKT1;NR2F2;RBBP8;AMOT;SH3PXD2A;N4BP2L2;NEK2;CEBPB;PKD1;NPAT;CCNB1;CTCF;STMN3;RBBP6"
"Regulation of Transmembrane Transporter Activity",1.58734378091679,0.0476184855980333,"DAPK1;CACNB3;PIM1;CAMK2D;FGF12;CRHBP;PRRT1;ANK3;KCNQ1;WNK3;GOPC;GPR35"
"Skeletal Muscle Cell Differentiation",1.62722555882449,0.0476184855980333,"S100B;EGR2;NR4A1;FOS;BTG2;HEYL;ATF3;MYOCD;EGR1;COL6A1"
"Exocrine System Development",1.62970274900329,0.0484198677393157,"IGF1;TGFB2;IGSF3;NRP1;SEMA3C;INSR;TFCP2L1;NTN4;FGFR1;SNAI2;ESRP2;EGFR;SOX9;TGFB3;TGM2;PDGFA;FGFR2;DAG1;TWSG1"
"Alpha Amino Acid Metabolic Process",-1.38663227510107,0.0484517529616544,"QPRT;UCP2;NR1H4;PLOD1;DDO;GOT2;P4HB;PARK7;ALDH8A1;PYCR1;BPHL;GCSH;HAL;FAH;GCLM;HMGCL;PSAT1;AGMAT;GLS;MTHFD1;MCCC2;ECHS1;SARDH;DLD;BHMT2;GOT1;GCAT;NAT8L;IVD;GPT2;HDC;SERINC3;FTCD;PLOD2;PSPH;FH;SEPSECS;ENOPH1;ABCC4;NIT2;MTTP;QDPR;HIBADH;HSD17B10;PLOD3;GCDH;MTHFD2L;SHMT2;ATF4;CLN3;MTHFS;GLUD2;ALDH5A1"
"Dendritic Spine Development",1.54300705314713,0.0485716522972667,"NDP;DBN1;PAK3;CPEB3;CAMK1;PTPRS;SRGAP2;DLG5;NGEF;ARHGAP33;ARHGAP44;SLC12A5;KIF1A;ZDHHC15;PTPRD;MAPRE3;DLG4;ZMYND8;STAU2"
"Regulation of Lipid Metabolic Process",-1.34713196868215,0.0485994676015678,"PGK1;MLXIPL;IDH1;APOC1;NR1H4;FABP3;PDK1;NME1;SEC14L2;APOA1;SCARB1;SPATA18;LPIN1;STAR;TPK1;ABHD5;TMX1;ANGPTL3;NR3C1;LPCAT3;RORA;RAB38;APOE;BBS4;FABP5;FBXW7;STARD4;ACSL3;ABHD6;PRKAA1;PDK3;INSIG2;TBL1XR1;LPGAT1;MAPK1;PSAP;HCAR3;ELOVL5"
"Actin Filament Bundle Organization",1.47907796956183,0.0487131037992399,"LIMCH1;ARHGAP28;ARHGEF10L;MICAL1;FSCN1;ARHGAP6;SORBS1;LIMS2;NRP1;ITGB5;PAWR;EPS8;SHROOM2;CGNL1;PDLIM1;SORBS3;PIK3R1;TTC8;PAK1;MARCKS;ACTG1;INPP5K;ARHGEF18;TESK1;LIMK1;TNFAIP1;DIAPH3;CD47;TGFB3;ASAP3;FERMT2;FLNA;SRF;ESPNL;PARVB;CLASP1;MYL9;AMOT;TJP1;SYNPO2L;BAIAP2L1;FAM171A1;WNT4;ROCK2;CORO1B;ARHGEF5;KCTD13;AIF1L"
"Action Potential",1.50026524865522,0.0487131037992399,"CACNB3;NDP;JUP;CAMK2D;FGF12;ANK2;KCNJ8;KCNMB2;DSP;ANK3;GJA5;KCNQ1;CACNB2;SCN5A;GJC1;KCNMB3;SCN9A;NTRK2;KCNC1;AKAP9;KCNIP2;KCND2;GRIK2;KCNJ5;FLNA;CACNA1G;CHRNB2;CTNNA3;KCNG1;SCN3B"
"Endocardial Cushion Development",1.63026820866422,0.0487131037992399,"DCHS1;TGFB2;HEYL;CRELD1;ADAMTS5;TBX3;JAG1;SNAI2;BMPR2;SOX9;APLNR;TGFB3"
"Negative Regulation of Developmental Growth",1.56891873539733,0.0487131037992399,"WNT5A;SEMA5A;SOCS2;SAV1;NRP1;PTPRS;SEMA6C;BCL11A;TLL2;FOXP1;PAK1;ULK2;VGLL4;CDH1;WWC3;MAG;RYK;GSK3A;WWC2;ULK1"
"Regulation of Anatomical Structure Size",1.34258281139888,0.0487131037992399,"FSHR;IQGAP3;WNT5A;SEMA5A;CDH4;PLEKHH2;CASR;ARHGAP28;AKT3;VSTM4;SEMA7A;PAK3;DAAM2;KANK1;CDKL5;HIP1R;ADRA2A;NRP1;FCHSD1;KANK2;PLEKHG2;PTPRS;SEMA6C;ACE;SSH3;KCNJ8;KCNMB2;BCL11A;EPS8;GJA5;TTL;AVPR1A;PIK3CA;SLC12A4;ITGA9;ZDHHC21;PAK1;TMOD2;ULK2;WNK3;SPTBN2;GDI1;WDTC1;FN1;AQP1;KCNK6;SLC12A5;CDH1;COL6A1;TMOD1;OXTR;EDNRB;SEMA3A;BMPR2;CDC42EP1;MAG;FAAH;RARG;CRABP2;RYK;GBA2;LIMK1;NPPA;ULK1;TMSB4X;EXT1;CNTN2;ZFYVE27;AVIL;ASXL1;SRF;DIP2B;F2R"
"Srp Dependent Cotranslational Protein Targeting to Membrane",-1.77975386727591,0.0487131037992399,"SRPRB;TRAM2;SEC61B;SSR3;SEC61A1;SEC61G;SRP72;SRP68;SRP19;SRP9;TRAM1;SEC63;SRP14;SRP54"
"Regulation of Membrane Repolarization",1.66075496470535,0.0493363042493366,"CACNB3;ANK2;GJA5;KCNQ1;SCN5A;NPPA;AKAP9;KCNIP2;FLNA"
"Metaphase Chromosome Alignment",1.51830883461138,0.049366275994402,"KIFC1;TTK;BIRC5;CENPE;CENPA;RCC2;KIF2C;NUMA1;TTL;KIF18A;SKA2;KIF14;CDK1;ZWINT;CEP55;SKA3;FAM83D;SPAG5;GEM;CENPF;KIF22;MAD1L1;CENPV;CHMP4C;INCENP;PMF1;NEK2;NDC80;CCNB1;SIRT1;DCTN2"
"Forebrain Development",1.35063662627465,0.0499545639095096,"WNT5A;SEMA5A;ASPM;HES1;NR4A3;NDNF;SEMA7A;FOS;PCDH9;BTG2;SYNE2;FBXO41;NRP1;PTPRS;SMO;TMEM108;DAB2IP;ALDH1A2;AVPR1A;SRGAP2;SCN5A;FOXP1;CEP120;FILIP1;TTC8;TBX3;FEZ1;FGFR1;AQP1;KIF14;CAPS2;CDH1;FYN;AXL;CDK6;FOXP2;SEMA3A;NR4A2;DCT;MDK;NTRK2;FOXG1;RYK;MDGA1;INHBB;KCNC1;EGFR;SECISBP2;ATRX;NRP2;NOTCH3;EXT1;CNTN2;TYRO3;TUBA1A;GDF7;DLX5;FLNA;SRF;KDM1A;KIRREL3;FAT4;CHD7;FXR2;SUN1;CHRNB2;XAB2;PPP1R9B;FGFR2"
"Positive Regulation of Autophagy of Mitochondrion",-1.81161855842197,0.0499545639095096,"BNIP3;VDAC1;HK2;PARK7;EIF2AK1"
