"Term","pathway","ES","NES","pval","padj","size","LeadingEdgeGenes"
"Organophosphate Biosynthetic Process","GOBP_ORGANOPHOSPHATE_BIOSYNTHETIC_PROCESS",-0.480037996765274,-2.26421603341546,6.18454787530071e-25,2.16644712071784e-21,484,"AK4;AK7;PGK1;IDH1;PNPLA3;FDPS;ELOVL6;QPRT;FADS1;AGPAT5;NR1H4;MOCOS;ACAT2;AK2;FABP3;MVK;PDK1;HEXB;GK5;GNPDA1;TPI1;ENO1;ACLY;HSD17B12;MVD;NME1;MPI;GMDS;MTM1;PAICS;APOA1;SLC19A3;DLAT;NDUFB9;LPIN1;MAP2K1;TPK1;ABHD5;TECR;PIK3C2A;APRT;GMPPB;HMGCS1;PCYT1A;PIK3C3;LPCAT3;RAB38;PAPSS2;NDUFS3;PCYT2;FASN;DGKG;ACSS2;PPT1;PTEN;IDI1;FABP5;PI4K2B;NANP;SPTLC2;ACSL1;LIPA;ACSL3;TKT;ALDOA;NDUFA9;DGUOK;SRD5A3;GK;GMPS;MOCS2;NDUFB3;PTPMT1;PDK3;IMPDH2;FITM2;PLD2;PGAP2;ACOT7;HMGCR;MTMR7;GFPT1;PCCA;LPGAT1;PNP;CMAS;PDXK;NUDT2;NDUFS8;GPAM;MTHFD1;FAR1;NDUFAB1;NDUFA12;ELOVL5;NDUFS5;ACSL4;PANK1;PIGU;AMPD3;PPIP5K2;OSBP;MTMR4;SGMS2;NUS1;NDUFA8;GPHN;NDUFA6;CPNE1;NME4;UPP1;DPM3;SDHD;ACACA;PIGA;NDUFC2;PMVK;NDUFV2;NDUFB2;IPMK;PIP5K1B;STOML2;IPPK;GGPS1;DLD;UXS1;MCEE;NDUFA1;PGM3;LIPH;DCTD;PRKAG2;SLC25A13;ATIC;PGS1;TBPL1;LHCGR;ABHD4;RRM1;MLYCD;PIK3C2B;SCP2;DTYMK;HPRT1;NDUFB10;SGMS1;SPTLC1;PIGP;NDUFB8;ABHD3;PMM2;DOLPP1;MFSD2A"
"Mitochondrial Gene Expression","GOBP_MITOCHONDRIAL_GENE_EXPRESSION",-0.639565120891827,-2.70059634875783,2.04245015606244e-19,2.38490096556225e-16,150,"TRMT61B;MRPL22;MRPL40;LRPPRC;MRPL13;MRPS22;MRPL17;MRPS35;MRPL14;EARS2;C1QBP;MRPL3;MRPL32;MRPL18;MRPS17;MRPL44;IARS2;MRPL39;MRPL21;TACO1;PRKAA1;MRPS23;MRPS10;MRPL49;RMND1;DAP3;MRPL46;TRIT1;MRPL24;SLIRP;CDK5RAP1;TFB2M;TRUB2;TFAM;MRPS6;FASTKD1;MRPL50;MRPL27;GFM1;MRPL9;MRPS15;SLC25A33;MRPS16;MRPL52;FASTKD5;MRPS28;GFM2;MRPS31;MRPL47;MRPS34;MRPS26;MRPL23;FASTKD3;PUS1;CHCHD1;MRPL15;MRPL20;PTCD3;MRPS14;YARS2;MRPS11;MRPS24;MRPS25;TSFM;GATC;MTG1;MRPL33;MRPS2;MRPL55;MRPS7;HSD17B10;FOXO3;SHMT2;LARS2;AURKAIP1;MRPS27;MRPL48;MRPL35;MRPL30;MRPS33;FASTK;MRPL51;FASTKD2;MRPL42;PNPT1;TUFM;SUPV3L1;MRPL12;MRPL4;MTIF3;MRPS21;MRPL28"
"Purine Containing Compound Metabolic Process","GOBP_PURINE_CONTAINING_COMPOUND_METABOLIC_PROCESS",-0.462067863523508,-2.16340511857394,1.61680834794081e-19,2.38490096556225e-16,428,"AK4;PGK1;LDHA;MLXIPL;CROT;IDH1;ENPP3;ALDOC;ENO2;ELOVL6;QPRT;UCP2;SLC2A6;LDHB;UCHL1;AK2;MVK;PDK1;TPI1;ENO1;GAPDH;ACLY;HSD17B12;ACO1;GOT2;MVD;NME1;CASK;GPI;PAICS;NUDT5;PFKP;PFKFB4;DLAT;NDUFB9;HK2;MAP2K1;PGAM1;TPK1;TECR;APRT;HMGCS1;PGAM4;RORA;PAPSS2;NDUFS3;FASN;PDE8A;ACSS2;PPT1;MFSD8;MDH1;RAN;HSD17B4;NUDT12;SLC4A4;ACSL1;LIPA;ACSL3;SLC25A18;TKT;ALDOA;NDUFA9;PRKAA1;DGUOK;GMPS;NDUFB3;PDK3;PDE10A;IMPDH2;FITM2;HKDC1;ACOT7;HMGCR;NUDT16;PCCA;PNP;PFKFB3;ENPP4;NUDT2;NDUFS8;ENTPD7;GPAM;MTHFD1;FAR1;NDUFAB1;PGD;NDUFA12;ELOVL5;NDUFS5;ACSL4;PANK1;AMPD3;FIS1;MCCC2;RPE;SUCLG1;NDUFA8;NDUFA6;FBP1;ITPA;NME4;SDHD;ACACA;DHTKD1;NDUFC2;ACOT4;PMVK;NDUFV2;NDUFB2;GNAI3;PSEN1;STOML2;OXSM;MTCH2;PGM2;DLD;GOT1;MCEE;NDUFA1;PRKAG2;ACOT9;NUDT3;SLC25A13;ATIC"
"Nucleoside Phosphate Biosynthetic Process","GOBP_NUCLEOSIDE_PHOSPHATE_BIOSYNTHETIC_PROCESS",-0.538156810171593,-2.42123244465721,8.29262929013546e-18,7.26227010083613e-15,236,"AK4;AK7;PGK1;ELOVL6;QPRT;AK2;PDK1;GNPDA1;ENO1;ACLY;HSD17B12;NME1;MPI;GMDS;PAICS;DLAT;NDUFB9;MAP2K1;TPK1;TECR;APRT;GMPPB;PAPSS2;NDUFS3;FASN;ACSS2;PPT1;NANP;ACSL1;LIPA;ACSL3;ALDOA;NDUFA9;DGUOK;GMPS;NDUFB3;PDK3;IMPDH2;ACOT7;GFPT1;PCCA;PNP;CMAS;NUDT2;NDUFS8;MTHFD1;NDUFAB1;NDUFA12;ELOVL5;NDUFS5;ACSL4;PANK1;AMPD3;NDUFA8;NDUFA6;NME4;UPP1;SDHD;ACACA;NDUFC2;NDUFV2;NDUFB2;STOML2;DLD;UXS1;MCEE;NDUFA1;PGM3;DCTD;PRKAG2;SLC25A13;ATIC;TBPL1;RRM1;MLYCD;DTYMK;HPRT1;NDUFB10;NDUFB8;PMM2"
"Mitochondrial Translation","GOBP_MITOCHONDRIAL_TRANSLATION",-0.653679099130551,-2.69034489050937,1.23301179697914e-16,8.63848064963588e-14,120,"MRPL22;MRPL40;LRPPRC;MRPL13;MRPS22;MRPL17;MRPS35;MRPL14;EARS2;C1QBP;MRPL3;MRPL32;MRPL18;MRPS17;MRPL44;IARS2;MRPL39;MRPL21;TACO1;MRPS23;MRPS10;MRPL49;RMND1;DAP3;MRPL46;MRPL24;CDK5RAP1;TRUB2;MRPS6;MRPL50;MRPL27;GFM1;MRPL9;MRPS15;MRPS16;MRPL52;MRPS28;GFM2;MRPS31;MRPL47;MRPS34;MRPS26;MRPL23;FASTKD3;CHCHD1;MRPL15;MRPL20;PTCD3;MRPS14;YARS2;MRPS11;MRPS24;MRPS25;TSFM;GATC;MTG1;MRPL33;MRPS2;MRPL55;MRPS7;SHMT2;LARS2;AURKAIP1;MRPS27;MRPL48;MRPL35;MRPL30;MRPS33;MRPL51;FASTKD2;MRPL42;TUFM;MRPL12;MRPL4;MTIF3;MRPS21;MRPL28"
"Small Molecule Biosynthetic Process","GOBP_SMALL_MOLECULE_BIOSYNTHETIC_PROCESS",-0.419032074421755,-1.97238216203778,6.9153175818201e-16,4.03739291485264e-13,449,"PGK1;MLXIPL;EBP;FADS2;NSDHL;FDPS;ALDOC;ENO2;ELOVL6;SCD;APOC1;FADS1;NR1H4;CYP51A1;DHCR7;MVK;PLOD1;ACSS3;TPI1;ENO1;HSD17B7;SORD;ACLY;AACS;HSD17B12;SIGMAR1;GOT2;LSS;PDSS1;MVD;NME1;GPI;VDAC1;SEC14L2;APOA1;PTGES;SLC19A3;PFKFB4;PGAM1;STAR;LTA4H;TPK1;AKR1B1;PARK7;TECR;OSBPL6;SQLE;ALDH8A1;APRT;HMGCS1;PYCR1;MTHFD1L;NR3C1;LPCAT3;APOE;FASN;ACSS2;IDI1;ERRFI1;FABP5;HSD17B4;NANP;PLTP;STARD4;SPTLC2;ACSL1;LIPA;FDFT1;NDUFA9;PRKAA1;HMGCL;PDSS2;PSAT1;DHRS9;SPTSSA;INSIG2;ACOT7;HMGCR;ACOX1;LPGAT1;MAPK1;PNP;AGK;GLS;PFKFB3;SLC39A14;PDXK;MTHFD1;ALDH1A3;NDUFAB1;PGD;ELOVL5;ACSL4;PPIP5K2;OSBP;ERLIN2;MECR;HSD17B1;FBP1;ACER2;COQ5;PTGES3;ACACA;SPR;ACOT4;PMVK;IPMK;GSTP1;BCAT1;OXSM;CYP2R1;CBR1;DHCR24;IPPK;PGM2;LDHAL6B;BHMT2;GOT1;HSD3B1;DCTD;PECR;PRKAG2;SLC25A13;INSIG1;DGAT2;ERLIN1;PLOD2;LHCGR;PSPH;MLYCD;MIF;NLN;SCP2;DTYMK;COQ3;HPRT1;DECR2;SPTLC1;ABHD3;ABHD2;PLAA;ASAH1;SEPSECS;ENOPH1;MTHFD2;GAMT;NR1H3"
"Monocarboxylic Acid Metabolic Process","GOBP_MONOCARBOXYLIC_ACID_METABOLIC_PROCESS",-0.408764102958062,-1.91554685070577,1.7260329547904e-14,8.63756205804394e-12,474,"PGK1;LDHA;MLXIPL;CROT;FADS2;IDH1;PNPLA3;ALDOC;ENO2;ELOVL6;DECR1;SCD;APOC1;FADS1;UCP2;NR1H4;SLC2A6;ACAT2;LDHB;UCHL1;FABP3;PDK1;TPI1;ENO1;GAPDH;SORD;ACLY;AACS;SLC6A8;HSD17B12;SLC16A3;SIGMAR1;MGAT4A;NME1;GPI;VDAC1;PTGES;PFKP;PFKFB4;DLAT;LPIN1;HK2;PGAM1;STAR;TPK1;AKR1B1;PARK7;ABHD5;TECR;OSBPL6;ALDH8A1;ANGPTL3;DBI;PGAM4;MTHFD1L;APOE;FASN;ACSS2;HAL;MFSD8;ERRFI1;FABP5;HSD17B4;AKR1C2;NUDT12;TYRP1;STARD4;SLC4A4;ACSL1;LIPA;ACSL3;FAH;SCPEP1;ALDOA;ABHD6;PRKAA1;D2HGDH;GRHPR;DHRS9;PDK3;HKDC1;INSIG2;MRS2;ACOT7;ACOX1;ETFB;PCCA;LPGAT1;PFKFB3;GPAM;ALDH1A3;NDUFAB1;PGD;ELOVL5;ACBD5;SLC16A1;ALDH3A2;ACSL4;ABHD10;OSBP;ERLIN2;MECR;ETFA;FBP1;SLC25A16;PTGES3;ACACA;DHTKD1;ACOT4;GSTP1;PSEN1;AKR1C1;ECH1;ECHS1;OXSM;CBR1;MTCH2;ADH5;HADH;LDHAL6B;DLD;MCEE;IVD;GPX1;PECR;PRKAG2;ACOT9;INSIG1;FTCD;DGAT2;ERLIN1;MLYCD;MIF;SCP2;NUDT8;DECR2;ABHD3;ABHD2;PLAA;ASAH1;ETFDH;MFSD2A;MTHFD2;GAMT;NR1H3;VNN2;PNPLA8;ABCC4;TRIB3;HAGH;MTTP;CCDC93;AKR1A1;STAT3;PDHB;ABCD3;PTGR1;SLC45A3;PGM1;NAMPT;ARV1;VNN1;SREBF1;ECI2;XYLB;LYPLA1;ECHDC3;POR;PHYH;ECHDC1;HSD17B10;ARL2;GCDH;PCCB;ADPGK;PPP2CA;SHMT2;NME2;ABCC2"
"Purine Containing Compound Biosynthetic Process","GOBP_PURINE_CONTAINING_COMPOUND_BIOSYNTHETIC_PROCESS",-0.542852886992702,-2.3475505154948,2.26426658110544e-14,9.91465729201545e-12,188,"AK4;PGK1;ELOVL6;QPRT;AK2;PDK1;ENO1;ACLY;HSD17B12;NME1;PAICS;DLAT;NDUFB9;MAP2K1;TPK1;TECR;APRT;PAPSS2;NDUFS3;FASN;ACSS2;PPT1;ACSL1;LIPA;ACSL3;ALDOA;NDUFA9;DGUOK;GMPS;NDUFB3;PDK3;IMPDH2;ACOT7;PCCA;PNP;NUDT2;NDUFS8;MTHFD1;NDUFAB1;NDUFA12;ELOVL5;NDUFS5;ACSL4;PANK1;AMPD3;NDUFA8;NDUFA6;NME4;SDHD;ACACA;NDUFC2;NDUFV2;NDUFB2;STOML2;PGM2;DLD;MCEE;NDUFA1;PRKAG2;SLC25A13;ATIC;MLYCD;HPRT1;NDUFB10;NDUFB8;STAT3;NME3;NME7;PDHB;NDUFA7;NAMPT;NDUFC1;PAPSS1;GCDH;MTHFD2L;SDHC;NME2;NDUFA13;CBR4"
"Nucleoside Triphosphate Metabolic Process","GOBP_NUCLEOSIDE_TRIPHOSPHATE_METABOLIC_PROCESS",-0.525669121025828,-2.32100489087833,2.81307479754731e-14,1.09491122397869e-11,211,"AK4;PGK1;LDHA;MLXIPL;ENPP3;ALDOC;ENO2;UCP2;SMPDL3A;SLC2A6;UCHL1;AK2;TPI1;ENO1;GAPDH;NME1;GPI;ENTPD3;NUDT5;PFKP;PFKFB4;NDUFB9;HK2;MAP2K1;PGAM1;PGAM4;NDUFS3;MFSD8;RAN;SLC4A4;LIPA;ALDOA;NDUFA9;PRKAA1;DGUOK;NDUFB3;IMPDH2;HKDC1;NUDT16;PFKFB3;NUDT2;NDUFS8;ENTPD7;NDUFAB1;NDUFA12;NDUFS5;FIS1;NDUFA8;NDUFA6;FBP1;ITPA;NME4;SDHD;DHTKD1;NDUFC2;NDUFV2;NDUFB2;GNAI3;PSEN1;STOML2;MTCH2;NDUFA1;PRKAG2;SLC25A13;TBPL1;DTYMK;NDUFB10;NDUFB8;FIGNL1;MTTP;STAT3;NME3;NME7;PGM1;NDUFA7;ATP6V1B2;CLPX;NDUFC1;DCTPP1;ARL2;SDHC;ADPGK;PPP2CA;NME2;NDUFA13;PRKAG1;VCP;OLA1;NDUFS4;DNM1L;CMPK2"
"Nucleotide Metabolic Process","GOBP_NUCLEOTIDE_METABOLIC_PROCESS",-0.43270407904587,-2.00281478354479,6.00498142357416e-14,2.10354499267803e-11,367,"AK4;AK7;PGK1;LDHA;MLXIPL;IDH1;ENPP3;ALDOC;ENO2;QPRT;UCP2;SLC2A6;LDHB;UCHL1;AK2;TPI1;ENO1;GAPDH;ACO1;GOT2;NME1;CASK;GPI;PAICS;NUDT5;PFKP;PFKFB4;NDUFB9;HK2;MAP2K1;PGAM1;PARK7;APRT;PGAM4;RORA;PAPSS2;NDUFS3;PDE8A;MFSD8;MDH1;RAN;NUDT12;SLC4A4;LIPA;SLC25A18;TKT;ALDOA;NDUFA9;PRKAA1;DGUOK;GMPS;NDUFB3;PDE10A;IMPDH2;HKDC1;NUDT16;PNP;PFKFB3;NUDT2;NDUFS8;ENTPD7;MTHFD1;NDUFAB1;PGD;NDUFA12;NDUFS5;AMPD3;FIS1;RPE;NDUFA8;NDUFA6;FBP1;ITPA;UNG;NME4;UPP1;SDHD;DHTKD1;NDUFC2;NDUFV2;NDUFB2;GNAI3;PSEN1;STOML2;MTCH2;GOT1;NDUFA1;DCTD;PRKAG2;NUDT3;SLC25A13;ATIC;TBPL1;RRM1;PTHLH;DTYMK;HPRT1;NDUFB10;MPP1;NDUFB8;RPIA"
"Generation of Precursor Metabolites and Energy","GOBP_GENERATION_OF_PRECURSOR_METABOLITES_AND_ENERGY",-0.426270863931059,-1.96946122274348,1.49496549044516e-13,4.76078555729946e-11,371,"AK4;PGK1;LDHA;MLXIPL;CROT;IDH1;MT3;ALDOC;ENO2;UCP2;SLC2A6;UCHL1;PDK1;ACSS3;GNPDA1;TPI1;ENO1;KL;GAPDH;AACS;ACO1;SOD2;GPI;PFKP;PFKFB4;DLAT;NDUFB9;HK2;IGF2;PGAM1;CAT;TPK1;PPP1CC;PARK7;AGL;PGAM4;PYGL;NDUFS3;UQCR11;PPIF;NDUFAF1;MFSD8;MDH1;TYRP1;SLC4A4;GYG2;LIPA;EPM2A;TKT;ALDOA;NDUFA9;PRKAA1;DGUOK;HMGCL;DHRS2;NDUFB3;PDK3;UQCRC2;HKDC1;GYS1;ACOX1;NHLRC1;GFPT1;GBE1;ETFB;PFKFB3;NDUFS8;IDE;RHOA;PDIA5;NDUFAB1;PGD;NDUFA12;NDUFS5;CYC1;RPE;GHITM;SUCLG1;NDUFA8;ETFA;NDUFA6;FBP1;SDHD;DHTKD1;COX6C;NDUFC2;NDUFV2;NDUFB2;PSEN1;UQCRH;PHKA1;STOML2;MTCH2;UQCRFS1;PGM2;DLD;SLC25A33;NDUFA1;PPP1R3G"
"Cellular Respiration","GOBP_CELLULAR_RESPIRATION",-0.483763188876877,-2.20250733950987,1.7792924204212e-13,5.19405112394622e-11,250,"AK4;PGK1;LDHA;MLXIPL;IDH1;ALDOC;ENO2;UCP2;SLC2A6;UCHL1;PDK1;TPI1;ENO1;GAPDH;ACO1;SOD2;GPI;PFKP;PFKFB4;DLAT;NDUFB9;HK2;PGAM1;CAT;TPK1;PARK7;PGAM4;NDUFS3;UQCR11;PPIF;NDUFAF1;MFSD8;MDH1;SLC4A4;LIPA;ALDOA;NDUFA9;PRKAA1;DGUOK;NDUFB3;PDK3;UQCRC2;HKDC1;ETFB;PFKFB3;NDUFS8;IDE;RHOA;NDUFAB1;NDUFA12;NDUFS5;CYC1;GHITM;SUCLG1;NDUFA8;ETFA;NDUFA6;FBP1;SDHD;DHTKD1;COX6C;NDUFC2;NDUFV2;NDUFB2;PSEN1;UQCRH;STOML2;MTCH2;UQCRFS1;DLD;SLC25A33;NDUFA1;PRKAG2;SLC25A13;COQ10A;COX5B;FH;NDUFB10;NDUFB8;ETFDH;TRAP1;MTTP;STAT3;MSH2;PDHB;UQCR10;PGM1;NDUFA7;COX4I1;UQCRQ;NDUFC1;CISD1;ARL2;SDHC;ADPGK;PPP2CA;SHMT2;IFNAR1;NDUFA13;IL10RB;COX7C;PRKAG1;NDUFA4;MDH2;VCP;BLOC1S1;NDUFS4"
"Atp Metabolic Process","GOBP_ATP_METABOLIC_PROCESS",-0.542508572722699,-2.31307488797898,5.10795374345634e-13,1.37639707410212e-10,169,"AK4;PGK1;LDHA;MLXIPL;ENPP3;ALDOC;ENO2;UCP2;SLC2A6;UCHL1;AK2;TPI1;ENO1;GAPDH;GPI;NUDT5;PFKP;PFKFB4;NDUFB9;HK2;MAP2K1;PGAM1;PGAM4;NDUFS3;MFSD8;SLC4A4;LIPA;ALDOA;NDUFA9;PRKAA1;NDUFB3;HKDC1;PFKFB3;NUDT2;NDUFS8;NDUFAB1;NDUFA12;NDUFS5;FIS1;NDUFA8;NDUFA6;FBP1;SDHD;DHTKD1;NDUFC2;NDUFV2;NDUFB2;PSEN1;STOML2;MTCH2;NDUFA1;PRKAG2;SLC25A13"
"Ribose Phosphate Metabolic Process","GOBP_RIBOSE_PHOSPHATE_METABOLIC_PROCESS",-0.451959182921822,-2.06585834596001,5.24845124645454e-12,1.31323747973788e-09,284,"AK4;PGK1;LDHA;MLXIPL;ENPP3;ALDOC;ENO2;UCP2;SLC2A6;UCHL1;AK2;TPI1;ENO1;GAPDH;NME1;CASK;GPI;PAICS;NUDT5;PFKP;PFKFB4;NDUFB9;HK2;MAP2K1;PGAM1;APRT;PGAM4;RORA;PAPSS2;NDUFS3;PDE8A;MFSD8;RAN;SLC4A4;LIPA;ALDOA;NDUFA9;PRKAA1;GMPS;NDUFB3;PDE10A;IMPDH2;HKDC1;PNP;PFKFB3;NUDT2;NDUFS8;ENTPD7;MTHFD1;NDUFAB1;NDUFA12;NDUFS5;AMPD3;FIS1;NDUFA8;NDUFA6;FBP1;ITPA;NME4;UPP1;SDHD;DHTKD1;NDUFC2;NDUFV2;NDUFB2;GNAI3;PSEN1;STOML2;MTCH2;NDUFA1;PRKAG2;NUDT3;SLC25A13;ATIC"
"Nucleoside Diphosphate Metabolic Process","GOBP_NUCLEOSIDE_DIPHOSPHATE_METABOLIC_PROCESS",-0.587055684626671,-2.378691247977,1.66885164142283e-11,3.89732486660278e-09,113,"AK4;PGK1;LDHA;MLXIPL;ALDOC;ENO2;UCP2;SLC2A6;UCHL1;AK2;TPI1;ENO1;GAPDH;NME1;CASK;GPI;ENTPD3;NUDT5;PFKP;PFKFB4;HK2;PGAM1;PGAM4;MFSD8;SLC4A4;LIPA;ALDOA;PRKAA1;HKDC1;PFKFB3;ENTPD7"
"Pyruvate Metabolic Process","GOBP_PYRUVATE_METABOLIC_PROCESS",-0.596891479902887,-2.37829324887674,4.01917372768948e-11,8.79947848006015e-09,105,"PGK1;LDHA;MLXIPL;ALDOC;ENO2;UCP2;SLC2A6;LDHB;UCHL1;PDK1;TPI1;ENO1;GAPDH;SLC16A3;GPI;VDAC1;PFKP;PFKFB4;DLAT;HK2;PGAM1;TPK1;PGAM4;MFSD8;SLC4A4;LIPA;ALDOA;PRKAA1;PDK3;HKDC1;PFKFB3;SLC16A1;FBP1;DHTKD1;PSEN1;MTCH2;LDHAL6B;DLD"
"Carbohydrate Catabolic Process","GOBP_CARBOHYDRATE_CATABOLIC_PROCESS",-0.526388112217424,-2.22451074319049,1.39511404560407e-10,2.87475558926532e-08,148,"PGK1;LDHA;MLXIPL;ALDOC;ENO2;UCP2;SLC2A6;UCHL1;HEXB;GK5;TPI1;ENO1;GAPDH;SORD;MPI;GPI;NUDT5;PFKP;PFKFB4;GM2A;HK2;PGAM1;AGL;PGAM4;PYGL;MFSD8;SLC4A4;GALT;LIPA;ALDOA;PRKAA1;GK;HKDC1;PFKFB3;LCT;MANBA;GALE;GALM;NEU1;FBP1;GLB1;DHTKD1;PSEN1;PHKA1;MTCH2;NAGA;PGM2"
"Ribonucleoprotein Complex Biogenesis","GOBP_RIBONUCLEOPROTEIN_COMPLEX_BIOGENESIS",-0.373086529225151,-1.75016032444523,1.76078960266084e-10,3.42669221006719e-08,441,"MPHOSPH6;TRMT61B;GAPDH;WDR43;NOL3;EIF3I;DKC1;SRPK2;CUL4B;RCL1;RRP36;RPF2;YBEY;C1QBP;RAN;RUVBL1;SNRNP40;RPS12;SHQ1;EXOSC8;PRMT5;NHP2;EIF3B;RRN3;DDX47;NIP7;NPM1;RRP7A;NUDT16;NOL11;RPL38;HSP90AB1;SNIP1;MRTO4;RPL7L1;TXNL4A;NDUFAB1;DDX1;TFB2M;SUV39H1;RPS13;CINP;TSR1;EBNA1BP2;IMP3;DDX55;RPP40;EXOSC7;PTGES3;RPS28;RPLP0;GNL2;NSUN4;HEATR3;NOP10;GTPBP4;ATR;RPS8;SNRPD3;RPL27;C1D;RPS5;RPP30;RUVBL2;RPS15A;RPS23;RPL35A;EIF2S2;RPS21;SF3B5;WDR36;RPL5;RPSA;RPS27A;POP4;METTL5;EMG1;SNRPD2;SRFBP1;RPL7A;HSP90AA1;FTSJ3;NOL7;RPS6;USP39;RNU6ATAC;RPS19BP1;RPL35;SNRPD1;MTG1;DDX31;SNRPA1;SNRPG;DCAF13;RPUSD2;RPS24;NVL;DDX52;NOP14;LSM4;TGS1;UTP6;SYNCRIP;URB2;DDX21;MRPS2;USP4;BYSL;UTP20;FBL;RPL13A;PRKDC;CLP1;RPS17;WDR3;RPS3A;NOB1;WDR77;RPS14;EIF5B;BMS1;RPS19;PES1;RPL11;SNRPB2;LAS1L;WDR12;RPL7;SRPK1;RPL14;NOP16;XRCC5;PHF5A;PWP1;DDX49;SNRPB;DICER1;SNRNP25;WDR74;DHX9;NAT10;POP7;SDAD1;SNRNP48;GEMIN6;SNRNP200;DDX18;LSM5;FASTKD2;FCF1;PIN4;HEATR1;SNRPC;NMD3;NSA2;RPL26;NOM1;METTL18;TSR2;SF3B3;FRG1;RPS27L;RNU2-1;TUFM;RPS16;EXOSC2;RNU5E-1;SNRPE"
"Oxidative Phosphorylation","GOBP_OXIDATIVE_PHOSPHORYLATION",-0.595640676050361,-2.34927142867772,2.19716012287616e-10,4.05086942654484e-08,101,"AK4;MLXIPL;NDUFB9;PARK7;NDUFS3;UQCR11;PPIF;NDUFAF1;NDUFA9;DGUOK;NDUFB3;UQCRC2;NDUFS8;RHOA;NDUFAB1;NDUFA12;NDUFS5;CYC1;GHITM;NDUFA8;NDUFA6;SDHD;COX6C;NDUFC2;NDUFV2;NDUFB2;UQCRH;STOML2;MTCH2;UQCRFS1;DLD;SLC25A33;NDUFA1;COX5B;NDUFB10;NDUFB8;MSH2;UQCR10;NDUFA7;COX4I1;UQCRQ;NDUFC1;SDHC;SHMT2;NDUFA13;COX7C;NDUFA4;VCP;NDUFS4;CHCHD2;COX6B1;COX7A2;TMEM135;COX7B;NDUFS1;COX6A1;SDHB;NDUFA11;SDHAF2"
"Nucleotide Biosynthetic Process","GOBP_NUCLEOTIDE_BIOSYNTHETIC_PROCESS",-0.511809501625525,-2.17550762716711,5.03292357875757e-10,8.81516564819389e-08,155,"AK4;AK7;QPRT;AK2;ENO1;NME1;PAICS;NDUFB9;MAP2K1;APRT;PAPSS2;NDUFS3;LIPA;ALDOA;NDUFA9;DGUOK;GMPS;NDUFB3;IMPDH2;PNP;NUDT2;NDUFS8;MTHFD1;NDUFAB1;NDUFA12;NDUFS5;AMPD3;NDUFA8;NDUFA6;NME4;UPP1;SDHD;NDUFC2;NDUFV2;NDUFB2;STOML2;NDUFA1;DCTD;PRKAG2;SLC25A13;ATIC;TBPL1;RRM1;DTYMK;HPRT1;NDUFB10;NDUFB8;DHODH;STAT3;NME3;NME7;NDUFA7;NAMPT;NDUFC1;PAPSS1;MTHFD2L;SDHC;NME2;NDUFA13;VCP;GART;NDUFS4;CMPK2"
"Organophosphate Catabolic Process","GOBP_ORGANOPHOSPHATE_CATABOLIC_PROCESS",-0.462001096494785,-2.01025647396351,8.88717598836875e-10,1.48246559463123e-07,207,"PGK1;LDHA;MLXIPL;IDH1;ENPP3;ALDOC;ENO2;APOC1;UCP2;SMPDL3A;SLC2A6;UCHL1;TPI1;ENO1;GAPDH;NME1;GPI;ENTPD3;SCARB1;NUDT5;PFKP;PFKFB4;HK2;PGAM1;PRDX6;ANGPTL3;PGAM4;PDE8A;MFSD8;NUDT12;SLC4A4;GALT;LIPA;ALDOA;ABHD6;PRKAA1;PDE10A;FITM2;PLD2;HKDC1;ACOT7;NUDT16;PNP;PFKFB3;GALE;ENTPD7;AMPD3;GALM;SUCLG1;FBP1;ITPA;UNG;UPP1;DHTKD1;PSEN1;ABHD12B;MTCH2"
"Nucleoside Diphosphate Catabolic Process","GOBP_NUCLEOSIDE_DIPHOSPHATE_CATABOLIC_PROCESS",-0.598946682406828,-2.3275221614974,1.04111002921657e-09,1.65773110561165e-07,88,"PGK1;LDHA;MLXIPL;ALDOC;ENO2;UCP2;SLC2A6;UCHL1;TPI1;ENO1;GAPDH;GPI;ENTPD3;NUDT5;PFKP;PFKFB4;HK2;PGAM1;PGAM4;MFSD8;SLC4A4;LIPA;ALDOA;PRKAA1;HKDC1;PFKFB3;ENTPD7;FBP1;DHTKD1;PSEN1;MTCH2"
"Alcohol Metabolic Process","GOBP_ALCOHOL_METABOLIC_PROCESS",-0.437485582397995,-1.98864243167222,1.16404446488195e-09,1.69901990020062e-07,247,"EBP;IDH1;NSDHL;FDPS;CYP11A1;APOC1;NR1H4;PCSK9;CYP51A1;DHCR7;MVK;GK5;TPI1;VLDLR;HSD17B7;SORD;ACLY;LSS;MVD;SEC14L2;APOA1;SCARB1;STAR;CAT;TPK1;AKR1B1;RDH11;PARK7;SQLE;ANGPTL3;HMGCS1;DHRS3;LPCAT3;APOE;ALDH1B1;ACSS2;HSD17B6;IDI1;ERRFI1;AKR1C2;STARD4;SPTLC2;LIPA;FDFT1;ABCA1;PRKAA1;SRD5A3;GK;DHRS9;SPTSSA;INSIG2;RETSAT;HMGCR;MINPP1;MAPK1;AGK;ALDH1A3;ALDH3A2;PPIP5K2;ERLIN2;ACER2;SPR;PMVK;IPMK;AKR1C1;CYP2R1;DHCR24;IPPK;GOT1;PECR;NUDT3;INSIG1;DGAT2;ERLIN1;LHCGR"
"Electron Transport Chain","GOBP_ELECTRON_TRANSPORT_CHAIN",-0.583833298076183,-2.29136114084974,1.15555882846787e-09,1.69901990020062e-07,98,"SOD2;NDUFB9;PARK7;NDUFS3;UQCR11;NDUFAF1;NDUFA9;DGUOK;DHRS2;NDUFB3;UQCRC2;ETFB;NDUFS8;PDIA5;NDUFAB1;NDUFA12;NDUFS5;CYC1;GHITM;NDUFA8;ETFA;NDUFA6;SDHD;COX6C;NDUFC2;NDUFV2;NDUFB2;UQCRH;MTCH2;UQCRFS1;DLD;NDUFA1;COX5B;NDUFB10;NDUFB8;ETFDH;UQCR10;NDUFA7;COX4I1;UQCRQ;POR;NDUFC1;SDHC;COX7C;NDUFA4;NDUFS4;CHCHD2;COX6B1;COX7A2;COX7B;NDUFS1;HCCS;COX6A1;SDHB;NDUFA11;SDHAF2;COX8A;SNCA;NDUFB4;NDUFS6;SDHA;COQ9;PUM2;NDUFA2"
"Pyridine Containing Compound Metabolic Process","GOBP_PYRIDINE_CONTAINING_COMPOUND_METABOLIC_PROCESS",-0.514597199711265,-2.136822639822,2.08052233363662e-09,2.91522789389164e-07,142,"PGK1;LDHA;MLXIPL;IDH1;ALDOC;ENO2;QPRT;UCP2;SLC2A6;LDHB;UCHL1;TPI1;ENO1;GAPDH;ACO1;GOT2;GPI;PFKP;PFKFB4;HK2;PGAM1;PGAM4;MFSD8;MDH1;NUDT12;SLC4A4;LIPA;SLC25A18;TKT;ALDOA;PRKAA1;PSAT1;HKDC1;PNP;PFKFB3;PDXK;PGD"
"Axon Development","GOBP_AXON_DEVELOPMENT",0.475517079896416,1.74404340020384,2.96533206936037e-09,3.99521470729592e-07,373,"PTPRZ1;WNT5A;NELL2;SEMA5A;PRICKLE1;CDH4;NDP;S100B;DCHS2;EGR2;UST;NR4A3;MATN2;SEMA7A;PAK3;CNTN1;STMN1;ROBO3;VANGL2;VASH2;CDKL5;TGFB2;JUN;NRP1;SEMA4A;PTPRS;ABLIM1;TIAM2;SEMA6C;SEMA3C;SKIL;ERBB2;CNTN4;BCL11A;PTPRM;SMO;GPM6B;APBB1;ANK3;EFNB1;TTL;UNC5D;RAB3A;KIF13B;NTN4;UNC5C;ADCY1;ARHGEF40;BCL2;TTC8;PAK1;ULK2;PLP1;PLXNB1;RPS6KA5;PLEKHG4B;DDR1;FEZ1;GDI1;ACTG1;FN1;BRSK1;CHL1;NEO1;CDH1;FYN;LHX4;PRKCQ;KALRN;CHODL;KLF4;SEMA3A;NR4A2;BMPR2;CELSR2;NTRK2;SEMA4C;MAG;FOXG1;CRABP2;RYK;LIMK1;ATL1;SEMA3B;PTK7;CSPG5;SLITRK4;SLITRK2;ULK1;VCL;NRP2;SYNGAP1;NOTCH3;EXT1;CNTN2;ZFYVE27;GDF7;DLX5;SRF;B4GALT5;DIP2B;FAT4;FZD3;CHRNB2;PCDHAC2;FGFR2;TUBB3;SMAD4;PTCH1;EPHA6;CHN1;ANAPC2;DPYSL5;SEMA6A;KIF5C;DAG1;CELSR1;EFNB3;KIFC2;EFNA5;ATP8A2;IFRD1;NEXN;EFNA1;LAMA2;NFASC;SEMA4F;LAMB2"
"Small Molecule Catabolic Process","GOBP_SMALL_MOLECULE_CATABOLIC_PROCESS",-0.411072764113013,-1.86040108456275,4.95833526539744e-09,6.43298090173602e-07,268,"PGK1;LDHA;CROT;ENO2;QPRT;DECR1;LDHB;GK5;GNPDA1;TPI1;ENO1;GAPDH;SORD;SLC16A3;DDO;GOT2;MPI;SCARB1;NUDT5;PFKP;DLAT;LPIN1;HK2;PGAM1;PARK7;ALDH8A1;APOE;GCSH;ALDH1B1;ACSS2;HAL;HSD17B6;HSD17B4;GALT;FAH;ALDOA;SRD5A3;GK;HMGCL;NQO2;ACOT7;ACOX1;ETFB;PCCA;PNP;GLS;ENPP4;GALE;ENTPD7;ACBD5;SLC16A1;MCCC2;GALM;ETFA;GLB1;UPP1;ACOT4;ECH1;BCAT1;ECHS1;SARDH;ADH5;HADH;LDHAL6B;DLD;GOT1;GCAT;MCEE;IVD;GPT2;HDC;NUDT3;FTCD;MLYCD;SCP2;NUDT8;DECR2;ABHD3;ABHD2;ETFDH;MFSD2A"
"Cell Morphogenesis Involved in Neuron Differentiation","GOBP_CELL_MORPHOGENESIS_INVOLVED_IN_NEURON_DIFFERENTIATION",0.453872085161942,1.67882606911224,7.58596892314002e-09,9.32174468756363e-07,448,"PTPRZ1;WNT5A;NELL2;SEMA5A;PRICKLE1;CDH4;NDP;S100B;DCHS2;DBN1;HES1;EGR2;UST;NR4A3;FAT3;MATN2;SEMA7A;PAK3;CNTN1;STMN1;ROBO3;VANGL2;CDKL5;TGFB2;CC2D1A;NRP1;SEMA4A;PTPRS;ABLIM1;TIAM2;SEMA6C;SEMA3C;SKIL;ERBB2;MAPK8IP2;CNTN4;BCL11A;PTPRM;SMO;APBB1;ANK3;EFNB1;TTL;UNC5D;RAB3A;KIF13B;NTN4;UNC5C;ADCY1;NGEF;ARHGAP33;ARHGEF40;FZD4;BCL2;TTC8;PAK1;ULK2;PLXNB1;RPS6KA5;ARHGAP44;PLEKHG4B;FEZ1;KNDC1;GDI1;ACTG1;LZTS1;FN1;TECTA;BRSK1;CHL1;NEO1;CDH1;FYN;LHX4;KIF1A;PRKCQ;KALRN;CHODL;ZDHHC15;SEMA3A;NR4A2;BMPR2;CELSR2;PTPRD;NTRK2;SEMA4C;MAPRE3;MAG;FOXG1;DLG4;CRABP2;RYK;LIMK1;ATL1;SEMA3B;PTK7;STAU2;SLC1A3;PARP6;SLITRK4;SLITRK2;ULK1;VCL;NRP2;SYNGAP1;NOTCH3;HECW2;EXT1;CNTN2;EFHC2;ZFYVE27;GDF7;DLX5;SRF;CHRNA7;B4GALT5;DIP2B;FAT4;FZD3;CHRNB2;PCDHAC2;UNK;FGFR2;TUBB3;SMAD4;PTCH1;EPHA6;DTNBP1;CHN1;STRC;SS18L1;ANAPC2;DPYSL5;SEMA6A;KIF5C;DAG1;CELSR1;EFNB3;KIFC2;EFNA5;ATP8A2;IFRD1;NEXN;EFNA1;LAMA2;NFASC;SEMA4F;LAMB2"
"Nucleoside Triphosphate Biosynthetic Process","GOBP_NUCLEOSIDE_TRIPHOSPHATE_BIOSYNTHETIC_PROCESS",-0.583249832058975,-2.26652379866563,7.71711664114602e-09,9.32174468756363e-07,88,"AK4;ENO1;NME1;NDUFB9;MAP2K1;NDUFS3;LIPA;ALDOA;NDUFA9;NDUFB3;IMPDH2;NUDT2;NDUFS8;NDUFAB1;NDUFA12;NDUFS5;NDUFA8;NDUFA6;NME4;SDHD;NDUFC2;NDUFV2;NDUFB2;STOML2;NDUFA1;PRKAG2;SLC25A13;TBPL1;DTYMK;NDUFB10;NDUFB8;STAT3;NME3;NME7;NDUFA7;NDUFC1;SDHC;NME2;NDUFA13;VCP;NDUFS4;CMPK2"
"Ribosome Biogenesis","GOBP_RIBOSOME_BIOGENESIS",-0.399645780420712,-1.83877677179267,1.01387550338071e-08,1.18386862944755e-06,288,"MPHOSPH6;TRMT61B;WDR43;DKC1;CUL4B;RCL1;RRP36;RPF2;YBEY;C1QBP;RAN;RPS12;EXOSC8;PRMT5;NHP2;RRN3;DDX47;NIP7;NPM1;RRP7A;NUDT16;NOL11;RPL38;MRTO4;RPL7L1;NDUFAB1;TFB2M;SUV39H1;RPS13;CINP;TSR1;EBNA1BP2;IMP3;DDX55;RPP40;EXOSC7;RPS28;RPLP0;GNL2;NSUN4;HEATR3;NOP10;GTPBP4;RPS8;RPL27;C1D;RPS5;RPP30;RPS15A;RPS23;RPL35A;RPS21;WDR36;RPL5;RPSA;RPS27A;POP4;METTL5;EMG1;SRFBP1;RPL7A;FTSJ3;NOL7;RPS6;RPS19BP1;RPL35;MTG1;DDX31;DCAF13;RPUSD2;RPS24;NVL;DDX52;NOP14;UTP6;URB2;DDX21;MRPS2;BYSL;UTP20;FBL;PRKDC;RPS17;WDR3;RPS3A;NOB1;WDR77;RPS14;EIF5B;BMS1;RPS19;PES1;RPL11;LAS1L;WDR12;RPL7;RPL14;NOP16;XRCC5;PWP1;DDX49;WDR74;NAT10;POP7;SDAD1;DDX18;FASTKD2;FCF1;PIN4;HEATR1;NMD3;NSA2;RPL26;NOM1;METTL18;TSR2;FRG1;RPS27L;TUFM;RPS16;EXOSC2"
"Pyridine Containing Compound Catabolic Process","GOBP_PYRIDINE_CONTAINING_COMPOUND_CATABOLIC_PROCESS",-0.580486962267617,-2.25578721583179,1.10789422712395e-08,1.2459021858101e-06,88,"PGK1;LDHA;MLXIPL;ALDOC;ENO2;QPRT;UCP2;SLC2A6;UCHL1;TPI1;ENO1;GAPDH;GPI;PFKP;PFKFB4;HK2;PGAM1;PGAM4;MFSD8;NUDT12;SLC4A4;LIPA;ALDOA;PRKAA1;HKDC1;PNP;PFKFB3"
"Sterol Biosynthetic Process","GOBP_STEROL_BIOSYNTHETIC_PROCESS",-0.679336123510545,-2.40177394601922,1.13813502557588e-08,1.2459021858101e-06,53,"EBP;NSDHL;FDPS;CYP51A1;DHCR7;MVK;HSD17B7;ACLY;LSS;MVD;SEC14L2;APOA1;SQLE;HMGCS1;LPCAT3;APOE;IDI1;LIPA;FDFT1;PRKAA1;INSIG2;HMGCR;MAPK1;ERLIN2;PMVK;DHCR24;PRKAG2;INSIG1;ERLIN1"
"Carbohydrate Derivative Catabolic Process","GOBP_CARBOHYDRATE_DERIVATIVE_CATABOLIC_PROCESS",-0.45085122686343,-1.96346864173989,1.25380794144248e-08,1.33093612693122e-06,206,"PGK1;LDHA;MLXIPL;ALDOC;ENO2;UCP2;SLC2A6;UCHL1;HEXB;GALC;GNPDA1;TPI1;ENO1;GAPDH;GPI;PFKP;PFKFB4;GM2A;HK2;PGAM1;GNS;PGAM4;PDE8A;FUCA2;STT3B;MFSD8;LYVE1;SLC4A4;GALT;LIPA;ALDOA;PRKAA1;PDE10A;HKDC1;NUDT16;PNP;PFKFB3;ENPP4;LCT;MANBA;GALE;ENTPD7;FBXO17;FUCA1;AMPD3;HYAL3;GALM;NEU1;FBP1;ITPA;UNG;GLB1;UPP1;DHTKD1;PSEN1;FGF2;MTCH2;NAGA"
"Alcohol Biosynthetic Process","GOBP_ALCOHOL_BIOSYNTHETIC_PROCESS",-0.550239389515681,-2.19832069256979,1.40025559171216e-08,1.40145581079077e-06,107,"EBP;NSDHL;FDPS;CYP51A1;DHCR7;MVK;HSD17B7;ACLY;LSS;MVD;SEC14L2;APOA1;PARK7;SQLE;HMGCS1;LPCAT3;APOE;IDI1;SPTLC2;LIPA;FDFT1;PRKAA1;SPTSSA;INSIG2;HMGCR;MAPK1;AGK;PPIP5K2;ERLIN2;ACER2;SPR;PMVK;IPMK;CYP2R1;DHCR24;IPPK;GOT1;INSIG1;ERLIN1;LHCGR;SCP2;SPTLC1;ASAH1;IP6K2;GPR146;BMP2;ARV1;SREBF1;QDPR"
"Nucleoside Phosphate Catabolic Process","GOBP_NUCLEOSIDE_PHOSPHATE_CATABOLIC_PROCESS",-0.48098340721005,-2.04503318756484,1.39213117435734e-08,1.40145581079077e-06,158,"PGK1;LDHA;MLXIPL;ENPP3;ALDOC;ENO2;UCP2;SMPDL3A;SLC2A6;UCHL1;TPI1;ENO1;GAPDH;NME1;GPI;ENTPD3;NUDT5;PFKP;PFKFB4;HK2;PGAM1;PGAM4;PDE8A;MFSD8;NUDT12;SLC4A4;LIPA;ALDOA;PRKAA1;PDE10A;FITM2;HKDC1;ACOT7;NUDT16;PNP;PFKFB3;ENTPD7;AMPD3;SUCLG1;FBP1;ITPA;UNG;UPP1;DHTKD1;PSEN1;MTCH2"
"Carbohydrate Derivative Biosynthetic Process","GOBP_CARBOHYDRATE_DERIVATIVE_BIOSYNTHETIC_PROCESS",-0.344916377311102,-1.61466206776013,2.70966185093094e-08,2.6366515177253e-06,471,"AK4;C1GALT1C1;AK2;HEXB;GK5;PLOD1;GNPDA1;TPI1;ENO1;MGAT4A;NME1;MGAT5;MPI;GMDS;PAICS;NDUFB9;CCDC134;MAP2K1;B3GALNT2;GALNT12;APRT;GMPPB;TMEM165;DAD1;ANGPT1;TRAK2;PAPSS2;NDUFS3;ALG3;STT3B;OSTC;ALG1;NANP;SPTLC2;LIPA;ST3GAL6;RPN1;TKT;ALDOA;NDUFA9;IL33;STT3A;POGLUT1;PRKAA1;DGUOK;MAN2A1;SRD5A3;GK;GMPS;NDUFB3;SPTSSA;IMPDH2;PGAP2;GFPT1;TGDS;TYW3;PNP;GALNT1;CMAS;RPN2;NUDT2;NDUFS8;MTHFD1;ALG8;CLTC;NDUFAB1;NDUFA12;NDUFS5;HAS2;GANAB;PIGU;GCNT3;AMPD3;ALG5;CTNNB1;NUS1;NDUFA8;SLC35D1;NDUFA6;ACER2;NME4;UPP1;DPM3;SDHD;HS2ST1;PIGA;NDUFC2;B4GALT1;EXTL2;NDUFV2;NDUFB2;UBE2J1;POFUT1;TUSC3;PSEN1;STOML2;PGM2;GALNT7;B3GNT5;UXS1;GALNT3;NDUFA1;GCNT4;PGM3;DCTD;OST4;PRKAG2;FUT11;BACE2;SLC25A13;ATIC;KDSR;TBPL1;PLOD2;ALG10;RRM1;DTYMK;DPAGT1;HPRT1;NDUFB10;SPTLC1;PIGP;NDUFB8;PMM2;CHST2;DDOST;DOLPP1"
"Neuron Projection Guidance","GOBP_NEURON_PROJECTION_GUIDANCE",0.549355976494839,1.90988691437547,3.25329631843948e-08,3.08008027121446e-06,169,"WNT5A;NELL2;SEMA5A;CDH4;NDP;EGR2;NR4A3;MATN2;SEMA7A;CNTN1;ROBO3;VANGL2;TGFB2;NRP1;SEMA4A;ABLIM1;SEMA6C;SEMA3C;ERBB2;CNTN4;PTPRM;SMO;EFNB1;UNC5D;NTN4;UNC5C;ARHGEF40;TTC8;ULK2;RPS6KA5;PLEKHG4B;FEZ1;CHL1;NEO1;FYN;LHX4;PRKCQ;KALRN;SEMA3A;BMPR2;SEMA4C;FOXG1;RYK;SEMA3B;PTK7;NRP2;NOTCH3;EXT1;CNTN2;GDF7;DLX5;FZD3;PCDHAC2;TUBB3;SMAD4;PTCH1;EPHA6;CHN1;DPYSL5;SEMA6A;KIF5C;DAG1;EFNB3;KIFC2;EFNA5;NEXN;EFNA1;LAMA2;NFASC;SEMA4F;LAMB2;FLRT2;ALCAM;PTPRH;SEMA6B"
"Cholesterol Biosynthetic Process via Desmosterol","GOBP_CHOLESTEROL_BIOSYNTHETIC_PROCESS_VIA_DESMOSTEROL",-0.875488717385095,-2.42365250697278,3.98297808401226e-08,3.67167690218288e-06,17,"EBP;NSDHL;FDPS;DHCR7;MVK;HSD17B7;LSS;MVD;SQLE;HMGCS1;IDI1;FDFT1;HMGCR"
"Amide Metabolic Process","GOBP_AMIDE_METABOLIC_PROCESS",-0.364855487230088,-1.69173038530956,5.39632577499464e-08,4.807464697511e-06,363,"PGK1;CROT;IDH1;ELOVL6;SMPDL3A;NR1H4;LRP4;MVK;PDK1;HEXB;GALC;GNPDA1;ACLY;HSD17B12;P4HB;MVD;SOD2;NME1;ETHE1;APOA1;DLAT;GM2A;SPON1;TPK1;TECR;CASP3;HMGCS1;APOE;FASN;SLC1A2;ACSS2;HAL;PPT1;HSD17B4;SLC46A1;NANP;SPTLC2;ACSL1;ACSL3;XPNPEP1;CTSZ;GCLM;GSTT2;PCSK6;PRKAA1;PDK3;SPTSSA;FITM2;ACOT7;HMGCR;AGMAT;SLC2A13;GSTT1;PCCA;PNP;AGK;CMAS;LCT;IDE;GPAM;MTHFD1;GLO1;FAR1;ELOVL5;ACSL4;PANK1;PREP;OSBP;MECR;MCCC2;SGMS2;SUCLG1;NEU1;EPHA4;ACER2;GLB1;SLC25A16;PAM;ACACA;ACOT4;PMVK;GSTP1;PSEN1;OXSM;DLD;MCEE;GPX1;ACOT9;SLC16A12;BACE2;PRCP;FTCD;PSENEN;KDSR;DGAT2;ABHD4;MLYCD"
"Cardiac Chamber Development","GOBP_CARDIAC_CHAMBER_DEVELOPMENT",0.584205202444228,1.95493612173228,5.4895400485424e-08,4.807464697511e-06,120,"SOX4;WNT5A;HES1;NPY2R;ZFPM2;SAV1;VANGL2;TGFB2;NRP1;SMAD6;ANK2;HEYL;HAND2;SEMA3C;NRG1;COL11A1;KCNJ8;SMO;DSP;GJA5;GREB1L;MYOCD;CRELD1;SCN5A;TBX3;JAG1;TNNI3;PAX8;SUFU;PRDM1;BMPR2;GRHL2;PPP1R13L;GSK3A;PTK7;APLNR;NRP2;UBE4B;SRF;GATA6;CHD7;FGFR2;SMAD4"
"Glycolytic Process Through Glucose 6 Phosphate","GOBP_GLYCOLYTIC_PROCESS_THROUGH_GLUCOSE_6_PHOSPHATE",-0.852731031396984,-2.44076113924839,6.13018009557141e-08,5.05981638311607e-06,19,"PGK1;ENO2;TPI1;ENO1;GAPDH;PFKP;HK2;PGAM1;ALDOA"
"Ribonucleotide Catabolic Process","GOBP_RIBONUCLEOTIDE_CATABOLIC_PROCESS",-0.515599404182413,-2.08989517670596,6.12204406773376e-08,5.05981638311607e-06,115,"PGK1;LDHA;MLXIPL;ALDOC;ENO2;UCP2;SLC2A6;UCHL1;TPI1;ENO1;GAPDH;GPI;PFKP;PFKFB4;HK2;PGAM1;PGAM4;PDE8A;MFSD8;SLC4A4;LIPA;ALDOA;PRKAA1;PDE10A;HKDC1;PNP;PFKFB3;ENTPD7;AMPD3;FBP1;ITPA;UPP1;DHTKD1;PSEN1;MTCH2;PRKAG2;NUDT3"
"Sterol Metabolic Process","GOBP_STEROL_METABOLIC_PROCESS",-0.5187716507954,-2.11697714379173,6.21102210887785e-08,5.05981638311607e-06,117,"EBP;NSDHL;FDPS;CYP11A1;APOC1;NR1H4;PCSK9;CYP51A1;DHCR7;MVK;VLDLR;HSD17B7;ACLY;LSS;MVD;SEC14L2;APOA1;SCARB1;STAR;CAT;SQLE;ANGPTL3;HMGCS1;LPCAT3;APOE;IDI1;ERRFI1;STARD4;LIPA;FDFT1;ABCA1;PRKAA1;INSIG2;HMGCR;MAPK1"
"Atp Synthesis Coupled Electron Transport","GOBP_ATP_SYNTHESIS_COUPLED_ELECTRON_TRANSPORT",-0.587455047081296,-2.23290642141028,8.18305227433834e-08,6.18487363810983e-06,78,"NDUFB9;PARK7;NDUFS3;UQCR11;NDUFAF1;NDUFA9;DGUOK;NDUFB3;UQCRC2;NDUFS8;NDUFAB1;NDUFA12;NDUFS5;CYC1;GHITM;NDUFA8;NDUFA6;SDHD;COX6C;NDUFC2;NDUFV2;NDUFB2;UQCRH;MTCH2;UQCRFS1;DLD;NDUFA1;COX5B;NDUFB10;NDUFB8;UQCR10;NDUFA7;COX4I1;UQCRQ;NDUFC1;SDHC;COX7C;NDUFA4;NDUFS4;CHCHD2;COX6B1;COX7A2;COX7B;NDUFS1;COX6A1;SDHB;NDUFA11;SDHAF2;COX8A;SNCA;NDUFB4;NDUFS6;SDHA;COQ9;NDUFA2;NDUFB6;COX7A2L;COX5A;NDUFA5"
"Mitochondrion Organization","GOBP_MITOCHONDRION_ORGANIZATION",-0.372593200135712,-1.71213600949363,8.29828892352731e-08,6.18487363810983e-06,316,"BNIP3;UCP2;GGCT;FAM162A;SAMM50;APOO;SOD2;PRDX3;MTM1;SPATA18;HK2;NOL3;CXADR;PARK7;DDHD2;RHOT1;RAB38;NDUFS3;TOMM5;TIMMDC1;PPIF;TOMM40;NDUFAF1;MFSD8;APOOL;COA5;LIPA;IMMT;EPM2A;GCLM;TACO1;MAN2A1;HMGCL;AIFM1;PTPMT1;AGTPBP1;RAP1GDS1;DAP3;TIMM8B;AGK;CHCHD10;NDUFS8;SLIRP;TOMM6;GABPB1;NDUFS5;CMC1;YME1L1;TIMM10;PGAM5;FIS1;GHITM;TFAM;NDUFA6;MTX3;PIM2;OCIAD2;CASP6;ROMO1;SSBP1;TIMM13;TMEM126A;NDUFC2;TFRC;COX16;STOML2;MTCH2;ARMCX3;UQCRFS1;SLC25A33;GPX1;TIMM8A;VDAC2;CHCHD7;GSK3B;FASTKD3;NDUFAF2;LONP1;SLC25A4;AFG3L2;IFIT2;LYRM2;HSPD1;PARL;CCDC93;CAMKMT;STAT3;TIMM22;SMAD3;NME3;HSPA9;SLC25A46;DNAJA3;ATPAF2;GDAP1;HSD17B10"
"Purine Containing Compound Catabolic Process","GOBP_PURINE_CONTAINING_COMPOUND_CATABOLIC_PROCESS",-0.49162841106284,-2.06891140196948,7.98829891791695e-08,6.18487363810983e-06,134,"PGK1;LDHA;MLXIPL;ALDOC;ENO2;UCP2;SLC2A6;UCHL1;TPI1;ENO1;GAPDH;NME1;GPI;PFKP;PFKFB4;HK2;PGAM1;PGAM4;PDE8A;MFSD8;NUDT12;SLC4A4;LIPA;ALDOA;PRKAA1;PDE10A;FITM2;HKDC1;ACOT7;NUDT16;PNP;PFKFB3;ENPP4;AMPD3;SUCLG1;FBP1;ITPA;DHTKD1;PSEN1;MTCH2"
"Ribose Phosphate Biosynthetic Process","GOBP_RIBOSE_PHOSPHATE_BIOSYNTHETIC_PROCESS",-0.506244240140566,-2.09901778336785,8.10162902804838e-08,6.18487363810983e-06,123,"AK4;AK2;ENO1;NME1;PAICS;NDUFB9;MAP2K1;APRT;PAPSS2;NDUFS3;LIPA;ALDOA;NDUFA9;GMPS;NDUFB3;IMPDH2;NUDT2;NDUFS8;MTHFD1;NDUFAB1;NDUFA12;NDUFS5;AMPD3;NDUFA8;NDUFA6;NME4;UPP1;SDHD;NDUFC2;NDUFV2;NDUFB2;STOML2;NDUFA1;PRKAG2;SLC25A13;ATIC;HPRT1;NDUFB10;NDUFB8;DHODH;STAT3;NME3;NME7;NDUFA7;NDUFC1;PAPSS1;SDHC;NME2;NDUFA13;VCP;GART;NDUFS4"
"Wnt Signaling Pathway","GOBP_WNT_SIGNALING_PATHWAY",0.462971788507554,1.6928118403035,9.78646517413942e-08,7.1420807302105e-06,355,"SOX4;CALCOCO1;WNT5A;SEMA5A;PRICKLE1;NDP;ASPM;SFRP4;CDH3;FOXO1;JUP;NDRG2;DEPDC1B;CD24;LRP5;GPC4;DAAM2;KANK1;VANGL2;CMAHP;FZD5;BICC1;ZNRF3;DAB2IP;CITED1;TGFB1I1;IGFBP1;LMBR1L;NKD1;MARK1;LRRFIP2;LDB1;TMEM88;LRP6;SFRP5;AMOTL2;ITGA3;MEST;DACT1;GRB10;CDK14;FZD4;BCL7A;WNK3;MED12;EGR1;NRBP2;VGLL4;PPM1B;COL6A1;EDNRB;SNAI2;APCDD1L;IGFBP2;FRAT2;KLF4;SOX13;APC2;NR4A2;TCF7;CELSR2;GPC5;MDK;TCF7L1;PAF1;CSNK1E;RARG;RYK;NFATC1;GSK3A;SPIN4;AXIN1;PTK7;NPPA;EGFR;MAD2L2;SOX9;HIC1;DVL2;TCF7L2;PYGO2;BRD7;EXT1;DAAM1;CTNNBIP1;FERMT2;DLX5;LIMD1;DVL3;ARHGEF19;DDIT3;FBXW4;FZD3;PLEKHA4;MDFI;WWOX;FGFR2;SMAD4;FRAT1;AXIN2;RNF146;PYGO1;BCL9;NLK;SHISA6;CELSR1;PKD1;INVS;IFRD1;SHISA2;WNT4;ZBED3;TSC2;GLI1;AMOTL1;HMGA2;SMURF2;CDH2;TAX1BP3"
"Cardiac Ventricle Development","GOBP_CARDIAC_VENTRICLE_DEVELOPMENT",0.625964701418248,2.0148161587647,1.06784334804244e-07,7.63399030243399e-06,90,"SOX4;WNT5A;HES1;NPY2R;ZFPM2;SAV1;VANGL2;TGFB2;SMAD6;HEYL;HAND2;SEMA3C;NRG1;COL11A1;DSP;GJA5;GREB1L;MYOCD;SCN5A;TBX3;JAG1;TNNI3;PAX8;SUFU;PRDM1;BMPR2;GRHL2;PPP1R13L;GSK3A;PTK7;APLNR"
"Synapse Organization","GOBP_SYNAPSE_ORGANIZATION",0.439655253924606,1.6218566009659,1.37127566261905e-07,9.60715729230905e-06,415,"NLGN4X;WNT5A;PRICKLE1;DBN1;RIMS1;GRID2;SEMA7A;PAK3;CPEB3;CLSTN2;COLQ;GPC4;VANGL2;PRRT1;CDKL5;PTPN13;FZD5;HIP1R;CAMK1;IQSEC2;PICK1;PPFIBP1;CC2D1A;NRP1;SEMA4A;PTPRS;PCDH17;TLN2;KCNJ8;ERBB2;CNTN4;INSR;TMEM108;DAB2IP;ANK3;KIF2C;SRGAP3;RIMS2;LINGO2;CACNB2;MARK1;TRIM47;IGSF11;LSAMP;SRGAP2;LIN7B;RAB3A;RIMS3;ITGA3;DLG5;FILIP1;NGEF;ARHGAP33;RHOB;PLXNB1;RPS6KA5;ARHGAP44;SPTBN2;SYNDIG1;IL10;ACTG1;FGFR1;LZTS1;ERC2;PALM;MTMR2;SLC12A5;CAPS2;CDH1;CDC20;FYN;KIF1A;C3;ZDHHC15;PTPRD;NTRK2;SEMA4C;AMIGO2;PCDHB14;MAPRE3;LRRC24;DLG4;BSN;RYK;HOMER1;MDGA1;DNM3;ZMYND8;PTK7;STAU2;DOCK1;COL4A5;VSIG10;LRFN3;FCGR2B;SLITRK4;SLITRK2;NRP2;SYNGAP1;C1QC;CNTN2;DAAM1;TUBA1A;C1QTNF3;ARHGEF9;CHRNA7;KIRREL3;F2R;WASF3;CHRNB2;PPP1R9B;SNCG;DTNBP1;DLGAP4;CX3CR1;AKT1;ANAPC2;CLSTN3;AMOT;RAB39B;DAG1;SHISA6;ERC1;SYN3;SYN1;ZC4H2;EFNA5;SORT1;ERBB3;CTTNBP2;EFNA1;LAMB2;DCTN1;AGRN;PCDHB13"
"Protein Folding","GOBP_PROTEIN_FOLDING",-0.43032038078823,-1.84493410178815,1.63765429294673e-07,1.12484372317498e-05,189,"PDIA6;PPIA;HSPA5;P4HB;PDIA3;GRPEL1;HSP90B1;PPIF;CANX;B2M;SIL1;CCT5;CALR;LMAN1;AIFM1;MKKS;PPIE;PDIA4;BAG4;PPID;PPIB;DNAJA4;LMAN2L;ERP29;ERP27;HSP90AB1;CCT8;HSPA6;PDIA5;HSPA4L;FKBP1A;PEX19;CMC1;FKBP10;CCT3;TBCE;DNAJC1;CCDC47;RP2;PFDN6;DNAJA2;PTGES3;PDRG1;CCT7;DNAJC5;DNAJC25;DNAJC2;RUVBL2;DNAJC7;HSPA4;DNAJA1;NAA10;PDCD5;PDCL3;BAG2;TRAP1;HSP90AA1;HSPE1;CDC123;HSPD1;HSPBP1;HSPA9;DNAJA3;CLPX;CRYAB;ARL2;CDC37L1;MPDU1;TTC1;BAG5;CCT6A"
"Acyl Coa Metabolic Process","GOBP_ACYL_COA_METABOLIC_PROCESS",-0.561290549003914,-2.14871234013199,2.35565212029948e-07,1.58689411104021e-05,84,"PGK1;ELOVL6;MVK;PDK1;ACLY;HSD17B12;MVD;NME1;DLAT;TPK1;TECR;HMGCS1;FASN;ACSS2;PPT1;HSD17B4;ACSL1;ACSL3;PDK3;FITM2;ACOT7;HMGCR;PCCA;GPAM;FAR1;ELOVL5;ACSL4;SUCLG1;ACACA;ACOT4;PMVK;OXSM;DLD;MCEE;ACOT9;DGAT2;MLYCD;NUDT8"
"Monosaccharide Catabolic Process","GOBP_MONOSACCHARIDE_CATABOLIC_PROCESS",-0.670621736533585,-2.26758947086832,2.45081507952563e-07,1.61985004218458e-05,45,"PGK1;LDHA;ENO2;TPI1;ENO1;GAPDH;MPI;NUDT5;PFKP;HK2;PGAM1;GALT;ALDOA;GALE;GALM;GLB1"
"Acyl Coa Biosynthetic Process","GOBP_ACYL_COA_BIOSYNTHETIC_PROCESS",-0.664960919498928,-2.26841389983681,2.72397644370029e-07,1.76705360783002e-05,47,"PGK1;ELOVL6;PDK1;ACLY;HSD17B12;DLAT;TPK1;TECR;FASN;ACSS2;PPT1;ACSL1;ACSL3;PDK3;PCCA;ELOVL5;ACSL4;ACACA;DLD;MCEE;MLYCD"
"Atp Biosynthetic Process","GOBP_ATP_BIOSYNTHETIC_PROCESS",-0.593755122541433,-2.18426095229276,2.85655936795119e-07,1.7868799046309e-05,66,"ENO1;NDUFB9;MAP2K1;NDUFS3;LIPA;ALDOA;NDUFA9;NDUFB3;NUDT2;NDUFS8;NDUFAB1;NDUFA12;NDUFS5;NDUFA8;NDUFA6;SDHD;NDUFC2;NDUFV2;NDUFB2;STOML2;NDUFA1;PRKAG2;SLC25A13;NDUFB10;NDUFB8;STAT3;NDUFA7;NDUFC1;SDHC;NDUFA13;VCP;NDUFS4;PID1;NDUFS1;COX11;SDHB;NDUFA11"
"Glycolytic Process Through Fructose 6 Phosphate","GOBP_GLYCOLYTIC_PROCESS_THROUGH_FRUCTOSE_6_PHOSPHATE",-0.817078422244064,-2.40141564779545,2.82371900454117e-07,1.7868799046309e-05,22,"PGK1;ENO2;TPI1;ENO1;GAPDH;PFKP;HK2;PGAM1;ALDOA"
"Regulation of Trans Synaptic Signaling","GOBP_REGULATION_OF_TRANS_SYNAPTIC_SIGNALING",0.461155148573107,1.68345701223339,3.6960173929419e-07,2.2714296363992e-05,341,"NLGN4X;HOMER2;WNT5A;S100B;DBN1;RIMS1;NPY2R;GRID2;GABRB1;CAMK2D;PRKCZ;CPEB3;CLSTN2;COLQ;PLCL1;RIMS4;AKAP12;GRIK1;CALHM2;PLAT;SYT2;PRRT1;CDKL5;IGF1;IQSEC2;ADRA2A;PICK1;SYT11;PTPRS;PCDH17;ACE;MAPK8IP2;CNTN4;TMEM108;RIMS2;IGSF11;TSHZ3;ABR;RAB3A;RIMS3;ADCY1;BCL7A;ARHGAP44;SYNGR1;PRKCG;LZTS1;MTMR2;BRSK1;NEO1;CDH1;PDE9A;CDC20;FYN;PTPRD;NTRK2;TACR2;PLK2;FAAH;ADORA3;DLG4;BSN;HOMER1;ZMYND8;STAU2;AGER;GABBR1;SLC1A3;CSPG5;SLITRK4;SYNGAP1;SYT1;GNAO1;ELOVL4;PRKAR1B;CNTN2;GRIK2;C22orf39;SYT5;C1QTNF3;SRF;CHRNA7;F2R;FXR2;GRID2IP;CHRNB2;SNCG;DTNBP1;DLGAP4;CX3CR1;GRM3;ANAPC2;CLSTN3;FBXL20;DAG1;SHISA6;EFNB3;GRIK5;SYN3;HIP1;SYN1;SLC38A2;SYT7"
"Ribosomal Small Subunit Biogenesis","GOBP_RIBOSOMAL_SMALL_SUBUNIT_BIOGENESIS",-0.533899222482524,-2.096494355046,3.80190544387951e-07,2.2962197879155e-05,100,"WDR43;RCL1;RRP36;RPS12;NPM1;RRP7A;NOL11;RPS13;TSR1;IMP3;RPP40;RPS28;RPS8;RPS5;RPS15A;RPS23;RPS21;WDR36;RPSA;RPS27A;EMG1;SRFBP1;NOL7;RPS6;RPS19BP1;DCAF13;RPS24;DDX52;NOP14;UTP6;BYSL;UTP20;FBL;PRKDC;RPS17;WDR3;RPS3A;NOB1;RPS14;BMS1;RPS19;XRCC5;NAT10;FCF1;HEATR1;NOM1;TSR2;RPS27L;RPS16;UTP15;DNTTIP2;LTV1;RPS7;GTF2H5;RPS9;ERAL1;RPS4X;SURF6;UTP23;KRI1"
"Cytoplasmic Translation","GOBP_CYTOPLASMIC_TRANSLATION",-0.449816275842297,-1.90242162986121,5.1105283269044e-07,3.03426792019425e-05,160,"GAPDH;CPEB2;EIF3I;RPL22L1;RPS12;EIF3B;RPL29;CNBP;RPL6;RPL38;UBA52;RPS13;EIF4A1;RPL22;RPS28;RPLP0;RPL23A;NCBP2;RPS8;DHX36;RPL27;RPS5;RPS15A;RPS23;RPL35A;EIF2S2;RPS21;RPL5;RPS3;RPSA;RPS27A;RPS29;RPL39;ALKBH3;RPL10A;RPL7A;RPL12;RPL32;RPS6;RPL35;RPL19;RPS24;SYNCRIP;RPL37;FTSJ1;RPL13A;RPL28;RPS2;RPS17;RPS3A;RPS14;RPL21;RPL15;RPS19;RPL11;RPS18;RPL7;RPL14;RPLP2;RPL36;RPL34;DHX9;RPL31;RPL4;RPL18A;IMPACT;RPS20;EIF2B4;RPL8;RPL36AL;RPL26;NCK1;MIF4GD;RPS16;RPL23;EIF3K;SMYD5;DRG1;RPLP1"
"Steroid Metabolic Process","GOBP_STEROID_METABOLIC_PROCESS",-0.407535731711456,-1.8131136530895,5.7824134818303e-07,3.37596573780859e-05,227,"EBP;NSDHL;FDPS;CYP11A1;APOC1;NR1H4;PCSK9;CYP51A1;DHCR7;MVK;VLDLR;HSD17B7;ACLY;HSD17B12;HSD11B1;LSS;MVD;SEC14L2;APOA1;SCARB1;HSD3B2;STAR;CAT;AKR1B1;OSBPL6;SQLE;ANGPTL3;HMGCS1;NR3C1;LPCAT3;RORA;APOE;HSD17B6;IDI1;ERRFI1;HSD17B4;AKR1C2;STARD4;LIPA;FDFT1;ABCA1;PRKAA1;SRD5A3;DHRS2;DHRS9;INSIG2;HMGCR;HINT2;MAPK1"
"Rrna Metabolic Process","GOBP_RRNA_METABOLIC_PROCESS",-0.387385340607253,-1.76371223673895,6.38791462757664e-07,3.66833851481983e-05,250,"MPHOSPH6;TRMT61B;SLFN5;WDR43;POLR1C;DKC1;POLR1B;RCL1;RRP36;RPF2;YBEY;EXOSC8;PRMT5;NHP2;DDX47;RRP7A;NUDT16;NOL11;POLR2H;MRTO4;RPL7L1;TFB2M;SUV39H1;TSR1;EBNA1BP2;IMP3;DDX55;RPP40;EXOSC7;RPS28;GTF3C4;NSUN4;NOP10;GTPBP4;RPS8;IPPK;RPL27;C1D;RPP30;POLR2L;RPL35A;RPS21;WDR36;RPL5;GTF3C6;POP4;METTL5;EMG1;SRFBP1;RPL7A;FTSJ3;NOL7;RPS6;RPL35;POLR2F;DCAF13;RPUSD2;RPS24;NVL;DDX52;NOP14;UTP6;POLR2K;DDX21;BYSL;UTP20;FBL;PRKDC;RPS17;WDR3;NOB1;WDR77;RPS14;BMS1;RPS19;PES1;RPL11;LAS1L;WDR12;RPL7;RPL14;PWP1;DDX49;WDR74;NAT10;POP7;DDX18;FCF1;PIN4;HEATR1;NSA2;RPL26;METTL18;TSR2;FRG1;TOP1;RPS16;EXOSC2;SLFN12L;UTP15;GAR1"
"Steroid Biosynthetic Process","GOBP_STEROID_BIOSYNTHETIC_PROCESS",-0.48772637894832,-2.02223800619612,6.57779492416761e-07,3.7164541321547e-05,123,"EBP;NSDHL;FDPS;CYP11A1;NR1H4;CYP51A1;DHCR7;MVK;HSD17B7;ACLY;HSD17B12;LSS;MVD;SEC14L2;APOA1;HSD3B2;STAR;AKR1B1;SQLE;HMGCS1;NR3C1;LPCAT3;APOE;HSD17B6;IDI1;STARD4;LIPA;FDFT1;PRKAA1;SRD5A3;INSIG2;HMGCR;HINT2;MAPK1;ACBD3;ERLIN2;HSD17B1;PMVK;CYP2R1;DHCR24;HSD3B1;PRKAG2;INSIG1;ERLIN1;LHCGR"
"Endoplasmic Reticulum to Golgi Vesicle Mediated Transport","GOBP_ENDOPLASMIC_RETICULUM_TO_GOLGI_VESICLE_MEDIATED_TRANSPORT",-0.48555855735013,-2.0132496647495,8.0145944576718e-07,4.4563689500356e-05,123,"BCAP31;ERGIC1;MIA3;CTAGE9;COPB1;SCFD1;VAPB;TRAPPC3;TMED3;COPB2;TMED9;YIF1A;ZW10;GAS1;LMAN1;NRBP1;LMAN2L;SEC22A;CNIH4;ERGIC3;GOSR2;TMED2;TMED5;SEC24D;SEC23A;SEC24A;RAB1A;GOLT1B;INSIG1;PDCD6;BET1;ATL3;SEC23B;COPA;PREB;VTI1A;SAR1A;SEC22B;ERGIC2;USO1;YIF1B;ANK1;YKT6;TRAPPC5;VCP;CREB3L2;MCFD2;ARCN1;TBC1D20;TRAPPC2L;RINT1;RAB2A;SAR1B;TMED7;YIPF6;LMAN2"
"Protein Maturation","GOBP_PROTEIN_MATURATION",-0.32414007793211,-1.51716515697461,9.2574311579542e-07,5.0669970853615e-05,459,"PGK1;DUOXA2;PDIA6;PCSK9;MIPEP;PPIA;HSPA5;BOLA3;ENO1;P4HB;PDIA3;GRPEL1;SPON1;PRDX4;SPCS1;ISCA1;SRGN;CASP3;S100A10;PIK3C3;FGG;ANXA2;HSP90B1;PPIF;CANX;B2M;SIL1;CTSZ;CCT5;TSPAN5;PCSK6;CALR;GAS1;METAP1;LMAN1;AIFM1;MKKS;CLN5;PGAP2;PPIE;SEC11C;PDIA4;RAP1GDS1;BAG4;PPID;PPIB;DNAJA4;LMAN2L;ERP29;ERP27;HSP90AB1;CCT8;HSPA6;PDIA5;NDUFAB1;HSPA4L;FKBP1A;PEX19;CMC1;YME1L1;FKBP10;CCT3;TBCE;PIGU;PREP;DNAJC1;CCDC47;RP2;PFDN6;DNAJA2;PTGES3;CASP10;CASP6;NAA20;PDRG1;PIGA;CCT7;DNAJC5;PSEN1;STOML2;DHCR24;DNAJC25;CPD;DNAJC2;RUVBL2;ANXA2P2;DNAJC7;HSPA4;BACE2;PRCP;PRSS27;ATG4A;PSENEN;GLRX5;DNAJA1;NAA10;PMPCB;NAA15;ATG4C;CISD3;PDCD5;PIGP;PDCL3;BAG2;AFG3L2;TRAP1;HSP90AA1;HSPE1;SCG5;MAFB;DPM1;ATP6AP2;CDC123;F8;HSPD1;LDLRAD3;HSPBP1;ZMPSTE24;PARL;HSPA9;PIGN;DNAJA3;CLPX;NAA16;CRYAB;CISD1;ARL2;SPCS2;CDC37L1;MPDU1;TTC1;BAG5;NAA50;CCT6A;GALNT2;CLN3;CASP4"
"Negative Regulation of Syncytium Formation by Plasma Membrane Fusion","GOBP_NEGATIVE_REGULATION_OF_SYNCYTIUM_FORMATION_BY_PLASMA_MEMBRANE_FUSION",-0.667058913796443,-2.25824079623003,9.5322097755048e-07,5.13167339665032e-05,46,"RPL29;RPL6;RPL38;UBA52;RPLP0;RPL23A;RPL27;RPL35A;RPL5;RPL39;RPL10A;RPL7A;RPL12;RPL32;RPL35;RPL19;RPL37;RPL13A;RPL28;RPL21;RPL15;RPL11;RPL7;RPL14;RPLP2;RPL36;RPL34;RPL31;RPL4;RPL18A;RPL8;RPL23;RPLP1;RPL9"
"Phospholipid Metabolic Process","GOBP_PHOSPHOLIPID_METABOLIC_PROCESS",-0.36334332302932,-1.67943497471359,9.66858247727436e-07,5.13167339665032e-05,298,"IDH1;PNPLA3;FDPS;APOC1;FADS1;AGPAT5;SMPDL3A;NR1H4;PCSK9;ACAT2;FABP3;MVK;HEXB;OSBPL10;MVD;MTM1;APOA1;SCARB1;SPATA18;LPIN1;PRDX6;ABHD5;PIK3C2A;ANGPTL3;HMGCS1;DBI;PCYT1A;PIK3C3;LPCAT3;RAB38;PCYT2;DGKG;PTEN;IDI1;FABP5;PI4K2B;SPTLC2;ACSL3;FDFT1;ABHD6;SRD5A3;PTPMT1;FITM2;PLD2;PGAP2;HMGCR;MTMR7;LPGAT1;GPAM;FAR1;TNFAIP8L3;PIGU;OSBP;MTMR4;SGMS2;NUS1;CPNE1;DPM3;PIGA;PMVK;IPMK;PIP5K1B;ABHD12B;GGPS1;LIPH;PIK3R5;PGS1;ABHD4;PIK3C2B;SCP2;SGMS1;SPTLC1;PIGP;ABHD3;PLAA;DOLPP1;MFSD2A"
"Blood Vessel Morphogenesis","GOBP_BLOOD_VESSEL_MORPHOGENESIS",0.420587972259934,1.55675761559212,9.90623549154386e-07,5.1793347652057e-05,477,"SOX4;WNT5A;SEMA5A;NDP;COL4A3;PLEKHG5;ID1;HES1;HIF3A;JUP;ADAM12;AKT3;PGF;NDNF;ZFPM2;VSTM4;BCAM;LRP5;PTGIS;NR4A1;MMP19;VASH2;FZD5;TGFB2;JUN;JUNB;NRP1;SEMA4A;PDGFB;IGFBP7;HAND2;EGR3;ERBB2;PTPRM;SMO;BCAS3;DAB2IP;CITED1;GJA5;HPGD;MYOCD;ANG;PIK3CA;BRCA1;THSD7A;AMOTL2;HDAC5;F3;NOTCH4;HMOX1;FZD4;JAG1;RHOB;GJC1;CSPG4;IL10;NPR3;ACTG1;FGFR1;TNNI3;FN1;HPSE;AQP1;MCAM;E2F8;FGF18;TNFSF12;SMAD1;FYN;THBS1;TEAD2;ISM1;C3;KLF4;PRDM1;PRKD2;BMPR2;TNFAIP3;MDK;NTRK2;PLCD3;MMP14;PLK2;SGCD;SASH1;EPHB4;APLNR;TLR3;TSPAN12;FMNL3;HS6ST1;CD47;EPN1;NRP2;NOTCH3;JAK1;TGM2;PXDN;PDGFA;GPNMB;SRF;GATA6;CHRNA7;CHD7;IL18;STIM1;RAMP1;MMRN2;ARID2;C6;FGFR2;FOXO4;ZNF304;RRAS;ALOX5;CX3CR1;APOB;E2F7;EFEMP2;AKT1;NR2F2;MFGE8;AMOT;SEMA6A;CEACAM1;RIN2;DAG1;TJP1;GAB1;RELA;WT1;PTGS2;C3AR1;SIRT1;FOXJ2;EFNA1;ECM1;WNT4;PLCG1;ROCK2;EGFL7;AMOTL1;FKBPL;HMGA2;TAL1;MEIS3;KLF2;PRKD1"
"Nucleobase Containing Compound Catabolic Process","GOBP_NUCLEOBASE_CONTAINING_COMPOUND_CATABOLIC_PROCESS",-0.316489049058506,-1.49053519601779,1.03401599482707e-06,5.32670298511649e-05,483,"PGK1;LDHA;MLXIPL;ENPP3;ALDOC;ENO2;CRYZ;ZCCHC17;UCP2;SMPDL3A;SLC2A6;UCHL1;TPI1;ENO1;GAPDH;SLFN5;NME1;GPI;ENTPD3;NUDT5;PFKP;PFKFB4;HK2;NYNRIN;PGAM1;LRPPRC;CASP3;LSM11;PGAM4;DKC1;CARHSP1;PDE8A;C1QBP;MFSD8;NUDT12;RBX1;RBM47;SLC4A4;LIPA;EXOSC8;ALDOA;PRKAA1;GSPT2;PDE10A;INTS10;FITM2;HKDC1;SND1;ACOT7;NPM1;POLR2G;NUDT16;PNP;PFKFB3;ENPP4;FEN1;HBS1L;SLIRP;SNIP1;ENTPD7;MRTO4;SSB;DIS3L2;AMPD3;CNOT1;SUCLG1;GSPT1;FBP1;ITPA;UNG;EXOSC7;ERN1;UPP1;MAGOHB;FASTKD1;DHTKD1;NSUN4;RNASEH1;PSEN1;MTCH2;NCBP2;SNRPD3;DHX36;INTS2;SMG8;PRKAG2;FASTKD5;NUDT3;MAGOH;LSM1;LARP1B;ZFC3H1;MLYCD;RNASET2;GRSF1;FASTKD3;NUDT8;SAMD4A;EDC3;HPRT1"
"Fatty Acid Metabolic Process","GOBP_FATTY_ACID_METABOLIC_PROCESS",-0.362606209844855,-1.6760279115206,1.05893732293589e-06,5.3760252786151e-05,298,"PGK1;MLXIPL;CROT;FADS2;PNPLA3;ELOVL6;DECR1;SCD;APOC1;FADS1;ACAT2;FABP3;PDK1;ACLY;AACS;HSD17B12;SIGMAR1;NME1;PTGES;LPIN1;TPK1;AKR1B1;ABHD5;TECR;ANGPTL3;DBI;APOE;FASN;ACSS2;FABP5;HSD17B4;AKR1C2;TYRP1;ACSL1;LIPA;ACSL3;ABHD6;PRKAA1;PDK3;INSIG2;ACOT7;ACOX1;ETFB;PCCA;LPGAT1;GPAM;NDUFAB1;ELOVL5;ACBD5;ALDH3A2;ACSL4;ERLIN2;MECR;ETFA;PTGES3;ACACA;ACOT4;GSTP1;AKR1C1;ECH1;ECHS1;OXSM;CBR1;ADH5;HADH;MCEE;IVD;GPX1;PECR;PRKAG2;ACOT9;INSIG1;DGAT2;ERLIN1;MLYCD;MIF;SCP2;NUDT8;DECR2;ABHD3;ABHD2;PLAA;ASAH1;ETFDH;MFSD2A"
"Phospholipid Biosynthetic Process","GOBP_PHOSPHOLIPID_BIOSYNTHETIC_PROCESS",-0.396777146061623,-1.75707931129501,1.40210292762128e-06,7.01652365065335e-05,220,"IDH1;PNPLA3;FDPS;FADS1;AGPAT5;NR1H4;ACAT2;FABP3;MVK;HEXB;MVD;MTM1;APOA1;LPIN1;ABHD5;PIK3C2A;HMGCS1;PCYT1A;PIK3C3;LPCAT3;RAB38;PCYT2;DGKG;PTEN;IDI1;FABP5;PI4K2B;SPTLC2;ACSL3;SRD5A3;PTPMT1;FITM2;PLD2;PGAP2;HMGCR;MTMR7;LPGAT1;GPAM;FAR1;PIGU;OSBP;MTMR4;SGMS2;NUS1;CPNE1;DPM3;PIGA;PMVK;PIP5K1B;GGPS1;LIPH;PGS1;ABHD4;PIK3C2B;SCP2;SGMS1;SPTLC1;PIGP;ABHD3;DOLPP1;MFSD2A"
"Rrna Processing","GOBP_RRNA_PROCESSING",-0.406961088483967,-1.77018499861808,1.46934231723983e-06,7.24944526379031e-05,208,"MPHOSPH6;TRMT61B;WDR43;DKC1;RCL1;RRP36;RPF2;YBEY;EXOSC8;PRMT5;NHP2;DDX47;RRP7A;NUDT16;NOL11;MRTO4;RPL7L1;TFB2M;SUV39H1;TSR1;EBNA1BP2;IMP3;DDX55;RPP40;EXOSC7;RPS28;NSUN4;NOP10;GTPBP4;RPS8;RPL27;C1D;RPP30;RPL35A;RPS21;WDR36;RPL5;POP4;METTL5;EMG1;SRFBP1;RPL7A;FTSJ3;NOL7;RPS6;RPL35;DCAF13;RPUSD2;RPS24;NVL;DDX52;NOP14;UTP6;DDX21;BYSL;UTP20;FBL;PRKDC;RPS17;WDR3;NOB1;WDR77;RPS14;BMS1;RPS19;PES1;RPL11;LAS1L;WDR12;RPL7;RPL14;PWP1;DDX49;WDR74;NAT10;POP7;DDX18;FCF1;PIN4;HEATR1;NSA2;RPL26;METTL18;TSR2;FRG1;RPS16;EXOSC2"
"Cell Surface Receptor Protein Serine Threonine Kinase Signaling Pathway","GOBP_CELL_SURFACE_RECEPTOR_PROTEIN_SERINE_THREONINE_KINASE_SIGNALING_PATHWAY",0.457788994935329,1.6525463262626,1.60761845731656e-06,7.82151035552767e-05,288,"ATOH8;WNT5A;SMAD9;VWC2;NPNT;NDP;ID1;SFRP4;CDH3;HES1;HTRA1;CRIM1;FOS;BMP3;TTK;MAP1LC3A;AMH;TGFB2;JUN;CDKN1C;ITGB5;SMAD6;SKIL;ATF3;CITED1;NUMA1;TGFB1I1;ING1;HPGD;MYOCD;TOB1;LTBP4;ING2;FSTL3;ITGA3;DACT1;LTBP3;EGR1;FAM89B;PTPRK;SAP30L;NEO1;SMAD1;THBS1;PEG10;ZNF423;BMPR2;INHBB;AXIN1;CILP;GPR155;NUP93;UBE2O;ACVR2B;GDF9;TGFB3;LTBP1;EXT1;FERMT2;GDF7;FSTL1;DLX5;RBPMS;SCUBE3"
"Protein Localization to Mitochondrion","GOBP_PROTEIN_LOCALIZATION_TO_MITOCHONDRION",-0.589813399355982,-2.1103327405401,1.95950241471461e-06,9.40292734074698e-05,58,"SAMM50;HK2;GRPEL1;EIF2AK1;TOMM5;TOMM40;AIFM1;TIMM8B;AGK;TOMM6;TIMM10;MTX3;ROMO1;TIMM13;TIMM17A;TMEM126A;MTCH2;HSPA4;TIMM8A;DNAJA1;TIMM23;HSP90AA1;HSPD1;TIMM22;NDUFA13;TIMM9;DNM1L"
"Regulation of System Process","GOBP_REGULATION_OF_SYSTEM_PROCESS",0.442391536231663,1.61805778494403,2.31318971118025e-06,0.000109501399436006,359,"NLGN4X;CACNB3;HOPX;NPNT;S100B;RIMS1;NPY2R;FOXO1;CASR;EGR2;JUP;NR4A3;CAMK2D;FGF12;PRKCZ;CRHBP;IGF1;HIP1R;TGFB2;PPP1R12B;ADRA2A;CC2D1A;ABAT;PDGFB;IGFBP5;ANK2;HAND2;ACE;KCNJ8;MAPK8IP2;KCNMB2;TMEM108;DSP;C1QTNF1;GJA5;RIMS2;KCNQ1;MYOCD;CACNB2;AVPR1A;TSHZ3;ITGA9;SCN5A;FOXP1;ZDHHC21;PAK1;WNK3;GJC1;NPR3;FGFR1;TNNI3;PBX3;MTMR2;AQP1;INPP5K;PDE9A;OXTR;SGK1;EDNRB;TRPC1;KLF4;HBEGF;BMPR2;TACR2;MAG;FAAH;ADORA3;DLG4;GSTM2;GSK3A;FOXL2;INHBB;ZMYND8;AGER;NPPA;APLNR;GDF9;AKAP9;TMEM98;CACNB1;GNAO1;GAS6;LMNA;ELOVL4;KCNIP2;PRKAR1B;SLC22A5;KCND2;GRIK2;KCNJ5;FLNA;SRF;CHRNA7;CACNA1G;F2R;FBXO32;WASF3;DES"
"Canonical Wnt Signaling Pathway","GOBP_CANONICAL_WNT_SIGNALING_PATHWAY",0.473380783370416,1.69226715277263,2.94944591219183e-06,0.000135946171452737,237,"SOX4;WNT5A;SEMA5A;PRICKLE1;NDP;ASPM;SFRP4;CDH3;FOXO1;JUP;LRP5;DAAM2;KANK1;FZD5;BICC1;ZNRF3;DAB2IP;IGFBP1;LMBR1L;NKD1;TMEM88;LRP6;SFRP5;MEST;DACT1;CDK14;FZD4;WNK3;EGR1;NRBP2;PPM1B;COL6A1;EDNRB;SNAI2;IGFBP2;FRAT2;KLF4;SOX13;APC2;NR4A2;TCF7;GPC5;MDK;TCF7L1;CSNK1E;RARG;RYK;GSK3A;SPIN4;AXIN1;PTK7;NPPA;EGFR;MAD2L2;SOX9;DVL2;TCF7L2;EXT1;CTNNBIP1;DLX5;LIMD1;DVL3;DDIT3;FZD3;PLEKHA4;FGFR2;SMAD4;FRAT1;AXIN2;RNF146;PYGO1;BCL9"
"Cardiac Septum Development","GOBP_CARDIAC_SEPTUM_DEVELOPMENT",0.602600843102394,1.91668805102613,2.94796865676333e-06,0.000135946171452737,80,"SOX4;WNT5A;HES1;ZFPM2;SAV1;VANGL2;TGFB2;NRP1;SMAD6;ANK2;HEYL;SEMA3C;KCNJ8;SMO;GJA5;CRELD1;TBX3;JAG1;PAX8;SUFU;PRDM1;BMPR2;PTK7;APLNR;NRP2;GATA6;CHD7;FGFR2;SMAD4"
"Proton Motive Force Driven Atp Synthesis","GOBP_PROTON_MOTIVE_FORCE_DRIVEN_ATP_SYNTHESIS",-0.640539186046575,-2.13855946043124,3.04895110018383e-06,0.000138707476674597,44,"NDUFB9;NDUFS3;NDUFA9;NDUFB3;NDUFS8;NDUFAB1;NDUFA12;NDUFS5;NDUFA8;NDUFA6;SDHD;NDUFC2;NDUFV2;NDUFB2;STOML2;NDUFA1;NDUFB10;NDUFB8;NDUFA7;NDUFC1;SDHC;NDUFA13;NDUFS4;NDUFS1;SDHB;NDUFA11;NDUFB4;NDUFS6;SDHA;NDUFA2;NDUFB6"
"Heart Morphogenesis","GOBP_HEART_MORPHOGENESIS",0.501468717972789,1.75522565274067,3.15596747372568e-06,0.000139526608176406,183,"SOX4;WNT5A;PRICKLE1;DCHS1;DCHS2;HES1;NPY2R;PIM1;ZFPM2;SAV1;VANGL2;TGFB2;JUN;NRP1;SMAD6;HEYL;HAND2;SEMA3C;NRG1;COL11A1;KCNJ8;INSR;SMO;DSP;GJA5;GREB1L;ALDH1A2;ADAMTS5;TBX3;JAG1;TNNI3;SUFU;TEAD2;SNAI2;BMPR2;GRHL2;PPP1R13L;GSK3A;NDRG4;EPHB4;SOX9;APLNR;DVL2;NRP2;TGFB3;EXT1;UBE4B;ASXL1;SRF;GATA6;CHD7;ARID2;FGFR2;SMAD4;PTCH1;AXIN2"
"Regulation of Chromosome Segregation","GOBP_REGULATION_OF_CHROMOSOME_SEGREGATION",0.548701425715708,1.84034009692533,3.11692418713683e-06,0.000139526608176406,122,"BUB1;TTK;UBE2C;NCAPG;DPF3;BIRC5;CENPE;BUB1B;DUSP1;RCC2;KIF2C;NUMA1;SMARCC2;PLK1;DLGAP5;BCL7A;ESPL1;CDK1;ZWINT;DPF2;CDC20;SMC6;SMARCA2;SKA3;FBXO5;MAD2L2;BRD7;RMI2;HECW2;CENPF;NCAPH;NCAPD2;ARID2;USP44;CDC6;NCAPH2;MAD1L1;NCAPD3;ANAPC2;ARID1B;INCENP;ARID1A;LCMT1;NDC80;CCNB1;SIRT1;DYNLRB1;NCAPG2;IK;SMARCC1;HNRNPU;CHFR;RB1;SMARCD1;TPR"
"Sister Chromatid Segregation","GOBP_SISTER_CHROMATID_SEGREGATION",0.487974649078035,1.72991752580885,3.18644837399727e-06,0.000139526608176406,212,"PRICKLE1;KIFC1;BUB1;KIF11;TTK;UBE2C;KIF23;NCAPG;DPF3;BIRC5;CENPE;BUB1B;CENPA;PRC1;DUSP1;KIF2C;NUMA1;SMARCC2;KIF15;PLK1;KIF4A;MYBL2;DLGAP5;KIF18A;BCL7A;SKA2;ESPL1;KIF14;CDK1;ZWINT;DPF2;CDC20;TOP2A;SMARCA2;CEP55;SKA3;CEP192;MAP9;FBXO5;MAD2L2;AKAP8L;SPAG5;MZT1;BRD7;RMI2;HECW2;CENPF;FLNA;NCAPH;OFD1;NUSAP1;CLASP1;NCAPD2;KIF22;ARID2;USP44;CDC6;NCAPH2;MAD1L1;CHMP4C;NCAPD3;ANAPC2;ARID1B;INCENP;CEP97;NEK2;ARID1A;LCMT1;NDC80;CCNB1;SIRT1;DCTN2;CHMP1B;DYNLRB1;GOLGA2;KIF18B;NCAPG2;IK;SMARCC1;AAAS;STAG2;HNRNPU;CHFR;EML3;RB1;SMARCD1;CCDC61;TPR;CENPK;RRS1"
"Regulation of Cell Growth","GOBP_REGULATION_OF_CELL_GROWTH",0.447566090273514,1.6214402424485,3.31602709894378e-06,0.000143407937377778,305,"WNT5A;SEMA5A;CDH4;OSGIN2;RIMS1;SOCS2;CAMK2D;SEMA7A;IGFBP3;SYT2;CDKL5;IGF1;TGFB2;ESR2;NRP1;PTPRS;IGFBP7;IGFBP5;SEMA6C;NRG1;ENPP1;ERBB2;BCL11A;ING1;IGFBP1;RIMS2;TTL;MYOCD;AVPR1A;TSPYL2;BRCA1;LTBP4;PRDM11;FOXP1;CDKN2C;CISH;OGFR;BCL2;PAK1;ULK2;DDR1;GDI1;FN1;VGLL4;KIF14;CDKN2AIP;TCHP;CDH1;SGK1;PRKCQ;SMARCA2;TP53;SEMA3A;TEAD1;HBEGF;BMPR2;SLC23A2;MMP14;MAG;CRABP2;RYK;GSK3A;LIMK1;NPPA;EGFR;MAD2L2;GDF9;ULK1;EPHX2;MUC12;SYT1"
"Isoprenoid Biosynthetic Process","GOBP_ISOPRENOID_BIOSYNTHETIC_PROCESS",-0.753010190114194,-2.31401119809841,3.53597419602648e-06,0.00015105509278879,25,"FDPS;ACAT2;MVK;LSS;PDSS1;MVD;ALDH8A1;HMGCS1;IDI1;PDSS2;DHRS9;HMGCR;ALDH1A3;DPM3;PMVK;GGPS1"
"Heart Development","GOBP_HEART_DEVELOPMENT",0.422749653402574,1.56174735268692,4.21420113246569e-06,0.0001778595971931,439,"SOX4;MYH11;SIK1;ID3;WNT5A;HOPX;PRICKLE1;DCHS1;DCHS2;ID1;PDLIM7;HES1;NPY2R;PIM1;ZFPM2;FGF12;SAV1;VANGL2;IGF1;BICC1;TGFB2;JUN;NRP1;PDGFB;SMAD6;ANK2;HEYL;HAND2;SEMA3C;NRG1;COL11A1;KCNJ8;ERBB2;INSR;SMO;DSP;GJA5;GREB1L;KCNQ1;MYOCD;CRELD1;ALDH1A2;PDLIM1;VCAM1;SCN5A;FOXP1;ADAMTS5;PAK1;TBX3;JAG1;GJC1;MED12;SOX6;FGFR1;TNNI3;FN1;VGLL4;CDK1;PCSK5;PAX8;SMAD1;SUFU;COL6A1;TEAD2;SNAI2;PRDM1;BMPR2;GRHL2;PPP1R13L;BCOR;NFATC1;GSK3A;SGCD;PTK7;NPPA;EGFR;NDRG4;EPHB4;SOX9;APLNR;ACVR2B;DVL2;NRP2;TGFB3;MEF2D;LMNA;EXT1;UBE4B;SYPL2;POU6F1;ASXL1;SRF;GATA6;SH3PXD2B;CASP7;CACNA1G;CHD7;ARID2;FGFR2;SMAD4;CRIP1;DZIP1;PTCH1;COX17;PDLIM3;AXIN2"
"Fatty Acid Derivative Biosynthetic Process","GOBP_FATTY_ACID_DERIVATIVE_BIOSYNTHETIC_PROCESS",-0.686285291466679,-2.18150617506625,4.67461643226694e-06,0.000194942635264656,33,"ELOVL6;ACSS3;AACS;HSD17B12;TECR;FASN;PPT1;ACSL1;ACSL3;HMGCL;FAR1;ELOVL5;ACSL4;PAM;ACACA"
"Mitochondrial Electron Transport Nadh to Ubiquinone","GOBP_MITOCHONDRIAL_ELECTRON_TRANSPORT_NADH_TO_UBIQUINONE",-0.641736659107449,-2.1300399731671,4.9991088417631e-06,0.000206022097325837,43,"NDUFB9;PARK7;NDUFS3;NDUFAF1;NDUFA9;NDUFB3;NDUFS8;NDUFAB1;NDUFS5;NDUFA8;NDUFA6;NDUFC2;NDUFV2;NDUFB2;DLD;NDUFA1;NDUFB10;NDUFB8;NDUFA7;NDUFC1;NDUFA4;NDUFS4;NDUFS1;NDUFA11;SNCA;NDUFB4;NDUFS6;COQ9;NDUFA2;NDUFB6"
"Isoprenoid Metabolic Process","GOBP_ISOPRENOID_METABOLIC_PROCESS",-0.539396104165099,-2.01714960069058,5.13895878123382e-06,0.00020932293733328,75,"FDPS;ACAT2;MVK;LSS;PDSS1;MVD;NME1;AKR1B1;RDH11;ALDH8A1;HMGCS1;DHRS3;HSD17B6;IDI1;LIPA;FDFT1;SCPEP1;SRD5A3;PDSS2;DHRS9;RETSAT;HMGCR;ALDH1A3;ALDH3A2;DPM3;PMVK;AKR1C1;ADH5;GGPS1;PECR;RARRES2;DGAT2;LRP8;SCP2"
"Mesenchyme Development","GOBP_MESENCHYME_DEVELOPMENT",0.48071640853359,1.71327800207742,5.2796913289374e-06,0.000212583433623767,222,"SOX4;WNT5A;SEMA5A;PRICKLE1;DCHS1;HES1;TNXB;ZFPM2;FGF12;SEMA7A;IGF1;AMH;TGFB2;NRP1;SEMA4A;SEMA6C;HEYL;HAND2;SEMA3C;NRG1;SMO;DAB2IP;TGFB1I1;EFNB1;CRELD1;ALDH1A2;MARK1;LRP6;DLG5;NOTCH4;ADAMTS5;BCL2;TBX3;JAG1;FGFR1;FN1;TEAD2;EDNRB;SNAI2;PHACTR4;SEMA3A;BMPR2;MDK;SPSB3;SEMA4C;FAM83D;SEMA3B;PTK7;MAD2L2;SOX9;APLNR;TCF7L2;NRP2;TGFB3;TCOF1"
"Acetyl Coa Metabolic Process","GOBP_ACETYL_COA_METABOLIC_PROCESS",-0.662639753094234,-2.16169248415052,5.7618274623281e-06,0.000229360018187901,37,"PGK1;MVK;PDK1;ACLY;MVD;NME1;DLAT;TPK1;HMGCS1;FASN;ACSS2;PDK3;HMGCR;ACACA;PMVK;DLD;MLYCD;NUDT8"
"Cell Growth","GOBP_CELL_GROWTH",0.429562100311243,1.57549534538006,6.84094305904883e-06,0.000269256444223012,373,"WNT5A;SEMA5A;PRICKLE1;CDH4;OSGIN2;S100B;RIMS1;SOCS2;CAMK2D;SEMA7A;PRKCZ;IGFBP3;SYT2;CDKL5;IGF1;TGFB2;ESR2;NRP1;PTPRS;IGFBP7;IGFBP5;SEMA6C;NRG1;ENPP1;ERBB2;BCL11A;TMEM108;ING1;IGFBP1;RIMS2;TTL;MYOCD;AVPR1A;TSPYL2;BRCA1;LTBP4;PRDM11;FOXP1;CDKN2C;CISH;OGFR;BCL2;PAK1;ULK2;DDR1;GDI1;FN1;VGLL4;KIF14;CDKN2AIP;TCHP;CDH1;SGK1;PRKCQ;SMARCA2;TP53;SEMA3A;TEAD1;HBEGF;BMPR2;SLC23A2;MMP14;MAG;RARG;CRABP2;RYK;GSK3A;LIMK1;FOXL2;NPPA;EGFR;MAD2L2;SOX9;GDF9;ULK1;EPHX2;VCL;NRP2;MUC12;SYT1;EXT1;SPHK2"
"Nuclear Chromosome Segregation","GOBP_NUCLEAR_CHROMOSOME_SEGREGATION",0.461921192018667,1.66459897472865,7.08869188820651e-06,0.000275907640937638,259,"PRICKLE1;ASPM;KIFC1;BUB1;CCNB1IP1;KIF11;TTK;UBE2C;KIF23;NCAPG;DPF3;BIRC5;CENPE;BUB1B;CENPA;PRC1;DUSP1;RCC2;KIF2C;NUMA1;SMARCC2;KIF15;TTL;PLK1;KIF4A;MYBL2;DLGAP5;KIF18A;BCL7A;SKA2;ESPL1;KIF14;CDK1;ZWINT;DPF2;CDC20;TOP2A;SMARCA2;CEP55;SKA3;CEP192;PSMC3IP;FAM83D;MAP9;FBXO5;MAD2L2;AKAP8L;SPAG5;MZT1;BRD7;GEM;RMI2;HECW2;CENPF;FLNA;EHMT2;NCAPH;BAG6;SUN1;OFD1;NUSAP1;CLASP1;FANCD2;NCAPD2;KIF22;ARID2;USP44;CDC6;NCAPH2;PTTG1;MAD1L1;CENPV;CHMP4C;NCAPD3;ANAPC2;ARID1B;INCENP;CEP97;PMF1;NEK2;ARID1A;LCMT1;NDC80;CCNB1;SIRT1;DCTN2;ZCWPW1;CHMP1B;DYNLRB1;GOLGA2;KIF18B;NCAPG2;IK;SMARCC1;AAAS;STAG2;HNRNPU;CHFR;EML3;RB1;SMARCD1;CCDC61;TPR;CENPK;RRS1"
"Glucose Catabolic Process","GOBP_GLUCOSE_CATABOLIC_PROCESS",-0.760905211741649,-2.26125620948605,7.99806972665887e-06,0.000304781716767086,23,"PGK1;LDHA;ENO2;TPI1;ENO1;GAPDH;PFKP;HK2;PGAM1;ALDOA"
"Organic Acid Biosynthetic Process","GOBP_ORGANIC_ACID_BIOSYNTHETIC_PROCESS",-0.36975586239134,-1.67083839382871,8.00454408865884e-06,0.000304781716767086,238,"MLXIPL;FADS2;ELOVL6;SCD;APOC1;FADS1;NR1H4;PLOD1;ACLY;HSD17B12;SIGMAR1;GOT2;NME1;VDAC1;PTGES;STAR;LTA4H;PARK7;TECR;OSBPL6;ALDH8A1;PYCR1;MTHFD1L;FASN;ACSS2;ERRFI1;FABP5;HSD17B4;NANP;STARD4;ACSL1;PRKAA1;PSAT1;DHRS9;INSIG2;ACOT7;ACOX1;LPGAT1;GLS;MTHFD1;ALDH1A3;NDUFAB1;ELOVL5;ACSL4;OSBP;ERLIN2;MECR;PTGES3;ACACA;ACOT4;GSTP1;BCAT1;OXSM;CBR1;LDHAL6B;BHMT2;GOT1;PECR;PRKAG2;INSIG1;ERLIN1;PLOD2;PSPH;MLYCD;MIF;SCP2;DECR2;ABHD3;ABHD2;PLAA;SEPSECS;ENOPH1;MTHFD2;GAMT;NR1H3"
"Homophilic Cell Cell Adhesion","GOBP_HOMOPHILIC_CELL_CELL_ADHESION",0.569840559961124,1.88518252827797,9.54945596550346e-06,0.000355869619650624,99,"CDH4;DCHS1;DCHS2;CDH3;FAT3;CLSTN2;PCDHGB7;ROBO3;FAT2;PCDH9;PCDH17;PCDH18;TRO;CNTN4;PTPRM;IGSF11;CDH12;CADM1;PCDHGB6;CDH1;PCDHGB4;CELSR2;AMIGO2;PCDHB14;CADM4;PTK7;PCDH10;PCDHGA10;PCDHGB5;CNTN2;KIRREL3;FAT4;PCDHAC2;PCDHGA9;CLSTN3;CEACAM1;PCDHGB2;CELSR1;PKD1;PCDH11X;NEXN;PCDHB13;PCDH7;CDH2;CD84;PCDHGA12;PALLD;PCDHGC3;CLSTN1;PCDHA9"
"Renal System Development","GOBP_RENAL_SYSTEM_DEVELOPMENT",0.458163912824155,1.64547553159722,9.47587607100282e-06,0.000355869619650624,247,"SOX4;ID3;WNT5A;PRICKLE1;NPNT;DCHS1;COL4A3;COL4A4;DCHS2;HES1;ZBTB16;CD24;VANGL2;BICC1;TGFB2;CDKN1C;NRP1;PDGFB;KANK2;SMAD6;HEYL;ACE;KCNJ8;HS3ST3A1;SMO;CITED1;ARG2;HPGD;GREB1L;MYOCD;ALDH1A2;ITGA3;DLG5;BCL2;TTC8;JAG1;GZF1;EGR1;FGFR1;AQP1;PDGFD;PCSK5;PAX8;SMAD1;ASS1;EDNRB;MPST;PRDM1;KLHL3;PTK7;SOX9;ACVR2B;NOTCH3;EXT1;CENPF;CTNNBIP1;LIN28A;ASXL1;PDGFA;KIRREL3;BAG6;KIF26B;FGFR2;SMAD4;IFT27;PTCH1;DTNBP1;PROM1;PYGO1"
"Sensory Organ Development","GOBP_SENSORY_ORGAN_DEVELOPMENT",0.421429760825095,1.54791238278533,9.8316797235717e-06,0.000362530253386018,392,"SOX4;WNT5A;PRICKLE1;SOBP;NDP;DCHS1;HES1;NR4A3;SLC25A27;FAT3;VSTM4;LRP5;MFAP2;FOS;VANGL2;IGF1;FZD5;TGFB2;JUN;SALL2;CDKN1C;ADAMTS18;NRP1;RPGR;MERTK;HAND2;CCNA2;COL11A1;SKIL;PTPRM;SHROOM2;KCNQ1;NKD1;ALDH1A2;SLC25A25;CEBPD;TUB;FZD4;BCL2;TTC8;TBX3;JAG1;MAB21L2;VIM;DDR1;FGFR1;PBX3;AQP1;TECTA;PAX8;TMOD1;SCAPER;C3;PHACTR4;KLF4;FOXP2;PRDM1;BMPR2;NTRK2;ROM1;TOPORS;GRHL2;PPP1R13L;FOXG1;RARG;FOXL2;SGCD;PTK7;STAU2;EGFR;SOX9;TSPAN12;ACVR2B;DIAPH3;LRP10;DVL2;TULP3;RING1;CTNS;DLX5;PXDN;TSHZ1;SRF;SH3PXD2B;CHD7;FZD3;MEGF11;TGIF2;CHRNA10;FGFR2;FZR1;SIX5;IFT27;DTNBP1;NR2E3;STRC;PROM1;ZHX2;BLVRA;CACNA1C;MAB21L1;DAG1;ATP8B1;WT1;ZNF513;EFNA5;ATP8A2"
"Regulation of Synapse Structure or Activity","GOBP_REGULATION_OF_SYNAPSE_STRUCTURE_OR_ACTIVITY",0.466433343061559,1.66852591255243,9.9555921102024e-06,0.000363275407937906,235,"NLGN4X;WNT5A;PRICKLE1;DBN1;GRID2;SEMA7A;PAK3;CPEB3;CLSTN2;COLQ;GPC4;VANGL2;CDKL5;PTPN13;CAMK1;IQSEC2;CC2D1A;SEMA4A;PTPRS;DAB2IP;SRGAP3;LINGO2;MARK1;TRIM47;IGSF11;LSAMP;SRGAP2;LIN7B;DLG5;NGEF;ARHGAP33;RHOB;RPS6KA5;ARHGAP44;SYNDIG1;IL10;FGFR1;LZTS1;SLC12A5;CDC20;FYN;KIF1A;ZDHHC15;PTPRD;NTRK2;SEMA4C;AMIGO2;MAPRE3;LRRC24;HOMER1;MDGA1;ZMYND8;STAU2;DOCK1;LRFN3;FCGR2B;SLITRK4;SLITRK2;NRP2;SYNGAP1"
"Mitochondrial Rna Metabolic Process","GOBP_MITOCHONDRIAL_RNA_METABOLIC_PROCESS",-0.60057744216976,-2.07657418136766,1.31413200546072e-05,0.000474577774755555,50,"TRMT61B;LRPPRC;EARS2;C1QBP;PRKAA1;TRIT1;SLIRP;CDK5RAP1;TFB2M;TRUB2;TFAM;FASTKD1;NSUN4;SLC25A33;FASTKD5;GRSF1;FASTKD3;PUS1;YARS2;REXO2;HSD17B10;FOXO3;FASTK;FASTKD2;PNPT1;SUPV3L1;MRPL12"
"Cardiac Chamber Morphogenesis","GOBP_CARDIAC_CHAMBER_MORPHOGENESIS",0.582417653503092,1.86540941969782,1.56161085263417e-05,0.000558196205793621,85,"SOX4;HES1;NPY2R;ZFPM2;SAV1;VANGL2;TGFB2;NRP1;SMAD6;HEYL;HAND2;SEMA3C;NRG1;COL11A1;SMO;DSP;GJA5;TBX3;JAG1;TNNI3;BMPR2;GRHL2;PPP1R13L;GSK3A;APLNR;NRP2;UBE4B;SRF;GATA6;CHD7;FGFR2;SMAD4"
"Cell Junction Assembly","GOBP_CELL_JUNCTION_ASSEMBLY",0.421381670985925,1.54600453259458,1.63494590141047e-05,0.000576295579541886,384,"NLGN4X;WNT5A;HOPX;PRICKLE1;CDH4;CDH3;LIMCH1;GRID2;JUP;CPEB3;CLSTN2;COLQ;GPC4;PTPN13;FZD5;FSCN1;IQSEC2;ARHGAP6;SORBS1;CC2D1A;NRP1;SEMA4A;PTPRS;PCDH17;ACE;TLN2;KCNJ8;GPM6B;RCC2;THSD1;GJA5;SRGAP3;STON1;LINGO2;MARK1;TRIM47;LDB1;IGSF11;LSAMP;SRGAP2;LIN7B;LAMA3;DLG5;CDH12;FBF1;ARHGAP33;BCL2;PLXNB1;GJC1;MYO1C;SPTBN2;SYNDIG1;ACTG1;FGFR1;LZTS1;FN1;PTPRK;SLC12A5;CDH1;MPDZ;THBS1;SNAI2;MICALL2;PTPRD;NTRK2;SEMA4C;AMIGO2;GRHL2;PCDHB14;MMP14;LRRC24;BSN;RYK;MDGA1;CLDN11;DNM3;STAU2;DOCK1;TESK2;APLNR;VSIG10;LRFN3;SLITRK4;CLDN18;SLITRK2;VCL"
"Tissue Morphogenesis","GOBP_TISSUE_MORPHOGENESIS",0.411423529671982,1.51947670835305,1.64514867125859e-05,0.000576295579541886,430,"WNT5A;PRICKLE1;NPNT;DCHS1;DCHS2;HES1;CASR;NR4A3;ZFPM2;LRP5;VANGL2;IGF1;FZD5;LLGL2;TGFB2;ADAMTS12;NRP1;ITGB5;IGFBP5;HEYL;HAND2;SEMA3C;NRG1;COL11A1;HS3ST3A1;GREB1;SMO;DSP;CITED1;TGFB1I1;GREB1L;NKD1;ALDH1A2;FOXP1;ITGA3;DLG5;NTN4;NOTCH4;SOCS3;ADAMTS5;BCL2;TTC8;PAK1;TBX3;JAG1;RHOB;GZF1;DDR1;MED12;IL10;ACTG1;FGFR1;TNNI3;BRSK1;DLG3;PAX8;SMAD1;SUFU;TEAD2;SNAI2;PHACTR4;KLF4;SPINT1;PRKD2;ARMC5;HBEGF;BMPR2;SPINT2;KLHL3;MDK;SEMA4C;GRHL2;MMP14;ESRP2;RARG;HHIP;AXIN1;VPS52;PTK7;EGFR;NDRG4;CYP7B1;SOX9;APLNR;DVL2;VCL;NRP2;TGFB3;TULP3;EXT1;KRT19;TGM2;CTNNBIP1;FERMT2;GDF7;UBE4B;FLNA;PDGFA;TRIM28;SRF;CSF1;CHD7;FZD3;KIF26B;MMRN2;CLASP1"
"Mitotic Nuclear Division","GOBP_MITOTIC_NUCLEAR_DIVISION",0.452971157578269,1.62682597963663,1.66459789980778e-05,0.000577335291388777,247,"PRICKLE1;KIFC1;BUB1;LRP5;KIF11;TTK;UBE2C;MKI67;KIF23;NCAPG;IGF1;CDKN1C;BIRC5;CENPE;BUB1B;CENPA;PDGFB;PRC1;INSR;ANLN;EPS8;DUSP1;KIF2C;NUMA1;KIF15;PLK1;KIF4A;MYBL2;DLGAP5;UBE2S;KIF18A;SKA2;ESPL1;KIF14;CDK1;CHEK1;ZWINT;CDC20;CEP55;SKA3;CEP192;NFE2L1;MAP9;PHIP;REEP4;FBXO5;MAD2L2;AKAP8L;SPAG5;MZT1;CENPF;FLNA;L3MBTL1;NCAPH;CDC14A;OFD1;NUSAP1;CLASP1;CUL9;SMPD3;NCAPD2;KIF22;USP44;PPP1R9B;NCAPH2;MAD1L1;CHMP4C;NCAPD3;INCENP;SH2B1;CEP97;NEK2;TOM1L2;LCMT1;NDC80;CCNB1;SIRT1"
"Morphogenesis of a Branching Structure","GOBP_MORPHOGENESIS_OF_A_BRANCHING_STRUCTURE",0.513056470160985,1.75587428465578,2.08534252193514e-05,0.000705392637051929,143,"WNT5A;NPNT;DCHS1;CASR;LRP5;VANGL2;IGF1;FZD5;LLGL2;NRP1;SEMA3C;HS3ST3A1;SMO;CITED1;GREB1L;DLG5;NTN4;NOTCH4;SOCS3;BCL2;PAK1;TBX3;GZF1;DDR1;IL10;FGFR1;PAX8;SNAI2;SPINT1;PRDM1;SPINT2;MDK;GRHL2;MMP14;ESRP2;HHIP;SOX9;EXT1;TGM2;CTNNBIP1;GDF7;PDGFA;SRF;CSF1;FGFR2;SMAD4;ESR1;PTCH1;DAG1;CELSR1;PKD1;WT1;AGT;WNT4;FKBPL;HMGA2"
"Regulation of Cell Junction Assembly","GOBP_REGULATION_OF_CELL_JUNCTION_ASSEMBLY",0.463327409631356,1.650166398517,2.07228199580096e-05,0.000705392637051929,217,"NLGN4X;WNT5A;HOPX;PRICKLE1;LIMCH1;GRID2;CPEB3;CLSTN2;COLQ;GPC4;PTPN13;FZD5;IQSEC2;ARHGAP6;CC2D1A;NRP1;SEMA4A;PTPRS;ACE;GPM6B;RCC2;SRGAP3;LINGO2;MARK1;TRIM47;LDB1;IGSF11;LSAMP;SRGAP2;LIN7B;DLG5;ARHGAP33;MYO1C;SYNDIG1;ACTG1;FGFR1;LZTS1;SLC12A5;THBS1;SNAI2;PTPRD;NTRK2;SEMA4C;AMIGO2;MMP14;LRRC24;MDGA1;STAU2;DOCK1;APLNR;LRFN3;SLITRK4;SLITRK2;VCL"
"Sulfur Compound Biosynthetic Process","GOBP_SULFUR_COMPOUND_BIOSYNTHETIC_PROCESS",-0.471158906850924,-1.84914977251362,2.09422878256925e-05,0.000705392637051929,98,"PGK1;ELOVL6;PDK1;ACLY;HSD17B12;SLC19A3;DLAT;TPK1;TECR;PAPSS2;FASN;SLC1A2;ACSS2;PPT1;ACSL1;ACSL3;GCLM;PDK3;ACOT7;PCCA;MTHFD1;ELOVL5;ACSL4;PANK1;ACACA;GSTP1;DLD;BHMT2;MCEE"
"Terpenoid Biosynthetic Process","GOBP_TERPENOID_BIOSYNTHETIC_PROCESS",-0.761067249021226,-2.19665851354018,2.13979534632062e-05,0.000713876485539157,20,"FDPS;ACAT2;MVK;LSS;MVD;ALDH8A1;HMGCS1;IDI1;DHRS9;HMGCR;ALDH1A3;DPM3;PMVK;GGPS1"
"Fatty Acid Derivative Metabolic Process","GOBP_FATTY_ACID_DERIVATIVE_METABOLIC_PROCESS",-0.552563166273006,-1.97705264457486,2.23965527358882e-05,0.000740142681451098,58,"ELOVL6;ACSS3;AACS;HSD17B12;TECR;FASN;PPT1;HSD17B4;TYRP1;ACSL1;ACSL3;HMGCL;FITM2;ACOT7;FAR1;ELOVL5;ALDH3A2;ACSL4;PAM;ACACA;DLD;PECR;DGAT2;NUDT8;DBT;PTGR1;DGAT1;GCDH;CBR4;CYP4F3"
"Stem Cell Development","GOBP_STEM_CELL_DEVELOPMENT",0.619031117809538,1.90555962941978,2.29971701581684e-05,0.000752888664150131,61,"SEMA5A;HES1;FGF12;SEMA7A;NRP1;SEMA4A;SEMA6C;HAND2;SEMA3C;NRG1;SMO;EFNB1;ALDH1A2;JAG1;FN1;EDNRB;SNAI2;PHACTR4;SEMA3A;SEMA4C;SEMA3B;SOX9;NRP2;TCOF1"
"Regulation of Sister Chromatid Segregation","GOBP_REGULATION_OF_SISTER_CHROMATID_SEGREGATION",0.546601617918555,1.8040355871764,2.56071207492014e-05,0.000830571703559746,100,"BUB1;TTK;UBE2C;DPF3;BIRC5;CENPE;BUB1B;DUSP1;NUMA1;SMARCC2;PLK1;DLGAP5;BCL7A;ESPL1;CDK1;ZWINT;DPF2;CDC20;SMARCA2;SKA3;FBXO5;MAD2L2;BRD7;RMI2;HECW2;CENPF;ARID2;USP44;CDC6;MAD1L1;ANAPC2;ARID1B;INCENP;ARID1A;LCMT1;NDC80;CCNB1;SIRT1;DYNLRB1;IK;SMARCC1;HNRNPU;CHFR;RB1;SMARCD1;TPR"
"Negative Regulation of Cell Differentiation","GOBP_NEGATIVE_REGULATION_OF_CELL_DIFFERENTIATION",0.408925082503912,1.51405443997585,2.70098005497874e-05,0.000868030562622983,466,"SOX4;ID3;WNT5A;JDP2;HOPX;SEMA5A;PRICKLE1;S100B;ID1;ASPM;HES1;FOXO1;CRIM1;ZFPM2;ZBTB16;LRRC17;TNFSF4;LRP5;DAAM2;IGF1;TGFB2;ADAMTS12;NRP1;PDGFB;PTPRS;IGFBP5;SMAD6;SEMA6C;HAND2;SKIL;ENPP1;ERBB2;PRDM6;CNTN4;BCL11A;SMO;DAB2IP;CITED1;TGFB1I1;TMEM176B;MYOCD;MARK1;MYB;LDB1;TOB1;FSTL3;PIK3R1;FOXP1;HDAC5;NOTCH4;ZFP36;ZFP36L2;PAK1;BCL7A;S1PR3;TBX3;ULK2;JAG1;LTBP3;ZBTB7B;TMEM176A;IRF1;SOX6;GDI1;LRP3;EIF4ENIF1;PRTG;SUFU;CDH1;DPF2;TRIM11;EDNRB;SNAI2;SMARCA2;CDK6;REG3G;TRIM6;MDK;SPSB3;PAF1;MAG;FOXG1;RARG;RYK;NFATC1;GSK3A;AXIN1;EGFR;MAD2L2;SOX9;TLR3;FCGR2B;CLDN18;ULK1;TMEM98;SOCS5;SYNGAP1;NOTCH3;TMSB4X;C1QC;CNTN2;KCTD11;FERMT2;LIN28A;MMP11;IGDCC4;ASXL1;LIMD1;DIP2B;DDIT3;IL18;YPEL4;SMAD4;FOXO4;PTCH1;AXIN2;GPR137;AKIRIN1;ZHX2;DPYSL5;CEACAM1;SS18;N4BP2L2;EFNB3;E2F1;NFKBIA;ADAMTS7;SIRT1;IFRD1;SORT1;FOXJ2;TWSG1;LAG3;EFNA1;WNT4;HMGB3;SEMA4F;SPRED3;HMGA2;ABCA5;CDK13;ZNF675;TRIM62;GREM1;TOB2;PKP2;SFRP1;SMARCC1;HEY2;KLF13;DNMT1;TSKU;SMAD7;ZFHX3;CTDSP1;ZNF750"
"Monocarboxylic Acid Biosynthetic Process","GOBP_MONOCARBOXYLIC_ACID_BIOSYNTHETIC_PROCESS",-0.399752395659254,-1.69683172729194,2.73404270778434e-05,0.000870668327760778,166,"MLXIPL;FADS2;ELOVL6;SCD;APOC1;FADS1;NR1H4;ACLY;HSD17B12;SIGMAR1;NME1;VDAC1;PTGES;STAR;PARK7;TECR;OSBPL6;ALDH8A1;MTHFD1L;FASN;ACSS2;ERRFI1;FABP5;HSD17B4;STARD4;ACSL1;PRKAA1;DHRS9;INSIG2;ACOT7;ACOX1;LPGAT1;ALDH1A3;NDUFAB1;ELOVL5;ACSL4;OSBP;ERLIN2;MECR;PTGES3;ACACA;ACOT4;GSTP1;OXSM;CBR1;LDHAL6B;PECR;PRKAG2;INSIG1;ERLIN1;MLYCD;MIF;SCP2;DECR2;ABHD3;ABHD2;PLAA;MTHFD2;GAMT;NR1H3"
"Positive Regulation of Transmembrane Receptor Protein Serine Threonine Kinase Signaling Pathway","GOBP_POSITIVE_REGULATION_OF_TRANSMEMBRANE_RECEPTOR_PROTEIN_SERINE_THREONINE_KINASE_SIGNALING_PATHWAY",0.573292327471481,1.83625629417504,2.92330601127613e-05,0.000922553239414442,84,"ATOH8;NPNT;HES1;TTK;AMH;TGFB2;CDKN1C;CITED1;NUMA1;TGFB1I1;MYOCD;ING2;NEO1;THBS1;ZNF423;BMPR2;AXIN1;NUP93;UBE2O;ACVR2B;TGFB3;GDF7;SCUBE3"
"Regulation of Synapse Assembly","GOBP_REGULATION_OF_SYNAPSE_ASSEMBLY",0.51463027697092,1.74167257677338,3.19135447670132e-05,0.000998153101061138,130,"NLGN4X;WNT5A;PRICKLE1;GRID2;CPEB3;CLSTN2;COLQ;GPC4;PTPN13;IQSEC2;CC2D1A;SEMA4A;PTPRS;SRGAP3;LINGO2;MARK1;TRIM47;IGSF11;LSAMP;SRGAP2;LIN7B;DLG5;ARHGAP33;SYNDIG1;FGFR1;LZTS1;SLC12A5;PTPRD;NTRK2;SEMA4C;AMIGO2;LRRC24;MDGA1;STAU2;DOCK1;LRFN3;SLITRK4;SLITRK2"
"Neural Crest Cell Differentiation","GOBP_NEURAL_CREST_CELL_DIFFERENTIATION",0.600984951628245,1.87274088687861,3.23497130489792e-05,0.00100284110451835,68,"SEMA5A;HES1;FGF12;SEMA7A;NRP1;SEMA4A;SEMA6C;HAND2;SEMA3C;NRG1;SMO;EFNB1;ALDH1A2;LRP6;JAG1;FN1;EDNRB;SNAI2;PHACTR4;SEMA3A;SEMA4C;SEMA3B;SOX9;NRP2;TCOF1;EXT1"
"Inner Mitochondrial Membrane Organization","GOBP_INNER_MITOCHONDRIAL_MEMBRANE_ORGANIZATION",-0.640180566134387,-2.04942482875301,3.33264773516024e-05,0.0010240583347602,35,"SAMM50;APOO;APOOL;IMMT;TIMM8B;AGK;CHCHD10;TIMM10;GHITM;MTX3;ROMO1;TIMM13;TMEM126A;TIMM8A;AFG3L2;TIMM22;HSPA9;SLC25A46;NDUFA13;DNAJC11;TIMM9"
"Ribosomal Large Subunit Biogenesis","GOBP_RIBOSOMAL_LARGE_SUBUNIT_BIOGENESIS",-0.525832268127459,-1.93439154816925,3.72313643104699e-05,0.00113409973199631,66,"RPF2;NIP7;NPM1;MRTO4;RPL7L1;NDUFAB1;CINP;EBNA1BP2;DDX55;NSUN4;HEATR3;GTPBP4;RPL35A;RPL5;RPL7A;FTSJ3;RPL35;MTG1;NVL;PES1;RPL11;LAS1L;WDR12;RPL7;RPL14;NOP16;WDR74;SDAD1;DDX18;FASTKD2;NSA2;RPL26;TUFM"
"Stem Cell Differentiation","GOBP_STEM_CELL_DIFFERENTIATION",0.481620405772389,1.67955295230531,3.7978080049568e-05,0.00114687253804859,177,"SEMA5A;PRICKLE1;HES1;FGF12;SEMA7A;SOX5;TGFB2;NRP1;SEMA4A;SEMA6C;HAND2;SEMA3C;ACE;NRG1;SMO;EFNB1;LMBR1L;MYOCD;ALDH1A2;LRP6;ZFP36L2;JAG1;LTBP3;SOX6;FN1;SMAD1;TEAD2;EDNRB;SNAI2;CDK6;PHF19;TRIM6;PHACTR4;TP53;SEMA3A;BMPR2;SEMA4C;SEMA3B;SOX9;NRP2;TCOF1;TMSB4X;EXT1;ERCC2;LIN28A;SRF;NR6A1;FGFR2;SMAD4;FOXO4;ESR1;CHD3;SEMA6A;N4BP2L2;L3MBTL2;SEMA4F;EPCAM;HMGA2;TAL1;CDK13;GATAD2B;CDH2;SEMA6B;GREM1;SFRP1;RBM24"
"Response to Oxygen Radical","GOBP_RESPONSE_TO_OXYGEN_RADICAL",-0.749301255240982,-2.1626984785487,4.00117357123251e-05,0.00119795820683996,20,"MT3;UCP2;NQO1;SOD2;PARK7;PRDX1"
"Regulation of Growth","GOBP_REGULATION_OF_GROWTH",0.404657745597504,1.49514209879177,4.39013179193042e-05,0.00130327387009596,434,"WNT5A;HOPX;SEMA5A;CDH4;OSGIN2;RIMS1;SOCS2;PIM1;CAMK2D;ZFPM2;SEMA7A;COLQ;IGFBP3;SAV1;SYT2;CDKL5;IGF1;TGFB2;ESR2;NRP1;PTPRS;IGFBP7;IGFBP5;SEMA6C;NRG1;ENPP1;ERBB2;INSR;BCL11A;SMO;ING1;IGFBP1;RIMS2;TTL;MYOCD;AVPR1A;PIK3CA;TLL2;TSPYL2;BRCA1;LTBP4;PRDM11;LIN7B;FOXP1;TFCP2L1;CDKN2C;CISH;OGFR;BCL2;RFTN1;PAK1;ULK2;DDR1;GDI1;FGFR1;FN1;CAPN3;VGLL4;KIF14;CDK1;LRP12;CDKN2AIP;TCHP;CDH1;SGK1;PRKCQ;SMARCA2;FOSL2;TP53;SEMA3A;TEAD1;HBEGF;BMPR2;SLC23A2;WWC3;MMP14;MAG;CRABP2;RYK;GSK3A;LIMK1;NPPA;EGFR;MAD2L2;GDF9;WWC2;ULK1;EPHX2;MUC12;SYT1"
"Cardiac Muscle Tissue Development","GOBP_CARDIAC_MUSCLE_TISSUE_DEVELOPMENT",0.482811793825908,1.67559213425558,4.48567471288678e-05,0.00132044693439012,166,"MYH11;SIK1;HOPX;PRICKLE1;PIM1;ZFPM2;SAV1;IGF1;TGFB2;NRG1;COL11A1;KCNJ8;DSP;GJA5;GREB1L;MYOCD;ALDH1A2;SCN5A;FOXP1;PAK1;TBX3;GJC1;SOX6;FGFR1;TNNI3;VGLL4;CDK1;SMAD1;BMPR2;PPP1R13L;GSK3A;SGCD;NPPA;NDRG4;LMNA;UBE4B;SRF;GATA6;CACNA1G;CHD7;ARID2;FGFR2;SMAD4"
"Ketone Metabolic Process","GOBP_KETONE_METABOLIC_PROCESS",-0.39468478571169,-1.6669321597403,4.60339595966495e-05,0.00133270215262036,163,"PGK1;MLXIPL;CYP11A1;APOC1;NR1H4;FABP3;PDK1;TPI1;NQO1;PDSS1;NME1;STAR;TPK1;AKR1B1;PARK7;ALDH8A1;HSD17B6;FABP5;AKR1C2;STARD4;NDUFA9;PDSS2;DHRS9;NQO2;PDK3;VKORC1;INSIG2;LPGAT1;GLO1;ELOVL5;ERLIN2;HSD17B1;COQ5;AKR1C1;CBR1;HSD3B1;PRKAG2;INSIG1;KDSR;DGAT2;ERLIN1;MLYCD;SCP2;COQ3;PLAA;MFSD2A;NR1H3;TRIB3;HAGH;AKR1A1;BMP2;ADM;RTN4IP1;SLC45A3;SREBF1;COQ2;HSD17B10;CLCN2;NME2;AKR7A2;STAT5B;CBR4"
"Mitotic Cell Cycle Checkpoint Signaling","GOBP_MITOTIC_CELL_CYCLE_CHECKPOINT_SIGNALING",0.514630296898971,1.73393485669993,4.58294535178141e-05,0.00133270215262036,125,"BUB1;TTK;BIRC5;BUB1B;DUSP1;IER3;STK33;PLK1;BRCA1;MBTPS1;CDK2;CDK1;BRSK1;CHEK1;ZWINT;CDC20;TP53;DGKZ;SKA3;ORC1;MDC1;PLK3;MAD2L2;CDK5RAP3;MUS81;CENPF;FANCD2;DTL;USP44;FZR1;FOXO4;RFWD3;CDC6;BARD1;MAD1L1;HUS1B;CHMP4C;RBBP8;INCENP;FBXO31;LCMT1;NDC80;CCNB1;UIMC1;FOXN3;EME1;XPC;CDC7;TRIM39"
"Digestive System Development","GOBP_DIGESTIVE_SYSTEM_DEVELOPMENT",0.55153653078641,1.80135950990491,4.89568927227533e-05,0.0014057048787525,95,"WNT5A;DCHS1;HES1;SAV1;VANGL2;IGF1;HIP1R;TGFB2;ALX4;CDKN1C;INSR;SMO;KCNQ1;MYOCD;ALDH1A2;MYB;SFRP5;DACT1;BCL2;PCSK5;ASS1;EDNRB;PRDM1;VPS52;EGFR;ACVR2B;CLDN18;EXT1;PDGFA;GATA6"
"Non Canonical Wnt Signaling Pathway","GOBP_NON_CANONICAL_WNT_SIGNALING_PATHWAY",0.627329796128822,1.89153060261138,5.07759354969799e-05,0.00144608213045464,54,"WNT5A;PRICKLE1;SFRP4;DAAM2;VANGL2;FZD5;ZNRF3;NKD1;SFRP5;DACT1;FZD4;MED12;CELSR2;CSNK1E;RYK;DVL2;DAAM1;DVL3;ARHGEF19;FZD3;PLEKHA4"
"Developmental Growth","GOBP_DEVELOPMENTAL_GROWTH",0.398306148809978,1.47655379670933,5.13091643172905e-05,0.00144948389196346,489,"NLGN4X;FSHR;WNT5A;HOPX;SEMA5A;PRICKLE1;CDH4;S100B;RIMS1;ASPM;SOCS2;PIM1;ZFPM2;SEMA7A;PRKCZ;COLQ;PRLR;SAV1;VANGL2;SYT2;CDKL5;IGF1;AMH;LLGL2;TGFB2;CDKN1C;ETNK2;NRP1;PTPRS;SEMA6C;NRG1;KCNJ8;INSR;BCL11A;SMO;TMEM108;IGFBP1;RIMS2;TTL;NKD1;PIK3CA;TLL2;SLC25A25;LIN7B;FOXP1;BCL2;TTC8;PAK1;ULK2;POC1A;DDR1;MED12;SPTBN2;GDI1;FGFR1;WDTC1;FN1;CAPN3;VGLL4;SLC12A5;CDK1;CHEK1;SMAD1;CDH1;COL6A1;FOSL2;SEMA3A;BMPR2;SLC23A2;WWC3;MDK;GRHL2;THBS3;PPP1R13L;MAG;RARG;CRABP2;RYK;GSK3A;LIMK1;FOXL2;PTK7;NPPA;NDRG4;SOX9;ACVR2B;GDF9;WWC2;INTS1;CLDN18;ATRX;ULK1;VCL;NRP2;SYT1;RAD51B;EXT1;ERCC2;PLEKHA1;ZFYVE27;SOX15;EHMT2;TRIM28;SRF;GATA6;BRCA2;DIP2B;CSF1;CHD7;KIF26B"
"Rna 5 End Processing","GOBP_RNA_5_END_PROCESSING",-0.668266483023863,-2.10574794530627,5.61996591545331e-05,0.00157493924814664,31,"LSM11;SSB;RNGTT;RPP40;SNRPD3;RPP30;POP4;SNRPD2;POP1;SNRPD1;SNRPG;NOP14;TGS1;UTP20;HSD17B10;RNMT;SNRPB;POP7;PNPT1;SNRPE"
"Ventricular Septum Development","GOBP_VENTRICULAR_SEPTUM_DEVELOPMENT",0.615339621938825,1.86384474487546,6.31868262460533e-05,0.00175669406618988,55,"SOX4;WNT5A;HES1;ZFPM2;SAV1;VANGL2;TGFB2;SMAD6;HEYL;GJA5;TBX3;PAX8;SUFU;PRDM1;BMPR2;PTK7;APLNR"
"Mitotic Sister Chromatid Segregation","GOBP_MITOTIC_SISTER_CHROMATID_SEGREGATION",0.472394350802142,1.64639676069031,6.38575221132398e-05,0.00176136141702897,176,"PRICKLE1;KIFC1;BUB1;KIF11;TTK;UBE2C;KIF23;NCAPG;BIRC5;CENPE;BUB1B;CENPA;PRC1;DUSP1;KIF2C;NUMA1;KIF15;PLK1;KIF4A;MYBL2;DLGAP5;KIF18A;SKA2;ESPL1;KIF14;CDK1;ZWINT;CDC20;CEP55;SKA3;CEP192;MAP9;FBXO5;MAD2L2;AKAP8L;SPAG5;MZT1;CENPF;FLNA;NCAPH;OFD1;NUSAP1;CLASP1;NCAPD2;KIF22;USP44;NCAPH2;MAD1L1;CHMP4C;NCAPD3;INCENP;CEP97;NEK2;LCMT1;NDC80;CCNB1;SIRT1;DCTN2;CHMP1B;DYNLRB1;GOLGA2;KIF18B;NCAPG2;IK;AAAS;STAG2;HNRNPU;EML3;RB1;CCDC61;TPR;CENPK;RRS1"
"Establishment of Protein Localization to Endoplasmic Reticulum","GOBP_ESTABLISHMENT_OF_PROTEIN_LOCALIZATION_TO_ENDOPLASMIC_RETICULUM",-0.603942756571615,-2.00459517895,6.56045000742713e-05,0.00179541065437635,43,"HSPA5;SRPRB;SPCS1;RYR2;TRAM2;SSR4;SSR1;SEC61B;UBL4A;SSR3;RAB3GAP1;SEC61A1;SEC61G;SRP72;SRP68;ZFAND2A;SGTA;SPCS2;SRP19;SRP9;TRAM1;SEC63;SSR2;EDEM1;SEC62;SRP14;SRP54"
"Developmental Cell Growth","GOBP_DEVELOPMENTAL_CELL_GROWTH",0.474988576848448,1.65217484130758,6.7650917810641e-05,0.00183706329527655,172,"WNT5A;SEMA5A;PRICKLE1;CDH4;S100B;RIMS1;SEMA7A;PRKCZ;SYT2;CDKL5;IGF1;NRP1;PTPRS;SEMA6C;BCL11A;TMEM108;RIMS2;TTL;FOXP1;PAK1;ULK2;DDR1;GDI1;FN1;CDH1;SEMA3A;BMPR2;SLC23A2;MAG;RARG;CRABP2;RYK;GSK3A;LIMK1;FOXL2;NPPA;SOX9;GDF9;ULK1;VCL;NRP2;SYT1;EXT1;ZFYVE27;SRF;DIP2B"
"Muscle Tissue Development","GOBP_MUSCLE_TISSUE_DEVELOPMENT",0.426018284420035,1.54026201432709,6.85627749657973e-05,0.00183871089162164,295,"MYH11;SIK1;HOPX;PRICKLE1;S100B;PGM5;EGR2;PIM1;ZFPM2;NR4A1;FOS;SAV1;BTG2;IGF1;TGFB2;IGFBP5;HEYL;SEMA3C;NRG1;COL11A1;SKIL;KCNJ8;SMO;DSP;ATF3;GJA5;GREB1L;MYOCD;ALDH1A2;TLL2;SCN5A;FOXP1;BCL2;PAK1;TBX3;GJC1;EGR1;SOX6;FGFR1;TNNI3;VGLL4;CDK1;SMAD1;COL6A1;FOSL2;FOXP2;BMPR2;CSRP2;PPP1R13L;CSRP1;GSK3A;HOMER1;FOXL2;SGCD;NPPA;NDRG4;SOX9;LMNA;HLF;CENPF;ARRDC2;SOX15;UBE4B;SRF;GATA6;CACNA1G;CHD7;ARID2;FGFR2;SMAD4;GPCPD1;PTCH1;ZFAND5;AKIRIN1;EFEMP2;NR2F2;BCL9"
"Postsynapse Organization","GOBP_POSTSYNAPSE_ORGANIZATION",0.471335805664162,1.64550380179343,6.87613836147402e-05,0.00183871089162164,180,"WNT5A;PRICKLE1;DBN1;GRID2;PAK3;CPEB3;COLQ;CDKL5;HIP1R;PICK1;CC2D1A;NRP1;PTPRS;INSR;TMEM108;KIF2C;MARK1;TRIM47;ITGA3;DLG5;NGEF;ARHGAP33;RPS6KA5;ARHGAP44;SPTBN2;SYNDIG1;ACTG1;FGFR1;LZTS1;MTMR2;SLC12A5;FYN;KIF1A;ZDHHC15;PTPRD;SEMA4C;MAPRE3;DLG4;HOMER1;ZMYND8;STAU2;DOCK1;FCGR2B;NRP2;SYNGAP1"
"Maturation of Ssu Rrna","GOBP_MATURATION_OF_SSU_RRNA",-0.512678400257829,-1.88285322651165,6.95805303818029e-05,0.0018465196812686,65,"WDR43;RCL1;RRP36;RRP7A;NOL11;TSR1;IMP3;RPP40;RPS28;RPS8;RPS21;WDR36;EMG1;SRFBP1;NOL7;DCAF13;DDX52;NOP14;UTP6;BYSL;UTP20;FBL;WDR3;NOB1;RPS14;BMS1;RPS19;NAT10;FCF1;HEATR1;TSR2;RPS16;UTP15;DNTTIP2"
"Regulation of Wnt Signaling Pathway","GOBP_REGULATION_OF_WNT_SIGNALING_PATHWAY",0.437138901290428,1.57393689284445,7.5079581660781e-05,0.00197747198915576,252,"SOX4;WNT5A;SEMA5A;PRICKLE1;ASPM;SFRP4;CDH3;FOXO1;JUP;DEPDC1B;DAAM2;KANK1;VANGL2;CMAHP;BICC1;ZNRF3;DAB2IP;CITED1;IGFBP1;LMBR1L;NKD1;TMEM88;SFRP5;ITGA3;MEST;DACT1;GRB10;CDK14;WNK3;EGR1;NRBP2;VGLL4;PPM1B;SNAI2;APCDD1L;IGFBP2;SOX13;APC2;GPC5;MDK;TCF7L1;CSNK1E;NFATC1;GSK3A;SPIN4;AXIN1;PTK7;NPPA;EGFR;MAD2L2;SOX9;HIC1;TCF7L2;CTNNBIP1;DLX5;LIMD1;DDIT3;PLEKHA4;MDFI;WWOX;FGFR2;SMAD4;FRAT1;AXIN2;RNF146"
"Vacuolar Acidification","GOBP_VACUOLAR_ACIDIFICATION",-0.632703446423244,-2.02642509382659,7.90433361208504e-05,0.00206633437635328,34,"CREG1;PPT1;CLN5;ATP6AP1;TCIRG1;TMEM9;CLIC4;ATP6AP2;ATP6V1B2;ATP6V1H;CLN3;RNASEK;LAMP2;ATP6V0E1;SLC11A1;DMXL1"
"Positive Regulation of Epithelial Cell Proliferation","GOBP_POSITIVE_REGULATION_OF_EPITHELIAL_CELL_PROLIFERATION",0.494475901956528,1.69702146411043,8.13893073457107e-05,0.00211190180468166,146,"IQGAP3;WNT5A;SEMA5A;CDH3;AKT3;NR4A3;NR4A1;VASH2;IGF1;JUN;NRP1;PDGFB;EGR3;ERBB2;SMO;ANG;HMGB2;SCN5A;F3;HMOX1;IL10;FGFR1;TNFSF12;REG3G;FOXP2;PRKD2;TNFAIP3;MDK;ESRP2;EGFR;CYP7B1;SOX9;APLNR;TCF7L2;NRP2"
"Regulation of Plasma Lipoprotein Particle Levels","GOBP_REGULATION_OF_PLASMA_LIPOPROTEIN_PARTICLE_LEVELS",-0.519395266163463,-1.89972909435033,9.01119190847797e-05,0.00232104450407341,64,"APOC1;NR1H4;PCSK9;VLDLR;APOA1;SCARB1;CSK;CNPY2;NCEH1;ANGPTL3;LPCAT3;APOE;ANXA2;PLTP;LIPA;ACSL3;ABCA1;PCSK6"
"Fatty Acyl Coa Metabolic Process","GOBP_FATTY_ACYL_COA_METABOLIC_PROCESS",-0.635531413211942,-2.0494688417329,9.19507290641742e-05,0.0023511197365825,36,"ELOVL6;HSD17B12;TECR;FASN;PPT1;HSD17B4;ACSL1;ACSL3;FITM2;ACOT7;FAR1;ELOVL5;ACSL4;ACACA;DLD;DGAT2;NUDT8;DBT;DGAT1;GCDH;CBR4"
"Positive Regulation of Cell Growth","GOBP_POSITIVE_REGULATION_OF_CELL_GROWTH",0.518044583826297,1.73633498085397,9.34368547644281e-05,0.0023718065379695,118,"SEMA5A;CDH4;RIMS1;SEMA7A;SYT2;CDKL5;IGF1;TGFB2;NRP1;NRG1;ERBB2;BCL11A;IGFBP1;RIMS2;AVPR1A;BCL2;PAK1;GDI1;FN1;CDKN2AIP;TEAD1;HBEGF;BMPR2;SLC23A2;MMP14;CRABP2;LIMK1;EGFR;SYT1;ZFYVE27;SRF"
"Monocarboxylic Acid Catabolic Process","GOBP_MONOCARBOXYLIC_ACID_CATABOLIC_PROCESS",-0.453783131178109,-1.78189765571563,9.58654030756558e-05,0.00241259268157476,100,"LDHA;CROT;DECR1;LDHB;SORD;SLC16A3;DLAT;LPIN1;HSD17B4;FAH;ACOT7;ACOX1;ETFB;PCCA;ACBD5;SLC16A1;ETFA;ECH1;ECHS1;HADH;LDHAL6B;MCEE;IVD;MLYCD;SCP2;NUDT8;DECR2;ABHD3;ABHD2;ETFDH;MFSD2A;AKR1A1;ABCD3;ECI2;XYLB;PHYH;ECHDC1;HSD17B10;GCDH;PCCB"
"Response to Type i Interferon","GOBP_RESPONSE_TO_TYPE_I_INTERFERON",-0.448041915856574,-1.76712591012317,9.6421060639585e-05,0.00241259268157476,101,"IRAK1;PSME2;PSMA2;IFNE;PSMA1;PSMB7;PTPN11;AZI2;RBM47;TTLL12;IFIH1;PSMD8;PSMB1;PSMA5;PSMD7;PSMC6;PSMD14;FADD;PSMD1;PSMA6;PSMB3;PSMC1;PSME1;PSMC2;PSMA4;USP27X;USP18;IFITM1;PSMB4;PSMB6;PSMD6;PSMD13;PSMD12;TRIM65;TANK;SHMT2;IFNAR1;PSMB5;RNF185;OAS3;EIF4E2;PSMC5"
"Developmental Growth Involved in Morphogenesis","GOBP_DEVELOPMENTAL_GROWTH_INVOLVED_IN_MORPHOGENESIS",0.467168573855016,1.6273267553139,0.0001005271987578,0.00246034639994098,175,"WNT5A;SEMA5A;PRICKLE1;CDH4;S100B;RIMS1;SEMA7A;PRKCZ;VANGL2;SYT2;CDKL5;NRP1;PTPRS;SEMA6C;BCL11A;TMEM108;RIMS2;TTL;NKD1;PAK1;ULK2;DDR1;MED12;GDI1;FN1;CDH1;SEMA3A;BMPR2;SLC23A2;MAG;RARG;CRABP2;RYK;LIMK1;PTK7;SOX9;ULK1;VCL;NRP2;SYT1;ZFYVE27;TRIM28;SRF;DIP2B;CSF1;KIF26B"
"Mesenchymal Cell Differentiation","GOBP_MESENCHYMAL_CELL_DIFFERENTIATION",0.473696084762881,1.65484249430478,0.000100078916935023,0.00246034639994098,182,"WNT5A;SEMA5A;HES1;TNXB;FGF12;SEMA7A;IGF1;TGFB2;NRP1;SEMA4A;SEMA6C;HEYL;HAND2;SEMA3C;NRG1;SMO;DAB2IP;TGFB1I1;EFNB1;ALDH1A2;MARK1;LRP6;DLG5;NOTCH4;BCL2;TBX3;JAG1;FGFR1;FN1;EDNRB;SNAI2;PHACTR4;SEMA3A;MDK;SPSB3;SEMA4C;FAM83D;SEMA3B;MAD2L2;SOX9;TCF7L2;NRP2;TGFB3;TCOF1;EXT1;FERMT2;TRIM28;KDM1A;FGFR2;SMAD4;AXIN2;SEMA6A;EFNA1;AGT;WNT4;SEMA4F;ROCK2;SPRED3;HMGA2;CDH2;SEMA6B;TRIM62;GREM1;SFRP1;HEY2;SMAD7;ZNF750"
"Plasma Lipoprotein Particle Clearance","GOBP_PLASMA_LIPOPROTEIN_PARTICLE_CLEARANCE",-0.612369104274179,-1.99769736731631,0.00010113898989195,0.00246034639994098,37,"APOC1;NR1H4;PCSK9;VLDLR;APOA1;SCARB1;CSK;CNPY2;NCEH1;APOE;ANXA2;LIPA"
"Regulation of Fat Cell Differentiation","GOBP_REGULATION_OF_FAT_CELL_DIFFERENTIATION",0.527060694461272,1.74421674271642,0.000101131767955785,0.00246034639994098,103,"WNT5A;JDP2;HES1;FOXO1;PIM1;ZFPM2;ZBTB16;CBX4;LRP5;SAV1;ENPP1;TGFB1I1;ZFP36;ZFP36L2;JAG1;ZBTB7B;LRP3;CMKLR1;CDS1;LPL;SNAI2;CREBL2;SOX13;AXIN1;FERMT2;MMP11;ASXL1;DDIT3;ALOX5;AXIN2;AKT1;CEBPB;PTGS2;ATAT1;E2F1;SIRT1;SORT1"
"Cardiac Ventricle Morphogenesis","GOBP_CARDIAC_VENTRICLE_MORPHOGENESIS",0.641686227805176,1.89673511543906,0.000104199214999074,0.00251730931132246,46,"SOX4;NPY2R;ZFPM2;TGFB2;HEYL;HAND2;SEMA3C;NRG1;COL11A1;DSP;JAG1;TNNI3;GRHL2;PPP1R13L;GSK3A;UBE4B;CHD7;FGFR2;SMAD4"
"External Encapsulating Structure Organization","GOBP_EXTERNAL_ENCAPSULATING_STRUCTURE_ORGANIZATION",0.450292136461246,1.60910072467136,0.000106013104396518,0.00254358838836303,227,"MYH11;FSHR;PRICKLE1;NPNT;VIT;COL4A3;COL4A4;ECM2;TNXB;NDNF;MATN2;ADAMTS10;CSGALNACT1;COLQ;ADAMTS15;MMP19;ANTXR2;FSCN1;PRDM5;TGFB2;ADAMTS12;ADAMTS18;FBLN1;MATN3;COL11A1;GPM6B;ADAMTS4;TLL2;LTBP4;NTN4;ADAMTS5;MMP16;COL9A2;DDR1;HPSE;PHLDB1;COL6A1;SPINT1;ADAMTSL5;KIF9;SPINT2;MMP14;OLFML2A;SOX9;COL4A5;GAS6;ANTXR1;EXT1;ERCC2;SERPINH1;AEBP1;MMP11;PXDN;ADAMTSL4;SH3PXD2B;CLASP1;CCDC80;SMPD3;ADAMTS13;COLEC12;SMAD4;AXIN2;EFEMP2;GFOD2;MMP24;DAG1;THSD4;WT1;ADAMTS7;TIMP3;LAMA2;AGT;LAMB2;BCL3;FLRT2;ZNF469"
"Protein n Linked Glycosylation","GOBP_PROTEIN_N_LINKED_GLYCOSYLATION",-0.47143748845466,-1.79223133789336,0.000108318120769122,0.00258121344934853,81,"HEXB;MGAT4A;MGAT5;TMEM165;DAD1;ALG3;STT3B;OSTC;ALG1;RPN1;STT3A;MAN2A1;SRD5A3;GFPT1;RPN2;ALG8;GANAB;ALG5;NUS1;B4GALT1;UBE2J1;TUSC3;PGM3;OST4;FUT11;ALG10;DPAGT1;PMM2;DDOST;DOLPP1"
"Outflow Tract Morphogenesis","GOBP_OUTFLOW_TRACT_MORPHOGENESIS",0.611567260749813,1.84400326017025,0.00010939519361083,0.00258926596769417,54,"PRICKLE1;HES1;NPY2R;ZFPM2;TGFB2;JUN;NRP1;SMAD6;HEYL;HAND2;SEMA3C;GJA5;GREB1L;TBX3;JAG1;BMPR2;DVL2;NRP2;GATA6;FGFR2;SMAD4"
"Embryonic Organ Development","GOBP_EMBRYONIC_ORGAN_DEVELOPMENT",0.420588477744814,1.52282419545302,0.000118392378103374,0.00278341275500751,302,"ID3;WNT5A;PRICKLE1;SOBP;HES1;NR4A3;ZFPM2;MFAP2;VANGL2;VASH2;HOXC4;FZD5;LLGL2;TGFB2;JUNB;ALX4;CDKN1C;PDGFB;HAND2;COL11A1;SMO;CITED1;GJA5;GREB1L;KCNQ1;ALDH1A2;MYB;TEAD3;SOCS3;MMP16;KRT8;TBX3;MED12;IL10;FGFR1;PBX3;TECTA;E2F8;PCSK5;PAX8;SUFU;TEAD2;PHACTR4;SPINT1;PRDM1;TEAD1;SPINT2;PLCD3;GRHL2;PPP1R13L;MMP14;FOXG1;RARG;FOXL2;VPS52;PTK7;EGFR;NDRG4;SOX9;APLNR;HS6ST1;DVL2;EPN1;TULP3;KRT19;PLK4;SOX15;DLX5;PDGFA;TRIM28;TSHZ1;SRF;CHD7;FZD3;MDFI;ARID2;CHRNA10;FGFR2;TEAD4;PTCH1;STRC;E2F7;AKT1;NR2F2"
"Positive Regulation of Cell Cycle","GOBP_POSITIVE_REGULATION_OF_CELL_CYCLE",0.42990248626695,1.54827327637513,0.000122449494905085,0.00284066609703651,266,"WNT5A;HES1;BUB1;PIM1;NR4A3;LRP5;UBE2C;KIF23;NCAPG;IGF1;TGFB2;BIRC5;PDGFB;CCND2;INSR;RCC2;NUMA1;TTL;PLK1;DLGAP5;LRP6;CEP120;TBX3;POC1A;IL10;FGFR1;ESPL1;CSPP1;KIF14;CDK1;E2F8;CHEK1;CDC20;SMC6;HSPA2;SKA3;FAM83D;PAF1;FOXG1;PHIP;RBM46;FBXO5;EGFR;SPAG5;ATRX;CIT;RAD51B;CDC25B;PLK4;SOX15;PKN2;NCAPH;BRCA2;CDC14A;NUSAP1;KLHL18;SMPD3;NCAPD2;DTL;DBF4B;FGFR2;CDC6;NCAPH2;MAD1L1;CENPV;E2F7;AKT1;NCAPD3;INCENP;SH2B1;USP19;MEPCE;NDC80;CCNB1;CCDC15;CDC7;MARK4;WNT4;ROCK2;GLI1;TAL1;DDX11"
"Response to Bmp","GOBP_RESPONSE_TO_BMP",0.51387320125565,1.71800106759615,0.0001218407184536,0.00284066609703651,116,"WNT5A;SMAD9;VWC2;ID1;SFRP4;HES1;HTRA1;CRIM1;ADAMTS12;SMAD6;HEYL;SKIL;NUMA1;TOB1;FSTL3;ITGA3;EGR1;NEO1;SMAD1;SPINT1;ZNF423;BMPR2;GPR155;SOX9;UBE2O;ACVR2B;EXT1;GDF7;FSTL1;DLX5;SCUBE3;GATA6;SMPD3;SMAD4;TRIM33;GDF6;HIVEP1;ADAMTS7;TWSG1;SMURF2;KDR;GREM1;SFRP1;BMP8A;SMAD7"
"Cardiac Septum Morphogenesis","GOBP_CARDIAC_SEPTUM_MORPHOGENESIS",0.613860177396126,1.8386263063433,0.000125546317030111,0.00289334702997684,50,"SOX4;HES1;ZFPM2;SAV1;VANGL2;TGFB2;NRP1;SMAD6;HEYL;SEMA3C;SMO;GJA5;TBX3;JAG1;BMPR2;APLNR;NRP2;GATA6;CHD7;FGFR2;SMAD4"
"Detoxification","GOBP_DETOXIFICATION",-0.41842720220005,-1.69602405392051,0.000143467709627976,0.00324237023759226,115,"MT3;ABCB6;DUOX2;NQO1;SOD2;PRDX3;MGST1;PTGES;IPCEF1;PRDX6;CAT;PRDX4;RDH11;PARK7;APOE;PRDX1;MT1X;TXN;TXNDC17;SLC30A1;GSTT1;SRXN1"
"Positive Regulation of Axon Extension","GOBP_POSITIVE_REGULATION_OF_AXON_EXTENSION",0.696613179372317,1.91413282585377,0.000142725907913543,0.00324237023759226,31,"SEMA5A;CDH4;SEMA7A;CDKL5;NRP1;PAK1;GDI1;FN1;BMPR2;LIMK1;ZFYVE27;SRF"
"Sulfur Compound Metabolic Process","GOBP_SULFUR_COMPOUND_METABOLIC_PROCESS",-0.35474559197333,-1.56596365826171,0.000143168858574369,0.00324237023759226,215,"PGK1;CROT;IDH1;ELOVL6;MVK;PDK1;ACLY;HSD17B12;MVD;SOD2;NME1;ETHE1;SLC19A3;DLAT;TPK1;TECR;HMGCS1;BPHL;PAPSS2;FASN;SLC1A2;ACSS2;PPT1;HSD17B4;ACSL1;ACSL3;GCLM;GSTT2;PDK3;FITM2;ACOT7;HMGCR;GSTT1;PCCA;GPAM;MTHFD1;GLO1;FAR1;ELOVL5;ACSL4;PANK1;MCCC2;SUCLG1;ACACA;ACOT4;PMVK;GSTP1;OXSM;DLD;BHMT2;MCEE;GPX1;ACOT9;DGAT2;MLYCD;PTER;NUDT8;CHST2;ENOPH1;DBT;HAGH;SLC19A2;AKR1A1;PDHB;ARL6IP5;VNN1;DGAT1;PAPSS1;CRYAB;TKTL1;GCDH;MTHFD2L;SOD1;TXN2;ABCC2;STAT5B;CBR4;SLC5A6"
"Chromosome Segregation","GOBP_CHROMOSOME_SEGREGATION",0.414926921134347,1.51815526563559,0.000144789557059286,0.00325126806652999,354,"PRICKLE1;ASPM;KIFC1;BUB1;CCNB1IP1;KIF11;TTK;UBE2C;MKI67;KIF23;NCAPG;DPF3;BIRC5;CENPE;BUB1B;CENPA;PRC1;DUSP1;RCC2;KIF2C;NUMA1;SMARCC2;KIF15;TTL;PLK1;KIF4A;MYBL2;DLGAP5;BRCA1;KIF18A;BCL7A;HJURP;SKA2;ESPL1;KIF14;CDK1;ZWINT;DPF2;CDC20;SMC6;TOP2A;SMARCA2;CEP55;SKA3;CEP192;PSMC3IP;MIS18A;FAM83D;UVRAG;MAPRE3;MAP9;FBXO5;MAD2L2;AKAP8L;SPAG5;DIAPH3;CENPO;MZT1;BRD7;GEM;RMI2;HECW2;CENPF;ERCC2;FLNA;EHMT2;NCAPH;BAG6;SUN1;OFD1;CENPL;NUSAP1;CLASP1;FANCD2;NCAPD2;KIF22;ARID2;USP44;CDC6;NCAPH2;PTTG1;MAD1L1;CENPV;CHMP4C;NCAPD3;ANAPC2;ARID1B;INCENP;CEP97;PMF1;NEK2;BEX4;ARID1A;LCMT1;NDC80;CCNB1;SIRT1;CTCF;DCTN2;ZCWPW1;CHMP1B;DYNLRB1;GOLGA2;KIF18B;STIL;PPP2R1B;NCAPG2;IK;TNKS;SMARCC1;AAAS;STAG2;HNRNPU;CHFR;EML3;RB1;HAUS4;SMARCD1;CCDC61;TPR;CENPK;RRS1"
"Muscle Cell Proliferation","GOBP_MUSCLE_CELL_PROLIFERATION",0.491483427712298,1.67119554137631,0.00014612548485825,0.00326036670992644,136,"PIM1;NDRG2;NR4A3;ZFPM2;IGFBP3;FOS;SAV1;IGF1;TGFB2;JUN;PDGFB;IGFBP5;NRG1;HPGD;MYOCD;ANG;PIK3CA;PIK3R1;FOXP1;HMOX1;PAK1;IL10;FGFR1;VGLL4;CDK1;PDGFD;SMAD1;THBS1;KLF4;HBEGF;BMPR2;TNFAIP3;NDRG4;TCF7L2;TGFB3;NOTCH3;MEF2D;CTNNBIP1;GATA6;DDIT3;IL18;SMPD3;ARID2;FGFR2;SIX5;AKIRIN1;EFEMP2;AKT1"
"Protein Rna Complex Organization","GOBP_PROTEIN_RNA_COMPLEX_ORGANIZATION",-0.346052182550625,-1.53060570405187,0.00014818460267552,0.00328538394412877,216,"GAPDH;NOL3;EIF3I;DKC1;SRPK2;RPF2;RUVBL1;SNRNP40;SHQ1;PRMT5;EIF3B;RRP7A;RPL38;HSP90AB1;SNIP1;MRTO4;TXNL4A;NDUFAB1;DDX1;PTGES3;RPS28;NSUN4;ATR;SNRPD3;RUVBL2;FAF2;EIF2S2;SF3B5;RPL5;RPSA;SNRPD2;HSP90AA1;RPS6;USP39;RNU6ATAC;SNRPD1;MTG1;SNRPA1;SNRPG;NVL;LSM4;TGS1;SYNCRIP;USP4;RPL13A;PRKDC;CLP1;WDR77;RPS14;RPS19;RPL11;SNRPB2;VCP;SRPK1;XRCC5;PHF5A;SNRPB;DICER1;SNRNP25;DHX9;SNRNP48;GEMIN6;SNRNP200;LSM5;FASTKD2;SNRPC;KIF5B;SF3B3;RPS27L;RNU2-1;TUFM;RNU5E-1;SNRPE;EIF3K"
"Ossification","GOBP_OSSIFICATION",0.415313682180965,1.5070228458637,0.000151223639387764,0.00333167552688892,307,"ID3;WNT5A;SMAD9;PRICKLE1;NPNT;DCHS1;ID1;PDLIM7;CASR;EGR2;CRIM1;TNFSF11;ZBTB16;LRRC17;SEMA7A;CSGALNACT1;LRP5;IGFBP3;BMP3;IGF1;JUNB;ADAMTS12;MRC2;IGFBP5;SMAD6;HAND2;ENPP1;SMO;GPM6B;CITED1;TOB1;VCAN;DHH;FSTL3;CEBPD;MMP16;BCL2;JAG1;PLXNB1;LTBP3;MN1;LRP3;FGF18;SMAD1;SUFU;COL6A1;SNAI2;KLF10;CDK6;FOSL2;IGFBP2;BMPR2;MDK;THBS3;MMP14;BCOR;TPM4;FBXO5;EGFR;GABBR1;SOX9;ACVR2B;EXT1;ERCC2;NAB2;CTNNBIP1;FERMT2;DLX5;SCUBE3;LIMD1;RBMX;CLEC11A;CSF1;SMPD3;WWOX;FGFR2;SMAD4;PHEX;PTCH1;ALOX5;AXIN2;CHSY1;NAB1;AKT1"
"Cell Substrate Adhesion","GOBP_CELL_SUBSTRATE_ADHESION",0.411312977847646,1.48892648647574,0.000154578275742581,0.00338429812453914,300,"VWC2;NPNT;VIT;ECM2;LIMCH1;NPY2R;TNXB;JUP;NDNF;BCAM;KANK1;FAT2;ARHGAP6;SORBS1;ADAMTS12;FBLN1;NRP1;PDGFB;ITGB5;SMAD6;MERTK;GPM6B;RCC2;THSD1;TGFB1I1;SNED1;STON1;LDB1;ITGA9;SRGAP2;VCAM1;SORBS3;PIK3R1;ITGA3;NTN4;FZD4;BCL2;JAG1;DDR1;ACTG1;FN1;HPSE;PTPRK;TECTA;KIF14;THBS1;AXL;EPDR1;CDK6;MICALL2;MDK;TESK1;THBS3;MMP14;TMEM8B;GSK3A;DOCK1;TESK2;CSPG5;VCL;GAS6;ANTXR1;ATXN3;FERMT2;TRIP6;TYRO3;FLNA;SRF;PARVB;CSF1;MEGF11;CLASP1;CCDC80;ADAMTS13;SPRY4;RRAS;LPXN;STRC;EFEMP2"
"Sensory System Development","GOBP_SENSORY_SYSTEM_DEVELOPMENT",0.415799228993883,1.50131991482416,0.000157473651085525,0.0034262745326248,290,"SOX4;WNT5A;PRICKLE1;NDP;FAT3;VSTM4;LRP5;MFAP2;FOS;FZD5;TGFB2;JUN;SALL2;CDKN1C;ADAMTS18;NRP1;RPGR;MERTK;SKIL;PTPRM;SHROOM2;NKD1;ALDH1A2;SLC25A25;TUB;FZD4;BCL2;TTC8;ULK2;JAG1;MAB21L2;VIM;PBX3;AQP1;TMOD1;SCAPER;C3;PHACTR4;KLF4;FOXP2;PRDM1;SEMA3A;BMPR2;NTRK2;ROM1;TOPORS;GRHL2;PPP1R13L;RARG;FOXL2;SGCD;STAU2;EGFR;SOX9;TSPAN12;ACVR2B;TULP3;RING1;CTNS;PXDN;SRF;SH3PXD2B;CHD7;MEGF11;TGIF2;FZR1;SIX5;DTNBP1;NR2E3;PROM1;ZHX2;CACNA1C;MAB21L1;DAG1;WT1;ZNF513;EFNA5;ATP8A2;TWSG1;KDM2B;LAMB2;SPRED3;MEIS3"
"Carbohydrate Metabolic Process","GOBP_CARBOHYDRATE_METABOLIC_PROCESS",-0.298816815164072,-1.39517643729087,0.00017853024531772,0.00386044104535786,435,"PGK1;LDHA;MLXIPL;IDH1;ALDOC;ENO2;SLC2A1;UCP2;SLC2A6;UCHL1;PDK1;HEXB;GK5;GNPDA1;TPI1;BOLA3;ENO1;KL;GAPDH;SORD;MPI;GPI;NUDT5;PFKP;PFKFB4;DLAT;GM2A;HK2;IGF2;PGAM1;PPP1CC;AKR1B1;AGL;ANGPTL3;PGAM4;NR3C1;RORA;PYGL;ALDH1B1;FUCA2;MFSD8;ERRFI1;FABP5;SLC4A4;GALT;GYG2;LIPA;EPM2A;ST3GAL6;ALDOA;PRKAA1;MAN2A1;GK;PDK3;HKDC1;GYS1;TPD52L2;FBN2;NHLRC1;GBE1;PFKFB3;SLC39A14;LCT;MANBA;GALE;GLO1;CLTC;PGD;HAS2;GANAB;FUCA1;GCNT3;HYAL3;GALM;RPE;NEU1;FBP1;SLC2A8;GLB1;DHTKD1;B4GALT1;POFUT1;PSEN1;PHKA1;MTCH2;NAGA;PGM2;GALNT7;GOT1;UXS1;GALNT3;GCNT4;PGM3;PPP1R3G;PRKAG2;SLC25A13;DGAT2;LHCGR;MLYCD;B4GALT2;GSK3B;NLN;SCP2;COQ3"
"Positive Regulation of Endothelial Cell Proliferation","GOBP_POSITIVE_REGULATION_OF_ENDOTHELIAL_CELL_PROLIFERATION",0.560811587585176,1.75162645339694,0.000180926824341207,0.0038882617525598,72,"WNT5A;SEMA5A;AKT3;NR4A1;VASH2;JUN;NRP1;PDGFB;EGR3;ANG;HMGB2;F3;HMOX1;IL10;FGFR1;TNFSF12;PRKD2;MDK;APLNR;NRP2"
"Negative Regulation of Mitotic Cell Cycle Phase Transition","GOBP_NEGATIVE_REGULATION_OF_MITOTIC_CELL_CYCLE_PHASE_TRANSITION",0.469562818797934,1.61722880878282,0.00018460993941896,0.00391932495627041,157,"BUB1;TTK;BIRC5;BUB1B;KANK2;DUSP1;IER3;PLK1;BRCA1;DACT1;BCL2;ZFP36L2;MBTPS1;CDK2;CDK1;BRSK1;CHEK1;ZWINT;CDC20;KLF4;TP53;DGKZ;SKA3;ORC1;FBXO5;CTDSP2;PLK3;MAD2L2;CDK5RAP3;BRD7;CENPF;GPNMB;DTL;USP44;FZR1;FOXO4;RFWD3;CDC6;BARD1;MAD1L1;E2F7;HUS1B;CHMP4C;RBBP8;INCENP;FBXO31;LCMT1;NDC80;CCNB1;UIMC1;FOXN3;CDC7;TRIM39;DYNLRB1;IK;BLM;CTDSP1;CDK2AP2;CTDSPL;FBXO7;CHFR;RB1"
"Regulation of Neuron Projection Development","GOBP_REGULATION_OF_NEURON_PROJECTION_DEVELOPMENT",0.417075118539426,1.51795143473642,0.000184370194579909,0.00391932495627041,328,"WNT5A;SEMA5A;CDH4;DBN1;HES1;GRID2;UST;NDNF;FAT3;SEMA7A;PAK3;CNTN1;ROBO3;KANK1;CDKL5;CAMK1;ULK4;NRP1;PTPRS;TIAM2;SEMA6C;SKIL;PPP2R5B;BCL11A;DAB2IP;APBB1;MARK1;KIF13B;NGEF;ARHGAP33;FZD4;PAK1;ULK2;PLXNB1;ARHGAP44;VIM;DDR1;FEZ1;KIDINS220;CSMD3;SF3A2;KNDC1;GDI1;FGFR1;LZTS1;FN1;BRSK1;NEO1;SMAD1;CDH1;CDC20;FYN;GPC2;KIF1A;CHODL;KLF4;ZDHHC15;SEMA3A;BMPR2;PTPRD;MDK;NTRK2;MAPRE3;MAG;CRABP2;RYK;GSK3A;LIMK1;PTK7;STAU2;NDRG4;PARP6;ULK1;SYNGAP1;HECW2;CNTN2;EFHC2;PAQR3;ZFYVE27;AVIL"
"Regulation of Developmental Growth","GOBP_REGULATION_OF_DEVELOPMENTAL_GROWTH",0.441690961746632,1.57186467101907,0.000193440469016359,0.00408206001785727,218,"WNT5A;HOPX;SEMA5A;CDH4;RIMS1;SOCS2;PIM1;ZFPM2;SEMA7A;COLQ;SAV1;SYT2;CDKL5;IGF1;NRP1;PTPRS;SEMA6C;NRG1;INSR;BCL11A;SMO;RIMS2;TTL;PIK3CA;TLL2;LIN7B;FOXP1;BCL2;PAK1;ULK2;GDI1;FGFR1;FN1;CAPN3;VGLL4;CDK1;CDH1;FOSL2;SEMA3A;BMPR2;SLC23A2;WWC3;MAG;CRABP2;RYK;GSK3A;LIMK1;WWC2;ULK1;SYT1;ZFYVE27;SOX15;SRF;GATA6;DIP2B;CSF1;CHD7"
"Mitochondrial Respiratory Chain Complex Assembly","GOBP_MITOCHONDRIAL_RESPIRATORY_CHAIN_COMPLEX_ASSEMBLY",-0.507916222608507,-1.83445627821364,0.000199561170302861,0.00418600466808935,62,"NDUFS3;TIMMDC1;NDUFAF1;COA5;TACO1;AIFM1;NDUFS8;NDUFS5;CMC1;TFAM;NDUFA6;OCIAD2;TMEM126A;NDUFC2;COX16;UQCRFS1;SLC25A33;CHCHD7;FASTKD3;NDUFAF2;LYRM2;ATPAF2;NDUFA13;NDUFS4;HIGD1A;ATPAF1;TMEM186;NDUFS1;COX11;SCO1;SDHAF2;LYRM7;TMEM70;TMEM126B;NDUFS6;SURF1;FOXRED1;COX7A2L"
"Regulation of Canonical Wnt Signaling Pathway","GOBP_REGULATION_OF_CANONICAL_WNT_SIGNALING_PATHWAY",0.449060479218651,1.5847345974492,0.000220476130218913,0.00459718978664793,199,"SOX4;WNT5A;SEMA5A;PRICKLE1;ASPM;SFRP4;CDH3;FOXO1;JUP;DAAM2;KANK1;BICC1;ZNRF3;DAB2IP;IGFBP1;LMBR1L;NKD1;TMEM88;SFRP5;MEST;DACT1;CDK14;WNK3;EGR1;NRBP2;PPM1B;SNAI2;IGFBP2;SOX13;APC2;GPC5;MDK;CSNK1E;GSK3A;SPIN4;AXIN1;PTK7;NPPA;EGFR;MAD2L2;SOX9;TCF7L2;CTNNBIP1;DLX5;LIMD1;DDIT3;PLEKHA4;FGFR2;SMAD4;FRAT1;AXIN2;RNF146"
"Myoblast Differentiation","GOBP_MYOBLAST_DIFFERENTIATION",0.552360213514966,1.74215195613157,0.000238973782121,0.00495340330633055,77,"SOX4;ID3;PRICKLE1;IGFBP3;IGF1;DPF3;NRG1;SMARCC2;MYOCD;MAP3K5;TBX3;JAG1;CAPN3;SMARCA2;PLEKHM3;SOX9;TCF7L2;BRD7;SOX15;SRF;DDIT3;IL18;ARID2;AKIRIN1;ARID1B;ARID1A;IFRD1;GREM1;SMARCC1;RBM24;ZFHX3;RB1;SMARCD1"
"Neuron Migration","GOBP_NEURON_MIGRATION",0.492616459674939,1.66262763371911,0.00024344933790151,0.00501648841569994,127,"ASPM;DDIT4;NDNF;FAT3;MATN2;ROBO3;CDKL5;FBXO41;ULK4;NRP1;DAB2IP;MARK1;UNC5D;SRGAP2;ITGA3;MEST;FILIP1;ASTN1;ARHGEF2;FGFR1;LRP12;CHL1;NEO1;FYN;AXL;SEMA3A;NR4A2;CELSR2;MDK;NTRK2;FOXG1;GPR173;MDGA1;NRP2;GAS6;CNTN2;TUBA1A;FLNA;SRF;KIRREL3;FZD3;UNK"
"Cellular Oxidant Detoxification","GOBP_CELLULAR_OXIDANT_DETOXIFICATION",-0.502304834043623,-1.84987684047058,0.000256649779304949,0.00525756828599554,68,"MT3;DUOX2;NQO1;SOD2;PRDX3;MGST1;PTGES;IPCEF1;PRDX6;CAT;PRDX4;PARK7;APOE;PRDX1;TXN;TXNDC17;GSTT1;SRXN1"
"Cellular Response to Oxygen Radical","GOBP_CELLULAR_RESPONSE_TO_OXYGEN_RADICAL",-0.754305187555824,-2.05231930129449,0.000260710621074115,0.00530970526524782,16,"MT3;NQO1;SOD2;PARK7;PRDX1"
"Regulation of Epithelial Cell Proliferation","GOBP_REGULATION_OF_EPITHELIAL_CELL_PROLIFERATION",0.427356506055455,1.54012406444914,0.000268751968318089,0.0054418389885449,255,"ATOH8;IQGAP3;WNT5A;SEMA5A;COL4A3;CDH3;HES1;AKT3;NR4A3;NR4A1;SAV1;VASH2;IGF1;TGFB2;JUN;CDKN1C;LIMS2;NRP1;PDGFB;EGR3;ERBB2;PTPRM;SMO;DAB2IP;ANG;ALDH1A2;HMGB2;SCN5A;F3;ZFP36;HMOX1;IL10;FGFR1;PTPRK;FGF18;TNFSF12;THBS1;EDNRB;SNAI2;CDK6;REG3G;FOXP2;PRKD2;TNFAIP3;MDK;NLRC3;ESRP2;EGFR;CYP7B1;SOX9;APLNR;TCF7L2;NRP2"
"Positive Regulation of Cell Projection Organization","GOBP_POSITIVE_REGULATION_OF_CELL_PROJECTION_ORGANIZATION",0.420470054317831,1.51415663393136,0.000274760929369287,0.00553153756080811,271,"WNT5A;SEMA5A;CDH4;DBN1;NDNF;SEMA7A;CNTN1;ROBO3;CDKL5;FSCN1;CAMK1;NRP1;TIAM2;SKIL;PPP2R5B;BCL11A;ANLN;EPS8;DAB2IP;APBB1;PIK3CA;PIK3R1;CEP120;FZD4;PAK1;PLXNB1;DDR1;FEZ1;KIDINS220;SF3A2;GDI1;FGFR1;FN1;PALM;KCTD17;SMAD1;FYN;GPC2;CHODL;ZDHHC15;BMPR2;PTPRD;MDK;NTRK2;CDC42EP1;MAPRE3;DLG4;CRABP2;RYK;LIMK1;ZMYND8;PTK7;STAU2;NDRG4;PARP6;DVL2;TGFB3;ZFYVE27;AVIL;SRF;PROM2;DVL3"
"Positive Regulation of Fibroblast Proliferation","GOBP_POSITIVE_REGULATION_OF_FIBROBLAST_PROLIFERATION",0.634619587026606,1.84704856607512,0.000280689559363991,0.00561860300829749,42,"WNT5A;IGF1;JUN;FBLN1;PDGFB;CCNA2;FN1;AQP1;PDGFD;CDK6;FOSL2;EGFR;GAS6;PDGFA;CDC6;ESR1;PDGFC;E2F1;CCNB1;AGT"
"Amide Biosynthetic Process","GOBP_AMIDE_BIOSYNTHETIC_PROCESS",-0.40120694787295,-1.67792295638742,0.000284840103114201,0.00566928909777867,132,"PGK1;ELOVL6;PDK1;ACLY;HSD17B12;DLAT;TPK1;TECR;FASN;SLC1A2;ACSS2;PPT1;NANP;SPTLC2;ACSL1;ACSL3;GCLM;PRKAA1;PDK3;SPTSSA;ACOT7;AGMAT;PCCA;AGK;ELOVL5;ACSL4;PANK1;OSBP;MECR;SGMS2;PAM;ACACA;DLD;MCEE;KDSR;MLYCD;FH;SGMS1;SPTLC1;ASAH1"
"Long Chain Fatty Acyl Coa Metabolic Process","GOBP_LONG_CHAIN_FATTY_ACYL_COA_METABOLIC_PROCESS",-0.71501941488406,-2.04659093829162,0.000293187576550608,0.00580246373252417,19,"ELOVL6;HSD17B12;TECR;ACSL1;ACSL3;ACOT7;FAR1;ELOVL5;ACSL4"
"Protein Insertion into Membrane","GOBP_PROTEIN_INSERTION_INTO_MEMBRANE",-0.546778030423069,-1.89590977667105,0.000311252791237263,0.00612538498710186,49,"NOMO1;SAMM50;TOMM5;TOMM40;TRAM2;TMEM147;TIMM8B;AGK;TOMM6;UBL4A;TIMM10;CCDC47;MTX3;ROMO1;TIMM13;TMEM126A;MTCH2;SEC61A1;NOMO2;TIMM8A;NCLN;SGTA;TMCO1;TIMM22"
"Nucleoside Monophosphate Metabolic Process","GOBP_NUCLEOSIDE_MONOPHOSPHATE_METABOLIC_PROCESS",-0.497268261958587,-1.81879783371464,0.000314491139348996,0.00615453888904768,64,"AK4;AK7;AK2;CASK;PAICS;APRT;DGUOK;GMPS;IMPDH2;PNP;NUDT2;AMPD3;UPP1;DCTD;ATIC;HPRT1;MPP1"
"Establishment of Protein Localization to Mitochondrial Membrane","GOBP_ESTABLISHMENT_OF_PROTEIN_LOCALIZATION_TO_MITOCHONDRIAL_MEMBRANE",-0.622948841682628,-1.95487052347223,0.00032887217053679,0.00632988578785921,29,"SAMM50;TOMM5;TOMM40;TIMM8B;AGK;TOMM6;TIMM10;MTX3;ROMO1;TIMM13;TMEM126A;MTCH2;TIMM8A"
"Golgi Vesicle Transport","GOBP_GOLGI_VESICLE_TRANSPORT",-0.321961177797131,-1.47709206617721,0.000328448970140163,0.00632988578785921,285,"SNX8;BCAP31;CSK;ERGIC1;GOLGA7;MIA3;CTAGE9;COPB1;SCFD1;VAPB;TRAPPC3;TMED3;KDELR2;COPB2;ACSL3;TMED9;YIF1A;ZW10;GAS1;LMAN1;NRBP1;TBC1D14;AP3M2;LMAN2L;ARL8B;SEC22A;EHD3;PSMD14;CNIH4;KIF13A;ERGIC3;SNX3;GOSR2;TMED2;COG6;RAB6A;TMED5;RP2;SEC24D;VAMP4;ARF3;SEC23A;SEC24A;RAB1A;SNX2;COG2;COPZ1;GOLT1B;INSIG1;ARL3;DNM2;GABARAPL2;PDCD6;PREPL;BET1;ATL3;AP3S1;SEC23B;AP1AR;COPA;EXOC6B;PREB;SPTBN1;VAMP3;VTI1A;SAR1A;GOLPH3L;CCDC93;SEC22B;ERGIC2;PKDCC;USO1;YIF1B;LYPLA1;ANK1;YKT6;CLN3;AP3S2;TRAPPC5;VCP;ARFGAP3;NAPG;CREB3L2;COMMD1;MCFD2;BET1L;RAB11A;RER1;LAPTM5;ARCN1"
"Positive Regulation of Cell Cycle Process","GOBP_POSITIVE_REGULATION_OF_CELL_CYCLE_PROCESS",0.450328696136078,1.59393480187533,0.000326533785074413,0.00632988578785921,206,"WNT5A;BUB1;LRP5;UBE2C;KIF23;NCAPG;IGF1;BIRC5;PDGFB;CCND2;INSR;RCC2;NUMA1;PLK1;DLGAP5;CEP120;POC1A;FGFR1;ESPL1;CSPP1;KIF14;CDK1;E2F8;CDC20;SMC6;HSPA2;SKA3;FAM83D;PAF1;PHIP;FBXO5;EGFR;SPAG5;ATRX;CIT;RAD51B;CDC25B;PLK4;SOX15;PKN2;NCAPH;CDC14A;NUSAP1;KLHL18;SMPD3;NCAPD2;DTL;DBF4B;CDC6;NCAPH2;MAD1L1;CENPV;E2F7;AKT1;NCAPD3;INCENP;SH2B1;USP19;MEPCE;NDC80;CCNB1;CCDC15;CDC7;WNT4;ROCK2;GLI1;DDX11;DYNLRB1;DDR2;STIL;NCAPG2;SIN3A;SVIL;HNRNPU"
"Lipid Catabolic Process","GOBP_LIPID_CATABOLIC_PROCESS",-0.335157893521991,-1.52829581252912,0.000344753736161489,0.00659930239220599,243,"CROT;IDH1;PNPLA3;DECR1;APOC1;SMPDL3A;HEXB;GALC;HSD11B1;SCARB1;LPIN1;GM2A;PLBD1;PRDX6;NCEH1;ABHD5;DDHD2;ANGPTL3;APOE;HSD17B6;PPT1;HSD17B4;LIPA;ABHD6;PRKAA1;SRD5A3;FITM2;PLD2;ACOT7;ACOX1;TBL1XR1;HINT2;ETFB;PCCA;LCT;HCAR3;ACBD5;FUCA1;NEU1;ETFA;ACER2;GLB1;ECH1;ECHS1;ABHD12B;NAGA;HADH;MCEE;IVD;HCAR2;LIPH;RARRES2;ABHD4;MLYCD;SCP2;NUDT8;DECR2;ABHD3;ABHD2;ASAH1;ETFDH;MFSD2A"
"Detoxification of Inorganic Compound","GOBP_DETOXIFICATION_OF_INORGANIC_COMPOUND",-0.746113925443845,-2.06549878939657,0.000347863728436988,0.0066226447864933,17,"MT3;ABCB6;CAT;PARK7;MT1X;TXN;SLC30A1"
"Establishment of Protein Localization to Mitochondrion","GOBP_ESTABLISHMENT_OF_PROTEIN_LOCALIZATION_TO_MITOCHONDRION",-0.415995785095238,-1.68557354798572,0.000354739230684579,0.00670528179843637,113,"MIPEP;SAMM50;BCAP31;HK2;GRPEL1;TOMM5;TOMM40;FBXW7;PRKAA1;LMAN1;AIFM1;UBL5;BAG4;TIMM8B;AGK;TOMM6;TIMM10;FIS1;MTX3;ROMO1;TIMM13;TIMM17A;TMEM126A;MTCH2;HSPA4;TIMM8A;DNAJA1;TIMM23;PMPCB;RHOU;HSP90AA1;TOMM34;HSPD1;PARL;TIMM22;SREBF1;GDAP1;UBE2L3"
"Negative Regulation of Wnt Signaling Pathway","GOBP_NEGATIVE_REGULATION_OF_WNT_SIGNALING_PATHWAY",0.487934981113548,1.64399079621637,0.000356032661863878,0.00670528179843637,125,"WNT5A;PRICKLE1;SFRP4;FOXO1;BICC1;ZNRF3;DAB2IP;CITED1;IGFBP1;LMBR1L;NKD1;TMEM88;SFRP5;MEST;DACT1;GRB10;EGR1;VGLL4;SNAI2;APCDD1L;IGFBP2;SOX13;APC2;MDK;CSNK1E;NFATC1;GSK3A;AXIN1;NPPA;MAD2L2;SOX9;HIC1;TCF7L2;CTNNBIP1;LIMD1;DDIT3;MDFI;WWOX;SMAD4;AXIN2;NLK;SHISA6;INVS;SHISA2;TSC2;GLI1;HMGA2;CDH2;TAX1BP3;GREM1;SFRP1;TSKU;PTPRU"
"Neuron Projection Extension","GOBP_NEURON_PROJECTION_EXTENSION",0.487339287990358,1.64198373779711,0.000361386436344557,0.00672639609816545,125,"WNT5A;SEMA5A;PRICKLE1;CDH4;S100B;RIMS1;SEMA7A;PRKCZ;SYT2;CDKL5;NRP1;PTPRS;SEMA6C;BCL11A;TMEM108;RIMS2;TTL;PAK1;ULK2;DDR1;GDI1;FN1;CDH1;SEMA3A;BMPR2;SLC23A2;MAG;RYK;LIMK1;ULK1;VCL;NRP2;SYT1;ZFYVE27;SRF;DIP2B"
"Proteoglycan Biosynthetic Process","GOBP_PROTEOGLYCAN_BIOSYNTHETIC_PROCESS",0.575800014853755,1.77084630897062,0.000362914319883891,0.00672639609816545,63,"B3GNT7;CHST7;UST;CSGALNACT1;CHST1;VANGL2;IGF1;HS3ST3A1;CHST14;ST3GAL3;CHST10;B3GNT4;BMPR2;CHST12;HS6ST1;HS3ST1;TCF7L2;EXT1"
"Regulation of Stem Cell Proliferation","GOBP_REGULATION_OF_STEM_CELL_PROLIFERATION",0.677944971277115,1.86283688289286,0.000359952167246356,0.00672639609816545,31,"PIM1;FBLN1;ACE;CITED1;HMGB2;TBX3;LTBP3;SNAI2;FERMT2;KDM1A;N4BP2L2;EPCAM;HMGA2;KAT7;DGCR8;HNRNPU"
"Regulation of Transmembrane Receptor Protein Serine Threonine Kinase Signaling Pathway","GOBP_REGULATION_OF_TRANSMEMBRANE_RECEPTOR_PROTEIN_SERINE_THREONINE_KINASE_SIGNALING_PATHWAY",0.437830890553443,1.55221627578766,0.00038053875276727,0.00701593289970393,209,"ATOH8;WNT5A;VWC2;NPNT;SFRP4;CDH3;HES1;HTRA1;CRIM1;TTK;AMH;TGFB2;CDKN1C;SMAD6;SKIL;CITED1;NUMA1;TGFB1I1;ING1;MYOCD;TOB1;LTBP4;ING2;FSTL3;ITGA3;DACT1;FAM89B;SAP30L;NEO1;THBS1;PEG10;ZNF423;BMPR2;AXIN1;CILP;GPR155;NUP93;UBE2O;ACVR2B;TGFB3;LTBP1;GDF7;FSTL1;SCUBE3"
"Modulation of Excitatory Postsynaptic Potential","GOBP_MODULATION_OF_EXCITATORY_POSTSYNAPTIC_POTENTIAL",0.666455789538323,1.86090112988348,0.000387883235407142,0.00711390038550375,34,"NLGN4X;RIMS1;NPY2R;PRKCZ;MAPK8IP2;TMEM108;RIMS2;MTMR2;DLG4;ZMYND8;ELOVL4;PRKAR1B;GRIK2;CHRNA7"
"Positive Regulation of Growth","GOBP_POSITIVE_REGULATION_OF_GROWTH",0.454785213246691,1.5870157680227,0.000390328899650544,0.00712146945560342,179,"HOPX;SEMA5A;CDH4;RIMS1;PIM1;ZFPM2;SEMA7A;SYT2;CDKL5;IGF1;TGFB2;NRP1;NRG1;ERBB2;INSR;BCL11A;SMO;IGFBP1;RIMS2;AVPR1A;TFCP2L1;BCL2;RFTN1;PAK1;GDI1;FGFR1;FN1;CAPN3;CDK1;CDKN2AIP;TEAD1;HBEGF;BMPR2;SLC23A2;MMP14;CRABP2;LIMK1;EGFR;SYT1;ZFYVE27;SOX15;SRF;GATA6;CSF1;CHD7"
"Positive Regulation of Developmental Growth","GOBP_POSITIVE_REGULATION_OF_DEVELOPMENTAL_GROWTH",0.504115918415104,1.6847907886963,0.000404691669796566,0.00734525864920918,115,"HOPX;SEMA5A;CDH4;RIMS1;PIM1;ZFPM2;SEMA7A;SYT2;CDKL5;IGF1;NRP1;NRG1;INSR;BCL11A;SMO;RIMS2;BCL2;PAK1;GDI1;FGFR1;FN1;CAPN3;CDK1;BMPR2;SLC23A2;CRABP2;LIMK1;SYT1;ZFYVE27;SOX15;SRF;GATA6;CSF1;CHD7;FGFR2;AKT1;ANAPC2;WT1;CCNB1;EFNA5;ATP8A2;AGRN;GLI1;HMGA2"
"Epigenetic Regulation of Gene Expression","GOBP_EPIGENETIC_REGULATION_OF_GENE_EXPRESSION",0.419916513150977,1.51192696420267,0.000410048368774347,0.00736615095290532,252,"ERI2;ATAD2;ZDBF2;PHC1;CBX4;L3MBTL3;CDKN1C;CENPA;PHF2;CREBZF;KDM5A;MIS18BP1;PHF8;PHF1;MYOCD;PIK3CA;BRCA1;ING2;CBX2;HDAC5;DNMT3A;CDK2;EGR1;CHEK1;SETDB1;ZNF512;SMARCA2;PHF19;TP53;MOV10L1;MIS18A;PPM1D;BCOR;OGG1;SAMD1;GSK3A;TDRD12;AXIN1;ATRX;BRD7;LMNA;RING1;SPHK2;USP21;CIZ1;EHMT2;ZNF512B;TRIM28;L3MBTL1;KDM1A;RBM15B;ASH2L;CBX6;TDRD3;CBX7;CBX8;ZNF304;BCORL1;CENPV;DIRAS3;ARID1B;ARID1A;WT1;L3MBTL2;PRMT7;SIRT1;APOBEC3A;CTCF;KDM2B;ZNF335;HMGA2;ZCWPW1;KLF2;KAT7;TNRC18;SPIN1;SIN3A;TET1;MAX;DNMT1;HNRNPU;RB1;HDAC8;SMARCD1;BAHD1;TPR;IFI16"
"Positive Regulation of Nervous System Development","GOBP_POSITIVE_REGULATION_OF_NERVOUS_SYSTEM_DEVELOPMENT",0.444391700580328,1.56706269297377,0.000408978190156396,0.00736615095290532,196,"PTPRZ1;SEMA5A;CDH4;DBN1;ASPM;HES1;GRID2;EGR2;SEMA7A;CLSTN2;ROBO3;CDKL5;IQSEC2;NRP1;SEMA4A;TIAM2;SKIL;BCL11A;SMO;LINGO2;DLG5;FZD4;PAK1;PLXNB1;SYNDIG1;GDI1;FN1;NAP1L1;CHODL;SPINT1;BMPR2;DCT;PTPRD;MDK;NTRK2;AMIGO2;MAPRE3;MAG;FOXG1;LRRC24;CRABP2;LIMK1;STAU2;PARP6;SLITRK4;SLITRK2;TGM2;ZFYVE27;SRF;KDM1A;FZD3;FXR2"
"Positive Regulation of Cell Development","GOBP_POSITIVE_REGULATION_OF_CELL_DEVELOPMENT",0.400725315668651,1.46016020876403,0.000412297106619793,0.00736875900249558,333,"SOX4;PTPRZ1;SEMA5A;CDH4;DBN1;ASPM;HES1;EGR2;TNFSF11;ZBTB16;TNFSF4;SEMA7A;PRKCZ;FOS;ROBO3;CDKL5;CD101;NRP1;TIAM2;EGR3;SKIL;BCL11A;SMO;SMARCC2;FZD4;BCL2;PAK1;PLXNB1;ZBTB7B;IL10;GDI1;FN1;NAP1L1;AXL;SMARCA2;KLF10;CHODL;SOX13;SPINT1;BMPR2;DCT;AMBRA1;PTPRD;MDK;NTRK2;MMP14;MAPRE3;MAG;FOXG1;CRABP2;LIMK1;STAU2;AGER;PARP6;SOCS5;BRD7;GAS6;TGM2;CTNNBIP1;ZFYVE27;SRF;KDM1A;CSF1;FZD3;IL18;FXR2;ARID2;NFKBIZ;BRD2;CX3CR1;SS18L1;ANAPC2;LGALS9;ARID1B"
"Hormone Biosynthetic Process","GOBP_HORMONE_BIOSYNTHETIC_PROCESS",-0.535456714762558,-1.84038388793517,0.000417414677989003,0.00738486675250241,48,"CYP11A1;HSD17B7;STC2;HSD17B12;DUOX2;HSD3B2;STAR;AKR1B1;NR3C1;HSD17B6;SRD5A3;TG"
"Regulation of Aerobic Respiration","GOBP_REGULATION_OF_AEROBIC_RESPIRATION",-0.699854675844796,-2.05689187720893,0.000417348439330951,0.00738486675250241,22,"AK4;MLXIPL;PARK7;PPIF;IDE;RHOA"
"Anatomical Structure Maturation","GOBP_ANATOMICAL_STRUCTURE_MATURATION",0.460753262086895,1.59768109257646,0.000420544315443624,0.00740284792461817,163,"WNT5A;DCHS1;CDH3;HES1;ZBTB16;L3MBTL3;IGF1;FZD5;TGFB2;FBXO41;CDKN1C;ADAMTS12;PICK1;ANG;ALDH1A2;FARP2;TFCP2L1;NTN4;BCL2;PLXNB1;FGFR1;KIF14;AXL;EDNRB;C3;NR4A2;CATSPERG;THBS3;ANKS1A;FBXO5;NDRG4;DIAPH3;KCNIP2;EXT1;ERCC2;CNTN2;CDC25B;BRD1;BRCA2;B4GALT5;KDM1A;DDIT3"
"Synapse Assembly","GOBP_SYNAPSE_ASSEMBLY",0.443870263676298,1.56124985786258,0.000425436497403848,0.0074515202520284,192,"NLGN4X;WNT5A;PRICKLE1;GRID2;CPEB3;CLSTN2;COLQ;GPC4;PTPN13;FZD5;IQSEC2;CC2D1A;SEMA4A;PTPRS;PCDH17;KCNJ8;SRGAP3;LINGO2;MARK1;TRIM47;IGSF11;LSAMP;SRGAP2;LIN7B;DLG5;ARHGAP33;PLXNB1;SPTBN2;SYNDIG1;FGFR1;LZTS1;SLC12A5;CDH1;PTPRD;NTRK2;SEMA4C;AMIGO2;PCDHB14;LRRC24;BSN;RYK;MDGA1;DNM3;STAU2;DOCK1;VSIG10;LRFN3;SLITRK4;SLITRK2"
"Endothelial Cell Proliferation","GOBP_ENDOTHELIAL_CELL_PROLIFERATION",0.494514930587719,1.65747041729894,0.000441693198100686,0.00769776752709803,118,"ATOH8;WNT5A;SEMA5A;COL4A3;AKT3;VSTM4;NR4A1;VASH2;JUN;NRP1;PDGFB;EGR3;PTPRM;ANG;ALDH1A2;HMGB2;F3;HMOX1;IL10;FGFR1;FGF18;TNFSF12;THBS1;PRKD2;BMPR2;MDK;MMP14;APLNR;NRP2"
"Acetyl Coa Biosynthetic Process","GOBP_ACETYL_COA_BIOSYNTHETIC_PROCESS",-0.696653105211405,-2.02947095140692,0.000469920636831136,0.00810128962212439,21,"PGK1;PDK1;ACLY;DLAT;TPK1;ACSS2;PDK3"
"Dicarboxylic Acid Metabolic Process","GOBP_DICARBOXYLIC_ACID_METABOLIC_PROCESS",-0.44813562014134,-1.70139533812548,0.000467344663394386,0.00810128962212439,77,"IDH1;QPRT;NR1H4;ACLY;DDO;GOT2;FAHD1;MTHFD1L;HAL;MDH1;SLC46A1;GCLM;D2HGDH;GRHPR;GLS;MTHFD1;SUCLG1;ACOT4;DLD;GOT1;GPT2;ATIC;FTCD;FH;MTHFD2;NIT2;PHYH;MTHFD2L;MDH2;MTHFS;GLUD2;ALDH5A1;SLC7A11;MTRR;ME1;SLC19A1"
"Regulation of Syncytium Formation by Plasma Membrane Fusion","GOBP_REGULATION_OF_SYNCYTIUM_FORMATION_BY_PLASMA_MEMBRANE_FUSION",-0.5012414526024,-1.79731053564235,0.00047178506506234,0.00810128962212439,60,"RPL29;RPL6;RPL38;UBA52;RPLP0;RPL23A;RPL27;RPL35A;RPL5;RPL39;RPL10A;RPL7A;RPL12;RPL32;RPL35;RPL19;RPL37;RPL13A;RPL28;RPL21;RPL15;RPL11;RPL7;RPL14;RPLP2;RPL36;RPL34;RPL31;RPL4;RPL18A;RPL8;RPL23;RPLP1;RPL9;GCM1;RPL41;EHD1;PLEKHO1;RPL17;TNFSF14;RPL13;RPL37A;TREM2;CD53;ADAM9;MAPK14;RPL24;NFATC2;RPL30"
"Actin Filament Organization","GOBP_ACTIN_FILAMENT_ORGANIZATION",0.399659376595423,1.46245685370202,0.000481779270821318,0.00815300862650762,366,"IQGAP3;SEMA5A;PLEKHH2;DBN1;MYO5B;LIMCH1;ARHGAP28;PAK3;ARHGEF10L;DAAM2;MICAL1;KANK1;FSCN1;HIP1R;ARHGAP6;SORBS1;LIMS2;PICK1;NRP1;FCHSD1;KANK2;PLEKHG2;ITGB5;PAWR;SSH3;EPS8;SHROOM2;CGNL1;ANG;PIK3CA;PDLIM1;CORO2A;SORBS3;PIK3R1;ARHGEF2;BCL2;TTC8;PAK1;TMOD2;RHOB;SAMD14;MARCKS;MYO1C;SPTBN2;WASH3P;ACTG1;INPP5K;TMOD1;WIPF3;ARHGEF18;MICALL2;CNN2;TESK1;CDC42EP1;TPM4;GBA2;LIMK1;SHROOM4;TNFAIP1;MAD2L2;PPP1R9A;DIAPH3;CD47;TMSB10;TGFB3;TMSB4X;ASAP3;MYO5C;TPM2;MYO1D;FERMT2;AVIL;FLNA;SRF;ESPNL;PARVB;WASF3;NCK2;CLASP1;PPP1R9B;MYL9"
"Proteasomal Ubiquitin Independent Protein Catabolic Process","GOBP_PROTEASOMAL_UBIQUITIN_INDEPENDENT_PROTEIN_CATABOLIC_PROCESS",-0.704472790855427,-2.01640347104632,0.000481519693618,0.00815300862650762,19,"PSMA2;PSMA1;PSMB7;PSMB1;PSMA5;PSMA6;PSMB3;PSMA4;PSMB4;PSMB6;PSMB5;PSMA3;PSME4"
"Transforming Growth Factor Beta Receptor Signaling Pathway","GOBP_TRANSFORMING_GROWTH_FACTOR_BETA_RECEPTOR_SIGNALING_PATHWAY",0.449108029031603,1.56639178965949,0.000481631073289921,0.00815300862650762,181,"SMAD9;NPNT;NDP;ID1;CDH3;HTRA1;FOS;TGFB2;JUN;CDKN1C;ITGB5;SMAD6;SKIL;ATF3;CITED1;TGFB1I1;ING1;HPGD;MYOCD;LTBP4;ING2;ITGA3;LTBP3;FAM89B;PTPRK;SAP30L;SMAD1;THBS1;PEG10;AXIN1;CILP;GDF9;TGFB3;LTBP1"
"Purine Nucleoside Monophosphate Metabolic Process","GOBP_PURINE_NUCLEOSIDE_MONOPHOSPHATE_METABOLIC_PROCESS",-0.554562712985916,-1.81262020111546,0.000495405396325974,0.00834329376600907,38,"AK4;AK2;CASK;PAICS;APRT;DGUOK;GMPS;IMPDH2;PNP;NUDT2;AMPD3;ATIC;HPRT1;MPP1"
"Negative Regulation of Synaptic Transmission","GOBP_NEGATIVE_REGULATION_OF_SYNAPTIC_TRANSMISSION",0.639390357708015,1.80068983496047,0.000498814741576321,0.0083605169365639,37,"NPY2R;GRID2;GABRB1;COLQ;PRRT1;IQSEC2;PICK1;PCDH17;PLK2;STAU2;AGER;GABBR1;GRIK2;SRF;GRID2IP"
"Regulation of Phospholipid Metabolic Process","GOBP_REGULATION_OF_PHOSPHOLIPID_METABOLIC_PROCESS",-0.645359023328446,-1.99425815442009,0.000502275828219509,0.00837843917263306,27,"IDH1;APOC1;NR1H4;FABP3;SCARB1;SPATA18;LPIN1;RAB38;ACSL3"
"Regulation of Myoblast Differentiation","GOBP_REGULATION_OF_MYOBLAST_DIFFERENTIATION",0.583577996001824,1.75960977026731,0.000513092758173136,0.00851831247336728,54,"SOX4;ID3;PRICKLE1;IGFBP3;DPF3;SMARCC2;MYOCD;MAP3K5;TBX3;CAPN3;SMARCA2;SOX9;BRD7;DDIT3;IL18;ARID2;AKIRIN1;ARID1B;ARID1A"
"Chromosome Organization","GOBP_CHROMOSOME_ORGANIZATION",0.376752747832949,1.39382306855348,0.000528568240761696,0.0086130657334588,454,"FSHR;PRICKLE1;KIFC1;BUB1;CCNB1IP1;KIF11;TTK;UBE2C;KIF23;NCAPG;DPF3;BIRC5;CENPE;BUB1B;CENPA;PRC1;DUSP1;RECQL4;KIF2C;NUMA1;MIS18BP1;SMARCC2;KIF15;PLK1;KIF4A;LDB1;MYBL2;DLGAP5;HMGB2;NASP;ZNF827;KIF18A;BCL7A;HJURP;CDK2;SKA2;ESPL1;KIF14;CDK1;RAD54L;ZWINT;DPF2;CDC20;SMC6;TOP2A;PRKCQ;SMARCA2;CEP55;KLF4;TP53;HSPA2;SKA3;CEP192;MSH6;PSMC3IP;MIS18A;MAP9;FBXO5;MAD2L2;MAP2K7;AKAP8L;EXO1;SPAG5;ATRX;MUS81;TCF7L2;MZT1;RAD51D;BRD7;LMNA;GEM;RMI2;HECW2;CENPF;FLNA;EHMT2;NCAPH;BRCA2;BAG6;SUN1;OFD1;NUSAP1;CLASP1;FANCD2;NCAPD2;INO80E;TDRD3;KIF22;ARID2;USP44;ACD;CDC6;NAF1;ZBTB48;NCAPH2;PTTG1;MAD1L1;AXIN2;CENPV;HUS1B;CHMP4C;NCAPD3;ANAPC2;XRCC1;ARID1B;INCENP;SLX4;TEP1;CEP97;NEK2;ARID1A;LCMT1;NDC80;CCNB1;ACTR8;SIRT1;EME1;CTCF;DCTN2;HMGB3;LIG1;HMGA2;ZCWPW1;TAL1;DDX11;CHMP1B;DCLRE1B;DYNLRB1;CDCA5;GOLGA2;KIF18B;PPP2R1B;NCAPG2;SMG6;IK;TNKS;SMARCC1;BLM;AAAS;STAG2;HNRNPU;CHFR;EML3;RB1;HDAC8;ACIN1"
"Epithelial Cell Proliferation","GOBP_EPITHELIAL_CELL_PROLIFERATION",0.405030804874298,1.46853110594651,0.000524854191951657,0.0086130657334588,310,"FSHR;ATOH8;IQGAP3;WNT5A;SEMA5A;COL4A3;CDH3;HES1;AKT3;TNFSF11;NR4A3;VSTM4;NR4A1;IGFBP3;SAV1;VASH2;IGF1;TGFB2;JUN;CDKN1C;LIMS2;NRP1;PDGFB;IGFBP5;EGR3;ERBB2;PTPRM;SMO;DAB2IP;ANG;ALDH1A2;HMGB2;SCN5A;F3;ZFP36;HMOX1;IL10;FGFR1;PTPRK;FGF18;TNFSF12;THBS1;EDNRB;SNAI2;CDK6;REG3G;FOXP2;PRDM1;PRKD2;BMPR2;TNFAIP3;MDK;NLRC3;MMP14;ESRP2;EGFR;CYP7B1;SOX9;APLNR;CLDN18;TCF7L2;NRP2"
"Fatty Acid Biosynthetic Process","GOBP_FATTY_ACID_BIOSYNTHETIC_PROCESS",-0.397816831660749,-1.64604323487785,0.000528635207734411,0.0086130657334588,122,"MLXIPL;FADS2;ELOVL6;SCD;APOC1;FADS1;ACLY;HSD17B12;SIGMAR1;NME1;PTGES;TECR;FASN;ACSS2;FABP5;HSD17B4;ACSL1;PRKAA1;INSIG2;ACOT7;ACOX1;LPGAT1;NDUFAB1;ELOVL5;ACSL4;ERLIN2;MECR;PTGES3;ACACA;ACOT4;GSTP1;OXSM;CBR1;PECR;PRKAG2;INSIG1;ERLIN1;MLYCD;MIF;SCP2;DECR2;ABHD3;ABHD2;PLAA"
"Response to Transforming Growth Factor Beta","GOBP_RESPONSE_TO_TRANSFORMING_GROWTH_FACTOR_BETA",0.425470083116711,1.52079035972938,0.000526845709009657,0.0086130657334588,226,"WNT5A;SMAD9;NPNT;NDP;ID1;CDH3;HTRA1;SOX5;FOS;TGFB2;JUN;CDKN1C;ITGB5;SMAD6;SKIL;ATF3;CITED1;TGFB1I1;ING1;HPGD;MYOCD;DNM3OS;LTBP4;ING2;ITGA3;ZFP36L2;LTBP3;SOX6;FAM89B;PTPRK;SAP30L;PDGFD;SMAD1;FYN;THBS1;PEG10;AXIN1;CILP;SOX9;GDF9;TGFB3;LTBP1"
"Fatty Acyl Coa Biosynthetic Process","GOBP_FATTY_ACYL_COA_BIOSYNTHETIC_PROCESS",-0.69300655221013,-2.01884791200109,0.000532575643253698,0.00863081742979669,21,"ELOVL6;HSD17B12;TECR;FASN;PPT1;ACSL1;ACSL3;ELOVL5;ACSL4;ACACA"
"Filopodium Assembly","GOBP_FILOPODIUM_ASSEMBLY",0.603484224860077,1.80064080740009,0.000537518316021582,0.00863081742979669,49,"DAAM2;FGD6;RAB3IP;FSCN1;NRP1;SRGAP2;PIK3R1;FGD4;ARHGAP44;PALM;DNM3;ZMYND8;STAU2;FMNL3;TGFB3;SRF;PPP1R9B"
"Morphogenesis of an Epithelium","GOBP_MORPHOGENESIS_OF_AN_EPITHELIUM",0.401743238775828,1.46895301433411,0.000539580079110898,0.00863081742979669,356,"WNT5A;PRICKLE1;NPNT;DCHS1;HES1;CASR;LRP5;VANGL2;IGF1;FZD5;LLGL2;TGFB2;ADAMTS12;NRP1;ITGB5;IGFBP5;HAND2;SEMA3C;HS3ST3A1;GREB1;SMO;CITED1;TGFB1I1;GREB1L;NKD1;ALDH1A2;FOXP1;DLG5;NTN4;NOTCH4;SOCS3;BCL2;TTC8;PAK1;TBX3;JAG1;RHOB;GZF1;DDR1;MED12;IL10;ACTG1;FGFR1;BRSK1;DLG3;PAX8;SUFU;TEAD2;SNAI2;PHACTR4;KLF4;SPINT1;PRKD2;HBEGF;SPINT2;KLHL3;MDK;SEMA4C;GRHL2;MMP14;ESRP2;RARG;HHIP;PTK7;EGFR;NDRG4;CYP7B1;SOX9;APLNR;DVL2;VCL;TULP3;EXT1;KRT19;TGM2;CTNNBIP1;FERMT2;GDF7;FLNA;PDGFA;TRIM28;SRF;CSF1;FZD3;KIF26B;MMRN2;CLASP1;FGFR2;SMAD4;ESR1;PTCH1"
"Proton Transmembrane Transport","GOBP_PROTON_TRANSMEMBRANE_TRANSPORT",-0.400244936667956,-1.65951762638466,0.00053893329619677,0.00863081742979669,123,"UCP2;NDUFB9;SLC17A5;SLC15A4;NDUFS3;SLC46A1;SLC25A18;NDUFA9;NDUFB3;NDUFS8;ATP6AP1;SLC9A9;NDUFA12;NDUFS5;SLC16A1;CYC1;SLC9A5;GHITM;NDUFA8;TCIRG1;NDUFA6;ATP6V1E1;NDUFC2;NDUFV2;NDUFB2;UQCRH;UQCRFS1;NDUFA1;SLC9A6;SLC25A13;COX5B;NDUFB10;NDUFB8;SLC25A3;SLC25A4;SLC9B2;ATP6AP2;SLC11A2;SLC18A2;UQCR10;NDUFA7;ATP6V1G1;COX4I1;ATP6V1B2;NDUFC1;ATP6V1H;NDUFA4;RNASEK;NDUFS4;SLC7A11;ATP1B1;COX6B1;ATP6V0E1;SLC11A1"
"Regulation of Osteoblast Differentiation","GOBP_REGULATION_OF_OSTEOBLAST_DIFFERENTIATION",0.503101404488967,1.66109874609714,0.000559428553372707,0.00890762828392997,101,"ID3;NPNT;ID1;CRIM1;LRP5;IGF1;IGFBP5;SMAD6;HAND2;CITED1;TOB1;CEBPD;JAG1;LRP3;SMAD1;SUFU;SNAI2;CDK6;BMPR2;FBXO5;SOX9;ACVR2B;CTNNBIP1;FERMT2;SCUBE3;LIMD1;FGFR2;PTCH1;AXIN2;CEBPB;JUND;TWSG1;WNT4;GLI1;PRKD1;DDR2;GREM1;FAM20C;SFRP1"
"Branching Morphogenesis of an Epithelial Tube","GOBP_BRANCHING_MORPHOGENESIS_OF_AN_EPITHELIAL_TUBE",0.499864434524351,1.66551603136793,0.000573006255943914,0.0090416257413132,110,"WNT5A;NPNT;DCHS1;CASR;LRP5;VANGL2;IGF1;NRP1;HS3ST3A1;SMO;CITED1;GREB1L;DLG5;NOTCH4;BCL2;PAK1;TBX3;GZF1;DDR1;PAX8;MDK;MMP14;ESRP2;HHIP;SOX9;EXT1;CTNNBIP1;GDF7;SRF;CSF1;FGFR2;SMAD4;ESR1;PTCH1;DAG1;CELSR1;PKD1;WT1;AGT;WNT4;FKBPL;HMGA2"
"Regulation of Mitotic Sister Chromatid Segregation","GOBP_REGULATION_OF_MITOTIC_SISTER_CHROMATID_SEGREGATION",0.577436456421167,1.74903722501896,0.000571650544084838,0.0090416257413132,55,"BUB1;TTK;BIRC5;BUB1B;DUSP1;NUMA1;PLK1;CDK1;ZWINT;CDC20;SKA3;FBXO5;MAD2L2;CENPF;USP44;MAD1L1;INCENP;LCMT1;NDC80;CCNB1;SIRT1;DYNLRB1;IK;HNRNPU;TPR;RAD21;KAT2B;DYNLT3;KNTC1;MAD2L1;SPC25;KAT5;ZWILCH"
"Artery Development","GOBP_ARTERY_DEVELOPMENT",0.5269685708927,1.68239779651009,0.000577294113789634,0.00904940622427051,83,"SOX4;PRICKLE1;HES1;EGR2;AKT3;TGFB2;NRP1;SMAD6;HAND2;GJA5;HPGD;MYOCD;JAG1;SUFU;PRDM1;BMPR2;MDK;APLNR;ACVR2B;NOTCH3;SRF;DDIT3;CHD7;ARID2;APOB;EFEMP2"
"Negative Regulation of Mitotic Cell Cycle","GOBP_NEGATIVE_REGULATION_OF_MITOTIC_CELL_CYCLE",0.43742448968866,1.54367118608907,0.000578665998925662,0.00904940622427051,199,"BUB1;TTK;CDKN1C;BIRC5;BUB1B;KANK2;DUSP1;IER3;STK33;PLK1;BRCA1;DACT1;BCL2;ZFP36L2;MBTPS1;CDK2;IL10;CDK1;BRSK1;CHEK1;ZWINT;CDC20;KLF4;TP53;DGKZ;SKA3;ORC1;MDC1;RBM46;FBXO5;CTDSP2;PLK3;MAD2L2;CDK5RAP3;MUS81;BRD7;CENPF;GPNMB;FZD3;FANCD2;DTL;USP44;FZR1;FOXO4;RFWD3;CDC6;BARD1;ANGEL2;MAD1L1;E2F7;HUS1B;CHMP4C;RBBP8;INCENP;FBXO31;TOM1L2;LCMT1;NDC80;CCNB1;UIMC1;FOXN3;EME1;XPC;CDC7;TRIM39;DYNLRB1;IK;RAD9A;BLM;CTDSP1;CDK2AP2;CTDSPL;FBXO7;CHFR;RB1"
"Regulation of Nervous System Development","GOBP_REGULATION_OF_NERVOUS_SYSTEM_DEVELOPMENT",0.403621384459421,1.46397667590425,0.000582634764245419,0.0090709759073409,306,"PTPRZ1;WNT5A;SEMA5A;CDH4;S100B;DBN1;ASPM;HES1;GRID2;EGR2;SEMA7A;CLSTN2;ROBO3;DAAM2;CDKL5;PTPN13;IGF1;IQSEC2;NRP1;SEMA4A;PTPRS;TIAM2;SEMA6C;HEYL;SKIL;BCL11A;SMO;LINGO2;HMGB2;MEST;DLG5;FZD4;PAK1;ULK2;PLXNB1;SYNDIG1;GDI1;FN1;MTMR2;KIF14;NAP1L1;PRTG;CDH1;TRIM11;CHODL;SPINT1;BMPR2;DCT;PTPRD;MDK;NTRK2;AMIGO2;MAPRE3;MAG;FOXG1;LRRC24;CRABP2;RYK;LIMK1;STAU2;PARP6;SLITRK4;SLITRK2;ULK1;TMEM98;SYNGAP1;TGM2;KCTD11;LIN28A;ZFYVE27;IGDCC4;SRF;DIP2B;KDM1A;WASF3;CHD7;FZD3;FXR2"
"Positive Regulation of Axonogenesis","GOBP_POSITIVE_REGULATION_OF_AXONOGENESIS",0.560627788557778,1.72995049246122,0.000586976235205795,0.00909813164568982,62,"SEMA5A;CDH4;SEMA7A;ROBO3;CDKL5;NRP1;TIAM2;SKIL;BCL11A;PAK1;PLXNB1;GDI1;FN1;CHODL;BMPR2;NTRK2;CRABP2;LIMK1;ZFYVE27;SRF"
"Pattern Specification Process","GOBP_PATTERN_SPECIFICATION_PROCESS",0.416838087195416,1.50157989911724,0.000591330805502813,0.009125250271702,262,"WNT5A;PRICKLE1;DCHS1;HES1;EGR2;ZBTB16;LRP5;DAAM2;VANGL2;HOXC4;BTG2;FZD5;BICC1;ALX4;NRP1;SMAD6;HEYL;HAND2;SEMA3C;SMO;EFNB1;NKD1;ALDH1A2;TLL2;LDB1;SIM2;GAS8;TTC8;DNAAF2;TBX3;MED12;FGFR1;PBX3;GPR161;PCSK5;PAX8;SMAD1;SUFU;C3;APC2;BMPR2;CELSR2;BCOR;FOXG1;RARG;HHIP;AXIN1;NDRG4;APLNR;ACVR2B;DVL2;NRP2;SYNGAP1;TULP3;RING1;EXT1;DISP1;CTNNBIP1;TSHZ1;SRF;DDIT3;OFD1;MDFI;ACD;FGFR2;SMAD4;PTCH1;AXIN2;CHSY1;MNS1;NR2F2"
"Regulation of Synaptic Plasticity","GOBP_REGULATION_OF_SYNAPTIC_PLASTICITY",0.457296464225226,1.56950573519179,0.000611553680860786,0.00939593221076901,149,"S100B;DBN1;GRID2;CAMK2D;PRKCZ;CPEB3;CALHM2;PRRT1;IQSEC2;PICK1;ACE;CNTN4;IGSF11;TSHZ3;RAB3A;ADCY1;BCL7A;SYNGR1;PRKCG;LZTS1;BRSK1;PDE9A;CDC20;NTRK2;PLK2;DLG4;STAU2;AGER;SLITRK4;SYNGAP1;ELOVL4;PRKAR1B;CNTN2;GRIK2;C22orf39;SRF;CHRNA7;F2R;FXR2;GRID2IP"
"Organic Acid Catabolic Process","GOBP_ORGANIC_ACID_CATABOLIC_PROCESS",-0.352324900277198,-1.5239099829971,0.000615463620861955,0.00941471206934249,184,"LDHA;CROT;QPRT;DECR1;LDHB;GNPDA1;SORD;SLC16A3;DDO;GOT2;DLAT;LPIN1;ALDH8A1;GCSH;HAL;HSD17B4;FAH;HMGCL;ACOT7;ACOX1;ETFB;PCCA;GLS;ACBD5;SLC16A1;MCCC2;ETFA;ACOT4;ECH1;BCAT1;ECHS1;SARDH;HADH;LDHAL6B;DLD;GOT1;GCAT;MCEE;IVD;GPT2;HDC;FTCD;MLYCD;SCP2;NUDT8;DECR2;ABHD3;ABHD2;ETFDH;MFSD2A;DBT;AKR1A1;ABCD3;QDPR;ECI2;XYLB;HIBADH;PHYH;ECHDC1;HSD17B10;GCDH;PCCB;TXN2"
"Regulation of Lipoprotein Particle Clearance","GOBP_REGULATION_OF_LIPOPROTEIN_PARTICLE_CLEARANCE",-0.721740790286968,-2.01814021703776,0.000626662077418211,0.00954433590085215,18,"APOC1;NR1H4;PCSK9;CSK;CNPY2;ANXA2"
"Regulation of Nervous System Process","GOBP_REGULATION_OF_NERVOUS_SYSTEM_PROCESS",0.54142351389351,1.69114966581751,0.000637322947369869,0.00966468521487728,69,"NLGN4X;S100B;RIMS1;NPY2R;EGR2;FGF12;PRKCZ;IGF1;ABAT;MAPK8IP2;TMEM108;RIMS2;AVPR1A;MTMR2;MAG;DLG4;ZMYND8;TMEM98;ELOVL4;PRKAR1B;GRIK2;CHRNA7;WASF3"
"Cellular Response to Toxic Substance","GOBP_CELLULAR_RESPONSE_TO_TOXIC_SUBSTANCE",-0.423756996437592,-1.6631122582419,0.000643710643378938,0.00971947579205353,98,"MT3;ABCB6;DUOX2;NQO1;SOD2;PRDX3;MGST1;PTGES;IPCEF1;PRDX6;CAT;PRDX4;RDH11;PARK7;APOE;PRDX1;TXN;TXNDC17;GSTT1;SRXN1;FIS1;SUCLG1;GSTP1;ADH5;GPX1"
"Establishment or Maintenance of Cell Polarity","GOBP_ESTABLISHMENT_OR_MAINTENANCE_OF_CELL_POLARITY",0.433119928878134,1.52569212198789,0.000649823923742757,0.00976967040717115,193,"WNT5A;PRICKLE1;DCHS2;HES1;UST;PRKCZ;KANK1;VANGL2;PARD3B;IGF1;FSCN1;LLGL2;CENPA;KCNJ8;KIF2C;NUMA1;MRAS;PDLIM1;SFRP5;AMOTL2;DLG5;FBF1;TTC8;PAK1;FEZ1;SKA2;FAM89B;FRMD4A;KIAA1614;AQP1;BRSK1;DLG3;SKA3;SPINT2;DLG4;PTK7;SPAG5;DIAPH3;LMNA;PARVB;CYTH1;KIF26B;CLASP1;MAP7;MYO18A;RRAS"
"Melanosome Assembly","GOBP_MELANOSOME_ASSEMBLY",-0.696225315582945,-1.99279682791876,0.000656615290498736,0.00982958701973108,19,"ABCB6;HPS5;AP1S1;RAB38"
"Regulation of Postsynapse Organization","GOBP_REGULATION_OF_POSTSYNAPSE_ORGANIZATION",0.492661806564313,1.64287179513195,0.000691625462696969,0.0102884156951508,111,"WNT5A;PRICKLE1;DBN1;GRID2;PAK3;CPEB3;CDKL5;CC2D1A;PTPRS;MARK1;TRIM47;NGEF;ARHGAP33;RPS6KA5;ARHGAP44;SYNDIG1;FGFR1;LZTS1;SLC12A5;FYN;KIF1A;ZDHHC15;PTPRD;SEMA4C;MAPRE3;HOMER1;ZMYND8;STAU2;DOCK1;FCGR2B;NRP2"
"Smad Protein Signal Transduction","GOBP_SMAD_PROTEIN_SIGNAL_TRANSDUCTION",0.549281534477623,1.7150199906221,0.000693139053398683,0.0102884156951508,71,"ATOH8;SMAD9;FOS;TTK;MAP1LC3A;AMH;TGFB2;JUN;SMAD6;CITED1;TOB1;FAM89B;SMAD1;BMPR2;CILP;NUP93;TGFB3;GDF7;RBPMS;SMAD4;EID2;SH2B1;GDF6;TWSG1"
"Monosaccharide Metabolic Process","GOBP_MONOSACCHARIDE_METABOLIC_PROCESS",-0.332225159429319,-1.4525171105642,0.000697448252813281,0.0103086971713288,209,"PGK1;LDHA;ALDOC;ENO2;SLC2A1;PDK1;TPI1;BOLA3;ENO1;GAPDH;SORD;MPI;GPI;NUDT5;PFKP;PFKFB4;DLAT;HK2;IGF2;PGAM1;AKR1B1;NR3C1;RORA;FUCA2;ERRFI1;FABP5;GALT;LIPA;ALDOA;PRKAA1;MAN2A1;PDK3;HKDC1;FBN2;PFKFB3;SLC39A14;GALE;PGD;FUCA1;GALM;FBP1;GLB1;B4GALT1;POFUT1;PHKA1;PGM2;GOT1;UXS1;PPP1R3G;PRKAG2;SLC25A13;DGAT2"
"Neural Precursor Cell Proliferation","GOBP_NEURAL_PRECURSOR_CELL_PROLIFERATION",0.495997563694055,1.65765867730336,0.000705649408740213,0.0103860919278024,115,"PTPRZ1;WNT5A;DBN1;ASPM;FOXO1;SOX5;BTG2;IGF1;LIMS2;SMO;TEAD3;CEP120;ARHGEF2;MELK;FGFR1;KIF14;NAP1L1;EML1;PDE9A;SPINT1;DCT;MDK;FOXG1;RYK;HHIP;KCTD11;FLNA;SLC16A2;KDM1A;FZD3"
"Regulation of Mitotic Nuclear Division","GOBP_REGULATION_OF_MITOTIC_NUCLEAR_DIVISION",0.501784984672208,1.66057112720873,0.000712345963034307,0.0104407862280719,103,"BUB1;LRP5;TTK;UBE2C;MKI67;IGF1;BIRC5;BUB1B;PDGFB;INSR;DUSP1;PLK1;DLGAP5;ESPL1;CHEK1;ZWINT;CDC20;SKA3;NFE2L1;PHIP;FBXO5;MAD2L2;CENPF;L3MBTL1;NUSAP1;CUL9;SMPD3;USP44;MAD1L1;INCENP;SH2B1;NEK2;TOM1L2;LCMT1;NDC80;CCNB1"
"Response to Cocaine","GOBP_RESPONSE_TO_COCAINE",0.650289430035381,1.79200868483243,0.000719440105481197,0.0105008278729193,32,"HOMER2;CRHBP;FOSB;ABAT;CCNA2;HDAC5;DNMT3A;FYN;MAPRE3;HOMER1;SLC1A3;TGM2;EHMT2;CHRNB2"
"Negative Regulation of Cell Growth","GOBP_NEGATIVE_REGULATION_OF_CELL_GROWTH",0.477579065426905,1.6090987906537,0.000737102454660179,0.0107139829820523,125,"WNT5A;SEMA5A;OSGIN2;TGFB2;ESR2;NRP1;PTPRS;SEMA6C;ENPP1;BCL11A;ING1;TSPYL2;BRCA1;PRDM11;FOXP1;CDKN2C;BCL2;PAK1;ULK2;VGLL4;CDKN2AIP;TCHP;CDH1;SMARCA2;TP53;BMPR2;MAG;RYK;GSK3A;NPPA;GDF9;ULK1"
"Positive Regulation of Fat Cell Differentiation","GOBP_POSITIVE_REGULATION_OF_FAT_CELL_DIFFERENTIATION",0.57715344990069,1.732247725606,0.000788713487436898,0.0114167906879812,51,"PIM1;ZBTB16;CBX4;LRP5;SAV1;ZFP36;ZBTB7B;CMKLR1;CDS1;LPL;SNAI2;CREBL2;SOX13"
"Gland Morphogenesis","GOBP_GLAND_MORPHOGENESIS",0.506141614507702,1.66846904776155,0.000797456503254457,0.0114958441600838,98,"WNT5A;LRP5;IGF1;TGFB2;LIMS2;NRP1;IGFBP5;SEMA3C;NTN4;BCL2;TBX3;DDR1;FGFR1;SNAI2;TNFAIP3;MDK;ESRP2;RARG;EGFR;CYP7B1;SOX9;TGFB3;TGM2;GDF7;PDGFA;CSF1;CAPN1;FGFR2;CRIP1;ESR1;PTCH1;CEACAM1;DAG1;CEBPB;TWSG1;WNT4;GLI1"
"Positive Regulation of Chromosome Segregation","GOBP_POSITIVE_REGULATION_OF_CHROMOSOME_SEGREGATION",0.671873727486051,1.78853766052373,0.000822100468895521,0.0118025325513976,27,"NCAPG;BIRC5;RCC2;NUMA1;CDK1;SMC6;SKA3;NCAPH;NCAPD2;CDC6;NCAPH2;MAD1L1;NCAPD3;INCENP;CCNB1;NCAPG2;HNRNPU"
"Nadh Dehydrogenase Complex Assembly","GOBP_NADH_DEHYDROGENASE_COMPLEX_ASSEMBLY",-0.635047568775035,-1.96239418167974,0.000845002464748823,0.012070991873792,27,"NDUFS3;TIMMDC1;NDUFAF1;NDUFS8;NDUFS5;NDUFA6;TMEM126A;NDUFC2;NDUFAF2;LYRM2;NDUFA13;NDUFS4;TMEM186;NDUFS1;TMEM70;TMEM126B;NDUFS6"
"Regulation of Nuclear Division","GOBP_REGULATION_OF_NUCLEAR_DIVISION",0.484713811445527,1.62177671734776,0.00084769169310672,0.012070991873792,117,"WNT5A;BUB1;LRP5;TTK;UBE2C;MKI67;IGF1;BIRC5;BUB1B;PDGFB;INSR;DUSP1;PLK1;DLGAP5;ESPL1;CHEK1;ZWINT;CDC20;SKA3;NFE2L1;PHIP;FBXO5;MAD2L2;CENPF;L3MBTL1;NUSAP1;CUL9;SMPD3;USP44;FZR1;MAD1L1;INCENP;SH2B1;NEK2;TOM1L2;LCMT1;NDC80;CCNB1"
"Axis Elongation","GOBP_AXIS_ELONGATION",0.734306227444319,1.82657158916594,0.000861660190707035,0.0122202252957358,19,"WNT5A;VANGL2;NKD1;MED12;PTK7;SOX9;TRIM28;FGFR2;ESR1"
"Dolichol Linked Oligosaccharide Biosynthetic Process","GOBP_DOLICHOL_LINKED_OLIGOSACCHARIDE_BIOSYNTHETIC_PROCESS",-0.678330110092923,-1.95785538432059,0.000877212855459228,0.0123631844559835,20,"ALG3;ALG1;SRD5A3;ALG8;ALG5;NUS1;ALG10;DPAGT1;DPM1;MPDU1;ALG12;ALG6"
"Organelle Fission","GOBP_ORGANELLE_FISSION",0.383883315604906,1.40931684949042,0.000878799009289151,0.0123631844559835,389,"WNT5A;PRICKLE1;ASPM;KIFC1;BUB1;LRP5;CCNB1IP1;KIF11;TTK;UBE2C;MKI67;KIF23;NCAPG;IGF1;DDHD1;CDKN1C;BIRC5;CENPE;BUB1B;CENPA;PDGFB;PRC1;INSR;ANLN;EPS8;DUSP1;KIF2C;NUMA1;KIF15;PLK1;KIF4A;MYBL2;DLGAP5;ING2;UBE2S;KIF18A;SKA2;ESPL1;KIF14;CDK1;RAD54L;CHEK1;ZWINT;CDC20;TOP2A;CEP55;HSPA2;SKA3;MOV10L1;CEP192;PSMC3IP;NFE2L1;MAP9;PHIP;REEP4;RBM46;TDRD12;FBXO5;MAD2L2;AKAP8L;SPAG5;MUS81;MZT1;RAD51B;RAD51D;CENPF;CDC25B;FLNA;EHMT2;L3MBTL1;NCAPH;BRCA2;CDC14A;BAG6;SUN1;OFD1;NUSAP1;CLASP1;CUL9;SMPD3;FANCD2;NCAPD2;KIF22;USP44;PPP1R9B;FZR1;KLHDC3;NCAPH2;PTTG1;MAD1L1;CENPV;MASTL;CHMP4C;NCAPD3;INCENP;SH2B1;SLX4;CEP97;NEK2;TOM1L2;LCMT1;NDC80;CCNB1;SIRT1;EME1;FOXJ2;WNT4;DCTN2"
"Negative Regulation of Growth","GOBP_NEGATIVE_REGULATION_OF_GROWTH",0.44889508761888,1.54928450714826,0.000897096754019935,0.0125701197173273,159,"WNT5A;SEMA5A;OSGIN2;SOCS2;SAV1;TGFB2;ESR2;NRP1;PTPRS;IGFBP5;SEMA6C;ENPP1;BCL11A;ING1;TLL2;TSPYL2;BRCA1;PRDM11;FOXP1;CDKN2C;BCL2;PAK1;ULK2;VGLL4;CDKN2AIP;TCHP;CDH1;SMARCA2;TP53;BMPR2;WWC3;MAG;RYK;GSK3A;NPPA;GDF9;WWC2;ULK1"
"Mesenchymal Cell Migration","GOBP_MESENCHYMAL_CELL_MIGRATION",0.619730329877529,1.78145818989674,0.00090328518130029,0.0126064063350395,40,"SEMA5A;SEMA7A;NRP1;SEMA4A;SEMA6C;HAND2;SEMA3C;SMO;EFNB1;FN1;EDNRB;PHACTR4;SEMA3A;SEMA4C;SEMA3B;NRP2"
"Cardiocyte Differentiation","GOBP_CARDIOCYTE_DIFFERENTIATION",0.480220634651884,1.60549248530124,0.000913558610600285,0.0126788983702287,116,"MYH11;SIK1;PRICKLE1;HES1;IGF1;TGFB2;HAND2;SEMA3C;NRG1;KCNJ8;GREB1L;MYOCD;VCAM1;FOXP1;PAK1;TBX3;JAG1;SOX6;CDK1;GSK3A;SGCD;NPPA;EGFR;LMNA;SRF;GATA6"
"Nephron Development","GOBP_NEPHRON_DEVELOPMENT",0.479348235020017,1.59769537125518,0.000915718323627709,0.0126788983702287,113,"NPNT;DCHS1;COL4A3;COL4A4;DCHS2;HES1;CD24;VANGL2;PDGFB;HEYL;HS3ST3A1;SMO;CITED1;GREB1L;ITGA3;BCL2;JAG1;GZF1;EGR1;AQP1;PDGFD;PAX8;EDNRB;KLHL3;SOX9;NOTCH3;EXT1;CTNNBIP1;ASXL1;PDGFA;KIRREL3;KIF26B;SMAD4;PTCH1;PROM1;PKD1;WT1;AGT;WNT4;LAMB2"
"Phospholipase c Activating g Protein Coupled Receptor Signaling Pathway","GOBP_PHOSPHOLIPASE_C_ACTIVATING_G_PROTEIN_COUPLED_RECEPTOR_SIGNALING_PATHWAY",0.515835402304094,1.64542662857529,0.000941920147063098,0.0129903396659922,82,"FSHR;WNT5A;CASR;DGKA;ADRA2A;INPP5A;GPR157;SELE;DGKQ;PRKCG;MC1R;OPRL1;PLCB4;CMKLR1;EDNRB;DGKZ;PRKD2;TACR2;HOMER1;PLCB3;TGM2;F2R;HCRTR1;ESR1;CX3CR1;C3AR1;AGT;DGKD;PRKD1;GNA11;BICD1;GPR143;FPR3;P2RY2;DGKE"
"Regulation of Vasculature Development","GOBP_REGULATION_OF_VASCULATURE_DEVELOPMENT",0.418132512993756,1.49175136372466,0.000984052340814807,0.0135181778426442,223,"WNT5A;SEMA5A;COL4A3;ID1;JUP;ADAM12;AKT3;PTGIS;VASH2;TGFB2;NRP1;SEMA4A;ERBB2;PTPRM;DAB2IP;BRCA1;F3;HMOX1;RHOB;IL10;HPSE;AQP1;FGF18;TNFSF12;SMAD1;FYN;THBS1;ISM1;C3;KLF4;PRKD2;TNFAIP3;MDK;PLK2;SASH1;APLNR;TLR3;TSPAN12;EPN1;JAK1;TGM2;GPNMB;GATA6;CHRNA7;STIM1;C6;FOXO4;ZNF304;RRAS;ALOX5;CX3CR1;AMOT;SEMA6A;CEACAM1;TJP1;GAB1;RELA;C3AR1;SIRT1;FOXJ2;EFNA1;ECM1;WNT4;PLCG1;ROCK2;FKBPL;HMGA2;KLF2;PRKD1"
"Positive Regulation of Neurogenesis","GOBP_POSITIVE_REGULATION_OF_NEUROGENESIS",0.449196520481304,1.55632202254423,0.000999675411704374,0.0136791522156266,162,"PTPRZ1;SEMA5A;CDH4;DBN1;ASPM;HES1;EGR2;SEMA7A;ROBO3;CDKL5;NRP1;TIAM2;SKIL;BCL11A;SMO;FZD4;PAK1;PLXNB1;GDI1;FN1;NAP1L1;CHODL;SPINT1;BMPR2;DCT;PTPRD;MDK;NTRK2;MAPRE3;MAG;FOXG1;CRABP2;LIMK1;STAU2;PARP6;TGM2;ZFYVE27;SRF;KDM1A;FZD3;FXR2"
"Muscle Organ Development","GOBP_MUSCLE_ORGAN_DEVELOPMENT",0.419361507973467,1.49843564123043,0.0010237093431817,0.013953516845002,233,"ID3;S100B;EGR2;ZFPM2;NR4A1;FOS;VANGL2;BTG2;IGF1;TGFB2;DPF3;ALX4;HEYL;NRG1;COL11A1;EGR3;SKIL;SMO;DSP;ATF3;MYOCD;SFMBT1;TLL2;CTF1;SMTN;BCL2;EGR1;SOX6;TNNI3;CAPN3;TCF12;ASS1;COL6A1;CHODL;FOXP2;HBEGF;HOMER1;FOXL2;SGCD;ZBTB42;PRR14;MEF2D;LMNA;HLF;CENPF;DISP1;ARRDC2;SOX15;UBE4B;POU6F1;CHKB;CHD7;DES;FGFR2;FHL3;SMAD4;FOXO4;TEAD4;GPCPD1;EID2;AKIRIN1;EFEMP2;NR2F2;BCL9;USP19;DAG1;WT1;SIRT1;ERBB3;LAMA2;TAGLN;GPC1;SCN11A;UNC45A;HMG20B;XK;PKP2;HEY2;RBM24;SMAD7;ZFHX3;ZNF609;SVIL;LUC7L"
"Positive Regulation of Phosphatidylinositol 3 Kinase Protein Kinase b Signal Transduction","GOBP_POSITIVE_REGULATION_OF_PHOSPHATIDYLINOSITOL_3_KINASE_PROTEIN_KINASE_B_SIGNAL_TRANSDUCTION",0.446815957862719,1.54210874691293,0.00103191914019833,0.0140109021244758,159,"FSHR;WNT5A;SEMA5A;NDP;TNFSF11;IRS1;IGF1;TGFB2;ADRA2A;PDGFB;IGFBP5;MERTK;INSR;C1QTNF1;PIK3CA;PLXNB1;DDR1;FGFR1;FN1;HPSE;PDGFD;FYN;THBS1;AXL;HBEGF;AMBRA1;NTRK2;RYK;EGFR;TCF7L2;GAS6;FERMT2;LIN28A;TYRO3;PDGFA;F2R;IL18;PDGFC;CX3CR1;SELP;DAG1;GAB1;HIP1;EFNA5;SIRT1;ERBB3;AGT;PRKD1;RGL2;PRR5;DDR2;KDR"
"Lysosomal Lumen Acidification","GOBP_LYSOSOMAL_LUMEN_ACIDIFICATION",-0.658903228345671,-1.95812696976629,0.00104563442027516,0.0141423064641849,23,"CREG1;PPT1;CLN5;ATP6AP1;TCIRG1;TMEM9;ATP6AP2;ATP6V1H;CLN3;RNASEK;LAMP2"
"Actin Filament Based Movement","GOBP_ACTIN_FILAMENT_BASED_MOVEMENT",0.496147311501713,1.64191421722231,0.00106035666121156,0.0142627927715197,103,"LIMCH1;JUP;CAMK2D;FGF12;SYNE2;ANK2;KCNJ8;DSP;GJA5;KCNQ1;CACNB2;PIK3CA;SCN5A;GJC1;MYO1C;TNNI3;SCN9A;EPDR1;SGCD;AKAP9;MYO5C;MYO1D;KCNJ5;FLNA;CACNA1G;CTNNA3;SCN3B;CACNA1C;SCN4A"
"Osteoblast Differentiation","GOBP_OSTEOBLAST_DIFFERENTIATION",0.438691219407309,1.5289340385825,0.00106268595871158,0.0142627927715197,176,"ID3;SMAD9;NPNT;ID1;CRIM1;LRRC17;SEMA7A;LRP5;IGFBP3;BMP3;IGF1;JUNB;MRC2;IGFBP5;SMAD6;HAND2;SMO;CITED1;TOB1;VCAN;DHH;CEBPD;JAG1;LRP3;SMAD1;SUFU;COL6A1;SNAI2;CDK6;FOSL2;IGFBP2;BMPR2;TPM4;FBXO5;GABBR1;SOX9;ACVR2B;CTNNBIP1;FERMT2;DLX5;SCUBE3;LIMD1;RBMX;WWOX;FGFR2;SMAD4;PTCH1;AXIN2;AKT1"
"Triglyceride Metabolic Process","GOBP_TRIGLYCERIDE_METABOLIC_PROCESS",-0.438470480690856,-1.66609908485606,0.00109620571436127,0.0146565214404867,79,"PNPLA3;APOC1;PCSK9;GK5;SCARB1;LPIN1;CAT;ABHD5;DDHD2;TMX1;APOE;PTPN11;FBXW7;ACSL1;LIPA;GK;FITM2;INSIG2;TBL1XR1;LPGAT1;GPAM"
"Actin Mediated Cell Contraction","GOBP_ACTIN_MEDIATED_CELL_CONTRACTION",0.514784757581135,1.64349980182751,0.00110313309146929,0.0146930616707868,83,"LIMCH1;JUP;CAMK2D;FGF12;ANK2;KCNJ8;DSP;GJA5;KCNQ1;CACNB2;PIK3CA;SCN5A;GJC1;TNNI3;SCN9A;EPDR1;SGCD;AKAP9;KCNJ5;FLNA;CACNA1G;CTNNA3;SCN3B;CACNA1C;SCN4A"
"Chromosome Separation","GOBP_CHROMOSOME_SEPARATION",0.525614241751271,1.65779478143528,0.00111565288695885,0.0147812404348154,77,"BUB1;TTK;UBE2C;NCAPG;BIRC5;BUB1B;DUSP1;NUMA1;PLK1;DLGAP5;ESPL1;ZWINT;CDC20;SKA3;FBXO5;MAD2L2;CENPF;NCAPH;NCAPD2;USP44;NCAPH2;MAD1L1;NCAPD3;INCENP;LCMT1;NDC80;CCNB1;DYNLRB1;NCAPG2;IK;CHFR;RB1"
"Regulation of Neural Precursor Cell Proliferation","GOBP_REGULATION_OF_NEURAL_PRECURSOR_CELL_PROLIFERATION",0.557738909029216,1.71074375644557,0.00111819261068401,0.0147812404348154,60,"PTPRZ1;WNT5A;ASPM;FOXO1;BTG2;IGF1;LIMS2;SMO;NAP1L1;PDE9A;SPINT1;DCT;MDK;FOXG1;RYK;KCTD11;FLNA;SLC16A2;KDM1A;FZD3"
"Cotranslational Protein Targeting to Membrane","GOBP_COTRANSLATIONAL_PROTEIN_TARGETING_TO_MEMBRANE",-0.643996621135599,-1.94987967077511,0.00112654901470353,0.0148357187913776,24,"SRPRB;SIL1;TRAM2;SSR1;SEC61B;SSR3;SEC61A1;SEC61G;SRP72;SRP68;SRP19;SRP9;TRAM1;SEC63;SSR2;SEC62;SRP14;SRP54"
"Artery Morphogenesis","GOBP_ARTERY_MORPHOGENESIS",0.572485264247415,1.72069478474295,0.0011489775835823,0.0150744137651266,52,"SOX4;HES1;AKT3;TGFB2;NRP1;HAND2;GJA5;HPGD;MYOCD;JAG1;PRDM1;BMPR2;MDK;NOTCH3;SRF;CHD7;ARID2;APOB;EFEMP2"
"Protein Import into Mitochondrial Matrix","GOBP_PROTEIN_IMPORT_INTO_MITOCHONDRIAL_MATRIX",-0.68065694734975,-1.94823568637939,0.00115729050011106,0.0151268232160039,19,"SAMM50;GRPEL1;TOMM40;ROMO1;TIMM17A;HSPA4;TIMM23;HSP90AA1"
"Cell Cycle G2 m Phase Transition","GOBP_CELL_CYCLE_G2_M_PHASE_TRANSITION",0.460319593773744,1.56498286352902,0.0012063842822837,0.0157099038692929,135,"BIRC5;CCNA2;RCC2;IER3;PLK1;BRCA1;CDK14;FOXM1;MBTPS1;CDK2;MELK;KIF14;CDK1;BRSK1;CHEK1;CDK6;PKIA;TP53;HSPA2;ORC1;PPM1D;FBXO5;PLK3;AKAP8L;CDK5RAP3;RAD51B;CENPF;CDC25B;DTL;DBF4B;FZR1;FOXO4;CDC6;BARD1;MASTL;HUS1B;CHMP4C;RBBP8;NEK2;LCMT1;NDC80;CCNB1;UIMC1;FOXN3;CDC7;TRIM39;SIN3A;BLM;CHFR;ATF5;CLSPN;CTC1;RNASEH2B;RAD21;ZFYVE19;USP22;CCNB2;STOX1;STK35;MARK3;PBX1;SYF2;AURKA;CDC25A;BABAM1"
"Ameboidal Type Cell Migration","GOBP_AMEBOIDAL_TYPE_CELL_MIGRATION",0.427238453059174,1.49866612441994,0.00123868294684195,0.016023426700765,188,"WNT5A;SEMA5A;SEMA7A;LRP5;AKAP12;DAAM2;KANK1;FAT2;TGFB2;JUN;NRP1;SEMA4A;KANK2;SEMA6C;HAND2;SEMA3C;SMO;ANLN;DAB2IP;RCC2;EFNB1;PDLIM1;SRGAP2;AMOTL2;PAK1;FN1;THBS1;EDNRB;PHACTR4;SEMA3A;HBEGF;BMPR2;SEMA4C;TESK1;SEMA3B;SASH1;DOCK1;SOX9;ACVR2B;NRP2"
"Atrial Septum Development","GOBP_ATRIAL_SEPTUM_DEVELOPMENT",0.744890920028084,1.78028837423709,0.00125333112075639,0.016023426700765,16,"SOX4;WNT5A;TGFB2;ANK2;SMO;GJA5"
"Regulation of Hair Cycle","GOBP_REGULATION_OF_HAIR_CYCLE",0.744818125466908,1.78011439532624,0.00125333112075639,0.016023426700765,16,"WNT5A;CDH3;TGFB2;SMO;NUMA1;HPSE"
"Regulation of Lysosomal Lumen Ph","GOBP_REGULATION_OF_LYSOSOMAL_LUMEN_PH",-0.608800407309081,-1.91560157402905,0.0012461797839381,0.016023426700765,30,"CREG1;TMEM165;PPT1;CLN5;ATP6AP1;TCIRG1;TMEM9;ATP6AP2;ATP6V1H;CLN3;RNASEK;SLC7A11;LAMP2"
"Regulation of Oxidative Phosphorylation","GOBP_REGULATION_OF_OXIDATIVE_PHOSPHORYLATION",-0.711774282296972,-1.97043490045229,0.00124218899389432,0.016023426700765,17,"AK4;MLXIPL;PPIF;RHOA;SLC25A33"
"Behavior","GOBP_BEHAVIOR",0.377195693807194,1.3933729695493,0.00127307951614349,0.0161413394200153,435,"NLGN4X;HOMER2;FSHR;PTPRZ1;SOBP;NDP;S100B;NPY2R;CASR;EGR2;NR4A3;FGF12;DACH1;CPEB3;CLSTN2;CNTN1;FOS;CRHBP;GATM;FOSB;PRRT1;BTG2;ABAT;SYT11;CCND2;C1QTNF4;PCDH17;HAND2;MAPK8IP2;INSR;EPS8;KCNQ1;AVPR1A;GPR157;NPTX2;ITGA3;ASTN1;ADCY1;FZD4;BCL2;BCL7A;TMOD2;CRTC1;EGR1;SPTBN2;PRKCG;PBX3;MC1R;SLC12A5;CAPS2;BRSK1;SCN9A;CHL1;SPECC1;COL6A1;TMOD1;FYN;SGK1;THBS1;LONRF2;CPT1A;EDNRB;CHST10;FOXP2;TP53;NR4A2;MDK;NTRK2;ADCY3;TACR2;PLK2;MAPRE3;DLG4;HOMER1;AGER;EGFR;NDRG4;ARRDC3;SLC1A3;AFF2;MAN2B1;SLITRK4;SYNGAP1;GNAO1;EXT1;PRKAR1B;ATXN3;CNTN2;KCND2;GRIK2;TUBA1A;CTNS;EHMT2;SRF;CHRNA7;KIRREL3;CHD7;CHRNB2;HCRTR1;PPP1R9B;SNCG"
"Low Density Lipoprotein Particle Clearance","GOBP_LOW_DENSITY_LIPOPROTEIN_PARTICLE_CLEARANCE",-0.624695700008395,-1.91969891536811,0.00127637768179967,0.0161413394200153,25,"NR1H4;PCSK9;SCARB1;CSK;CNPY2;NCEH1;ANXA2;LIPA"
"Nucleotide Sugar Biosynthetic Process","GOBP_NUCLEOTIDE_SUGAR_BIOSYNTHETIC_PROCESS",-0.623926180178586,-1.9173341698086,0.00127637768179967,0.0161413394200153,25,"GNPDA1;MPI;GMDS;GMPPB;NANP;GFPT1;CMAS;UXS1;PGM3;PMM2"
"Uterus Development","GOBP_UTERUS_DEVELOPMENT",0.711492431925463,1.79884608150781,0.00129327151279997,0.0162961514724399,20,"FSHR;WNT5A;ANTXR2;TGFB2;CDKN1C;GREB1L;MYOCD;COL6A1;FOXL2;SMAD4;ESR1"
"Aldehyde Metabolic Process","GOBP_ALDEHYDE_METABOLIC_PROCESS",-0.48960222773378,-1.74508570073634,0.00134817701292455,0.016853006562819,57,"IDH1;TPI1;MGAT4A;RDH11;PARK7;ALDH8A1;ALDH1B1;TKT;GRHPR;PDXK;GLO1;ALDH1A3;ALDH3A2;RPE;AKR1C1;ADH5;RPIA;HAGH;AKR1A1;BMP2;TALDO1;CLCN2;AKR7A2;ALPL"
"Proteoglycan Metabolic Process","GOBP_PROTEOGLYCAN_METABOLIC_PROCESS",0.506229753971436,1.62942077410788,0.00135189690098548,0.016853006562819,90,"B3GNT7;CHST7;UST;CSGALNACT1;CHST1;VANGL2;IGF1;ADAMTS12;COL11A1;HS3ST3A1;ADAMTS4;IDS;HPSE;CHST14;ST3GAL3;EDNRB;CHST10;B3GNT4;BMPR2;CHST12;HS6ST1;HS3ST1;TCF7L2;EXT1"
"Regulation of Cellular Component Size","GOBP_REGULATION_OF_CELLULAR_COMPONENT_SIZE",0.401181785858382,1.44469756224478,0.00134565565027183,0.016853006562819,271,"FSHR;IQGAP3;WNT5A;SEMA5A;CDH4;PLEKHH2;ARHGAP28;AKT3;SEMA7A;PAK3;DAAM2;KANK1;CDKL5;HIP1R;NRP1;FCHSD1;KANK2;PLEKHG2;PTPRS;SEMA6C;SSH3;BCL11A;EPS8;TTL;PIK3CA;SLC12A4;PAK1;TMOD2;ULK2;WNK3;SPTBN2;GDI1;WDTC1;FN1;AQP1;KCNK6;SLC12A5;CDH1;COL6A1;TMOD1;SEMA3A;BMPR2;CDC42EP1;MAG;RARG;CRABP2;RYK;GBA2;LIMK1"
"Diencephalon Development","GOBP_DIENCEPHALON_DEVELOPMENT",0.610269714886255,1.72887143517901,0.0013681977885266,0.0169957335220166,38,"WNT5A;SEMA5A;HES1;NDNF;NRP1;SMO;ALDH1A2;CDH1;NR4A2;INHBB;KCNC1;NRP2"
"Regulation of Non Canonical Wnt Signaling Pathway","GOBP_REGULATION_OF_NON_CANONICAL_WNT_SIGNALING_PATHWAY",0.708874575564248,1.79222742971895,0.00137452345283982,0.0170139775805579,20,"WNT5A;SFRP4;DAAM2;ZNRF3;NKD1;SFRP5;DACT1;CSNK1E"
"Negative Regulation of Gene Expression Epigenetic","GOBP_NEGATIVE_REGULATION_OF_GENE_EXPRESSION_EPIGENETIC",0.439275947494078,1.52761263210832,0.00141663860825474,0.0174333243394721,170,"ERI2;PHC1;CBX4;CENPA;PHF2;CREBZF;KDM5A;MIS18BP1;PHF8;PHF1;BRCA1;ING2;CBX2;HDAC5;DNMT3A;CDK2;CHEK1;SETDB1;ZNF512;SMARCA2;PHF19;MOV10L1;MIS18A;PPM1D;BCOR;TDRD12;ATRX;LMNA;RING1;CIZ1;EHMT2;ZNF512B;TRIM28;L3MBTL1;RBM15B;CBX6;TDRD3;CBX7;CBX8;ZNF304;BCORL1;CENPV;WT1;L3MBTL2;SIRT1;CTCF;KDM2B;HMGA2;TNRC18;SPIN1;SIN3A;MAX;DNMT1;HNRNPU;RB1;HDAC8;BAHD1;TPR;IFI16;UBR5;BEND3;EHMT1;MBD2;CDKN2B-AS1;EED;KAT8;HELLS"
"Positive Regulation of Mirna Metabolic Process","GOBP_POSITIVE_REGULATION_OF_MIRNA_METABOLIC_PROCESS",0.565792256169353,1.69814864501545,0.00141835496338839,0.0174333243394721,51,"ATOH8;FOS;TGFB2;JUN;PDGFB;SMAD6;MYOCD;DNM3OS;MYB;EGR1;IL10;SMAD1;KLF4;TP53;TEAD1;EGFR;POU2F1;NOTCH3;SRF;SMAD4;RELA;WT1;AGT"
"Regulation of Extent of Cell Growth","GOBP_REGULATION_OF_EXTENT_OF_CELL_GROWTH",0.522575635936437,1.64463563577117,0.00143085975322046,0.0174644659077744,76,"WNT5A;SEMA5A;CDH4;SEMA7A;CDKL5;NRP1;PTPRS;SEMA6C;BCL11A;TTL;PAK1;ULK2;GDI1;FN1;CDH1;SEMA3A;BMPR2;MAG;CRABP2;RYK;LIMK1;ULK1;ZFYVE27;SRF;DIP2B"
"Ventricular Septum Morphogenesis","GOBP_VENTRICULAR_SEPTUM_MORPHOGENESIS",0.62866840842318,1.74207294247328,0.00142813393087905,0.0174644659077744,33,"SOX4;HES1;ZFPM2;SAV1;VANGL2;TGFB2;HEYL;GJA5;TBX3;BMPR2;APLNR;FGFR2;SMAD4"
"Organic Anion Transport","GOBP_ORGANIC_ANION_TRANSPORT",-0.295433170871464,-1.35929285089319,0.00146412300178601,0.017808412761307,288,"CROT;SLC2A1;UCP2;PLIN2;NR1H4;SLC2A6;FABP3;SLC7A5;SLC6A8;SLC16A3;GOT2;TRPC4;SFXN1;MGST1;PTGES;CYB5R4;PLEKHA8P1;SLC16A7;KCNK1;PDPN;SLC17A5;SLC15A4;APOE;SLC1A2;FABP5;SLC46A1;LRRC8D;SLC38A5;SLC4A4;ACSL1;ACSL3;EPM2A;SLC25A18;SLC25A1;PANX1;SLC39A6;NMB;SLC33A1;SLC26A6;SLC39A14;SLC7A6;PSAP;SLC43A3;RGS2;SLC1A5;SLC16A1;SLCO4C1;ACSL4;FIS1;SLC35D1;SLC2A8;LRRC8B;SLC25A16;RAB3GAP1;SLC38A6;SLC12A2;LYN;PSEN1;AKR1C1;SLC25A20"
"Lung Alveolus Development","GOBP_LUNG_ALVEOLUS_DEVELOPMENT",0.594180136878901,1.73585720433737,0.0014970157523786,0.0181454885141254,43,"HOPX;IGF1;IGFBP5;MYOCD;LTBP3;NKIRAS2;COL6A1;ABCA12;FOSL2;FOXP2;BMPR2;HS6ST1;CLDN18;TGFB3;ASXL1;PDGFA;GATA6;SMPD3;FGFR2"
"Regulation of Axonogenesis","GOBP_REGULATION_OF_AXONOGENESIS",0.484993012592517,1.61514057856648,0.00151938905198787,0.0183531718934949,109,"WNT5A;SEMA5A;CDH4;UST;SEMA7A;PAK3;ROBO3;CDKL5;NRP1;PTPRS;TIAM2;SEMA6C;SKIL;BCL11A;KIF13B;PAK1;ULK2;PLXNB1;GDI1;FN1;BRSK1;CDH1;CHODL;BMPR2;NTRK2;MAG;CRABP2;RYK;LIMK1;ULK1;SYNGAP1;CNTN2;ZFYVE27;SRF;DIP2B"
"Ribosome Assembly","GOBP_RIBOSOME_ASSEMBLY",-0.480590066300734,-1.70765125083628,0.00154404440835215,0.0185868988400604,56,"RPF2;C1QBP;NIP7;NPM1;RRP7A;RPL38;MRTO4;NDUFAB1;RPS28;NSUN4;RPL5;RPSA;RPS6;MTG1;MRPS2;PRKDC;RPS14;EIF5B;RPS19;RPL11;XRCC5;FASTKD2;RPS27L;TUFM"
"Intracellular Sterol Transport","GOBP_INTRACELLULAR_STEROL_TRANSPORT",-0.574287195379073,-1.80216582026497,0.00158975656244635,0.019071634377567,29,"PCSK9;STAR;ANXA2;STARD4;ABCA1;ARL8B;OSBP;NUS1;TMEM97"
"Regulation of Axon Extension","GOBP_REGULATION_OF_AXON_EXTENSION",0.539754439101661,1.6704345773457,0.00160697504815528,0.0192124013436449,64,"WNT5A;SEMA5A;CDH4;SEMA7A;CDKL5;NRP1;PTPRS;SEMA6C;BCL11A;TTL;PAK1;GDI1;FN1;CDH1;SEMA3A;BMPR2;MAG;RYK;LIMK1;ZFYVE27;SRF;DIP2B"
"Regulation of Heart Rate by Cardiac Conduction","GOBP_REGULATION_OF_HEART_RATE_BY_CARDIAC_CONDUCTION",0.645134998521897,1.7636892070389,0.00161978509640643,0.0192996843289515,30,"JUP;CAMK2D;ANK2;ACE;DSP;GJA5;KCNQ1;CACNB2;SCN5A;AKAP9;KCNJ5;CACNA1G;CTNNA3;SCN3B;CACNA1C"
"Mesenchymal Cell Proliferation","GOBP_MESENCHYMAL_CELL_PROLIFERATION",0.644603536349189,1.76223627997697,0.00164570110946419,0.0195420033439087,30,"WNT5A;DCHS1;DCHS2;LRP5;HAND2;SMO;FGFR1;FOXP2;SOX9;LMNA;CTNNBIP1;PDGFA;FGFR2"
"Telomerase Rna Localization","GOBP_TELOMERASE_RNA_LOCALIZATION",-0.666994384877877,-1.90912950832783,0.001781921800706,0.0210170776696064,19,"DKC1;RUVBL1;SHQ1;CCT5;NHP2;CCT8;CCT3;CCT7;NOP10;RUVBL2"
"Tissue Remodeling","GOBP_TISSUE_REMODELING",0.462130601343505,1.5708005704922,0.00178081037891169,0.0210170776696064,131,"FSHR;NDP;TNFSF11;LRP5;IGF1;TGFB2;IGFBP5;HAND2;SEMA3C;ACE;GJA5;JAG1;LTBP3;CSPG4;NPR3;COL6A1;AXL;FOSL2;BMPR2;TNFAIP3;MDK;MMP14;ACP5;AGER;ACVR2B;CLDN18;EXT1;GPNMB;F2R;CHD7;IL18;YPEL4;CAPN1"
"Regulation of Mirna Metabolic Process","GOBP_REGULATION_OF_MIRNA_METABOLIC_PROCESS",0.526562547245437,1.64790586988324,0.0017888777381597,0.0210283178415216,73,"ATOH8;FOS;TGFB2;JUN;PDGFB;SMAD6;MYOCD;DNM3OS;MYB;EGR1;IL10;SMAD1;KLF4;TP53;TEAD1;EGFR;SOX9;POU2F1;NOTCH3;ZNF512B;SRF;SMAD4;ESR1;RELA;WT1;AGT"
"Regulation of Actin Filament Based Process","GOBP_REGULATION_OF_ACTIN_FILAMENT_BASED_PROCESS",0.400194473964223,1.45141877838191,0.00190853411983047,0.0223598495711242,308,"SEMA5A;PLEKHH2;LIMCH1;JUP;ARHGAP28;CAMK2D;PAK3;ARHGEF10L;DAAM2;KANK1;VANGL2;FSCN1;HIP1R;TGFB2;ARHGAP6;PICK1;NRP1;FCHSD1;KANK2;PLEKHG2;ANK2;SSH3;EPS8;BCAS3;DSP;GPM6B;GJA5;CGNL1;PIK3CA;SORBS3;SCN5A;PIK3R1;NGEF;TTC8;PAK1;TMOD2;ARHGAP44;SPTBN2;WASH3P;ACTG1;INPP5K;TMOD1;ARHGEF18;CNN2;TESK1;CDC42EP1;GBA2;LIMK1;STAU2;CD47;DVL2;AKAP9;TGFB3;CIT;TMSB4X;ASAP3;FERMT2;AVIL;FLNA;PDGFA;DVL3;ARHGEF19;WASF3;NCK2;CLASP1;SMAD4;CTNNA3;AMOT;CACNA1C;TJP1;CELSR1;RHOBTB1;SYNPO2L;VILL;EFNA5;BAIAP2L1"
"Autonomic Nervous System Development","GOBP_AUTONOMIC_NERVOUS_SYSTEM_DEVELOPMENT",0.696512742891231,1.78685896219322,0.00193027881047493,0.0225392222436456,22,"SOX4;HES1;EGR2;NRP1;HAND2;VCAM1;FN1;EDNRB;PHACTR4;SEMA3A;NRP2;FZD3"
"Regulation of Mitotic Cell Cycle","GOBP_REGULATION_OF_MITOTIC_CELL_CYCLE",0.372969939901393,1.37969236776588,0.00194625459494808,0.0226502652694455,447,"SIK1;HES1;BUB1;PIM1;LRP5;TTK;UBE2C;MKI67;IGF1;DPF3;CDKN1C;BIRC5;CENPE;BUB1B;PDGFB;KANK2;CCND2;INSR;ANLN;DUSP1;RCC2;SMARCC2;IER3;TTL;STK33;PLK1;DLGAP5;BRCA1;CDKN2C;DACT1;BCL2;ZFP36L2;BCL7A;FOXM1;MBTPS1;CDK2;IL10;FGFR1;ESPL1;KIF14;CDK1;BRSK1;CHEK1;ZWINT;DPF2;CDC20;SMARCA2;PKIA;KLF4;TP53;DGKZ;HSPA2;SKA3;AMBRA1;ORC1;NFE2L1;MDC1;CDK9;FOXG1;TMEM8B;PHIP;RBM46;FBXO5;CTDSP2;PLK3;EGFR;MAD2L2;CDK5RAP3;MUS81;AATF;RAD51B;BRD7;HECW2;CENPF;ERCC2;CDC25B;L3MBTL1;PKN2;GPNMB;BRCA2;CDC14A;FZD3;NUSAP1;CUL9;KLHL18;SMPD3;FANCD2;ARID2;DTL;USP44;PPP1R9B;DBF4B;FZR1;FOXO4;RFWD3;CDC6;BARD1;PTCH1;ANGEL2;MAD1L1;MASTL;E2F7;HUS1B;AKT1;CHMP4C;ANAPC2;RBBP8;ARID1B;INCENP;SH2B1;NEK2;FBXO31;MEPCE;ARID1A;PKD1;TOM1L2;LCMT1;E2F1;NDC80;CCNB1;UIMC1;SIRT1;FOXN3;EME1;XPC;CDC7;TRIM39"
"Modified Amino Acid Metabolic Process","GOBP_MODIFIED_AMINO_ACID_METABOLIC_PROCESS",-0.363400022908225,-1.51654909441664,0.0019629522559594,0.0227689462007476,145,"CROT;IDH1;DUOXA2;PLOD1;OSBPL10;SLC6A8;DUOX2;GOT2;P4HB;SOD2;ETHE1;PCYOX1;PARK7;MTHFD1L;LPCAT3;SLC1A2;PCYOX1L;SLC46A1;GGH;GCLM;GSTT2;TG;GSTT1;MTHFD1;GLO1;SLC25A16;GSTP1;ABHD12B;SARDH;BHMT2;GCNT4;GPX1;ATIC;FTCD;PLOD2;TMLHE;MTHFD2;GAMT;CKMT2;VNN2;HAGH;ARL6IP5;VNN1;POR;CRYAB;PLOD3;ABHD16B;MTHFD2L;SOD1;SHMT2;ABCC2"
"Regulation of Cellular Response to Growth Factor Stimulus","GOBP_REGULATION_OF_CELLULAR_RESPONSE_TO_GROWTH_FACTOR_STIMULUS",0.408358731220008,1.46198703138676,0.00197782346099241,0.0228642516357046,243,"WNT5A;VWC2;NPNT;SFRP4;CDH3;HES1;TNXB;HTRA1;CRIM1;CDKN1C;ADAMTS12;NRP1;SMAD6;SKIL;PPP2R5B;TMEM108;DAB2IP;CITED1;NUMA1;TGFB1I1;ING1;MYOCD;TOB1;LTBP4;ING2;FSTL3;ITGA3;GRB10;FZD4;FAM89B;SAP30L;NEO1;FGF18;THBS1;PEG10;ZNF423;PRKD2;CADM4;HHIP;AXIN1;CILP;GPR155;UBE2O;LTBP1;PTP4A3;FSTL1;SCUBE3;OFD1;MMRN2;SMAD4;SPRY4;EID2;NR2F2;BCL9;SEMA6A;TRIM33;SIRT1;TWSG1;SHISA2;AGT;WNT4;SPRED3;SMURF2;GPC1;KDR;GREM1;ADAMTS3;SULF2;FAM20C;SFRP1;SIN3A;TET1;SMAD7"
"Regulation of Postsynaptic Membrane Potential","GOBP_REGULATION_OF_POSTSYNAPTIC_MEMBRANE_POTENTIAL",0.519273526395963,1.63005140522484,0.00198422280823699,0.0228642516357046,74,"NLGN4X;RIMS1;NPY2R;GRID2;GABRB1;PRKCZ;GRIK1;ABAT;MAPK8IP2;TMEM108;RIMS2;MTMR2;DLG4;GSK3A;ZMYND8;GABBR1;SYT1;ELOVL4;PRKAR1B;KCND2;GRIK2;SLC29A1;CHRNA7;CHRNB2;CHRNA10"
"Positive Regulation of Chromosome Separation","GOBP_POSITIVE_REGULATION_OF_CHROMOSOME_SEPARATION",0.630267176140501,1.70699698958287,0.00199948320236857,0.0229645562554004,29,"UBE2C;NCAPG;BIRC5;NUMA1;PLK1;DLGAP5;ESPL1;CDC20;SKA3;NCAPH;NCAPD2;NCAPH2;MAD1L1;NCAPD3;INCENP"
"Alcohol Catabolic Process","GOBP_ALCOHOL_CATABOLIC_PROCESS",-0.653010305975041,-1.88477516263421,0.00201696909948446,0.0230896822074969,20,"GK5;TPI1;SORD;SCARB1;APOE;ALDH1B1;ACSS2;SRD5A3;GK"
"Mitochondrial Membrane Organization","GOBP_MITOCHONDRIAL_MEMBRANE_ORGANIZATION",-0.404022149582812,-1.5885176031055,0.00203193795818958,0.0231852725326974,97,"BNIP3;SAMM50;APOO;HK2;NOL3;RHOT1;TOMM5;PPIF;TOMM40;APOOL;IMMT;TIMM8B;AGK;CHCHD10;TOMM6;TIMM10;GHITM;MTX3;CASP6;ROMO1;TIMM13;TMEM126A;MTCH2;TIMM8A;VDAC2;GSK3B;SLC25A4;AFG3L2;STAT3;TIMM22;NME3;HSPA9;SLC25A46"
"Mitotic Cell Cycle Phase Transition","GOBP_MITOTIC_CELL_CYCLE_PHASE_TRANSITION",0.375092323709171,1.37718580831406,0.00208300586336113,0.0236908101927079,393,"IQGAP3;BUB1;TTK;UBE2C;DPF3;CDKN1C;BIRC5;CENPE;BUB1B;KANK2;CCND2;CCNA2;ANLN;EPS8;DUSP1;RCC2;SMARCC2;IER3;PHF8;PLK1;MYB;DLGAP5;BRCA1;CDKN2C;DACT1;CDK14;UBE2S;BCL2;ZFP36L2;BCL7A;FOXM1;MBTPS1;CCNG1;CDK2;MELK;ESPL1;KIF14;CDK1;BRSK1;CHEK1;ZWINT;CCNF;DPF2;CDC20;SMARCA2;CDK6;PKIA;KLF4;TP53;DGKZ;HSPA2;SKA3;AMBRA1;ORC1;PPM1D;PLK2;FBXO5;CTDSP2;PLK3;EGFR;MAD2L2;CDK5RAP3;RAD51B;BRD7;HECW2;CENPF;ERCC2;CDC25B;GPNMB;CDC14A;CLASP1;KLHL18;ARID2;DTL;USP44;PPP1R9B;DBF4B;FZR1;FOXO4;RFWD3;CDC6;BARD1;MAD1L1;USP37;MASTL;E2F7;HUS1B;AKT1;CHMP4C;ANAPC2;RBBP8;ARID1B;INCENP;NEK2;FBXO31;MEPCE;ARID1A;PKD1;LCMT1;E2F1;NDC80;CCNB1;UIMC1;FOXN3;POLE;XPC;CDC7;TRIM39"
"Skeletal System Development","GOBP_SKELETAL_SYSTEM_DEVELOPMENT",0.376785864163934,1.37754985368608,0.00210472646673298,0.0238603780354875,357,"WNT5A;DCHS1;SFRP4;TNFSF11;ZBTB16;LRRC17;SOX5;TTC9;CSGALNACT1;LRP5;BMP3;HOXC4;IGF1;TGFB2;ALX4;CDKN1C;ADAMTS12;MATN3;MBOAT2;HAND2;COL11A1;ADAMTS4;GJA5;HAPLN3;ARID5A;VCAN;KIAA1217;FOXP1;CSRNP1;MMP16;SLC38A10;COL9A2;TBX3;PLXNB1;POC1A;LTBP3;MED12;SOX6;NPR3;FGFR1;FGF18;PCSK5;CMKLR1;SMAD1;COL6A1;SNAI2;FOSL2;ACAN;TP53;BMPR2;MDK;GRHL2;THBS3;MMP14;RARG;RYK;HHIP;ACP5;SOX9;ACVR2B;CLDN18;DYM;TCOF1;MEPE;TULP3;EXT1;NAB2;PLEKHA1;SERPINH1;TGM2;SLC26A2;DLX5;ASXL1;PDGFA;SRF;SH3PXD2B;ZNF219;CHD7;SMPD3;MDFI;WWOX;ACD;FGFR2;TEAD4;PHEX;PDGFC;AXIN2;CHSY1;ZFAND5;NAB1"
"Axon Extension","GOBP_AXON_EXTENSION",0.49126405685554,1.57901041544168,0.00211209117873328,0.023866630319686,88,"WNT5A;SEMA5A;CDH4;SEMA7A;CDKL5;NRP1;PTPRS;SEMA6C;BCL11A;TTL;PAK1;ULK2;GDI1;FN1;CDH1;SEMA3A;BMPR2;MAG;RYK;LIMK1;ULK1;VCL;NRP2;ZFYVE27;SRF;DIP2B"
"Asymmetric Cell Division","GOBP_ASYMMETRIC_CELL_DIVISION",0.754051671187262,1.7740953050884,0.00214883484400891,0.0241315613358227,15,"ASPM;ZBTB16;SOX5;TEAD3;ING2;ARHGEF2"
"Positive Regulation of Nervous System Process","GOBP_POSITIVE_REGULATION_OF_NERVOUS_SYSTEM_PROCESS",0.694409864003959,1.78146416069895,0.00214931405560282,0.0241315613358227,22,"S100B;RIMS1;EGR2;IGF1;ABAT;RIMS2;MAG;ELOVL4;WASF3;DAG1;CDK18"
"Endothelial Cell Chemotaxis","GOBP_ENDOTHELIAL_CELL_CHEMOTAXIS",0.663643155350637,1.71488087704745,0.00217993261178559,0.0243194392964488,24,"SEMA5A;PLEKHG5;NR4A1;NRP1;EGR3;FGFR1;FGF18;THBS1;PRKD2;TMSB4X;GAB1;CORO1B;PRKD1;KDR"
"Gtp Metabolic Process","GOBP_GTP_METABOLIC_PROCESS",-0.650299015046031,-1.89443347182664,0.00217951639138493,0.0243194392964488,21,"AK4;NME1;RAN;IMPDH2;ENTPD7;NME4;GNAI3"
"Somatic Stem Cell Population Maintenance","GOBP_SOMATIC_STEM_CELL_POPULATION_MAINTENANCE",0.627448653257406,1.75198404173129,0.00219364035636982,0.0243946735503603,34,"SOX4;HES1;LRP5;VANGL2;LDB1;ZFP36L2;PAX8;KLF10;SOX9;LDB2;ZHX2;BCL9"
"Cardiac Muscle Cell Contraction","GOBP_CARDIAC_MUSCLE_CELL_CONTRACTION",0.540584935066947,1.66254396014832,0.00225266541139955,0.024776594326209,63,"JUP;CAMK2D;FGF12;ANK2;KCNJ8;DSP;GJA5;KCNQ1;CACNB2;PIK3CA;SCN5A;GJC1;SCN9A;SGCD;AKAP9;KCNJ5;FLNA;CACNA1G;CTNNA3;SCN3B;CACNA1C;SCN4A"
"Fat Cell Differentiation","GOBP_FAT_CELL_DIFFERENTIATION",0.418025033078552,1.47362105750274,0.00225627564660596,0.024776594326209,195,"WNT5A;JDP2;HES1;FOXO1;EGR2;PIM1;NR4A3;ZFPM2;ZBTB16;CBX4;LRP5;NR4A1;SAV1;SMAD6;KCNJ8;ENPP1;CLIP3;TGFB1I1;CEBPD;MEST;LRRC8C;ZFP36;TTC8;ZFP36L2;JAG1;ZBTB7B;LRP3;CMKLR1;CDS1;LPL;SNAI2;FOSL2;CREBL2;KLF4;SOX13;NR4A2;ALDH6A1;INHBB;AXIN1;TCF7L2;CNTN2;FERMT2;MMP11;C1QTNF3;ASXL1;DDIT3;AKT2;ALOX5;AXIN2;AKT1;CEBPB;PTGS2;ATAT1;GDF6;E2F1;BSCL2;OSBPL11;SIRT1;IFRD1;SORT1"
"Meiotic Cell Cycle Process","GOBP_MEIOTIC_CELL_CYCLE_PROCESS",0.446771035343336,1.53112845720225,0.0022490332215681,0.024776594326209,144,"WNT5A;ASPM;CCNB1IP1;TTK;PLK1;ING2;KIF18A;SKA2;ESPL1;RAD54L;ZWINT;CDC20;TOP2A;HSPA2;SKA3;MOV10L1;MSH6;PSMC3IP;RBM46;TDRD12;FBXO5;ATRX;MUS81;RAD51B;RAD51D;CDC25B;EHMT2;NCAPH;BRCA2;BAG6;SUN1;FANCD2;NCAPD2;FZR1;KLHDC3;NCAPH2;PTTG1;CENPV;MASTL;HUS1B;NCAPD3;INCENP;SLX4;NDC80;EME1;FOXJ2;WNT4;ZSCAN21;ZCWPW1;SWI5;GOLGA2"
"Neuron Projection Extension Involved in Neuron Projection Guidance","GOBP_NEURON_PROJECTION_EXTENSION_INVOLVED_IN_NEURON_PROJECTION_GUIDANCE",0.729813916178192,1.74425435375087,0.00224069648621633,0.024776594326209,16,"WNT5A;SEMA5A;NRP1;SEMA3A;BMPR2;RYK;NRP2"
"Skeletal System Morphogenesis","GOBP_SKELETAL_SYSTEM_MORPHOGENESIS",0.438180170169495,1.50318483290463,0.00226445516365886,0.0247887076196781,150,"SFRP4;SOX5;CSGALNACT1;LRP5;HOXC4;TGFB2;ALX4;COL11A1;CSRNP1;MMP16;POC1A;LTBP3;MED12;SOX6;FGFR1;FGF18;FOSL2;BMPR2;GRHL2;THBS3;MMP14;RARG;RYK;HHIP;ACP5;SOX9;ACVR2B;TULP3;EXT1;NAB2;PLEKHA1;SERPINH1;DLX5;SMPD3;MDFI;WWOX;FGFR2;AXIN2;CHSY1;ZFAND5;NAB1"
"Acylglycerol Homeostasis","GOBP_ACYLGLYCEROL_HOMEOSTASIS",-0.600113476124719,-1.87811305459032,0.00227692941075133,0.0248476128531524,28,"MLXIPL;APOC1;NR1H4;APOA1;SCARB1;MAP2K1;ANGPTL3;RORA;APOE;FITM2"
"Mitotic Spindle Organization","GOBP_MITOTIC_SPINDLE_ORGANIZATION",0.463511962399856,1.54963139603455,0.00229288192802,0.0249221352873328,116,"PRICKLE1;KIFC1;STMN1;KIF11;TTK;KIF23;BIRC5;CENPE;PRC1;NUMA1;KIF15;PLK1;KIF4A;MYBL2;DLGAP5;POC1A;EML1;CDC20;CEP192;PLK2;MAP9;PLK3;MZT1;FLNA;OFD1;CLASP1;CHMP4C;PCNT;INCENP;CEP97;NEK2;PKD1;NDC80;CCNB1;DCTN2;DCTN1;CHMP1B;GOLGA2;STIL;TNKS;AAAS;STAG2;HNRNPU;EML3;SBDS;CCDC61;TPR"
"Smooth Muscle Cell Proliferation","GOBP_SMOOTH_MUSCLE_CELL_PROLIFERATION",0.476360874665221,1.55585038245415,0.00229798735307122,0.0249221352873328,96,"NDRG2;NR4A3;IGFBP3;IGF1;JUN;PDGFB;IGFBP5;HPGD;MYOCD;ANG;PIK3CA;PIK3R1;FOXP1;HMOX1;PAK1;IL10;PDGFD;THBS1;KLF4;HBEGF;BMPR2;TNFAIP3;NDRG4;TCF7L2;TGFB3;NOTCH3;MEF2D;CTNNBIP1;DDIT3;IL18;SMPD3;FGFR2;EFEMP2;AKT1"
"Fibroblast Proliferation","GOBP_FIBROBLAST_PROLIFERATION",0.509768657218382,1.60781758283448,0.00235850586851541,0.0254995248685478,77,"WNT5A;DACH1;IGF1;JUN;FBLN1;PDGFB;CCNA2;PAWR;KCNJ8;DAB2IP;FN1;AQP1;PDGFD;CDK6;FOSL2;TP53;NLRC3;EGFR;GAS6;PDGFA;CDC6;ESR1;PDGFC;E2F1;CCNB1;AGT"
"Response to Cadmium Ion","GOBP_RESPONSE_TO_CADMIUM_ION",-0.561074935670708,-1.78349798846006,0.00236757167203757,0.025518780206608,33,"MT3;ABCB6;SOD2;GPI;CAT;MT1X;ALAD;SLC30A1"
"Neutral Lipid Metabolic Process","GOBP_NEUTRAL_LIPID_METABOLIC_PROCESS",-0.387876818066906,-1.54511379332399,0.00239268035912532,0.0257103045951411,104,"PNPLA3;APOC1;AGPAT5;PCSK9;GK5;SCARB1;LPIN1;CAT;ABHD5;DDHD2;TMX1;APOE;DGKG;PTPN11;FBXW7;ACSL1;LIPA;ABHD6;GK;FITM2;INSIG2;TBL1XR1;LPGAT1;GPAM"
"Regulation of Bmp Signaling Pathway","GOBP_REGULATION_OF_BMP_SIGNALING_PATHWAY",0.519726736517041,1.6229837311578,0.00247374538799104,0.0264393642223884,70,"WNT5A;VWC2;SFRP4;HES1;HTRA1;CRIM1;SMAD6;SKIL;NUMA1;TOB1;FSTL3;ITGA3;NEO1;ZNF423;GPR155;UBE2O;FSTL1;SCUBE3"
"Regulation of Neurogenesis","GOBP_REGULATION_OF_NEUROGENESIS",0.404902550517166,1.45480535342938,0.00247562416926731,0.0264393642223884,248,"PTPRZ1;WNT5A;SEMA5A;CDH4;DBN1;ASPM;HES1;EGR2;SEMA7A;ROBO3;DAAM2;CDKL5;NRP1;PTPRS;TIAM2;SEMA6C;HEYL;SKIL;BCL11A;SMO;HMGB2;MEST;FZD4;PAK1;ULK2;PLXNB1;GDI1;FN1;NAP1L1;PRTG;CDH1;TRIM11;CHODL;SPINT1;BMPR2;DCT;PTPRD;MDK;NTRK2;MAPRE3;MAG;FOXG1;CRABP2;RYK;LIMK1;STAU2;PARP6;ULK1;TMEM98;SYNGAP1;TGM2;KCTD11;LIN28A;ZFYVE27;IGDCC4;SRF;DIP2B;KDM1A;CHD7;FZD3;FXR2"
"Heterochromatin Organization","GOBP_HETEROCHROMATIN_ORGANIZATION",0.443834737016839,1.52344818789042,0.00248745179800216,0.0264849351015245,154,"ERI2;PHC1;CBX4;CENPA;PHF2;KDM5A;MIS18BP1;PHF8;PHF1;BRCA1;CBX2;DNMT3A;CDK2;CDK1;SETDB1;ZNF512;SMARCA2;PHF19;MOV10L1;MIS18A;PPM1D;BCOR;TDRD12;ATRX;LMNA;RING1;CIZ1;EHMT2;ZNF512B;TRIM28;L3MBTL1;RBM15B;CBX6;TDRD3;CBX7;CBX8;ZNF304;BCORL1;CENPV;L3MBTL2;SIRT1;CTCF;KDM2B;HMGA2;TNRC18;SPIN1;SIN3A;MAX;DNMT1;HNRNPU;RB1;HDAC8;BAHD1;TPR;UBR5;BEND3;EHMT1;MBD2;CDKN2B-AS1;EED;KAT8;HELLS"
"Anterior Posterior Pattern Specification","GOBP_ANTERIOR_POSTERIOR_PATTERN_SPECIFICATION",0.467210772906735,1.5596771849747,0.00250533650846948,0.0265945266338442,114,"WNT5A;PRICKLE1;HES1;ZBTB16;LRP5;VANGL2;HOXC4;BTG2;FZD5;ALX4;HEYL;SEMA3C;SMO;NKD1;ALDH1A2;LDB1;TBX3;MED12;PBX3;PCSK5;BMPR2;CELSR2;RARG;ACVR2B;TULP3;RING1;CTNNBIP1;TSHZ1;SRF;DDIT3;OFD1;SMAD4;AXIN2;NR2F2"
"Regulation of Insulin Like Growth Factor Receptor Signaling Pathway","GOBP_REGULATION_OF_INSULIN_LIKE_GROWTH_FACTOR_RECEPTOR_SIGNALING_PATHWAY",0.726354697584333,1.73598682560546,0.0025190404943007,0.0266592110318288,16,"CDH3;IGFBP3;IGF1;IGFBP5;IGFBP1;IGFBP2;PHIP;CILP"
"Mirna Transcription","GOBP_MIRNA_TRANSCRIPTION",0.537343912804678,1.65257634611155,0.00265907776721608,0.0278773498288529,63,"ATOH8;FOS;TGFB2;JUN;PDGFB;SMAD6;MYOCD;MYB;EGR1;IL10;SMAD1;KLF4;TP53;TEAD1;EGFR;SOX9;POU2F1;NOTCH3;ZNF512B;SRF;SMAD4;ESR1;RELA;WT1;AGT"
"Mitochondrial Rna Processing","GOBP_MITOCHONDRIAL_RNA_PROCESSING",-0.602624807786191,-1.86220288791378,0.0026602274230882,0.0278773498288529,27,"TRMT61B;LRPPRC;TRIT1;SLIRP;CDK5RAP1;TRUB2;FASTKD1;FASTKD5;FASTKD3;PUS1;HSD17B10;FASTK;FASTKD2;PNPT1;SUPV3L1"
"Renal Tubule Development","GOBP_RENAL_TUBULE_DEVELOPMENT",0.52278565060359,1.61548159886907,0.00266597550461482,0.0278773498288529,65,"PRICKLE1;NPNT;DCHS1;HES1;CD24;HEYL;HS3ST3A1;SMO;CITED1;GREB1L;BCL2;TTC8;JAG1;GZF1;AQP1;PAX8;KLHL3;SOX9;CTNNBIP1;KIF26B;SMAD4;PTCH1;PROM1;PKD1;WT1;AGT;WNT4"
"Wnt Signaling Pathway Planar Cell Polarity Pathway","GOBP_WNT_SIGNALING_PATHWAY_PLANAR_CELL_POLARITY_PATHWAY",0.5974710773117,1.7174724111271,0.00265602985013606,0.0278773498288529,40,"WNT5A;PRICKLE1;VANGL2;ZNRF3;NKD1;DACT1;MED12;CELSR2;RYK;DVL2;DAAM1;DVL3;ARHGEF19;FZD3;PLEKHA4"
"Spindle Organization","GOBP_SPINDLE_ORGANIZATION",0.425544623276898,1.48497797964109,0.00271343657181224,0.0282891914019591,179,"PRICKLE1;ASPM;KIFC1;STMN1;KIF11;TTK;KIF23;BIRC5;CENPE;PRC1;NUMA1;KIF15;PLK1;KIF4A;MYBL2;DLGAP5;CEP120;POC1A;SKA2;ESPL1;EML1;CDC20;SKA3;CEP192;UVRAG;PLK2;MAPRE3;MAP9;FBXO5;PLK3;SPAG5;ATRX;MZT1;FLNA;OFD1;CLASP1;CENPV;CHMP4C;CHD3;PCNT;INCENP;CEP97;NEK2;PKD1;NDC80;CCNB1;DCTN2;DCTN1;CHMP1B;GOLGA2;STIL;PPP2R1B;TNKS;AAAS;STAG2;HNRNPU;EML3;SBDS;HAUS4;CCDC61;TPR;SMC1A;TUBGCP6;CCNB2;TUBGCP2;GNAI1;NEK7;MAP1S;HAUS7;HAUS1;WRAP73;MAP4;AURKA;SPC25;CKAP5;SUN2;LZTS2;PIBF1;MYH9;RGS14;HAUS5"
"Platelet Derived Growth Factor Receptor Signaling Pathway","GOBP_PLATELET_DERIVED_GROWTH_FACTOR_RECEPTOR_SIGNALING_PATHWAY",0.544408742033786,1.64899729633339,0.00273719284344351,0.0284521855506903,55,"FSHR;NR4A3;PLAT;HIP1R;NRP1;PDGFB;STON1;MYOCD;CSRNP1;F3;CSPG4;PDGFD;CBLB;NDRG4;PLEKHA1;PDGFA;SMPD3;PDGFC;ZFAND5"
"Intra Golgi Vesicle Mediated Transport","GOBP_INTRA_GOLGI_VESICLE_MEDIATED_TRANSPORT",-0.582792614190211,-1.8337675791148,0.00278821087299623,0.0288967535151059,30,"COPB1;TRAPPC3;COPB2;GOSR2;COG6;RAB6A;COG2;COPZ1;GABARAPL2;COPA;VTI1A"
"Ferroptosis","GOBP_FERROPTOSIS",-0.60343645040492,-1.86150345984728,0.00279972385872902,0.0289304798735332,26,"DHCR7;ACLY;NQO1;SLC25A1;PRKAA1;PSAT1;SLC39A7;ACSL4;TMEM164;GSTP1"
"Establishment or Maintenance of Bipolar Cell Polarity","GOBP_ESTABLISHMENT_OR_MAINTENANCE_OF_BIPOLAR_CELL_POLARITY",0.600601123487499,1.69144924519436,0.0028782690021632,0.0295061741698707,37,"WNT5A;PRKCZ;VANGL2;PARD3B;FSCN1;LLGL2;DLG5;TTC8;DLG3;DLG4;PTK7"
"Excitatory Synapse Assembly","GOBP_EXCITATORY_SYNAPSE_ASSEMBLY",0.642398412733542,1.7100739428131,0.00289588620028254,0.0295061741698707,27,"WNT5A;PRICKLE1;GRID2;PTPN13;SEMA4A;PTPRS;SRGAP2;FGFR1;PTPRD"
"Hormone Metabolic Process","GOBP_HORMONE_METABOLIC_PROCESS",-0.346096666096857,-1.47112535902415,0.0028913365797223,0.0295061741698707,155,"DUOXA2;CYP11A1;HSD17B7;STC2;HSD17B12;DDO;DUOX2;P4HB;HSD3B2;STAR;AKR1B1;RDH11;ALDH8A1;DHRS3;NR3C1;PAPSS2;HSD17B6;PTPN11;HSD17B4;AKR1C2;CTSZ;SCPEP1;PCSK6;SRD5A3;DHRS2;DHRS9;TG;RETSAT;IDE;ALDH1A3;PREP;HSD17B1;ARL15;AKR1C1;HSD3B1;GCNT4;BACE2;PRCP;DGAT2;LHCGR"
"Mitotic Dna Integrity Checkpoint Signaling","GOBP_MITOTIC_DNA_INTEGRITY_CHECKPOINT_SIGNALING",0.515270557609059,1.6090681378996,0.00289780414393256,0.0295061741698707,70,"IER3;STK33;PLK1;BRCA1;MBTPS1;CDK2;CDK1;BRSK1;CHEK1;TP53;DGKZ;ORC1;MDC1;CDK5RAP3;MUS81;FANCD2;DTL;FZR1;FOXO4;RFWD3;CDC6;HUS1B;FBXO31;UIMC1;FOXN3;EME1;XPC;CDC7;TRIM39"
"Negative Regulation of Cell Cycle Process","GOBP_NEGATIVE_REGULATION_OF_CELL_CYCLE_PROCESS",0.392883561884826,1.41597257832862,0.00289892361190275,0.0295061741698707,261,"BUB1;TTK;BIRC5;BUB1B;KANK2;PPP2R5B;DAB2IP;APBB1;DUSP1;IER3;STK33;PLK1;SUSD2;BRCA1;DACT1;BCL2;ZFP36L2;MBTPS1;CDK2;ESPL1;CDK1;BRSK1;E2F8;CHEK1;ZWINT;CCNF;CDC20;KLF4;TP53;DGKZ;SKA3;ORC1;MDC1;FBXO5;CTDSP2;PLK3;MAD2L2;CDK5RAP3;ATRX;MUS81;TMSB4X;BRD7;CENPF;GPNMB;USP28;BRCA2;FANCD2;DTL;USP44;FZR1;FOXO4;RFWD3;CDC6;BARD1;GNB1L;MAD1L1;E2F7;HUS1B;CHMP4C;RBBP8;INCENP;NEK2;FBXO31;TOM1L2;LCMT1;E2F1;NDC80;CCNB1;UIMC1;SIRT1;FOXN3;EME1;XPC;CDC7;TRIM39;FBXO6;DYNLRB1;IK;RAD9A;TNKS;BLM;CTDSP1;TELO2;CDK2AP2;CTDSPL;FBXO7;CHFR;RB1;CLOCK;ATF5;TPR;CLSPN;RNASEH2B;RAD21;RFC2;ZFYVE19;PROX1;KAT2B;SETMAR;WDR76;STK35;DYNLT3;RAD1;BTN2A2"
"Regulation of Cell Size","GOBP_REGULATION_OF_CELL_SIZE",0.450061387046421,1.53445572064377,0.00290597490396957,0.0295061741698707,140,"FSHR;IQGAP3;WNT5A;SEMA5A;CDH4;AKT3;SEMA7A;CDKL5;NRP1;PTPRS;SEMA6C;BCL11A;TTL;SLC12A4;PAK1;ULK2;WNK3;GDI1;WDTC1;FN1;AQP1;SLC12A5;CDH1;COL6A1;SEMA3A;BMPR2;MAG;RARG;CRABP2;RYK;LIMK1"
"Lipid Homeostasis","GOBP_LIPID_HOMEOSTASIS",-0.36475575996848,-1.52547722907197,0.00295060795586444,0.0298727736109629,132,"MLXIPL;PNPLA3;APOC1;NR1H4;PCSK9;FABP3;OSBPL10;APOA1;SCARB1;MAP2K1;ABHD5;ANGPTL3;RORA;APOE;ERRFI1;FBXW7;LIPA;ABCA1;PRKAA1;FITM2;ACOX1;CNBP;GPAM;NUS1;ACACA;TMEM97;AKR1C1;MTCH2;SEC24A;GOT1;INSIG1;DGAT2;LAMTOR1;ABHD4"
"Cell Matrix Adhesion","GOBP_CELL_MATRIX_ADHESION",0.412569339140146,1.4546171917678,0.00296036892898287,0.0298852229343718,198,"NPNT;ECM2;LIMCH1;TNXB;JUP;BCAM;ARHGAP6;SORBS1;ADAMTS12;NRP1;ITGB5;GPM6B;RCC2;THSD1;SNED1;STON1;LDB1;ITGA9;VCAM1;PIK3R1;ITGA3;BCL2;JAG1;DDR1;ACTG1;FN1;HPSE;PTPRK;TECTA;THBS1;EPDR1;CDK6;THBS3;MMP14;TMEM8B;TESK2;VCL;FERMT2;TRIP6;SRF;CSF1;CLASP1;ADAMTS13;RRAS;STRC;EFEMP2;RIN2;DAG1;PKD1"
"Positive Regulation of Cartilage Development","GOBP_POSITIVE_REGULATION_OF_CARTILAGE_DEVELOPMENT",0.651248954008401,1.68285375720644,0.0030036200619002,0.0302347157380356,24,"WNT5A;ZBTB16;SOX5;SOX6;FGF18;SMAD1;BMPR2;MDK;SOX9;ZNF219"
"Glycerolipid Metabolic Process","GOBP_GLYCEROLIPID_METABOLIC_PROCESS",-0.290283235119732,-1.33387305544599,0.00301849253588561,0.0302973620435739,310,"PNPLA3;APOC1;AGPAT5;NR1H4;PCSK9;FABP3;GK5;OSBPL10;MTM1;APOA1;SCARB1;SPATA18;LPIN1;PRDX6;CAT;ABHD5;DDHD2;PIK3C2A;TMX1;DBI;PCYT1A;PIK3C3;LPCAT3;RAB38;APOE;PCYT2;DGKG;PTEN;PTPN11;FABP5;FBXW7;PI4K2B;ACSL1;LIPA;ACSL3;ABHD6;GK;PTPMT1;FITM2;PLD2;PGAP2;INSIG2;MTMR7;TBL1XR1;LPGAT1;AGK;GPAM;FAR1;TNFAIP8L3"
"Epithelial Tube Morphogenesis","GOBP_EPITHELIAL_TUBE_MORPHOGENESIS",0.400566292551678,1.43745635369297,0.00303664874165241,0.0303925158343097,246,"WNT5A;PRICKLE1;NPNT;DCHS1;HES1;CASR;LRP5;VANGL2;IGF1;TGFB2;ADAMTS12;NRP1;HAND2;HS3ST3A1;SMO;CITED1;GREB1L;FOXP1;DLG5;NOTCH4;BCL2;PAK1;TBX3;RHOB;GZF1;DDR1;MED12;PAX8;SUFU;TEAD2;PHACTR4;SPINT1;PRKD2;SPINT2;KLHL3;MDK;SEMA4C;GRHL2;MMP14;ESRP2;RARG;HHIP;PTK7;NDRG4;SOX9;APLNR;DVL2;TULP3;EXT1;CTNNBIP1;GDF7;SRF;CSF1;FZD3;KIF26B;MMRN2;FGFR2;SMAD4;ESR1;PTCH1;BRD2;DAG1;CELSR1;PKD1;WT1;AGT;WNT4;ARL13B;KDM2B;TSC2;FKBPL;HMGA2"
"Mammary Gland Alveolus Development","GOBP_MAMMARY_GLAND_ALVEOLUS_DEVELOPMENT",0.720249707539137,1.72139590697554,0.00304899196615851,0.0304291135539979,16,"SOCS2;TNFSF11;PRLR;DDR1"
"Gastrulation","GOBP_GASTRULATION",0.450113521656936,1.52393796311498,0.00308267750139357,0.0306778957027889,129,"ATOH8;WNT5A;PRICKLE1;NR4A3;LRP5;VANGL2;ITGB5;COL11A1;DUSP1;LDB1;LAMA3;ITGA3;IL10;FGFR1;FN1;SMAD1;COL6A1;KLF4;ARMC5;BMPR2;PAF1;MMP14;AXIN1;APLNR;ACVR2B;DVL2;EXT1;SRF;GATA6;ZBTB17;TGIF2;FGFR2;SMAD4"
"Cochlea Development","GOBP_COCHLEA_DEVELOPMENT",0.627852715781821,1.71644238953326,0.00309930381903899,0.0307066465852686,30,"WNT5A;SOBP;DCHS1;HES1;VANGL2;CCNA2;KCNQ1;PTK7;SOX9;DVL2"
"Mesenchyme Morphogenesis","GOBP_MESENCHYME_MORPHOGENESIS",0.590872996773863,1.673921253214,0.00310309817047819,0.0307066465852686,38,"WNT5A;DCHS1;TGFB2;HEYL;ADAMTS5;TBX3;FGFR1;SNAI2;SOX9;APLNR;TGFB3"
"Actomyosin Structure Organization","GOBP_ACTOMYOSIN_STRUCTURE_ORGANIZATION",0.424199179798476,1.47476772302581,0.00313822514092542,0.0309667680807373,169,"MYH11;IQGAP3;PGM5;LIMCH1;ARHGAP28;ARHGEF10L;EPB41L4A;ARHGAP6;SORBS1;NRP1;ITGB5;ANLN;CGNL1;PDLIM1;SORBS3;PIK3R1;TTC8;KRT8;PAK1;TMOD2;NEURL2;ACTG1;CAPN3;INPP5K;TMOD1;ARHGEF18;CNN2;TESK1;CSRP2;CSRP1;LIMK1;TNFAIP1;CD47;FLNC;TGFB3;ASAP3;KRT19;FERMT2;SRF;CLASP1;MYL9;SMAD4;MYO18A;AMOT;TJP1;SYNPO2L;RTKN;FAM171A1;WNT4;ROCK2;PRKD1;ARHGEF5;KCTD13"
"Ear Development","GOBP_EAR_DEVELOPMENT",0.45310681495951,1.53345760884703,0.00318745816343874,0.0313205670599031,130,"WNT5A;SOBP;DCHS1;HES1;NR4A3;SLC25A27;VANGL2;IGF1;TGFB2;CCNA2;COL11A1;SHROOM2;KCNQ1;CEBPD;BCL2;TTC8;TBX3;JAG1;DDR1;FGFR1;TECTA;PAX8;FOXG1;PTK7;SOX9;DIAPH3;LRP10;DVL2;DLX5;TSHZ1;CHD7;FZD3;CHRNA10;FGFR2;IFT27;STRC"
"Microtubule Cytoskeleton Organization Involved in Mitosis","GOBP_MICROTUBULE_CYTOSKELETON_ORGANIZATION_INVOLVED_IN_MITOSIS",0.439037886458863,1.50109421310291,0.00319196187279058,0.0313205670599031,142,"PRICKLE1;KIFC1;STMN1;KIF11;TTK;KIF23;BIRC5;CENPE;CENPA;PRC1;NUMA1;KIF15;PLK1;KIF4A;MYBL2;DLGAP5;POC1A;ESPL1;CDK1;EML1;CDC20;CEP192;PLK2;MAP9;PLK3;MZT1;FLNA;OFD1;NUSAP1;CLASP1;CHMP4C;PCNT;INCENP;CEP97;NEK2;PKD1;NDC80;CCNB1;DCTN2;DCTN1;CHMP1B;GOLGA2;STIL;TNKS;AAAS;STAG2;HNRNPU;EML3;SBDS;INPPL1;CCDC61;TPR"
"Protein Localization to Cell Junction","GOBP_PROTEIN_LOCALIZATION_TO_CELL_JUNCTION",0.481136704838347,1.5676983125835,0.00323500556456321,0.0316542583593992,94,"WNT5A;VWC2;COLQ;GPC4;IQSEC2;ERBB2;TMEM108;DSP;KIF2C;CGNL1;DLG5;ARHGAP44;ACTG1;DLG3;ZDHHC15;ARHGEF18;DLG4;BSN;TJP2;STAU2;GRIPAP1;GPC6;VCL;JAK1;FERMT2;FLNA"
"Cardiac Atrium Development","GOBP_CARDIAC_ATRIUM_DEVELOPMENT",0.683247016309777,1.75769911288452,0.00325495570950772,0.0317607516724388,23,"SOX4;WNT5A;TGFB2;ANK2;SMO;GJA5"
"Negative Regulation of Cell Population Proliferation","GOBP_NEGATIVE_REGULATION_OF_CELL_POPULATION_PROLIFERATION",0.360508614938724,1.33774150598122,0.00334109057248464,0.0325106674317047,496,"ATOH8;WNT5A;COL4A3;SFRP4;HES1;TP53I11;PLA2G5;NDRG2;ZBTB16;DACH1;IGFBP3;SAV1;BTG2;IGF1;FZD5;TGFB2;JUN;CDKN1C;LIMS2;FBLN1;KANK2;IGFBP7;IGFBP5;SMAD6;PAWR;ERBB2;AZGP1;PTPRM;DAB2IP;DUSP1;TGFB1I1;ING1;ARG2;MYOCD;ANG;ALDH1A2;TOB1;GAS8;SFRP5;CDKN2C;SRPX;DLG5;HMOX1;BCL2;PAK1;TBX3;PLXNB1;ZBTB7B;DDR1;MN1;IRF1;IFI35;IL10;VGLL4;PTPRK;DLG3;SMAD1;PDE9A;THBS1;SNAI2;SMARCA2;KLF10;CDK6;ATG13;KLF4;SPINT1;TP53;BMPR2;AMBRA1;TNFAIP3;WWC3;NLRC3;PPM1D;ADORA3;RARG;CBLB;SPIN4;GABBR1;NDRG4;SOX9;ZNF777;WWC2;FCGR2B;ULK1;TGFB3;LMNA;KCTD11;CTNNBIP1;SKAP2;GPNMB;SRF;GATA6;BRCA2;SLC16A2;SSTR2;F2R;MMRN2;NCK2;ZBTB17;ARID2;ING5;FGFR2;SMAD4;FOXO4;CDC6;SIX5;PTCH1;NR2E3;MAD1L1;ALOX5;AXIN2;E2F7;AKIRIN1;EFEMP2;IL20RB;NR2F2;CEACAM1;LGALS9;RBM10;CEBPB;WT1;TMEM115;E2F1;JUND"
"Hindbrain Development","GOBP_HINDBRAIN_DEVELOPMENT",0.466987802478796,1.55399398902972,0.00337673877441476,0.0327665261129498,107,"NLGN4X;HES1;GRID2;EGR2;CNTN1;IGF1;ABAT;PTPRS;SMO;ALDH1A2;LDB1;NAV2;SCN5A;FZD4;BCL2;PAK1;SPTBN2;KNDC1;KIF14;CAPS2;SMAD1;FOXP2;MDK;SEMA4C;KCNC1;FCGR2B;TUBA1A;FLNA"
"Cell Cycle Checkpoint Signaling","GOBP_CELL_CYCLE_CHECKPOINT_SIGNALING",0.420852705390035,1.46387152372192,0.00346297444893218,0.0335104958414625,172,"BUB1;TTK;BIRC5;BUB1B;DUSP1;IER3;STK33;PLK1;BRCA1;MBTPS1;CDK2;CDK1;BRSK1;CHEK1;ZWINT;CDC20;TP53;DGKZ;SKA3;ORC1;MDC1;PLK3;MAD2L2;CDK5RAP3;MUS81;CENPF;USP28;BRCA2;FANCD2;DTL;USP44;FZR1;FOXO4;RFWD3;CDC6;BARD1;GNB1L;MAD1L1;HUS1B;CHMP4C;RBBP8;INCENP;FBXO31;LCMT1;E2F1;NDC80;CCNB1;UIMC1;FOXN3;EME1;XPC;CDC7;TRIM39;FBXO6;DYNLRB1;IK;RAD9A;BLM;TELO2;CHFR;CLOCK;TPR;CLSPN;RNASEH2B;RFC2;ZFYVE19;PROX1;SETMAR;WDR76;DYNLT3;RAD1;KNTC1;MAD2L1;HINFP;SYF2;PPP1R10;SPC25;CDC5L;BABAM1"
"Neural Tube Development","GOBP_NEURAL_TUBE_DEVELOPMENT",0.438344488631633,1.48700729775801,0.00348693806306243,0.0336494326030515,133,"WNT5A;PRICKLE1;DCHS1;HES1;VANGL2;TGFB2;SEMA3C;SMO;ALDH1A2;DACT1;MARCKS;MED12;GPR161;SUFU;TEAD2;PHACTR4;SPINT1;AMBRA1;SPINT2;SEMA4C;GRHL2;RARG;PTK7;DVL2;TULP3;GDF7;FZD3;PTCH1;BRD2;ZNF358;CELSR1;PKD1;ARL13B;KDM2B;TSC2;DZIP1L;STIL;SFRP1;IFT140;TRAF6;CC2D2A;PLXNB2;ST14;TTBK2;PRKACA;TSC1"
"Spinal Cord Development","GOBP_SPINAL_CORD_DEVELOPMENT",0.549814793509418,1.66741771049008,0.00350784699945449,0.0337582088985964,56,"SOX4;VIT;DAAM2;PTPRS;SMO;MED12;SOX6;PBX3;SUFU;LONRF2;LHX4;SOX13;MPST;NFE2L1;MDGA1;ERCC2;GDF7;PTCH1;AKT1;PKD1;ZC4H2;DCTN1;TAL1"
"Developmental Maturation","GOBP_DEVELOPMENTAL_MATURATION",0.414992521882275,1.47344457676424,0.00353388779533302,0.0338229752651682,214,"WNT5A;DCHS1;CDH3;HES1;ZBTB16;SEMA7A;L3MBTL3;IGF1;FZD5;TGFB2;FBXO41;CDKN1C;ADAMTS12;PICK1;DAB2IP;ANG;ALDH1A2;FARP2;RAB3A;TFCP2L1;NTN4;BCL2;PLXNB1;FGFR1;PALM;KIF14;CDC20;AXL;EDNRB;C3;ZDHHC15;NR4A2;CATSPERG;THBS3;ANKS1A;DLG4;FBXO5;NDRG4;DIAPH3;KCNIP2;EXT1;ERCC2;CNTN2;CDC25B;BRD1;BRCA2;B4GALT5;KDM1A;DDIT3"
"Retina Vasculature Development in Camera Type Eye","GOBP_RETINA_VASCULATURE_DEVELOPMENT_IN_CAMERA_TYPE_EYE",0.708115068065241,1.71993834048805,0.00353114587393451,0.0338229752651682,17,"NDP;VSTM4;LRP5;NRP1;FZD4;BMPR2;ROM1;ACVR2B"
"Regulation of Dna Binding Transcription Factor Activity","GOBP_REGULATION_OF_DNA_BINDING_TRANSCRIPTION_FACTOR_ACTIVITY",0.443820900427606,1.51256417874173,0.00354637176937665,0.033849973591625,139,"SIK1;ID3;ID1;PIM1;PRKCZ;TCEAL7;ESR2;CREBZF;FANK1;HEYL;ENPP1;RTKN2;CRTC2;ARHGEF2;ADCY1;RPS6KA5;CRTC1;TRAF2;CMKLR1;SGK1;PRKCQ;PRKD2;RNF31;NLRC3;ADORA3;AGER;CDK5RAP3;IKBKG;STK36;FLNA;SRF;MAP3K10;IL18;RWDD3;ESR1;CLU;TSSK4;LGALS9;ERC1;RPS6KA4;SIRT1;BCL3;PRKD1;ARHGEF5;RBCK1;DDR2"
"Mammary Gland Development","GOBP_MAMMARY_GLAND_DEVELOPMENT",0.475585130565129,1.56903045455255,0.00359329375152165,0.0340197513826496,102,"IQGAP3;WNT5A;SOCS2;TNFSF11;LRP5;PRLR;IGF1;CDO1;IGFBP5;NRG1;SMO;NOTCH4;TBX3;ZBTB7B;DDR1;OXTR;SOX9;TGFB3;SLC29A1;BRCA2;CSF1;CAPN1;FGFR2;ESR1;AKT2;PTCH1;AKT1"
"Mesoderm Morphogenesis","GOBP_MESODERM_MORPHOGENESIS",0.559364825275253,1.64662856096592,0.00358169640996932,0.0340197513826496,45,"WNT5A;NR4A3;ITGA3;TBX3;FGFR1;SMAD1;KLF4;ARMC5;BMPR2;AXIN1;SRF;FGFR2;TWSG1;HMGA2;TAL1"
"Protein Localization to Nucleolus","GOBP_PROTEIN_LOCALIZATION_TO_NUCLEOLUS",-0.683375093795007,-1.89181622377264,0.00359210141998246,0.0340197513826496,17,"PINX1;SIGMAR1;RPF2;RAN;NPM1;RRP7A;NVL;BYSL;HEATR1;NMD3;CACNB4"
"Positive Regulation of Striated Muscle Cell Differentiation","GOBP_POSITIVE_REGULATION_OF_STRIATED_MUSCLE_CELL_DIFFERENTIATION",0.646816947607767,1.67140127259612,0.00360983972500021,0.0340842818239238,24,"HOPX;IGF1;NRG1;MYOCD;BCL2;MMP14"
"Antigen Processing and Presentation of Endogenous Antigen","GOBP_ANTIGEN_PROCESSING_AND_PRESENTATION_OF_ENDOGENOUS_ANTIGEN",-0.588201970466484,-1.80755315701184,0.00369096659667923,0.0347566021187294,25,"HLA-G;TAP1;B2M;TAP2;HLA-A;HLA-B;ULBP3;IDE;ERAP1"
"Positive Regulation of Vasculature Development","GOBP_POSITIVE_REGULATION_OF_VASCULATURE_DEVELOPMENT",0.446586200522174,1.51199560118465,0.00372938343380705,0.0350242095673622,129,"WNT5A;SEMA5A;JUP;ADAM12;AKT3;PTGIS;VASH2;NRP1;BRCA1;F3;HMOX1;RHOB;IL10;HPSE;AQP1;FGF18;TNFSF12;SMAD1;THBS1;C3;KLF4;PRKD2;MDK;SASH1;APLNR;TLR3;JAK1;TGM2;GATA6;CHRNA7;STIM1;C6;ZNF304;RRAS;TJP1;GAB1;C3AR1;SIRT1;ECM1;PLCG1;HMGA2;PRKD1;KDR;GREM1"
"Embryonic Placenta Development","GOBP_EMBRYONIC_PLACENTA_DEVELOPMENT",0.509654429195833,1.59184332141631,0.00380271944377344,0.0355224698974356,72,"HES1;VASH2;FZD5;LLGL2;JUNB;CDKN1C;PDGFB;CITED1;SOCS3;KRT8;IL10;E2F8;SPINT1;PRDM1;SPINT2;PLCD3;GRHL2;EGFR;HS6ST1;KRT19;PLK4;SOX15;TRIM28;MDFI;FGFR2;E2F7;AKT1;NR2F2;CEBPB;PKD1"
"Rna Modification","GOBP_RNA_MODIFICATION",-0.352440989479115,-1.47081461127162,0.00379499901032202,0.0355224698974356,145,"TRMT61B;APOBEC3G;LSM11;DKC1;HENMT1;RBM47;TPRKB;NHP2;BAG4;TYW3;TRIT1;METTL2B;DTWD1;SSB;CDK5RAP1;TFB2M;TRUB2;APOBEC3C;ADAT2;TRMU;PUS7;NSUN4;NOP10;SNRPD3;METTL2A;PUS7L;PUS1;METTL5;EMG1;SEPSECS;SNRPD2;FTSJ3;SNRPD1;SNRPG;RPUSD2;TGS1;SYNCRIP;FTSJ1;THUMPD2;FBL;HSD17B10;ELP3;ADARB1;RNMT;SNRPB;NAT10;FASTKD2;OSGEP;MTFMT"
"Appendage Morphogenesis","GOBP_APPENDAGE_MORPHOGENESIS",0.47643279576075,1.57304653212331,0.00383954396720424,0.0357710705242459,101,"WNT5A;PRICKLE1;ZBTB16;LRP5;TGFB2;ALX4;HAND2;SEMA3C;AFF3;GJA5;ALDH1A2;TBX3;FGFR1;PCSK5;COL6A1;GRHL2;RARG;CRABP2;SOX9;ZNF141;ATRX;TULP3;EXT1;DLX5;ZNF219;FBXW4;CHD7;ACD;FGFR2;SMAD4;PTCH1;ZNF358"
"Amino Acid Metabolic Process","GOBP_AMINO_ACID_METABOLIC_PROCESS",-0.327563928722046,-1.39983619868804,0.00385028913315881,0.0357760287359557,194,"QPRT;UCP2;NR1H4;PLOD1;DDO;GOT2;P4HB;PARK7;ALDH8A1;PYCR1;BPHL;GCSH;HAL;EARS2;IARS2;FAH;GCLM;HMGCL;PSAT1;AGMAT;ETFB;PCCA;GLS;MTHFD1;FARSB;EEF1E1;MCCC2;ETFA;AIMP2;BCAT1;ECHS1;SARDH;DLD;BHMT2;GOT1;GCAT;NAT8L;IVD;GPT2;HDC;SERINC3;FTCD;PLOD2;PSPH;FH;ASNSD1;AIMP1;SEPSECS;YARS2;ENOPH1;ABCC4;NIT2;DBT;MTTP;GATC;QDPR;HIBADH;HSD17B10;PLOD3;GCDH;MTHFD2L;PCCB;SHMT2;LARS2;ATF4;CLN3;MTHFS;GLUD2;ALDH5A1"
"Phospholipid Homeostasis","GOBP_PHOSPHOLIPID_HOMEOSTASIS",-0.679027215378573,-1.8475024210576,0.00403759696954604,0.0372687453169879,16,"FABP3;OSBPL10;APOA1;ANGPTL3;ABCA1;GPAM"
"Purine Nucleoside Monophosphate Biosynthetic Process","GOBP_PURINE_NUCLEOSIDE_MONOPHOSPHATE_BIOSYNTHETIC_PROCESS",-0.66801370173842,-1.86790789041387,0.00404285561531698,0.0372687453169879,18,"PAICS;APRT;DGUOK;GMPS;IMPDH2;NUDT2;AMPD3;ATIC;HPRT1"
"Unsaturated Fatty Acid Biosynthetic Process","GOBP_UNSATURATED_FATTY_ACID_BIOSYNTHETIC_PROCESS",-0.506332005065991,-1.65497535150225,0.00402224674824837,0.0372687453169879,38,"FADS2;ELOVL6;SCD;FADS1;SIGMAR1;PTGES;FABP5;ELOVL5;PTGES3;CBR1;MIF;DECR2;PLAA;PNPLA8"
"Embryonic Morphogenesis","GOBP_EMBRYONIC_MORPHOGENESIS",0.358829603302924,1.32118777510499,0.00416509237729756,0.038094826625779,404,"ATOH8;WNT5A;PRICKLE1;SOBP;HES1;NR4A3;ZBTB16;LRP5;MFAP2;VANGL2;HOXC4;FZD5;LLGL2;TGFB2;ALX4;CDKN1C;ITGB5;HAND2;COL11A1;AFF3;SMO;DUSP1;TGFB1I1;GJA5;KCNQ1;ALDH1A2;LDB1;LAMA3;ITGA3;DACT1;SOCS3;MMP16;TBX3;MAB21L2;MED12;IL10;FGFR1;FN1;TECTA;PAX8;SMAD1;SUFU;COL6A1;TEAD2;PHACTR4;KLF4;SPINT1;ARMC5;BMPR2;SPINT2;SEMA4C;PAF1;GRHL2;MMP14;FOXG1;RARG;CRABP2;FOXL2;AXIN1;PTK7;NDRG4;SOX9;APLNR;ACVR2B;DVL2;TULP3;EXT1;GDF7;DLX5;TRIM28;TSHZ1;SRF;GATA6;FBXW4;CHD7;FZD3;OFD1;ZBTB17;MDFI;TGIF2;CHRNA10;ACD;FGFR2;SMAD4;PTCH1;BRD2;ZNF358;STRC"
"Outflow Tract Septum Morphogenesis","GOBP_OUTFLOW_TRACT_SEPTUM_MORPHOGENESIS",0.688784451027537,1.71333710962101,0.00414905854487016,0.038094826625779,19,"ZFPM2;TGFB2;NRP1;SMAD6;SEMA3C;BMPR2;NRP2;GATA6;FGFR2;SMAD4"
"Response to Oxidative Stress","GOBP_RESPONSE_TO_OXIDATIVE_STRESS",-0.278941132316614,-1.29292346760345,0.00416082401921195,0.038094826625779,358,"BNIP3;FADS2;IDH1;MT3;UCP2;PPIA;STC2;CYB5B;DUOX2;PSME2;NQO1;SOD2;PRDX3;MGST1;RCAN1;MAP2K1;IPCEF1;PSMA2;PRDX6;PSMA1;CAT;PRDX4;PARK7;BRF2;CASP3;PYCR1;APOE;HMOX2;PSMB7;PPIF;PRDX1;RBX1;GCLM;PRKAA1;DHRS2;ALAD;AIFM1;PSMD8;TXN;PSMB1;PSMA5;PSMD7;NUDT2;SRXN1;PSMC6;PSMD14;NCOA7;PSMD1;PSMA6;STAU1;ERN1;ROMO1;PAM;GSTP1;PSEN1;ATOX1;PSMB3;PSMC1;PSME1;PSMC2;PSMA4"
"Positive Chemotaxis","GOBP_POSITIVE_CHEMOTAXIS",0.562614083039754,1.66300886866789,0.0041931156670684,0.038187785019924,46,"WNT5A;SEMA5A;CASR;PGF;NRP1;PDGFB;HMGB2;F3"
"Translational Initiation","GOBP_TRANSLATIONAL_INITIATION",-0.364541653899998,-1.48022801597594,0.0041970588731575,0.038187785019924,116,"GAPDH;BZW2;EIF3I;EIF2AK1;EIF2AK3;EIF3B;EIF2AK4;NPM1;POLR2G;HBS1L;HABP4;DDX1;PAIP2;COPS5;EIF4A1;BANK1;NCBP2;RPS5;EIF2S2;RPS3;EIF4EBP1;EIF4E;SYNCRIP;RPL13A;RPS17;RPS3A;EIF5B;ATF4;ABCE1;BZW1;PAIP2B;EIF4E2;IMPACT;MTFMT;EIF2B4;NCK1;MIF4GD;DNAJC3;MTIF3;EIF3K"
"Cell Fate Commitment","GOBP_CELL_FATE_COMMITMENT",0.425112395641455,1.46720261934158,0.00421043787368519,0.0382102690972001,159,"WNT5A;HES1;TNXB;SOX5;TGFB2;NRP1;SMO;TGFB1I1;TEAD3;PRDM11;DHH;NOTCH4;ARHGEF2;SOCS3;BCL2;TBX3;JAG1;SOX6;FGFR1;SMAD1;KLF4;SOX13;APC2;PRDM1;BMPR2;NFE2L1;PAF1;FOXG1;SOX9;TCF7L2;NOTCH3;JAK1;EXT1;GDF7;EHMT2;GATA6;FGFR2;SMAD4;TEAD4;PTCH1;BRD2;NR2F2;CHD3"
"Bone Development","GOBP_BONE_DEVELOPMENT",0.426443710143706,1.47453297518055,0.00423317778335315,0.038317368927871,160,"DCHS1;SFRP4;TNFSF11;ZBTB16;LRRC17;TTC9;CSGALNACT1;LRP5;IGF1;ADAMTS12;FOXP1;MMP16;SLC38A10;PLXNB1;POC1A;LTBP3;FGF18;SMAD1;COL6A1;FOSL2;TP53;BMPR2;THBS3;MMP14;RARG;ACP5;SOX9;CLDN18;DYM;TULP3;EXT1;NAB2;SERPINH1;TGM2;DLX5;ASXL1;PDGFA;SH3PXD2B;SMPD3;FGFR2;PHEX;PDGFC;AXIN2;CHSY1;NAB1;ADAMTS7;FOXN3;ECM1;BBX;DDR2;KDR;GREM1;SULF2;FAM20C;TSKU;GGCX"
"Positive Regulation of Canonical Wnt Signaling Pathway","GOBP_POSITIVE_REGULATION_OF_CANONICAL_WNT_SIGNALING_PATHWAY",0.477950659800731,1.53621877961754,0.00424504196757959,0.0383257268361632,88,"SOX4;SEMA5A;ASPM;SFRP4;CDH3;JUP;DAAM2;KANK1;DACT1;WNK3;NRBP2;PPM1B;GPC5;CSNK1E;SPIN4;PTK7;EGFR;DLX5;PLEKHA4;FGFR2;FRAT1;RNF146"
"Regulation of Mitotic Cell Cycle Phase Transition","GOBP_REGULATION_OF_MITOTIC_CELL_CYCLE_PHASE_TRANSITION",0.382845315448135,1.38616757312595,0.00427481556953406,0.0384953186120252,302,"BUB1;TTK;UBE2C;DPF3;CDKN1C;BIRC5;CENPE;BUB1B;KANK2;CCND2;ANLN;DUSP1;RCC2;SMARCC2;IER3;PLK1;DLGAP5;BRCA1;CDKN2C;DACT1;BCL2;ZFP36L2;BCL7A;MBTPS1;CDK2;ESPL1;KIF14;CDK1;BRSK1;CHEK1;ZWINT;DPF2;CDC20;SMARCA2;PKIA;KLF4;TP53;DGKZ;HSPA2;SKA3;AMBRA1;ORC1;FBXO5;CTDSP2;PLK3;EGFR;MAD2L2;CDK5RAP3;RAD51B;BRD7;HECW2;CENPF;ERCC2;CDC25B;GPNMB;CDC14A;KLHL18;ARID2;DTL;USP44;PPP1R9B;DBF4B;FZR1;FOXO4;RFWD3;CDC6;BARD1;MAD1L1;E2F7;HUS1B;AKT1;CHMP4C;RBBP8;ARID1B;INCENP;FBXO31;MEPCE;ARID1A;PKD1;LCMT1;E2F1;NDC80;CCNB1;UIMC1;FOXN3;XPC;CDC7;TRIM39;CCNH;DYNLRB1;DDR2;STIL;IK;SMARCC1;SIN3A;BLM;CTDSP1;CDK2AP2;CTDSPL;FBXO7;CHFR;RB1"
"Negative Regulation of Myoblast Differentiation","GOBP_NEGATIVE_REGULATION_OF_MYOBLAST_DIFFERENTIATION",0.699601083209114,1.6992587509061,0.00430965158896778,0.0387095115798824,17,"SOX4;ID3;PRICKLE1;TBX3;SOX9;DDIT3;IL18"
"Membrane Repolarization","GOBP_MEMBRANE_REPOLARIZATION",0.591146220978644,1.66322335806411,0.00434673048797864,0.0389427030674915,35,"CACNB3;ANK2;KCNJ8;GJA5;KCNQ1;SCN5A;NPPA;AKAP9;KCNIP2;KCND2;KCNJ5;FLNA"
"Cell Cell Adhesion Mediated by Cadherin","GOBP_CELL_CELL_ADHESION_MEDIATED_BY_CADHERIN",0.583564575329984,1.68528887324602,0.00448085474784953,0.0400419239329513,41,"WNT5A;CDH4;DCHS2;CDH3;FAT3;FAT2;CDH12;NOTCH4;CDH1;CELSR2;MAD2L2;FAT4;MMP24;TJP1;CELSR1;EPCAM;CDH2;FLOT1;SMAD7;PTPRU"
"Sensory Organ Morphogenesis","GOBP_SENSORY_ORGAN_MORPHOGENESIS",0.419233821133526,1.46295584211621,0.00453780757884544,0.0404273388508858,179,"SOX4;WNT5A;SOBP;NDP;NR4A3;FAT3;LRP5;MFAP2;VANGL2;FZD5;RPGR;COL11A1;PTPRM;SHROOM2;KCNQ1;NKD1;BCL2;TTC8;TBX3;JAG1;FGFR1;AQP1;TECTA;PAX8;PHACTR4;PRDM1;NTRK2;ROM1;TOPORS;FOXG1;RARG;FOXL2;PTK7;STAU2;SOX9;TSPAN12;DVL2;RING1;DLX5;TSHZ1;CHD7;FZD3;MEGF11;CHRNA10;FGFR2;NR2E3;STRC;PROM1;ZHX2"
"Trna Metabolic Process","GOBP_TRNA_METABOLIC_PROCESS",-0.329459949393646,-1.4013718267896,0.00454706580281159,0.0404273388508858,165,"TRMT61B;LAGE3;EARS2;IARS2;EXOSC8;TPRKB;TYW3;TRIT1;METTL2B;DTWD1;SSB;FARSB;CDK5RAP1;EEF1E1;DDX1;TRUB2;ADAT2;TRMU;RPP40;EXOSC7;GTF3C4;PUS7;AIMP2;RPP30;POLR2L;METTL2A;GTF3C6;GRSF1;PUS1;POP4;AIMP1;SEPSECS;YARS2;POP1;POLR2F;GATC;FTSJ1;THUMPD2;HSD17B10;CLP1;LARS2;ELP3;TSEN15;DICER1;NAT10;POP7;FAM98B;OSGEP;MTFMT"
"Mesoderm Development","GOBP_MESODERM_DEVELOPMENT",0.490321370515636,1.55956156183204,0.00455994688373978,0.04043922514871,80,"WNT5A;NR4A3;ZFPM2;AMH;SMO;RPS6KA6;ITGA3;MEST;TBX3;FGFR1;SMAD1;TEAD2;KLF4;ARMC5;BMPR2;AXIN1;ACVR2B;EXT1;SRF;FGFR2;SMAD4"
"Neuron Projection Arborization","GOBP_NEURON_PROJECTION_ARBORIZATION",0.622755702465218,1.67305989967445,0.00458959938343876,0.0405994107075404,28,"WNT5A;CC2D1A;NRP1;FZD4;BCL7A;SEMA3A;DLG4;DVL2;TUBA1A;DVL3;CHRNA7"
"Mitotic Spindle Assembly","GOBP_MITOTIC_SPINDLE_ASSEMBLY",0.507655868243608,1.57489028010012,0.00460552570433972,0.0406376739100807,66,"PRICKLE1;KIFC1;KIF11;KIF23;BIRC5;PRC1;KIF15;PLK1;KIF4A;MYBL2;CDC20;CEP192;MAP9;MZT1;FLNA;OFD1;CLASP1;CHMP4C;INCENP;CEP97;NEK2;CHMP1B;GOLGA2;AAAS;STAG2;HNRNPU;EML3;CCDC61;TPR"
"Regulation of Filopodium Assembly","GOBP_REGULATION_OF_FILOPODIUM_ASSEMBLY",0.620090195714805,1.70386526375697,0.00462939189852929,0.0406435083221757,31,"DAAM2;RAB3IP;FSCN1;NRP1;PIK3R1;ARHGAP44;PALM;ZMYND8;STAU2;TGFB3;SRF"
"Respiratory System Development","GOBP_RESPIRATORY_SYSTEM_DEVELOPMENT",0.4154910407601,1.44522179646346,0.00462624255648842,0.0406435083221757,172,"WNT5A;HOPX;ID1;HES1;ZFPM2;SAV1;VANGL2;IGF1;IGFBP5;MYOCD;ALDH1A2;SIM2;RAB3A;ITGA3;HYDIN;DLG5;LTBP3;FGFR1;FGF18;NKIRAS2;ASS1;COL6A1;ABCA12;FOSL2;FOXP2;BMPR2;GRHL2;MMP14;ESRP2;RARG;HHIP;PTK7;SOX9;ACVR2B;HS6ST1;CLDN18;TGFB3;TULP3;EXT1;DISP1;DLX5;ASXL1;PDGFA;SRF;GATA6;BAG6;CHD7;SMPD3;FGFR2;PHEX"
"Maintenance of Cell Number","GOBP_MAINTENANCE_OF_CELL_NUMBER",0.424004997167077,1.46338062318498,0.0046733423110228,0.0409267952887822,159,"SOX4;ASPM;HES1;FOXO1;LRP5;SAV1;VANGL2;IGF1;SMO;ING1;LDB1;ING2;ZFP36L2;BCL7A;TBX3;JAG1;MED12;EIF4ENIF1;SAP30L;TRIM8;PAX8;DPF2;SMARCA2;KLF10;PHF19;KLF4;MED14;PAF1;SOX9;LDB2;LIN28A;FANCD2;TEAD4;ZNF358;ZHX2;BCL9;MMP24;SS18;DCAF5;ARID1A;KDM2B;HMGA2;TAL1;CDH2;CNOT3;SFRP1;SMARCC1;SIN3A;TET1"
"Exploration Behavior","GOBP_EXPLORATION_BEHAVIOR",0.638265374437553,1.64930366007645,0.00482228438738152,0.0419909487779714,24,"NDP;NPY2R;ABAT;ITGA3;CHL1;DLG4;ATXN3;TUBA1A"
"Gastrulation with Mouth Forming Second","GOBP_GASTRULATION_WITH_MOUTH_FORMING_SECOND",0.685021838125831,1.7039776876654,0.00481735393930866,0.0419909487779714,19,"WNT5A;PRICKLE1;LRP5;LDB1;ACVR2B;SRF;ZBTB17;SMAD4;AMOT"
"Heart Process","GOBP_HEART_PROCESS",0.413664566694899,1.43594349318454,0.0048308171160498,0.0419909487779714,168,"HOPX;JUP;CAMK2D;FGF12;TGFB2;ANK2;ACE;KCNJ8;DSP;GJA5;KCNQ1;CACNB2;AVPR1A;PIK3CA;SCN5A;GJC1;TNNI3;SCN9A;FYN;EDNRB;TRPC1;HBEGF;PPP1R13L;ADORA3;GSTM2;GSK3A;SGCD;NPPA;AKAP9;GNAO1;KCNIP2;EXT1;KCND2;KCNJ5;FLNA;GATA6;CACNA1G;DES;TMEM38A"
"Mitotic Sister Chromatid Separation","GOBP_MITOTIC_SISTER_CHROMATID_SEPARATION",0.519199397892796,1.60211333152217,0.00490844600763557,0.0425601147642262,62,"BUB1;TTK;UBE2C;BIRC5;BUB1B;DUSP1;PLK1;DLGAP5;ESPL1;ZWINT;CDC20;SKA3;FBXO5;MAD2L2;CENPF;USP44;NCAPH2;MAD1L1;INCENP;LCMT1;NDC80;CCNB1"
"Negative Regulation of Nuclear Division","GOBP_NEGATIVE_REGULATION_OF_NUCLEAR_DIVISION",0.535570919342117,1.62838339536599,0.00493371471295158,0.0426116990664891,57,"BUB1;TTK;BIRC5;BUB1B;DUSP1;PLK1;CHEK1;ZWINT;CDC20;SKA3;FBXO5;MAD2L2;CENPF;USP44;MAD1L1;INCENP;TOM1L2;LCMT1;NDC80;CCNB1;DYNLRB1;IK;TPR;RAD21;DYNLT3;RAD1;KNTC1;MAD2L1;SPC25;ZWILCH"
"Regulation of Membrane Potential","GOBP_REGULATION_OF_MEMBRANE_POTENTIAL",0.380383138291471,1.37196404957954,0.00493872389979863,0.0426116990664891,278,"NLGN4X;CACNB3;NDP;RIMS1;NPY2R;CASR;KCNK5;GRID2;JUP;GABRB1;CAMK2D;SLC25A27;FGF12;PRKCZ;RNF122;RIMS4;GRIK1;PMAIP1;ABAT;ANK2;KCNJ8;MAPK8IP2;KCNMB2;TMEM108;DSP;ANK3;GJA5;RIMS2;KCNQ1;CACNB2;SCN5A;RIMS3;BCL2;CRTC1;GJC1;KCNMB3;MTMR2;KCNK6;SCN9A;COL6A1;TSPAN9;NTRK2;DLG4;GSK3A;KCNC1;ZMYND8;NPPA;GABBR1;BOK;AKAP9;SYT1;ELOVL4;KCNIP2;PRKAR1B;KCND2;GRIK2;KCNJ5;SLC29A1;FLNA;CHRNA7;CACNA1G"
"Alpha Amino Acid Biosynthetic Process","GOBP_ALPHA_AMINO_ACID_BIOSYNTHETIC_PROCESS",-0.470387761598117,-1.59053349648142,0.00506352222967912,0.0435811262176068,45,"PLOD1;GOT2;PARK7;PYCR1;PSAT1;GLS;MTHFD1;BHMT2;GOT1;PLOD2;PSPH;SEPSECS;ENOPH1;PLOD3;MTHFD2L;SHMT2;CLN3;GLUD2;MTRR"
"Heart Valve Morphogenesis","GOBP_HEART_VALVE_MORPHOGENESIS",0.559049835572366,1.64051617071556,0.00512179664183908,0.0439746412655938,44,"SOX4;DCHS1;TGFB2;SMAD6;HEYL;GJA5;ADAMTS5;JAG1;SNAI2;BMPR2;NFATC1;NPPA;SOX9"
"Cell Cycle Phase Transition","GOBP_CELL_CYCLE_PHASE_TRANSITION",0.353473460440312,1.30944873288442,0.0051374769954226,0.0440014227749764,481,"IQGAP3;BUB1;TTK;UBE2C;DPF3;CDKN1C;BIRC5;CENPE;BUB1B;KANK2;CCND2;CCNA2;ANLN;EPS8;APBB1;DUSP1;RCC2;SMARCC2;IER3;PHF8;STK33;PLK1;MYB;SUSD2;DLGAP5;BRCA1;CDKN2C;DACT1;CDK14;UBE2S;BCL2;ZFP36L2;BCL7A;FOXM1;MBTPS1;CCNG1;CDK2;MN1;MELK;ESPL1;KIF14;CDK1;BRSK1;CHEK1;ZWINT;CCNF;DPF2;CDC20;SMARCA2;CDK6;PKIA;KLF4;TP53;DGKZ;HSPA2;SKA3;AMBRA1;ORC1;MDC1;FAM83D;PAF1;PPM1D;PLK2;FBXO5;CTDSP2;PLK3;EGFR;MAD2L2;AKAP8L;CDK5RAP3;MUS81;TMSB4X;RAD51B;BRD7;HECW2;CENPF;ERCC2;CDC25B;GPNMB;USP28;BRCA2;CDC14A;CLASP1;KLHL18;FANCD2;ARID2;DTL;USP44;PPP1R9B;DBF4B;FZR1;FOXO4;RFWD3;CDC6;BARD1;GNB1L;MAD1L1;USP37;MASTL;E2F7;HUS1B;AKT1;CHMP4C;ANAPC2;RBBP8;ARID1B;INCENP;NEK2;CDK18;FBXO31;MEPCE;ARID1A;PKD1;NPAT;LCMT1;E2F1;NDC80;CCNB1;UIMC1;FOXN3;EME1;POLE;XPC;CDC7;TRIM39;FBXO6"
"Cellular Process Involved in Reproduction in Multicellular Organism","GOBP_CELLULAR_PROCESS_INVOLVED_IN_REPRODUCTION_IN_MULTICELLULAR_ORGANISM",0.3987450572982,1.42477026207635,0.00517923158619521,0.0441955150939905,233,"FSHR;ASPM;ZDBF2;ZBTB16;CCNB1IP1;IGF1;AMH;KLC3;CDKN1C;AGFG2;TUBA8;STK33;ANG;PIK3CA;HMGB2;ING2;CEP57;DHH;DNMT3A;FZD4;BCL2;SPESP1;CCDC159;FANCG;CCDC136;SUFU;HOOK1;PRDM1;HSPA2;MOV10L1;MDK;FSIP2;CATSPERG;DND1;GSK3A;RBM46;FOXL2;INHBB;TDRD12;FBXO5;STAU2;GDF9;TTC21A;CDC25B;DPY19L2;LIN28A;PAQR8;EHMT2;TRIM28;BRCA2;MAST2;CEP70;DZIP1;SIX5;PTCH1;SBF1;DNAH1;CHN2;DIRAS3;AKT1;MNS1;MYCBPAP;PYGO1;TSSK4;FOLR2;WT1;CCNB1;PRMT7;PMFBP1;CTCF;WNT4"
"Regulation of Cartilage Development","GOBP_REGULATION_OF_CARTILAGE_DEVELOPMENT",0.551983597071959,1.64697625714029,0.00518537159681133,0.0441955150939905,49,"WNT5A;ZBTB16;SOX5;TGFB2;ADAMTS12;MBOAT2;LTBP3;SOX6;FGF18;SMAD1;SNAI2;BMPR2;MDK;RARG;SOX9;ZNF219;SMPD3;AXIN2;GDF6;ADAMTS7"
"Renal System Process","GOBP_RENAL_SYSTEM_PROCESS",0.474394084917264,1.53543855459889,0.00521963898148796,0.0443796003693017,92,"MYO5B;PDGFB;GJA5;KCNQ1;HSD11B2;ITGA3;ADCY1;BCL2;WNK3;NPR3;AQP1;MCAM;MLLT6;PCSK5;INPP5K;SGK1;EDNRB;KLHL3;ADCY3;GAS6;ADCY2;PRKAR1B;CHRNA7;F2R;CHRNB2;KCNMA1"
"Negative Regulation of Canonical Wnt Signaling Pathway","GOBP_NEGATIVE_REGULATION_OF_CANONICAL_WNT_SIGNALING_PATHWAY",0.469381242184196,1.54856284700822,0.00527258744920393,0.0447212441514803,102,"WNT5A;PRICKLE1;SFRP4;FOXO1;BICC1;ZNRF3;DAB2IP;IGFBP1;LMBR1L;NKD1;TMEM88;SFRP5;MEST;DACT1;EGR1;SNAI2;IGFBP2;SOX13;APC2;MDK;GSK3A;AXIN1;NPPA;MAD2L2;SOX9;TCF7L2;CTNNBIP1;LIMD1;DDIT3"
"Potassium Ion Import Across Plasma Membrane","GOBP_POTASSIUM_ION_IMPORT_ACROSS_PLASMA_MEMBRANE",0.62383721716952,1.66066376954317,0.00534006754711293,0.0451841947283493,27,"KCNK5;FXYD6;ANK2;KCNJ8;KCNQ1;SLC12A4;SLC12A5;KCNJ16"
"Coronary Vasculature Development","GOBP_CORONARY_VASCULATURE_DEVELOPMENT",0.600732281575276,1.69344283404169,0.00541082253580313,0.0456725574528153,36,"PRICKLE1;NRP1;SMAD6;HAND2;KCNJ8;MYOCD;SUFU;PRDM1;SGCD;PTK7;APLNR;SRF;GATA6;ARID2"
"Hydrogen Peroxide Metabolic Process","GOBP_HYDROGEN_PEROXIDE_METABOLIC_PROCESS",-0.504848928391979,-1.65779177487509,0.00545061834693073,0.0458680819909285,39,"MT3;DUOXA2;DUOX2;SOD2;PRDX3;PRDX6;CAT;PRDX4;PARK7;PRDX1;TXN;ACOX1"
"l Amino Acid Metabolic Process","GOBP_L_AMINO_ACID_METABOLIC_PROCESS",-0.35575000859568,-1.48230430027206,0.00547024854972316,0.0458680819909285,125,"QPRT;UCP2;NR1H4;PLOD1;DDO;GOT2;P4HB;PARK7;ALDH8A1;PYCR1;HAL;FAH;GCLM;HMGCL;PSAT1;AGMAT;GLS;MTHFD1;MCCC2;ECHS1;DLD;BHMT2;GOT1;GCAT;NAT8L;IVD;GPT2;HDC;SERINC3;FTCD;PLOD2;PSPH;ENOPH1;ABCC4;NIT2;MTTP;QDPR;HIBADH;HSD17B10;PLOD3;GCDH;MTHFD2L;SHMT2;ATF4;CLN3;MTHFS;GLUD2;ALDH5A1;SLC7A11;MTRR"
"Positive Regulation of Neuron Projection Development","GOBP_POSITIVE_REGULATION_OF_NEURON_PROJECTION_DEVELOPMENT",0.454449305343858,1.51707592028044,0.00547326813365918,0.0458680819909285,114,"WNT5A;DBN1;NDNF;CNTN1;ROBO3;CAMK1;PPP2R5B;BCL11A;DAB2IP;APBB1;DDR1;FEZ1;KIDINS220;SF3A2;FGFR1;SMAD1;FYN;GPC2;ZDHHC15;PTPRD;MDK;NTRK2;MAPRE3;RYK;PTK7;STAU2;NDRG4"
"Maintenance of Synapse Structure","GOBP_MAINTENANCE_OF_SYNAPSE_STRUCTURE",0.621284630092209,1.65386874551891,0.00549999473739365,0.0459820562412648,27,"PRICKLE1;RIMS1;RIMS2;RAB3A;RIMS3;ERC2;BSN;SYNGAP1;C1QTNF3;ERC1;SORT1;DCTN1"
"Cell Differentiation Involved in Embryonic Placenta Development","GOBP_CELL_DIFFERENTIATION_INVOLVED_IN_EMBRYONIC_PLACENTA_DEVELOPMENT",0.673314809275002,1.70232268389385,0.00555252861391078,0.0462007309608776,20,"FZD5;KRT8;E2F8;PRDM1;SPINT2;GRHL2;KRT19;PLK4;SOX15;MDFI;E2F7;NR2F2"
"Erk1 and Erk2 Cascade","GOBP_ERK1_AND_ERK2_CASCADE",0.392938044741401,1.4046286702588,0.00555077519822809,0.0462007309608776,228,"FSHR;IQGAP3;NPNT;PLA2G5;CASR;TNFSF11;NDRG2;SEMA7A;PRKCZ;AKAP12;IGF1;JUN;FBLN1;NRP1;PDGFB;HAND2;NRG1;ERBB2;DAB2IP;DUSP1;ATF3;RPS6KA6;MAP3K12;GRB10;ZFP36L2;DNAJC27;FN1;CDK1;PDGFD;FGF18;KLF4;PRKD2;FAM83D;AGER;EGFR;NDRG4;SOX9;MAP2K7;GAS6;FERMT2;PDGFA;GPNMB;CHRNA7;F2R;HCRTR1;CHRNA10;FGFR2;SMAD4;PDGFC;SPRY4;RRAS;NECAB2;SEMA6A;CEACAM1;LGALS9"
"Establishment of Cell Polarity","GOBP_ESTABLISHMENT_OF_CELL_POLARITY",0.441807664533399,1.49521768920253,0.0056219527873571,0.0465018589342044,130,"WNT5A;PRICKLE1;HES1;UST;PRKCZ;KANK1;PARD3B;FSCN1;LLGL2;CENPA;KCNJ8;NUMA1;AMOTL2;FBF1;TTC8;PAK1;FEZ1;SKA2;FAM89B;FRMD4A;BRSK1;SKA3;PTK7;SPAG5;DIAPH3"
"Placenta Development","GOBP_PLACENTA_DEVELOPMENT",0.443097021209123,1.49328681586652,0.00562854358781121,0.0465018589342044,124,"NDP;HES1;HTRA1;PTGIS;VASH2;FZD5;LLGL2;JUNB;CDKN1C;ETNK2;PDGFB;CITED1;ANG;SOCS3;KRT8;IL10;E2F8;CCNF;LHX4;PEG10;SPINT1;PRDM1;BMPR2;SPINT2;PLCD3;GRHL2;EGFR;HS6ST1;KRT19;PLK4;SOX15;TRIM28;MDFI;FGFR2;E2F7;AKT1;NR2F2;CEBPB;PKD1;PTGS2"
"Response to Alkaloid","GOBP_RESPONSE_TO_ALKALOID",0.509944098740654,1.57817739575707,0.00562601898654207,0.0465018589342044,64,"HOMER2;HES1;CRHBP;FOSB;ADRA2A;ABAT;CCNA2;HDAC5;DNMT3A;PRKCG;FYN;CPT1A;MAPRE3;GSTM2;HOMER1;SLC1A3;TGM2;EHMT2;CASP7;CHRNB2;TMEM38A;PPP1R9B;PTCH1"
"Hippo Signaling","GOBP_HIPPO_SIGNALING",0.550043957984538,1.63728352565637,0.00566997225987443,0.046733912532565,48,"DCHS1;SAV1;TEAD3;AMOTL2;DLG5;WTIP;VGLL4;TEAD2;STRN4;TEAD1;WWC3;ARRDC3;WWC2;CIT;LIMD1;FAT4;TEAD4;AMOT;SIRT1;AMOTL1"
"Positive Regulation of Telomere Maintenance via Telomere Lengthening","GOBP_POSITIVE_REGULATION_OF_TELOMERE_MAINTENANCE_VIA_TELOMERE_LENGTHENING",-0.583163175589928,-1.79896369913972,0.00574372135429993,0.0472306476622363,26,"DKC1;CCT5;CCT8;CCT3;CTNNB1;PTGES3;CCT7;ATR;DHX36;POT1;FBXO4;HSP90AA1;CCT6A;CCT4"
"Cardiac Muscle Cell Action Potential Involved in Contraction","GOBP_CARDIAC_MUSCLE_CELL_ACTION_POTENTIAL_INVOLVED_IN_CONTRACTION",0.55659727133862,1.63331918928535,0.00580468343031625,0.0475088926551351,44,"JUP;FGF12;ANK2;KCNJ8;DSP;GJA5;KCNQ1;CACNB2;SCN5A;GJC1;SCN9A;KCNJ5;FLNA;CACNA1G;CTNNA3;SCN3B;CACNA1C;SCN4A"
"Neuroblast Proliferation","GOBP_NEUROBLAST_PROLIFERATION",0.550295848492145,1.62659788302685,0.00579708567713521,0.0475088926551351,46,"ASPM;SOX5;SMO;TEAD3;ARHGEF2;FGFR1;EML1;DCT;FOXG1;HHIP;KCTD11;KDM1A;FZD3;FGFR2;CX3CR1"
"Antigen Processing and Presentation of Endogenous Peptide Antigen","GOBP_ANTIGEN_PROCESSING_AND_PRESENTATION_OF_ENDOGENOUS_PEPTIDE_ANTIGEN",-0.615910739534724,-1.79425447930209,0.00585070399708317,0.0476184855980333,21,"HLA-G;TAP1;B2M;TAP2;HLA-A;HLA-B;ULBP3;IDE;ERAP1"
"In Utero Embryonic Development","GOBP_IN_UTERO_EMBRYONIC_DEVELOPMENT",0.371092990487896,1.35218614166548,0.00587244812399383,0.0476184855980333,333,"HOPX;DBN1;HES1;ZFPM2;CCNB1IP1;VASH2;IGF1;FZD5;LLGL2;JUNB;FBLL1;CDKN1C;ETNK2;ARNT2;PDGFB;HAND2;SKIL;SMO;CITED1;MYB;NASP;SOCS3;KRT8;DNAAF2;TBX3;PPP4R4;IL10;FGFR1;WDTC1;E2F8;CHEK1;SPECC1;INPP5K;KLF4;SPINT1;PRDM1;ARMC5;SPINT2;PLCD3;GRHL2;BCOR;RBM46;INPP5B;AXIN1;EGFR;HS6ST1;DIAPH3;INTS1;EPN1;TGFB3;ZFP14;RAD51B;POLG2;ERCC2;KRT19;PLK4;SOX15;NECAB1;TRIM28;SRF;GATA6;BRCA2;ASF1B;CHD7;APBA3;XAB2;UNK;MDFI;C6;FGFR2;SMAD4;TEAD4;PTCH1;ZFAND5;APOB;E2F7;CMTM3;AKT1;NR2F2;RBBP8;AMOT;SH3PXD2A;N4BP2L2;NEK2;CEBPB;PKD1;NPAT;CCNB1;CTCF;STMN3;RBBP6"
"Regulation of Transmembrane Transporter Activity","GOBP_REGULATION_OF_TRANSMEMBRANE_TRANSPORTER_ACTIVITY",0.517507888184426,1.58734378091679,0.00584654287067047,0.0476184855980333,60,"DAPK1;CACNB3;PIM1;CAMK2D;FGF12;CRHBP;PRRT1;ANK3;KCNQ1;WNK3;GOPC;GPR35"
"Skeletal Muscle Cell Differentiation","GOBP_SKELETAL_MUSCLE_CELL_DIFFERENTIATION",0.546664992888518,1.62722555882449,0.00586381282360311,0.0476184855980333,48,"S100B;EGR2;NR4A1;FOS;BTG2;HEYL;ATF3;MYOCD;EGR1;COL6A1"
"Exocrine System Development","GOBP_EXOCRINE_SYSTEM_DEVELOPMENT",0.57038081284095,1.62970274900329,0.00598509926666392,0.0484198677393157,39,"IGF1;TGFB2;IGSF3;NRP1;SEMA3C;INSR;TFCP2L1;NTN4;FGFR1;SNAI2;ESRP2;EGFR;SOX9;TGFB3;TGM2;PDGFA;FGFR2;DAG1;TWSG1"
"Alpha Amino Acid Metabolic Process","GOBP_ALPHA_AMINO_ACID_METABOLIC_PROCESS",-0.333933697864468,-1.38663227510107,0.00600287204834657,0.0484517529616544,142,"QPRT;UCP2;NR1H4;PLOD1;DDO;GOT2;P4HB;PARK7;ALDH8A1;PYCR1;BPHL;GCSH;HAL;FAH;GCLM;HMGCL;PSAT1;AGMAT;GLS;MTHFD1;MCCC2;ECHS1;SARDH;DLD;BHMT2;GOT1;GCAT;NAT8L;IVD;GPT2;HDC;SERINC3;FTCD;PLOD2;PSPH;FH;SEPSECS;ENOPH1;ABCC4;NIT2;MTTP;QDPR;HIBADH;HSD17B10;PLOD3;GCDH;MTHFD2L;SHMT2;ATF4;CLN3;MTHFS;GLUD2;ALDH5A1"
"Dendritic Spine Development","GOBP_DENDRITIC_SPINE_DEVELOPMENT",0.486813442813966,1.54300705314713,0.0060315925633203,0.0485716522972667,79,"NDP;DBN1;PAK3;CPEB3;CAMK1;PTPRS;SRGAP2;DLG5;NGEF;ARHGAP33;ARHGAP44;SLC12A5;KIF1A;ZDHHC15;PTPRD;MAPRE3;DLG4;ZMYND8;STAU2"
"Regulation of Lipid Metabolic Process","GOBP_REGULATION_OF_LIPID_METABOLIC_PROCESS",-0.295485498389689,-1.34713196868215,0.00604892031809408,0.0485994676015678,246,"PGK1;MLXIPL;IDH1;APOC1;NR1H4;FABP3;PDK1;NME1;SEC14L2;APOA1;SCARB1;SPATA18;LPIN1;STAR;TPK1;ABHD5;TMX1;ANGPTL3;NR3C1;LPCAT3;RORA;RAB38;APOE;BBS4;FABP5;FBXW7;STARD4;ACSL3;ABHD6;PRKAA1;PDK3;INSIG2;TBL1XR1;LPGAT1;MAPK1;PSAP;HCAR3;ELOVL5"
"Actin Filament Bundle Organization","GOBP_ACTIN_FILAMENT_BUNDLE_ORGANIZATION",0.432178162632544,1.47907796956183,0.00614650067920754,0.0487131037992399,143,"LIMCH1;ARHGAP28;ARHGEF10L;MICAL1;FSCN1;ARHGAP6;SORBS1;LIMS2;NRP1;ITGB5;PAWR;EPS8;SHROOM2;CGNL1;PDLIM1;SORBS3;PIK3R1;TTC8;PAK1;MARCKS;ACTG1;INPP5K;ARHGEF18;TESK1;LIMK1;TNFAIP1;DIAPH3;CD47;TGFB3;ASAP3;FERMT2;FLNA;SRF;ESPNL;PARVB;CLASP1;MYL9;AMOT;TJP1;SYNPO2L;BAIAP2L1;FAM171A1;WNT4;ROCK2;CORO1B;ARHGEF5;KCTD13;AIF1L"
"Action Potential","GOBP_ACTION_POTENTIAL",0.449151042678539,1.50026524865522,0.00613772807542525,0.0487131037992399,112,"CACNB3;NDP;JUP;CAMK2D;FGF12;ANK2;KCNJ8;KCNMB2;DSP;ANK3;GJA5;KCNQ1;CACNB2;SCN5A;GJC1;KCNMB3;SCN9A;NTRK2;KCNC1;AKAP9;KCNIP2;KCND2;GRIK2;KCNJ5;FLNA;CACNA1G;CHRNB2;CTNNA3;KCNG1;SCN3B"
"Endocardial Cushion Development","GOBP_ENDOCARDIAL_CUSHION_DEVELOPMENT",0.578876913091868,1.63026820866422,0.00609212304997428,0.0487131037992399,37,"DCHS1;TGFB2;HEYL;CRELD1;ADAMTS5;TBX3;JAG1;SNAI2;BMPR2;SOX9;APLNR;TGFB3"
"Negative Regulation of Developmental Growth","GOBP_NEGATIVE_REGULATION_OF_DEVELOPMENTAL_GROWTH",0.506952420349248,1.56891873539733,0.00610686406316989,0.0487131037992399,64,"WNT5A;SEMA5A;SOCS2;SAV1;NRP1;PTPRS;SEMA6C;BCL11A;TLL2;FOXP1;PAK1;ULK2;VGLL4;CDH1;WWC3;MAG;RYK;GSK3A;WWC2;ULK1"
"Regulation of Anatomical Structure Size","GOBP_REGULATION_OF_ANATOMICAL_STRUCTURE_SIZE",0.366632294865721,1.34258281139888,0.00613230404001527,0.0487131037992399,368,"FSHR;IQGAP3;WNT5A;SEMA5A;CDH4;PLEKHH2;CASR;ARHGAP28;AKT3;VSTM4;SEMA7A;PAK3;DAAM2;KANK1;CDKL5;HIP1R;ADRA2A;NRP1;FCHSD1;KANK2;PLEKHG2;PTPRS;SEMA6C;ACE;SSH3;KCNJ8;KCNMB2;BCL11A;EPS8;GJA5;TTL;AVPR1A;PIK3CA;SLC12A4;ITGA9;ZDHHC21;PAK1;TMOD2;ULK2;WNK3;SPTBN2;GDI1;WDTC1;FN1;AQP1;KCNK6;SLC12A5;CDH1;COL6A1;TMOD1;OXTR;EDNRB;SEMA3A;BMPR2;CDC42EP1;MAG;FAAH;RARG;CRABP2;RYK;GBA2;LIMK1;NPPA;ULK1;TMSB4X;EXT1;CNTN2;ZFYVE27;AVIL;ASXL1;SRF;DIP2B;F2R"
"Srp Dependent Cotranslational Protein Targeting to Membrane","GOBP_SRP_DEPENDENT_COTRANSLATIONAL_PROTEIN_TARGETING_TO_MEMBRANE",-0.621794294603652,-1.77975386727591,0.00609930894379236,0.0487131037992399,19,"SRPRB;TRAM2;SEC61B;SSR3;SEC61A1;SEC61G;SRP72;SRP68;SRP19;SRP9;TRAM1;SEC63;SRP14;SRP54"
"Regulation of Membrane Repolarization","GOBP_REGULATION_OF_MEMBRANE_REPOLARIZATION",0.631160516095183,1.66075496470535,0.00623921860760951,0.0493363042493366,26,"CACNB3;ANK2;GJA5;KCNQ1;SCN5A;NPPA;AKAP9;KCNIP2;FLNA"
"Metaphase Chromosome Alignment","GOBP_METAPHASE_CHROMOSOME_ALIGNMENT",0.472855815671149,1.51830883461138,0.00625710149629303,0.049366275994402,89,"KIFC1;TTK;BIRC5;CENPE;CENPA;RCC2;KIF2C;NUMA1;TTL;KIF18A;SKA2;KIF14;CDK1;ZWINT;CEP55;SKA3;FAM83D;SPAG5;GEM;CENPF;KIF22;MAD1L1;CENPV;CHMP4C;INCENP;PMF1;NEK2;NDC80;CCNB1;SIRT1;DCTN2"
"Forebrain Development","GOBP_FOREBRAIN_DEVELOPMENT",0.374218541864762,1.35063662627465,0.00635430388832716,0.0499545639095096,280,"WNT5A;SEMA5A;ASPM;HES1;NR4A3;NDNF;SEMA7A;FOS;PCDH9;BTG2;SYNE2;FBXO41;NRP1;PTPRS;SMO;TMEM108;DAB2IP;ALDH1A2;AVPR1A;SRGAP2;SCN5A;FOXP1;CEP120;FILIP1;TTC8;TBX3;FEZ1;FGFR1;AQP1;KIF14;CAPS2;CDH1;FYN;AXL;CDK6;FOXP2;SEMA3A;NR4A2;DCT;MDK;NTRK2;FOXG1;RYK;MDGA1;INHBB;KCNC1;EGFR;SECISBP2;ATRX;NRP2;NOTCH3;EXT1;CNTN2;TYRO3;TUBA1A;GDF7;DLX5;FLNA;SRF;KDM1A;KIRREL3;FAT4;CHD7;FXR2;SUN1;CHRNB2;XAB2;PPP1R9B;FGFR2"
"Positive Regulation of Autophagy of Mitochondrion","GOBP_POSITIVE_REGULATION_OF_AUTOPHAGY_OF_MITOCHONDRION",-0.616400761268619,-1.81161855842197,0.00636018712636063,0.0499545639095096,22,"BNIP3;VDAC1;HK2;PARK7;EIF2AK1"
"Antigen Processing and Presentation of Peptide Antigen via Mhc Class i","GOBP_ANTIGEN_PROCESSING_AND_PRESENTATION_OF_PEPTIDE_ANTIGEN_VIA_MHC_CLASS_I",-0.513313000955424,-1.6432807628511,0.00643191540089719,0.0504049209157558,35,"HLA-G;PDIA3;TAP1;B2M;TAP2;HLA-A;ABCB9;CALR;HLA-B;ULBP3;IDE"
"Cellular Pigmentation","GOBP_CELLULAR_PIGMENTATION",-0.453055149901123,-1.61482121394126,0.00651073206719962,0.0507953105376398,57,"ABCB6;BBS7;HPS5;MAP2K1;AP1S1;RAB38;APOE;BBS4;TYRP1;CD63;MKKS;KIF13A;ANKRD27;RAB1A;BACE2"
"Epithelial Cell Differentiation","GOBP_EPITHELIAL_CELL_DIFFERENTIATION",0.351574720356109,1.30027243656516,0.00650080140664156,0.0507953105376398,450,"SOX4;FSHR;ID3;ATOH8;WNT5A;NDP;DCHS2;ID1;SFRP4;CDH3;HES1;CD24;PRLR;GSTA1;SPRR2F;SAV1;IGF1;TGFB2;JUN;CDKN1C;NRP1;PDGFB;PTPRS;NRG1;SKIL;SMO;DSP;CITED1;NUMA1;TGFB1I1;KCNQ1;AMOTL2;TFCP2L1;MSI1;HYDIN;DLG5;NOTCH4;ZFP36;ZDHHC21;FZD4;TTC8;S1PR3;TBX3;JAG1;VIM;FGFR1;HPSE;TECTA;CDK1;E2F8;PAX8;COL6A1;TMOD1;ABCA12;CPT1A;EDNRB;CDK6;FOSL2;REG3G;KLF4;PRDM1;BMPR2;SPINT2;NFE2L1;GRHL2;RARG;GSK3A;FOXL2;TJP2;PTK7;SOX9;ACVR2B;CEP152;ATRX;VCL;EXT1;ERCC2;KRT19;PLK4;GDF7;FSTL1;DLX5;FLNA;ASXL1;GATA6;ADAMTSL4;FAT4;FGFR2;FZR1;SMAD4;ESR1;AKT2;PTCH1;NFKBIZ;STRC;E2F7;AKT1;PROM1;NR2F2;RAP2B;CEACAM1"
"Atrioventricular Valve Development","GOBP_ATRIOVENTRICULAR_VALVE_DEVELOPMENT",0.662203409321861,1.69884055793428,0.00658094124417727,0.051228971507451,22,"SOX4;DCHS1;TGFB2;SMAD6;HEYL;GJA5;BMPR2;APLNR;SMAD4;AXIN2"
"Chondroitin Sulfate Proteoglycan Biosynthetic Process","GOBP_CHONDROITIN_SULFATE_PROTEOGLYCAN_BIOSYNTHETIC_PROCESS",0.661821453816504,1.69786067547717,0.00669154271697948,0.0517977745762755,22,"CHST7;UST;CSGALNACT1;IGF1"
"Chromosome Localization","GOBP_CHROMOSOME_LOCALIZATION",0.456985250096963,1.512843080316,0.00669837050615267,0.0517977745762755,104,"KIFC1;TTK;BIRC5;CENPE;CENPA;RCC2;KIF2C;NUMA1;TTL;DLGAP5;KIF18A;SKA2;KIF14;CDK1;ZWINT;CEP55;SKA3;FAM83D;SPAG5;LMNA;GEM;CENPF;SUN1;KIF22;MAD1L1;CENPV;CHMP4C;INCENP;PMF1;NEK2;NDC80;CCNB1;SIRT1;DCTN2"
"Regulation of Proteolysis","GOBP_REGULATION_OF_PROTEOLYSIS",-0.27421056535889,-1.26620962709106,0.00668675000297424,0.0517977745762755,334,"SPOCK3;SERPINB1;ENO1;GAPDH;BBS7;BCAP31;PSME2;CTSC;MTM1;PSMA2;PSMA1;SPON1;PARK7;TMX1;S100A10;PTPN3;GNA12;APOE;ANXA2;ASPH;PSMB7;PTEN;RNFT2;RBX1;FBXW7;UCHL5;EPM2A;CTSZ;TSPAN5;IL33;GAS1;MDM2;ALAD;PSMD8;AGTPBP1;PSMB1;PSMA5;PSMD7;IDE;HSP90AB1;PSMC6;PSMD14;FADD;PSMD1;RYBP;USP14;DNAJC1;GLMN;PSMA6;EPHA4;PSEN1;PSMB3;SH3RF2;PSMC1;PSME1;PSMC2;PSMA4;PITHD1;GPX1;ANXA2P2;PSENEN;RPL5;NEDD8;GABARAPL2;PTK2B;GSK3B;PSMB4;USP13;CSTA;PSMB6;RAD23B;PSMD6;PDCL3;FBXW8;BAG2;UBQLN1;NR1H3;ZFAND2A;SGTA;USP7;TRIB3;LDLRAD3;HSPBP1;PARL;USP38"
"Mitotic G2 m Transition Checkpoint","GOBP_MITOTIC_G2_M_TRANSITION_CHECKPOINT",0.543416042268069,1.60626213404677,0.00677136450883321,0.0521320656581159,46,"IER3;PLK1;BRCA1;MBTPS1;CDK1;BRSK1;CHEK1;ORC1;CDK5RAP3;DTL;FZR1;FOXO4;CDC6;BARD1;HUS1B;RBBP8;UIMC1;FOXN3;CDC7;TRIM39;BLM;CHFR;CLSPN"
"Protein Transmembrane Transport","GOBP_PROTEIN_TRANSMEMBRANE_TRANSPORT",-0.402777664774541,-1.50763960185978,0.00675929139916214,0.0521320656581159,73,"SAMM50;HSPA5;GRPEL1;TOMM40;TRAM2;ABCA1;AIFM1;SSR4;SSR1;SEC61B;SSR3;ROMO1;TIMM17A;SEC61A1;HSPA4;TIMM23;SEC61G;HSP90AA1;HSPD1;TIMM22;IFT20;TRAM1;PEX5L;RAB11A;PEX7;SEC63;SSR2;TOMM22;DNAJC19;SEC62"
"Heart Growth","GOBP_HEART_GROWTH",0.515808245530177,1.57638927072456,0.00682332377170678,0.0524168929216861,59,"PIM1;ZFPM2;SAV1;IGF1;TGFB2;NRG1;FOXP1;PAK1;FGFR1;VGLL4;CDK1;SMAD1;GSK3A;NPPA;NDRG4;GATA6;ARID2;FGFR2;WT1;CCNB1;GLI1;HEY2;RXRB;COL14A1;ACACB;KRAS;CTDP1;PROX1;RUNX1"
"Cellular Component Assembly Involved in Morphogenesis","GOBP_CELLULAR_COMPONENT_ASSEMBLY_INVOLVED_IN_MORPHOGENESIS",0.483696834567828,1.55029424441992,0.00687174442794012,0.0526733495209502,86,"MYH11;PGM5;CNTN1;AGFG2;KRT8;TMOD2;NEURL2;ACTG1;CAPN3;CCDC136;MTMR2;TMOD1;CSRP2;MAG;CSRP1;FLNC;ERCC2;KRT19;SRF;CEP70;MYL9;SMAD4;CHN2;MYCBPAP;SYNPO2L;FIG4;PRKD1;GPC1"
"Positive Regulation of Vascular Associated Smooth Muscle Cell Proliferation","GOBP_POSITIVE_REGULATION_OF_VASCULAR_ASSOCIATED_SMOOTH_MUSCLE_CELL_PROLIFERATION",0.614050328785746,1.63461092994306,0.00688830370215633,0.0526849953464053,27,"NR4A3;IGF1;JUN;PDGFB;IGFBP5;HPGD;PAK1;IL10"
"Glucose Metabolic Process","GOBP_GLUCOSE_METABOLIC_PROCESS",-0.323449176821993,-1.37453425178755,0.00703140001644684,0.0536033180717709,159,"PGK1;LDHA;ALDOC;ENO2;PDK1;TPI1;BOLA3;ENO1;GAPDH;SORD;GPI;PFKP;PFKFB4;DLAT;HK2;IGF2;PGAM1;NR3C1;RORA;ERRFI1;FABP5;LIPA;ALDOA;PRKAA1;PDK3;HKDC1;FBN2;PFKFB3;SLC39A14"
"Regulation of Muscle System Process","GOBP_REGULATION_OF_MUSCLE_SYSTEM_PROCESS",0.409781731781531,1.42214224116974,0.00703897411162278,0.0536033180717709,166,"CACNB3;NPNT;NPY2R;FOXO1;JUP;NR4A3;CAMK2D;IGF1;PPP1R12B;ADRA2A;ABAT;IGFBP5;ANK2;HAND2;DSP;GJA5;KCNQ1;MYOCD;CACNB2;SCN5A;FOXP1;ZDHHC21;PAK1;NPR3;TNNI3;PDE9A;KLF4;TACR2;GSTM2;GSK3A;NPPA;APLNR;AKAP9;CACNB1;LMNA;SRF;F2R;FBXO32;TMEM38A;MYL9;SMAD4;CTNNA3"
"Maturation of Ssu Rrna from Tricistronic Rrna Transcript Ssu Rrna 5 8s Rrna Lsu Rrna","GOBP_MATURATION_OF_SSU_RRNA_FROM_TRICISTRONIC_RRNA_TRANSCRIPT_SSU_RRNA_5_8S_RRNA_LSU_RRNA",-0.554020307161021,-1.74575136281466,0.00718694795125184,0.0546114504842412,31,"WDR43;RCL1;RRP36;TSR1;RPP40;RPS8;RPS21;DCAF13;NOP14;UTP6;BYSL;UTP20;BMS1;RPS19;FCF1;HEATR1;TSR2;RPS16"
"Response to Toxic Substance","GOBP_RESPONSE_TO_TOXIC_SUBSTANCE",-0.307745853064521,-1.33031206841757,0.00720344645801588,0.0546183397022286,187,"CLDN1;MT3;ABCB6;DUOX2;NQO1;SOD2;PRDX3;MGST1;PTGES;IPCEF1;PRDX6;CAT;PRDX4;RDH11;PARK7;BPHL;SCFD1;APOE;PRDX1;MT1X;DHRS2;ALAD;AIFM1;TXN;TXNDC17;SLC30A1;GSTT1;UBA52;SRXN1;DHX15;FIS1;SUCLG1;CPOX;GSTP1;LYN;ADH5"
"Vesicle Targeting to from or Within Golgi","GOBP_VESICLE_TARGETING_TO_FROM_OR_WITHIN_GOLGI",-0.559277232104611,-1.75031208686357,0.00724870070834448,0.0548427615147532,28,"TRAPPC3;TMED9;TMED2;PDCD6;AP1AR;PREB;SAR1A;TRAPPC5;ARFGAP3;TRAPPC2L;SAR1B;CUL3;TRAPPC8;GBF1;TFG;CEP19;TRAPPC1;CSNK1D"
"Appendage Development","GOBP_APPENDAGE_DEVELOPMENT",0.42700227975141,1.44234100681941,0.00728653474860834,0.0550101966042565,128,"WNT5A;PRICKLE1;ZBTB16;LRP5;TGFB2;ALX4;ZNRF3;HAND2;SEMA3C;AFF3;GJA5;ALDH1A2;TBX3;FGFR1;PCSK5;COL6A1;BMPR2;GRHL2;RARG;CRABP2;SOX9;ZNF141;ATRX;TULP3;EXT1;FERMT2;DLX5;ZNF219;FBXW4;CHD7;ACD;FGFR2;SMAD4;PTCH1;ZNF358"
"Negative Regulation of Dna Binding Transcription Factor Activity","GOBP_NEGATIVE_REGULATION_OF_DNA_BINDING_TRANSCRIPTION_FACTOR_ACTIVITY",0.545097065494459,1.62642862843836,0.00731762090450793,0.0551260774806264,49,"SIK1;ID3;ID1;PIM1;TCEAL7;HEYL;CMKLR1;NLRC3;ADORA3;CDK5RAP3;FLNA;MAP3K10;RWDD3;ESR1"
"Regulation of Striated Muscle Cell Differentiation","GOBP_REGULATION_OF_STRIATED_MUSCLE_CELL_DIFFERENTIATION",0.530767863093049,1.60965427909164,0.0073381030546261,0.055161748927801,56,"SIK1;HOPX;IGF1;NRG1;MYOCD;FOXP1;HDAC5;BCL2;PAK1;SOX6;MMP14;GSK3A"
"Carboxylic Acid Transmembrane Transport","GOBP_CARBOXYLIC_ACID_TRANSMEMBRANE_TRANSPORT",-0.361951328968326,-1.44984849454832,0.00745553239835921,0.0555675106201113,108,"SLC2A1;UCP2;SLC7A5;SLC6A8;SLC16A3;SFXN1;SLC16A7;SLC17A5;SLC15A4;SLC1A2;SLC46A1;LRRC8D;SLC38A5;ACSL1;EPM2A;SLC25A18;SLC25A1;SLC7A6;RGS2;SLC1A5;SLC16A1;SLC35D1;LRRC8B;SLC38A6;PSEN1;SLC25A20;SLC16A12;SLC25A13;LRRC8E;ABCB1"
"Keratinization","GOBP_KERATINIZATION",0.715044898594314,1.68232210867755,0.0074322905473007,0.0555675106201113,15,"CDH3;SPRR2F;ABCA12"
"Long Term Synaptic Depression","GOBP_LONG_TERM_SYNAPTIC_DEPRESSION",0.656730198119971,1.67596183991811,0.00743262204367352,0.0555675106201113,21,"GRID2;PRRT1;IQSEC2;PICK1;PLK2;STAU2;AGER;SRF;GRID2IP"
"Negative Regulation of Bmp Signaling Pathway","GOBP_NEGATIVE_REGULATION_OF_BMP_SIGNALING_PATHWAY",0.568067696551055,1.60931468473429,0.00745376385154607,0.0555675106201113,38,"WNT5A;VWC2;HTRA1;CRIM1;SMAD6;SKIL;TOB1;FSTL3"
"Dendrite Development","GOBP_DENDRITE_DEVELOPMENT",0.409806731824111,1.43253964238404,0.00760993979283562,0.0565094239220149,185,"PRICKLE1;NDP;DBN1;FAT3;MATN2;PAK3;CPEB3;CDKL5;CAMK1;CC2D1A;NRP1;PTPRS;MAPK8IP2;BCL11A;DAB2IP;MARK1;SRGAP2;DLG5;NGEF;ARHGAP33;FZD4;ARHGAP44;CSMD3;KNDC1;LZTS1;SLC12A5;CAPS2;SMAD1;CDC20;FYN;KIF1A;ZDHHC15;SEMA3A;CELSR2;PTPRD;MAPRE3;DLG4;ZMYND8;STAU2;PARP6;SYNGAP1;HECW2;EFHC2;CHRNA7;NCK2;CHRNB2;PPP1R9B;DTNBP1;SS18L1;ANAPC2;DPYSL5"
"Protein Refolding","GOBP_PROTEIN_REFOLDING",-0.555230998132694,-1.7376490070513,0.00761417302060834,0.0565094239220149,28,"HSPA5;B2M;DNAJA4;HSPA6;FKBP1A;DNAJA2;NAA10;HSP90AA1;HSPD1;HSPA9;CRYAB;BAG5;HSPA7;HSPA13"
"Glomerulus Development","GOBP_GLOMERULUS_DEVELOPMENT",0.512228196640551,1.56544809111531,0.0076821904701186,0.056893685447834,59,"COL4A3;COL4A4;HES1;CD24;VANGL2;PDGFB;HEYL;BCL2;JAG1;EGR1;AQP1;PDGFD;EDNRB;NOTCH3;EXT1;ASXL1;PDGFA;KIRREL3"
"Vesicle Budding from Membrane","GOBP_VESICLE_BUDDING_FROM_MEMBRANE",-0.396456009778842,-1.50645259867317,0.00773737516820249,0.057181487793699,79,"MIA3;S100A10;ANXA2;VAPB;TRAPPC3;TMED9;AP3M2;SNX3;TMED2;SEC24D;SEC23A;SEC24A;RAB1A;INSIG1;DNM2;PDCD6;AP3S1;SEC23B;PREB;SAR1A;SLC2A4;GOLPH3L;RAB7A;AP3S2;TRAPPC5;ARFGAP3;MX2;TBC1D20;P2RX7;TRAPPC2L"
"Cardiac Muscle Cell Action Potential","GOBP_CARDIAC_MUSCLE_CELL_ACTION_POTENTIAL",0.509995396493594,1.56430083367502,0.00793794909395008,0.0585402856339098,60,"JUP;CAMK2D;FGF12;ANK2;KCNJ8;DSP;ANK3;GJA5;KCNQ1;CACNB2;SCN5A;GJC1;SCN9A;AKAP9;KCNIP2;KCNJ5;FLNA;CACNA1G;CTNNA3;SCN3B;CACNA1C;SCN4A"
"Negative Regulation of Osteoblast Differentiation","GOBP_NEGATIVE_REGULATION_OF_OSTEOBLAST_DIFFERENTIATION",0.567127108548744,1.63024655003778,0.00813209617514914,0.0595956755262499,40,"ID3;ID1;CRIM1;LRP5;IGFBP5;SMAD6;HAND2;CITED1;TOB1;SUFU;CDK6;SOX9;LIMD1;PTCH1;AXIN2"
"Positive Regulation of Wnt Signaling Pathway","GOBP_POSITIVE_REGULATION_OF_WNT_SIGNALING_PATHWAY",0.445398063899277,1.49023236583552,0.00810993097860221,0.0595956755262499,117,"SOX4;WNT5A;SEMA5A;ASPM;SFRP4;CDH3;JUP;DEPDC1B;DAAM2;KANK1;NKD1;DACT1;WNK3;NRBP2;PPM1B;GPC5;CSNK1E;SPIN4;PTK7;EGFR"
"Regulation of Small Gtpase Mediated Signal Transduction","GOBP_REGULATION_OF_SMALL_GTPASE_MEDIATED_SIGNAL_TRANSDUCTION",0.368105336101134,1.32979781286021,0.00812748244558802,0.0595956755262499,282,"WNT5A;PLEKHG5;ARHGAP28;MCF2L;ARHGEF10L;CYTH2;KANK1;CDKL5;IGF1;IQSEC2;TGFB2;ARHGAP6;NRP1;KANK2;TIAM2;ERBB2;EPS8;ARHGAP10;DAB2IP;SRGAP3;CGNL1;MRAS;ABR;SRGAP2;RALGAPA2;ITGA3;FGD4;ARHGEF2;NGEF;ARHGEF40;FOXM1;PLXNB1;ARHGAP44;PLEKHG4B;ARHGAP11A;KIF14;DENND3;KALRN;ARHGEF18;CSNK1E;CADM4;TNFAIP1;ARHGEF17;DOCK6;ARHGAP31;SYNGAP1;SCAI;TGM2;ARHGAP21;FERMT2;RALGPS2;ARHGEF9;ARHGEF19;CSF1;CYTH1;F2R"
"Membrane Lipid Catabolic Process","GOBP_MEMBRANE_LIPID_CATABOLIC_PROCESS",-0.505399291893075,-1.61794642329462,0.00817573779645237,0.0597904164947237,35,"SMPDL3A;HEXB;GALC;GM2A;PPT1;LCT;FUCA1;NEU1;ACER2;GLB1;NAGA"
"Organ Growth","GOBP_ORGAN_GROWTH",0.4408567622861,1.48283282925168,0.00820727204589174,0.0598959874515808,123,"NLGN4X;PIM1;ZFPM2;PRLR;SAV1;IGF1;TGFB2;NRG1;SMO;FOXP1;BCL2;PAK1;POC1A;FGFR1;VGLL4;CDK1;SMAD1;FOSL2;WWC3;THBS3;RARG;GSK3A;NPPA;NDRG4;SOX9;ACVR2B;WWC2;CLDN18;EXT1;EHMT2;GATA6;SMPD3;ARID2;FGFR2;ESR1"
"Catecholamine Secretion","GOBP_CATECHOLAMINE_SECRETION",0.663923462136128,1.6785788080031,0.00830123021368108,0.06045573687843,20,"NPY2R;ADRA2A;ABAT;SYT11;ADORA3;GABBR1;SYT1;CHRNB2;SNCG;DTNBP1"
"Cardiac Muscle Cell Proliferation","GOBP_CARDIAC_MUSCLE_CELL_PROLIFERATION",0.593103368021624,1.65608393687106,0.00835507338515457,0.0605628230406473,34,"PIM1;ZFPM2;SAV1;TGFB2;NRG1;FGFR1;VGLL4;CDK1;SMAD1;NDRG4;GATA6;ARID2;FGFR2;CCNB1;GLI1;HEY2;RXRB"
"Embryonic Organ Morphogenesis","GOBP_EMBRYONIC_ORGAN_MORPHOGENESIS",0.39997553081922,1.39181993535798,0.00836780084261299,0.0605628230406473,173,"WNT5A;SOBP;HES1;NR4A3;MFAP2;VANGL2;HOXC4;FZD5;ALX4;HAND2;COL11A1;SMO;KCNQ1;MMP16;TBX3;MED12;FGFR1;TECTA;PAX8;SUFU;TEAD2;PHACTR4;GRHL2;MMP14;FOXG1;RARG;FOXL2;PTK7;NDRG4;SOX9;APLNR;DVL2;TULP3;DLX5;TSHZ1;SRF;CHD7;FZD3;MDFI;CHRNA10;FGFR2"
"Response to Camp","GOBP_RESPONSE_TO_CAMP",0.509342945021077,1.5566303187441,0.00835019878635295,0.0605628230406473,59,"FOS;CRHBP;MMP19;FOSB;CDO1;IGFBP5;DUSP1;CITED1;KCNQ1;CRTC2;CRTC1;DGKQ;AQP1;CRTC3;INPP5K;ASS1"
"Regulation of Actin Filament Organization","GOBP_REGULATION_OF_ACTIN_FILAMENT_ORGANIZATION",0.39336638271324,1.3935903260856,0.00839308644707783,0.0606205810806466,207,"SEMA5A;PLEKHH2;LIMCH1;ARHGAP28;PAK3;ARHGEF10L;DAAM2;KANK1;HIP1R;ARHGAP6;PICK1;NRP1;FCHSD1;KANK2;PLEKHG2;SSH3;EPS8;CGNL1;PIK3CA;SORBS3;PIK3R1;TTC8;PAK1;TMOD2;SPTBN2;WASH3P;ACTG1;INPP5K;TMOD1;ARHGEF18;TESK1;CDC42EP1;GBA2;LIMK1;CD47;TGFB3;TMSB4X;ASAP3;FERMT2;AVIL;FLNA;WASF3;NCK2;CLASP1"
"Regulation of Oxidative Stress Induced Intrinsic Apoptotic Signaling Pathway","GOBP_REGULATION_OF_OXIDATIVE_STRESS_INDUCED_INTRINSIC_APOPTOTIC_SIGNALING_PATHWAY",-0.484640892840827,-1.58101679030571,0.00855179328014686,0.0616397774904412,37,"PPIA;P4HB;SOD2;NOL3;PARK7;PYCR1;FBXW7;CTNNB1;FGF2;GPX1;UBQLN1;TRAP1;VNN1;SOD1;BAG5;ATF4"
"Positive Regulation of Nuclear Division","GOBP_POSITIVE_REGULATION_OF_NUCLEAR_DIVISION",0.536736708319148,1.58001710815878,0.00876582311402681,0.0630527276559259,45,"WNT5A;LRP5;UBE2C;IGF1;PDGFB;INSR;PLK1;DLGAP5;ESPL1;CDC20;SKA3;PHIP;NUSAP1;SMPD3;MAD1L1;SH2B1"
"Protein Neddylation","GOBP_PROTEIN_NEDDYLATION",-0.591995315827915,-1.75929020230846,0.00894542352976507,0.064212743083539,23,"COPS6;RBX1;UBE2F;COPS5;NEDD8;DCUN1D4;COPS2;COPS3;COPS4;COPS7A;EPAS1;UBA3;NAE1;HIF1A;DCUN1D2"
"Meiosis i Cell Cycle Process","GOBP_MEIOSIS_I_CELL_CYCLE_PROCESS",0.471942390706684,1.51163227536178,0.00898206428811911,0.064339677252199,84,"CCNB1IP1;PLK1;ING2;ESPL1;RAD54L;ZWINT;CDC20;TOP2A;HSPA2;MOV10L1;MSH6;PSMC3IP;FBXO5;MUS81;RAD51B;RAD51D;CDC25B;EHMT2;BRCA2;BAG6;SUN1;FANCD2;KLHDC3;PTTG1;SLX4;NDC80;EME1;FOXJ2;ZSCAN21;ZCWPW1;SWI5;BCL2L11;RAD51AP1;RAD21;BTBD18;CCNB2;STK35;HFM1;CKS2;AURKA;CDC25A;SIRT7;ANKLE1"
"Positive Regulation of Monoatomic Ion Transport","GOBP_POSITIVE_REGULATION_OF_MONOATOMIC_ION_TRANSPORT",0.446816716830189,1.48800455222356,0.00901152439580987,0.064339677252199,109,"CACNB3;CASR;FGF12;FXYD6;CNTN1;ADRA2A;PDGFB;ANK2;ANK3;KCNQ1;CACNB2;SCN5A;WNK3;CAPN3;MLLT6;TRPC1;HEPH;TACR2;HOMER1;KCNC1;NPPA;APLNR;KCNIP2;FLNA;VMP1;F2R;STIM1;TOR2A;SCN3B;AKT1"
"Positive Regulation of Smooth Muscle Cell Proliferation","GOBP_POSITIVE_REGULATION_OF_SMOOTH_MUSCLE_CELL_PROLIFERATION",0.50577659024554,1.5457309904521,0.00901820768793312,0.064339677252199,59,"NR4A3;IGF1;JUN;PDGFB;IGFBP5;HPGD;PIK3CA;PIK3R1;FOXP1;HMOX1;PAK1;IL10;PDGFD;THBS1;HBEGF;NOTCH3;MEF2D;IL18;SMPD3;FGFR2;AKT1"
"Detection of Mechanical Stimulus","GOBP_DETECTION_OF_MECHANICAL_STIMULUS",0.598650817508792,1.6366093733007,0.00905586471228775,0.0643462354708803,30,"JUP;COL11A1;KCNQ1;PKD1L3;SCN9A;FYN;PKDREJ;CHRNA10;STRC;PKD1;TMEM87A;SCN11A;CDH2"
"Myofibril Assembly","GOBP_MYOFIBRIL_ASSEMBLY",0.514118185512841,1.53988034288696,0.00904139074111547,0.0643462354708803,50,"MYH11;PGM5;KRT8;TMOD2;NEURL2;ACTG1;CAPN3;TMOD1;CSRP2;CSRP1;FLNC;KRT19;SRF;MYL9;SMAD4"
"Positive Regulation of Glucose Metabolic Process","GOBP_POSITIVE_REGULATION_OF_GLUCOSE_METABOLIC_PROCESS",0.555857597547848,1.58820674606159,0.009203913668362,0.0652658088669476,39,"NNMT;FOXO1;IRS1;IGF1;PMAIP1;SORBS1;INSR"
"Metallo Sulfur Cluster Assembly","GOBP_METALLO_SULFUR_CLUSTER_ASSEMBLY",-0.588341245285732,-1.74843104458959,0.00928728231162519,0.0655398403149901,23,"BOLA3;ISCA1;NDUFAB1;GLRX3;GLRX5;NFS1;HSPA9;ABCB7"
"Negative Regulation of Receptor Mediated Endocytosis","GOBP_NEGATIVE_REGULATION_OF_RECEPTOR_MEDIATED_ENDOCYTOSIS",-0.566876517101477,-1.74872200242873,0.00931739665340139,0.0655398403149901,26,"SH3GL3;APOC1;PCSK9;WDR54;ANKRD13A;ANXA2;B2M"
"Striated Muscle Cell Proliferation","GOBP_STRIATED_MUSCLE_CELL_PROLIFERATION",0.533033672122528,1.5809925194857,0.00929233634720237,0.0655398403149901,47,"PIM1;ZFPM2;FOS;SAV1;TGFB2;NRG1;FGFR1;VGLL4;CDK1;SMAD1;NDRG4;GATA6;ARID2;FGFR2;SIX5;AKIRIN1;NDC80;CCNB1;GLI1;HEY2;RXRB"
"Zinc Ion Transport","GOBP_ZINC_ION_TRANSPORT",-0.56740242360083,-1.75034433857936,0.00931739665340139,0.0655398403149901,26,"MT3;TRPM3;SLC39A6;SLC30A1;SLC39A14;SLC39A7;SLC30A7;SLC39A11;TRPM7;SLC11A2"
"Amp Metabolic Process","GOBP_AMP_METABOLIC_PROCESS",-0.61066848145363,-1.74790859440643,0.00939615915646494,0.0658699041727829,19,"AK4;AK2;PAICS;APRT;NUDT2;AMPD3;ATIC;HPRT1"
"Protein o Linked Glycosylation via Xylose","GOBP_PROTEIN_O_LINKED_GLYCOSYLATION_VIA_XYLOSE",0.53283008971528,1.57497153271047,0.00940192751538436,0.0658699041727829,46,"CHST7;UST;CSGALNACT1;VANGL2;IGF1;HS3ST3A1;CHST14;CHST12;HS6ST1;HS3ST1;TCF7L2;EXT1"
"Glial Cell Development","GOBP_GLIAL_CELL_DEVELOPMENT",0.461300788970723,1.50664283643045,0.00944045373338679,0.0659316273327086,95,"SOX4;CNTN1;PICK1;EIF2B2;MXRA8;ERBB2;SMO;GPM6B;CFH;PLP1;VIM;MED12;COL6A1;CDK6;MDK;NTRK2;PRX;MAG;AGER;CSPG5;ERCC2;CNTN2;B4GALT5;WASF3;AKT2;CLU;AKT1;DAG1;ERBB3;LAMB2"
"Heart Valve Development","GOBP_HEART_VALVE_DEVELOPMENT",0.523472334650893,1.58752920447481,0.00944838050842698,0.0659316273327086,56,"SOX4;DCHS1;TGFB2;SMAD6;HEYL;GJA5;ADAMTS5;JAG1;SNAI2;PRDM1;BMPR2;NFATC1;NPPA;SOX9;APLNR"
"Antigen Processing and Presentation via Mhc Class Ib","GOBP_ANTIGEN_PROCESSING_AND_PRESENTATION_VIA_MHC_CLASS_IB",-0.635902069601874,-1.77811696114726,0.009562807073553,0.0659939875483649,18,"HLA-G;B2M;TAP2;HLA-A;HLA-B;ULBP3"
"Cardiac Muscle Cell Differentiation","GOBP_CARDIAC_MUSCLE_CELL_DIFFERENTIATION",0.454696357015482,1.47623992436405,0.00949753023721622,0.0659939875483649,93,"MYH11;SIK1;PRICKLE1;IGF1;NRG1;KCNJ8;GREB1L;MYOCD;FOXP1;PAK1;TBX3;SOX6;CDK1;GSK3A;SGCD;NPPA;LMNA;SRF;GATA6"
"Establishment of Protein Localization to Membrane","GOBP_ESTABLISHMENT_OF_PROTEIN_LOCALIZATION_TO_MEMBRANE",-0.303017708014544,-1.3365377861213,0.00954552192990473,0.0659939875483649,214,"NOMO1;STOM;SAMM50;HSPA5;SRPRB;CSK;AKAP5;GOLGA7;TOMM5;TOMM40;SIL1;TRAM2;ACSL3;SSR4;TMEM147;SSR1;TIMM8B;CIB1;AGK;VPS37A;STX3;TOMM6;ATP6AP1;PEX19;SEC61B;UBL4A;TIMM10;KIF13A;SSR3;CCDC47;MTX3;RAB3GAP1;RAB8B;ROMO1;TIMM13;TMEM126A;VAMP4;NACA;RILPL2;MTCH2;SEC61A1;NOMO2;TIMM8A;TAOK2;SEC61G;SRP72;PREPL;ZDHHC9;RABGEF1;SRP68;ATAD1;SPTBN1;NCLN;SGTA;VAMP3;GOLPH3L;TMCO1;TIMM22;PKDCC;SDCBP;NCF1;YIF1B;ITGB1BP1;LYPLA1;ZDHHC24;SRP19;VPS35;SACM1L;SRP9;NDUFA13;CLN3;VPS37D;RAB7A"
"Membraneless Organelle Assembly","GOBP_MEMBRANELESS_ORGANELLE_ASSEMBLY",0.355413990943247,1.30117116762524,0.00954450021674436,0.0659939875483649,369,"MYH11;PRICKLE1;ASPM;PGM5;KIFC1;KIF11;KIF23;FSCN1;PLIN5;BIRC5;CENPE;CENPA;PRC1;ANLN;DAB2IP;NUMA1;MIS18BP1;KIF15;ANG;PLK1;KIF4A;FARP2;MYBL2;DLGAP5;BRCA1;CEP120;NASP;KRT8;HJURP;TMOD2;NEURL2;CDK2;WNK3;SKA2;ACTG1;CAPN3;EIF4ENIF1;TMOD1;CDC20;CDS1;TIA1;SKA3;KIF9;CEP192;PAN2;CSRP2;MIS18A;PLK2;MAPRE3;MAP9;CSRP1;FBXO5;CEP152;SPAG5;DIAPH3;FLNC;SYT1;MZT1;CENPF;KRT19;PLK4;FLNA;LIMD1;SRF;SH3PXD2B;OFD1;CLASP1;MYL9;SMAD4;CENPV;CHMP4C;INCENP;CEP97;NEK2;SYNPO2L;NDC80;CNTROB;BSCL2;CCDC15;PATL2;PRKD1;CHMP1B;BICD1;ARHGEF5;GOLGA2;STIL;PPP2R1B;CCP110;TNKS;CEP76;CIRBP;DHX30;AAAS;GTPBP10;TNRC6A;STAG2;HNRNPU;WDR1;EML3;SBDS"
"Smooth Muscle Cell Migration","GOBP_SMOOTH_MUSCLE_CELL_MIGRATION",0.51669832127152,1.57100196516562,0.00953201880407873,0.0659939875483649,57,"NR4A3;IGFBP3;PLAT;IGF1;NRP1;PDGFB;IGFBP5;ACE;MYOCD;GRB10;BCL2;PAK1;DDR1;PDGFD;MDK;NDRG4;PDGFA;DDIT3;FOXO4"
"Vesicle Fusion to Plasma Membrane","GOBP_VESICLE_FUSION_TO_PLASMA_MEMBRANE",0.662933353478662,1.64903303787717,0.00957035274752194,0.0659939875483649,19,"SYT2;SYT11;RAB3A;ERC2;SYT1;SYT5;GRIK5;SYT7;RPH3AL;STX19"
"Regulation of Excitatory Synapse Assembly","GOBP_REGULATION_OF_EXCITATORY_SYNAPSE_ASSEMBLY",0.706634002547759,1.66253337037493,0.00970165331875318,0.0667679598734625,15,"PRICKLE1;GRID2;PTPN13;SEMA4A;PTPRS;FGFR1;PTPRD"
"Negative Regulation of Organelle Organization","GOBP_NEGATIVE_REGULATION_OF_ORGANELLE_ORGANIZATION",0.365743775819895,1.32116555138375,0.00973640022110218,0.066875705832394,292,"PLEKHH2;BUB1;ARHGAP28;STMN1;TTK;KANK1;IGF1;HIP1R;ARHGAP6;BIRC5;PICK1;BUB1B;KANK2;SSH3;EPS8;DUSP1;CLIP3;CGNL1;IER3;PLK1;PIK3CA;BRCA1;VAT1;WDR44;PIK3R1;ARHGEF2;TMOD2;HUWE1;SPTBN2;FEZ1;ESPL1;CHEK1;INPP5K;TCHP;ZWINT;CCNF;TMOD1;CDC20;APC2;TP53;SKA3;ARHGEF18;PHF23;KIF24;TESK1;FBXO5;MAD2L2;DIAPH3;ATRX;BOK;TMSB4X;LMNA;CENPF;AVIL;EHMT2;CLASP1;USP44;ACD;SMAD4;EVI5L;CKAP2;MAD1L1;CLU;AKT1;CLSTN3;XRCC1;INCENP;SLX4;CEP97;TJP1;TOM1L2;LCMT1;NDC80;CCNB1;VILL"
"Regulation of Chromatin Organization","GOBP_REGULATION_OF_CHROMATIN_ORGANIZATION",0.600807255077498,1.61409445457431,0.0097577308231918,0.0668910588525262,28,"ERI2;MKI67;L3MBTL3;PHF2;PHF8;CDK2;CDK1;SAMD1"
"Negative Regulation of Neural Precursor Cell Proliferation","GOBP_NEGATIVE_REGULATION_OF_NEURAL_PRECURSOR_CELL_PROLIFERATION",0.668006983562958,1.62251994705167,0.00977951209212508,0.0669094352709261,17,"WNT5A;BTG2;LIMS2;PDE9A;SPINT1;KCTD11;SLC16A2"
"Cardiac Atrium Morphogenesis","GOBP_CARDIAC_ATRIUM_MORPHOGENESIS",0.667738344834253,1.62186745133441,0.010003041391382,0.0679082441744399,17,"SOX4;TGFB2;SMO;GJA5;BMPR2"
"Mirna Metabolic Process","GOBP_MIRNA_METABOLIC_PROCESS",0.472525160847335,1.50727437251713,0.00996769830647276,0.0679082441744399,82,"ATOH8;FOS;TGFB2;JUN;PDGFB;SMAD6;MYOCD;DNM3OS;MYB;EGR1;IL10;SMAD1;KLF4;TP53;TEAD1;EGFR;SOX9;POU2F1;NOTCH3;LIN28A;ZNF512B;SRF;SMAD4;ESR1;RELA;WT1"
"Positive Regulation of Sodium Ion Transport","GOBP_POSITIVE_REGULATION_OF_SODIUM_ION_TRANSPORT",0.649059922632852,1.65638745601606,0.00996517875212986,0.0679082441744399,21,"FGF12;FXYD6;CNTN1;ANK3;SCN5A;WNK3;MLLT6"
"Tetrapyrrole Biosynthetic Process","GOBP_TETRAPYRROLE_BIOSYNTHETIC_PROCESS",-0.533423220633393,-1.67842588277081,0.00999059328925652,0.0679082441744399,30,"ABCB6;ALAD;HMBS;TMEM14B;PGRMC1;CPOX;IREB2;SLC11A2;ABCB7;TMEM14C;RSAD1;SRRD;TSPO;UROS;SUCLA2;COX10;FECH"
"Endothelial Cell Migration","GOBP_ENDOTHELIAL_CELL_MIGRATION",0.403890362549411,1.41185810431543,0.0101131770180889,0.0685231317105717,185,"ATOH8;WNT5A;SEMA5A;PLEKHG5;ID1;JUP;AKT3;VSTM4;NR4A1;NRP1;SEMA4A;PDGFB;EGR3;PTPRM;BCAS3;DAB2IP;TGFB1I1;PIK3CA;FOXP1;HDAC5;HMOX1;RHOB;FGFR1;FN1;FGF18;TNFSF12;THBS1;KLF4;PRKD2;PLK2;SASH1;EPHB4;NRP2;TMSB4X;PTP4A3;PATZ1;FSTL1;SRF;MMRN2;AKT2;RRAS;LPXN;AKT1;NR2F2;AMOT;CEACAM1;RIN2;GAB1;PTGS2;SIRT1;EFNA1;AGT;PLCG1;CORO1B"
"Regulation of Mitochondrial Gene Expression","GOBP_REGULATION_OF_MITOCHONDRIAL_GENE_EXPRESSION",-0.598835822666492,-1.74451229409896,0.0101676214703895,0.0687590309088309,21,"LRPPRC;C1QBP;TACO1;PRKAA1;RMND1;CDK5RAP1;TRUB2;FASTKD3;MTG1;SHMT2"
"Cranial Nerve Development","GOBP_CRANIAL_NERVE_DEVELOPMENT",0.591474199832637,1.61698972289036,0.0103121565042747,0.0696020890837657,30,"NDP;HES1;EGR2;NRP1;SEMA3A;KCNC1;SLC1A3;NRP2;EXT1;CHD7;CHRNB2;ATP8B1;ERBB3"
"Protein Localization to Synapse","GOBP_PROTEIN_LOCALIZATION_TO_SYNAPSE",0.491546781109775,1.51894907396433,0.0103814030351461,0.0699347208309937,65,"WNT5A;VWC2;COLQ;GPC4;IQSEC2;ERBB2;TMEM108;KIF2C;ARHGAP44;DLG3;ZDHHC15;DLG4;BSN;STAU2;GRIPAP1;GPC6"
"Metanephros Development","GOBP_METANEPHROS_DEVELOPMENT",0.501860153198803,1.53934773026333,0.0104133666097512,0.0700153996813023,60,"ID3;HES1;PDGFB;SMO;CITED1;GREB1L;DLG5;BCL2;EGR1;AQP1;PAX8;SOX9;PDGFA;KIF26B;SMAD4;PTCH1;PKD1;WT1;GDF6;WNT4;LAMB2;SLC22A1;GREM1"
"Chromosome Condensation","GOBP_CHROMOSOME_CONDENSATION",0.58502993427968,1.58447778090963,0.0105055015755591,0.0703078471805899,29,"NCAPG;PLK1;CDK1;TOP2A;AKAP8L;EHMT2;NCAPH;NUSAP1;NCAPD2;NCAPH2;NCAPD3;CCNB1;HMGA2;NCAPG2;ACIN1"
"Insulin Like Growth Factor Receptor Signaling Pathway","GOBP_INSULIN_LIKE_GROWTH_FACTOR_RECEPTOR_SIGNALING_PATHWAY",0.538170779485755,1.57924716219453,0.0104902512976378,0.0703078471805899,44,"CDH3;CRIM1;IGFBP3;IRS1;IGF1;IGFBP5;IGFBP1;PIK3CA;PIK3R1;GRB10;COL6A1;IGFBP2;PHIP;CILP;ERCC2"
"Molting Cycle Process","GOBP_MOLTING_CYCLE_PROCESS",0.495067766883594,1.53213805394182,0.0105344522680041,0.0703078471805899,64,"WNT5A;CDH3;SAV1;VANGL2;TGFB2;ALX4;IGFBP5;SMO;NUMA1;LDB1;FARP2;ZDHHC21;BCL2;HPSE;COL6A1;EGFR;SOX9;LDB2;EXT1;ERCC2;PDGFA;FZD3;FGFR2;SMAD4"
"Negative Regulation of Cellular Response to Growth Factor Stimulus","GOBP_NEGATIVE_REGULATION_OF_CELLULAR_RESPONSE_TO_GROWTH_FACTOR_STIMULUS",0.485460200331762,1.51927386006912,0.0105371452383128,0.0703078471805899,73,"WNT5A;VWC2;HTRA1;CRIM1;ADAMTS12;SMAD6;SKIL;DAB2IP;TOB1;FSTL3;THBS1;CADM4;GPR155;OFD1;MMRN2;SPRY4;NR2F2;SEMA6A;TRIM33;TWSG1;SHISA2;AGT;WNT4;SMURF2;GPC1;GREM1;SULF2;SFRP1;SMAD7;EPN2;HGS;SMURF1;LEMD3"
"Cardiac Muscle Cell Membrane Repolarization","GOBP_CARDIAC_MUSCLE_CELL_MEMBRANE_REPOLARIZATION",0.615208117429209,1.60353218149454,0.0106415890692647,0.0708530692787182,25,"ANK2;KCNJ8;GJA5;KCNQ1;SCN5A;NPPA;AKAP9;KCNIP2;KCNJ5;FLNA"
"Positive Regulation of Interleukin 2 Production","GOBP_POSITIVE_REGULATION_OF_INTERLEUKIN_2_PRODUCTION",-0.470374631961493,-1.59239185840678,0.0106593113074178,0.0708530692787182,46,"CCR2;PSMA2;PSMA1;PSMB8;PSMB1;PSMA5;PNP;GLMN;PSMA6;STOML2;MAP3K7;PSMB3;PSMA4;PSMB9;PSMB4;CD28;SPTBN1"
"Proteinogenic Amino Acid Biosynthetic Process","GOBP_PROTEINOGENIC_AMINO_ACID_BIOSYNTHETIC_PROCESS",-0.497940676622475,-1.59406898600223,0.0106912953809876,0.070931075226514,35,"PLOD1;GOT2;PYCR1;PSAT1;GLS;MTHFD1;BHMT2;GOT1;PLOD2;PSPH;ENOPH1;PLOD3;MTHFD2L;SHMT2;CLN3;GLUD2;MTRR"
"Kidney Epithelium Development","GOBP_KIDNEY_EPITHELIUM_DEVELOPMENT",0.453012732172271,1.49916774371921,0.0107370028839734,0.0710996618195821,103,"NPNT;DCHS1;HES1;CD24;KANK2;SMAD6;HEYL;HS3ST3A1;SMO;CITED1;ARG2;GREB1L;BCL2;JAG1;GZF1;FGFR1;AQP1;PAX8;SMAD1;EDNRB;KLHL3;SOX9;EXT1;CTNNBIP1;ASXL1;KIF26B;FGFR2;SMAD4;PTCH1;PROM1;PKD1;WT1;AGT;WNT4;LAMB2;EPCAM;SLC22A1;GREM1;SFRP1;SMAD7"
"Cartilage Development","GOBP_CARTILAGE_DEVELOPMENT",0.41673433214243,1.42327042750587,0.0110030933338859,0.07245081945226,141,"WNT5A;ZBTB16;SOX5;CSGALNACT1;BMP3;HOXC4;TGFB2;ADAMTS12;MATN3;MBOAT2;HAND2;COL11A1;ARID5A;POC1A;LTBP3;SOX6;FGFR1;FGF18;SMAD1;COL6A1;SNAI2;FOSL2;BMPR2;MDK;THBS3;RARG;SOX9;EXT1;SERPINH1;SLC26A2;SRF;ZNF219;SMPD3;AXIN2;CHSY1;DAG1;PKD1;GDF6;ADAMTS7;ECM1;AGRN;HMGA2;GREM1;SULF2;BMP8A;TSKU;SMAD7"
"Muscle Cell Migration","GOBP_MUSCLE_CELL_MIGRATION",0.4937121129456,1.53846590959633,0.0110006131041995,0.07245081945226,68,"NR4A3;IGFBP3;PLAT;IGF1;NRP1;PDGFB;IGFBP5;ACE;SMO;MYOCD;GRB10;BCL2;PAK1;DDR1;PDGFD;MDK;NDRG4;PDGFA;DDIT3;FOXO4;AKIRIN1"
"Reproductive System Development","GOBP_REPRODUCTIVE_SYSTEM_DEVELOPMENT",0.385774219880645,1.371199970414,0.0110005750737013,0.07245081945226,216,"FSHR;WNT5A;ASPM;ZFPM2;PRLR;MMP19;ANTXR2;IGF1;AMH;TGFB2;CDKN1C;EIF2B2;MERTK;ACE;INSR;GREB1L;MYOCD;ANG;HMGB2;ING2;DHH;NOTCH4;NASP;KIF18A;FZD4;BCL2;FANCE;TBX3;FANCG;COL6A1;AXL;C3;MMP14;RARG;FOXL2;INHBB;CYP7B1;SOX9;GDF9;ATRX;BOK;PLEKHA1;PATZ1;TYRO3;SOX15;GDF7;FLNA;GATA6;BRCA2;CHD7;PPP1R9B;FGFR2;SMAD4;CRIP1;ESR1;PTCH1"
"Apoptotic Process Involved in Morphogenesis","GOBP_APOPTOTIC_PROCESS_INVOLVED_IN_MORPHOGENESIS",0.655627981704083,1.63086107632622,0.0110254786083298,0.0724620104408619,19,"LRP5;FZD5;TGFB2;HAND2;PAX8"
"Steroid Hormone Biosynthetic Process","GOBP_STEROID_HORMONE_BIOSYNTHETIC_PROCESS",-0.512641371744586,-1.65317165529844,0.0112080152027007,0.0735237401780158,36,"CYP11A1;HSD17B7;HSD17B12;HSD3B2;STAR;AKR1B1;NR3C1;HSD17B6;SRD5A3"
"Aspartate Family Amino Acid Biosynthetic Process","GOBP_ASPARTATE_FAMILY_AMINO_ACID_BIOSYNTHETIC_PROCESS",-0.63062535255304,-1.74578688031621,0.0114092152737005,0.0745197959494155,17,"PLOD1;GOT2;MTHFD1;BHMT2;GOT1;PLOD2;ENOPH1;PLOD3;MTHFD2L;MTRR"
"Jnk Cascade","GOBP_JNK_CASCADE",0.409164104519674,1.41215982419421,0.0114236741149975,0.0745197959494155,159,"WNT5A;TNXB;CASR;TNFSF11;FGF12;MAP1LC3A;JUN;TRAF4;ULK4;ERBB2;MAPK8IP2;MAPK10;DAB2IP;MAP3K5;MAP3K12;HIPK3;ARHGEF6;DACT1;TRAF2;MBIP;SEMA3A;AXIN1;AGER;NPPA;MAP2K7;TLR3;FCGR2B;DVL2;MAPKBP1;GRIK2;DVL3;MAP3K10;GADD45G;MDFI"
"Neuronal Action Potential","GOBP_NEURONAL_ACTION_POTENTIAL",0.677251560054847,1.61863038786151,0.0114127632959724,0.0745197959494155,16,"FGF12;KCNMB2;ANK3;KCNMB3;SCN9A;KCND2;GRIK2"
"Regulation of Blood Pressure","GOBP_REGULATION_OF_BLOOD_PRESSURE",0.436431864759922,1.46279285065564,0.0115015467504563,0.0748883239160754,118,"FSHR;ACSM3;NOS2;LRP5;ABAT;PDGFB;ACE;KCNJ8;GJA5;IER3;KCNQ1;HSD11B2;AVPR1A;NCALD;NPR3;TNNI3;KCNK6;PCSK5;OXTR;SGK1;EDNRB;BMPR2;GSK3A;NPPA;PLCB3;GAS6;EXT1"
"Glycolipid Catabolic Process","GOBP_GLYCOLIPID_CATABOLIC_PROCESS",-0.628631521249343,-1.74026727264826,0.0116307465408429,0.0755890633257378,17,"HEXB;GALC;GM2A;LCT;FUCA1;NEU1;GLB1;NAGA"
"Calcium Dependent Cell Cell Adhesion","GOBP_CALCIUM_DEPENDENT_CELL_CELL_ADHESION",0.596038863151309,1.58666414576241,0.0116982296347707,0.0756568979886066,27,"CDH4;DCHS1;CDH3;CDH12;CDH1;PCDHGB4;PCDHB14"
"Molting Cycle","GOBP_MOLTING_CYCLE",0.483788722965407,1.51075781083031,0.0117059773650656,0.0756568979886066,70,"WNT5A;CDH3;SAV1;VANGL2;TGFB2;ALX4;IGFBP5;SMO;NUMA1;LDB1;FARP2;ZDHHC21;BCL2;HPSE;COL6A1;PPP1R13L;EGFR;SOX9;LDB2;EXT1;ERCC2;PDGFA;FZD3;FGFR2;SMAD4"
"Regulation of d Glucose Transmembrane Transport","GOBP_REGULATION_OF_D_GLUCOSE_TRANSMEMBRANE_TRANSPORT",0.516590794346519,1.56665962745647,0.0116640379267907,0.0756568979886066,56,"NR4A3;SLC25A27;IRS1;IGF1;SORBS1;ENPP1;INSR;PTPRM;CLIP3;PIK3R1;GRB10;RTN2;INPP5K;C3;CREBL2;GSK3A"
"Spindle Assembly","GOBP_SPINDLE_ASSEMBLY",0.434448275280092,1.46127772171729,0.0117322203459032,0.0756868653254125,123,"PRICKLE1;ASPM;KIFC1;KIF11;KIF23;BIRC5;PRC1;NUMA1;KIF15;PLK1;KIF4A;MYBL2;SKA2;CDC20;SKA3;CEP192;MAPRE3;MAP9;FBXO5;SPAG5;MZT1;FLNA;OFD1;CLASP1;CENPV;CHMP4C;INCENP;CEP97;NEK2;NDC80;CHMP1B;GOLGA2;STIL;PPP2R1B;TNKS;AAAS;STAG2;HNRNPU;EML3;HAUS4;CCDC61;TPR;SMC1A;TUBGCP6;CCNB2;TUBGCP2;NEK7;HAUS7;HAUS1;WRAP73"
"Intracellular Zinc Ion Homeostasis","GOBP_INTRACELLULAR_ZINC_ION_HOMEOSTASIS",-0.53592273350438,-1.67722192900251,0.0122435101326898,0.0788401029316406,28,"MT3;MT1X;SLC39A6;SLC30A1;SLC39A14;SLC39A7;SLC30A7"
"Presynapse Organization","GOBP_PRESYNAPSE_ORGANIZATION",0.539161482482751,1.57512391542575,0.0123520515723804,0.0792476861869022,43,"NLGN4X;WNT5A;GRID2;GPC4;PCDH17;TLN2;IGSF11;PTPRD;BSN;MDGA1;LRFN3;SLITRK2;DAAM1"
"Regulation of Blood Circulation","GOBP_REGULATION_OF_BLOOD_CIRCULATION",0.401885837670576,1.39758592700841,0.0123413682346207,0.0792476861869022,170,"HOPX;CASR;JUP;CAMK2D;TGFB2;ADRA2A;ANK2;ACE;KCNJ8;KCNMB2;DSP;GJA5;KCNQ1;CACNB2;AVPR1A;ITGA9;SCN5A;ZDHHC21;GJC1;TNNI3;OXTR;EDNRB;TRPC1;HBEGF;BMPR2;FAAH;ADORA3;GSTM2;GSK3A;AGER;NPPA;AKAP9;GNAO1;KCNIP2;KCND2;KCNJ5;FLNA;CACNA1G;F2R;DES;TMEM38A"
"Cell Maturation","GOBP_CELL_MATURATION",0.433777160439457,1.45389505282248,0.0123795109706378,0.07927865983573,118,"HES1;L3MBTL3;FZD5;FBXO41;CDKN1C;PICK1;ANG;FARP2;TFCP2L1;NTN4;BCL2;FGFR1;KIF14;AXL;EDNRB;C3;NR4A2;CATSPERG;ANKS1A;FBXO5;NDRG4;DIAPH3;KCNIP2;ERCC2;CNTN2;CDC25B;BRD1;BRCA2;B4GALT5;KDM1A"
"Negative Regulation of Translational Initiation","GOBP_NEGATIVE_REGULATION_OF_TRANSLATIONAL_INITIATION",-0.542905073700966,-1.66835513853798,0.0124061161329903,0.0793040598793156,25,"GAPDH;EIF2AK1;EIF2AK3;EIF2AK4;PAIP2;BANK1;EIF4EBP1;SYNCRIP;RPL13A;ATF4;PAIP2B;EIF4E2"
"Phosphatidylinositol 3 Kinase Protein Kinase b Signal Transduction","GOBP_PHOSPHATIDYLINOSITOL_3_KINASE_PROTEIN_KINASE_B_SIGNAL_TRANSDUCTION",0.379157445723497,1.36693867596517,0.0124540678261283,0.0794655730326544,256,"FSHR;WNT5A;SEMA5A;NDP;TNFSF11;IRS1;PTPN13;IGF1;TGFB2;ADRA2A;COL6A2;PDGFB;IGFBP5;MERTK;ERBB2;INSR;C1QTNF1;DAB2IP;PIK3CA;GAB2;SFRP5;PIK3R1;PLXNB1;DDR1;FGFR1;FN1;HPSE;PDGFD;INPP5K;COL6A1;FYN;THBS1;AXL;CEP55;KLF4;HBEGF;AMBRA1;NTRK2;NLRC3;RYK;PLK3;EGFR;TCF7L2;GAS6;PLEKHA1;FERMT2;LIN28A;TYRO3;PDGFA;DDIT3;F2R;IL18;SMPD3;PDGFC;RRAS;CX3CR1;AKT1;CEACAM1;BLVRA;SESN3;SELP;DAG1;GAB1;WDR91;HIP1;EFNA5;SIRT1;ERBB3;AGT;TSC2;PRKD1;RGL2;PRR5;DDR2;KDR"
"Telomere Maintenance via Telomere Lengthening","GOBP_TELOMERE_MAINTENANCE_VIA_TELOMERE_LENGTHENING",-0.412040355305698,-1.5015946883801,0.0125337465425875,0.0798285711612438,63,"PINX1;DKC1;RPA1;CCT5;NHP2;HSP90AB1;CCT8;CCT3;CTNNB1;PARP3;PTGES3;CCT7;NOP10;ATR;DHX36;TERC;POT1;FBXO4;SMG5;HSP90AA1;CCT6A;XRCC5;RAD50;CCT4;NAT10;RAD51"
"Regulation of Cell Cycle G2 m Phase Transition","GOBP_REGULATION_OF_CELL_CYCLE_G2_M_PHASE_TRANSITION",0.440286115532337,1.44490945530853,0.0126013660059539,0.0801135846077252,97,"RCC2;IER3;PLK1;BRCA1;MBTPS1;KIF14;CDK1;BRSK1;CHEK1;PKIA;TP53;HSPA2;ORC1;FBXO5;CDK5RAP3;RAD51B;CENPF;CDC25B;DTL;DBF4B;FZR1;FOXO4;CDC6;BARD1;HUS1B;CHMP4C;RBBP8;CCNB1;UIMC1;FOXN3;CDC7;TRIM39;SIN3A;BLM;CHFR;ATF5;CLSPN;CTC1;RNASEH2B;RAD21;ZFYVE19;STOX1;STK35;MARK3;PBX1;SYF2;AURKA;CDC25A;BABAM1"
"Regulation of Carbohydrate Biosynthetic Process","GOBP_REGULATION_OF_CARBOHYDRATE_BIOSYNTHETIC_PROCESS",0.478733191722212,1.49526461525265,0.0126899526190382,0.0803849982359688,72,"SIK1;NNMT;FOXO1;IRS1;IGF1;SORBS1;PDGFB;ENPP1;INSR;GRB10;PDK2;DGKQ;INPP5K;GSK3A;TCF7L2;MST1;C1QTNF3;SMPD3;AKT2;AKT1;SIRT1;PPP1R3D;PPP1R3F"
"Response to Zinc Ion","GOBP_RESPONSE_TO_ZINC_ION",-0.50498139352415,-1.60519253722048,0.0126841891281072,0.0803849982359688,33,"MT3;SOD2;LTA4H;MT1X;GABRB3;D2HGDH;ALAD;SLC30A1"
"Protein Exit from Endoplasmic Reticulum","GOBP_PROTEIN_EXIT_FROM_ENDOPLASMIC_RETICULUM",-0.449078165074476,-1.55714318476808,0.0127407352304204,0.0804158477696625,49,"BCAP31;HSP90B1;TMED9;LMAN1;YOD1;SEC61B;DERL2;SEC24D;UBE2J1;SEC24A;FAF2;INSIG1;TM9SF4;UBAC2;SAR1A;TMEM129;VCP;SEL1L;HM13;TMEM30A;EDEM1;SAR1B;NPLOC4;ERLEC1"
"Protein Lipid Complex Organization","GOBP_PROTEIN_LIPID_COMPLEX_ORGANIZATION",-0.468865591741971,-1.55511603725614,0.0127214264502234,0.0804158477696625,42,"APOC1;NR1H4;APOA1;SCARB1;ANGPTL3;LPCAT3;APOE;PLTP;ACSL3;ABCA1;PCSK6"
"Pyrimidine Containing Compound Metabolic Process","GOBP_PYRIMIDINE_CONTAINING_COMPOUND_METABOLIC_PROCESS",-0.396362966690064,-1.45567531287997,0.012906199324322,0.081313698260971,65,"DPYSL4;ENPP3;NME1;SLC19A3;TPK1;ERH;MAPK1;ENTPD7;UNG;NME4;UPP1;CRMP1;DCTD;TBPL1;DTYMK;DHODH;SLC19A2;NME3;NME7;DCTPP1;TKTL1;NME2"
"Regulation of Heart Contraction","GOBP_REGULATION_OF_HEART_CONTRACTION",0.409263881620412,1.38835640566191,0.0132109587794135,0.0830843601513203,133,"HOPX;JUP;CAMK2D;TGFB2;ANK2;ACE;KCNJ8;DSP;GJA5;KCNQ1;CACNB2;AVPR1A;SCN5A;GJC1;TNNI3;EDNRB;TRPC1;HBEGF;ADORA3;GSTM2;GSK3A;NPPA;AKAP9;GNAO1;KCNIP2;KCND2;KCNJ5;FLNA;CACNA1G;DES;TMEM38A;CTNNA3;SCN3B"
"Glial Cell Differentiation","GOBP_GLIAL_CELL_DIFFERENTIATION",0.397804517349439,1.38817627142545,0.0133040172417939,0.0835196637957065,179,"SOX4;PTPRZ1;NDP;S100B;HES1;EGR2;CNTN1;DAAM2;IGF1;PICK1;EIF2B2;MXRA8;ERBB2;SMO;GPM6B;CFH;GPR157;CDKN2C;PLP1;VIM;MED12;SOX6;CDK1;COL6A1;CDK6;SOX13;SPINT1;MDK;NTRK2;PRX;NFE2L1;MAG;AGER;SOX9;CSPG5;BOK;TMEM98;ERCC2;NAB2;CNTN2;LIN28A;TUBA1A;B4GALT5;WASF3"
"Heart Formation","GOBP_HEART_FORMATION",0.64952420499245,1.61567805770075,0.0133859980597565,0.0838839914191899,19,"WNT5A;HES1;PIM1;HAND2"
"Positive Regulation of Transmembrane Transport","GOBP_POSITIVE_REGULATION_OF_TRANSMEMBRANE_TRANSPORT",0.43208248580769,1.43803275575277,0.0134646766236693,0.0842263610941317,108,"CACNB3;NR4A3;FXYD6;IRS1;IGF1;SORBS1;ANK2;INSR;PTPRM;CLIP3;KCNQ1;CACNB2;PIK3R1;WNK3;CAPN3;C3;CREBL2;TRPC1;HEPH;KCNC1;NPPA;APLNR;KCNIP2;FLNA;VMP1;F2R;STIM1;TOR2A;AZIN1;AKT2;AKT1"
"Positive Regulation of Stem Cell Proliferation","GOBP_POSITIVE_REGULATION_OF_STEM_CELL_PROLIFERATION",0.648828375314794,1.61394719573526,0.0136109675656987,0.0848121740041373,19,"CITED1;TBX3;LTBP3;FERMT2;KDM1A;N4BP2L2;EPCAM;HMGA2;KAT7;HNRNPU"
"Regulation of Spindle Checkpoint","GOBP_REGULATION_OF_SPINDLE_CHECKPOINT",0.610557328298864,1.60654237448633,0.0136304709042157,0.0848121740041373,26,"BIRC5;DUSP1;ZWINT;SKA3;USP44;MAD1L1;INCENP;LCMT1;NDC80;CCNB1;DYNLRB1;TPR;DYNLT3;MAD2L1"
"Synaptic Vesicle Membrane Organization","GOBP_SYNAPTIC_VESICLE_MEMBRANE_ORGANIZATION",0.60702346702953,1.58219899368647,0.0136309603095431,0.0848121740041373,25,"SYT2;SYT11;RAB3A;SYNGR1;ERC2;SYT1;SYT5;GRIK5;SYT7;RPH3AL;STX19"
"Aorta Development","GOBP_AORTA_DEVELOPMENT",0.508221709355739,1.52754053142515,0.0136978485025759,0.0849536948296854,52,"SOX4;PRICKLE1;HES1;EGR2;TGFB2;SMAD6;JAG1;SUFU;PRDM1;APLNR;SRF;CHD7"
"Mammary Gland Morphogenesis","GOBP_MAMMARY_GLAND_MORPHOGENESIS",0.555843785854262,1.56389795833777,0.0137022088434976,0.0849536948296854,35,"WNT5A;LRP5;IGFBP5;TBX3;DDR1;CSF1;CAPN1;FGFR2;ESR1;PTCH1"
"Natural Killer Cell Mediated Immunity","GOBP_NATURAL_KILLER_CELL_MEDIATED_IMMUNITY",-0.405731736373866,-1.49822175685608,0.013744160812873,0.0850632426280818,67,"HLA-G;PIK3C3;PRDX1;B2M;RNF19B;HLA-A;HLA-B;ARL8B;MICA;ULBP3;CEBPG;CD226;UNC13D;RASGRP1;SERPINB9;TUBB;CRK;STAT5B;NKG7;SLAMF7;GRB2;KIF5B;CD96;INPP5D;CRTAM;SH2D1B;CD160;HLA-F;HAVCR2;AP1G1;GZMB"
"Amino Acid Activation","GOBP_AMINO_ACID_ACTIVATION",-0.53665255900801,-1.65833854212255,0.0137890795629045,0.0851907331725825,27,"EARS2;IARS2;FARSB;EEF1E1;AIMP2;AIMP1;YARS2;GATC;LARS2"
"Nephron Epithelium Development","GOBP_NEPHRON_EPITHELIUM_DEVELOPMENT",0.46992802890085,1.48651333743092,0.0138490668728552,0.0854107064359363,78,"NPNT;DCHS1;HES1;CD24;HEYL;HS3ST3A1;SMO;CITED1;GREB1L;BCL2;JAG1;GZF1;AQP1;PAX8;EDNRB;KLHL3;SOX9;EXT1;CTNNBIP1;ASXL1;KIF26B;SMAD4;PTCH1;PROM1;PKD1;WT1;AGT;WNT4;LAMB2;SLC22A1"
"Hydrogen Peroxide Catabolic Process","GOBP_HYDROGEN_PEROXIDE_CATABOLIC_PROCESS",-0.623585974106909,-1.74367854784186,0.0138873967570457,0.0854965744111266,18,"MT3;DUOX2;PRDX3;PRDX6;CAT;PRDX4;PRDX1"
"Glycerophospholipid Biosynthetic Process","GOBP_GLYCEROPHOSPHOLIPID_BIOSYNTHETIC_PROCESS",-0.31101335570781,-1.32645415372789,0.013946732111097,0.0855444774712036,175,"PNPLA3;AGPAT5;NR1H4;FABP3;MTM1;APOA1;LPIN1;ABHD5;PIK3C2A;PCYT1A;PIK3C3;LPCAT3;RAB38;PCYT2;DGKG;PTEN;FABP5;PI4K2B;ACSL3;PTPMT1;PLD2;PGAP2;MTMR7;GPAM;FAR1;PIGU;MTMR4;CPNE1;PIGA"
"Mitotic G2 Dna Damage Checkpoint Signaling","GOBP_MITOTIC_G2_DNA_DAMAGE_CHECKPOINT_SIGNALING",0.579754677111517,1.58495054383133,0.0139928591467313,0.0855444774712036,30,"IER3;PLK1;BRCA1;MBTPS1;CDK1;BRSK1;CHEK1;CDK5RAP3;DTL;FZR1;FOXO4;UIMC1;FOXN3;TRIM39"
"Response to Calcium Ion","GOBP_RESPONSE_TO_CALCIUM_ION",0.442701991801507,1.46054378656087,0.0139811737619511,0.0855444774712036,102,"WNT5A;CASR;CAMK2D;FOS;CRHBP;FOSB;JUN;JUNB;KCNMB2;DUSP1;SCN5A;CHP2;ADCY1;GDI1;KCNMB3;CAPN3;THBS1;TRPC1;HOMER1;INHBB;CPNE2;SYT1;KCNIP2;TUBA1A;STIM1;ITPKC;KCNMA1;MICU1"
"Response to Retinoic Acid","GOBP_RESPONSE_TO_RETINOIC_ACID",0.464963083951153,1.46318225540691,0.0139846479443502,0.0855444774712036,75,"WNT5A;LRAT;PHC1;IGFBP7;HAND2;DUSP1;ALDH1A2;MEST;FZD4;DNAAF2;AQP1;TEAD2;IGFBP2;KLF4;RARG;PTK7;SOX9;ASXL1;GATA6;FGFR2;PTCH1"
"Eye Morphogenesis","GOBP_EYE_MORPHOGENESIS",0.428845867910966,1.43373434751018,0.014025697422363,0.0855958502971036,116,"SOX4;WNT5A;NDP;FAT3;LRP5;MFAP2;FZD5;RPGR;PTPRM;SHROOM2;NKD1;BCL2;TTC8;JAG1;AQP1;PHACTR4;PRDM1;NTRK2;ROM1;TOPORS;RARG;FOXL2;STAU2;SOX9;TSPAN12"
"Thymic t Cell Selection","GOBP_THYMIC_T_CELL_SELECTION",-0.513144235733363,-1.63158630958954,0.014121863072167,0.086032845811828,32,"PSMA2;PSMA1;PSMB1;PSMA5;PSMA6;PSMB3;PSMA4;PSMB9;PSMB4;CD28"
"Semaphorin Plexin Signaling Pathway","GOBP_SEMAPHORIN_PLEXIN_SIGNALING_PATHWAY",0.530360252317311,1.55632738777312,0.0142156668595619,0.0864539600851484,44,"SEMA5A;SEMA7A;NRP1;SEMA4A;SEMA6C;HAND2;SEMA3C;ERBB2;FARP2;PLXNB1;SEMA3A;SEMA4C;SEMA3B;NRP2;FLNA"
"Chemical Synaptic Transmission Postsynaptic","GOBP_CHEMICAL_SYNAPTIC_TRANSMISSION_POSTSYNAPTIC",0.50031072626846,1.55508315531747,0.014344613142403,0.0870869667900134,67,"NLGN4X;RIMS1;NPY2R;GRID2;PRKCZ;ABAT;MAPK8IP2;TMEM108;RIMS2;MTMR2;DLG4;GSK3A;ZMYND8;SYT1;ELOVL4;PRKAR1B;GRIK2;SLC29A1;CHRNA7;CHRNB2;CHRNA10"
"Vesicle Cargo Loading","GOBP_VESICLE_CARGO_LOADING",-0.51997482515533,-1.63611026136738,0.0144524717068243,0.087589979911774,30,"MIA3;CTAGE9;AP3M2;KIF13A;TMED2;SEC24D;SEC23A;SEC24A;RAB1A;INSIG1;AP3S1;SEC23B;SAR1A"
"Organic Acid Transport","GOBP_ORGANIC_ACID_TRANSPORT",-0.290721767106749,-1.288649801199,0.0146730837050654,0.0884678351443099,218,"CROT;SLC2A1;UCP2;PLIN2;NR1H4;FABP3;SLC7A5;SLC6A8;SLC16A3;GOT2;TRPC4;SFXN1;PTGES;SLC16A7;KCNK1;PDPN;SLC17A5;SLC15A4;APOE;SLC1A2;FABP5;SLC46A1;LRRC8D;SLC38A5;ACSL1;ACSL3;EPM2A;SLC25A18;SLC25A1;NMB;SLC26A6;SLC7A6;PSAP;SLC43A3;RGS2;SLC1A5;SLC16A1;ACSL4;FIS1;SLC35D1;LRRC8B;RAB3GAP1;SLC38A6;SLC12A2;LYN;PSEN1;AKR1C1;SLC25A20"
"Positive Regulation of Erk1 and Erk2 Cascade","GOBP_POSITIVE_REGULATION_OF_ERK1_AND_ERK2_CASCADE",0.424511464968685,1.43668184742973,0.014627884625147,0.0884678351443099,130,"FSHR;NPNT;PLA2G5;CASR;TNFSF11;SEMA7A;PRKCZ;AKAP12;IGF1;JUN;NRP1;PDGFB;HAND2;NRG1;MAP3K12;DNAJC27;PDGFD;FGF18;PRKD2;AGER;EGFR;NDRG4;MAP2K7;GAS6;FERMT2;PDGFA;GPNMB;CHRNA7;F2R;HCRTR1;FGFR2;PDGFC;NECAB2"
"Regulation of Cell Cycle Phase Transition","GOBP_REGULATION_OF_CELL_CYCLE_PHASE_TRANSITION",0.353525846700682,1.29786816001771,0.0146506484585219,0.0884678351443099,389,"BUB1;TTK;UBE2C;DPF3;CDKN1C;BIRC5;CENPE;BUB1B;KANK2;CCND2;ANLN;APBB1;DUSP1;RCC2;SMARCC2;IER3;STK33;PLK1;SUSD2;DLGAP5;BRCA1;CDKN2C;DACT1;CDK14;BCL2;ZFP36L2;BCL7A;MBTPS1;CDK2;MN1;ESPL1;KIF14;CDK1;BRSK1;CHEK1;ZWINT;DPF2;CDC20;SMARCA2;PKIA;KLF4;TP53;DGKZ;HSPA2;SKA3;AMBRA1;ORC1;MDC1;FAM83D;PAF1;FBXO5;CTDSP2;PLK3;EGFR;MAD2L2;CDK5RAP3;MUS81;TMSB4X;RAD51B;BRD7;HECW2;CENPF;ERCC2;CDC25B;GPNMB;USP28;BRCA2;CDC14A;KLHL18;FANCD2;ARID2;DTL;USP44;PPP1R9B;DBF4B;FZR1;FOXO4;RFWD3;CDC6;BARD1;GNB1L;MAD1L1;E2F7;HUS1B;AKT1;CHMP4C;RBBP8;ARID1B;INCENP;CDK18;FBXO31;MEPCE;ARID1A;PKD1;LCMT1;E2F1;NDC80;CCNB1;UIMC1;FOXN3;EME1;XPC;CDC7;TRIM39;FBXO6;GLI1;CCNH;DYNLRB1;DDR2;STIL;IK;RAD9A;SMARCC1;SIN3A;BLM;CTDSP1;TELO2;CDK2AP2;CTDSPL;FBXO7;CHFR;RB1;SMARCD1;CLOCK;APPL2;ATF5;TPR;CLSPN"
"Positive Regulation of Filopodium Assembly","GOBP_POSITIVE_REGULATION_OF_FILOPODIUM_ASSEMBLY",0.647373944924061,1.61032933014889,0.0147358162878027,0.0886934097185101,19,"FSCN1;NRP1;PIK3R1;PALM;ZMYND8;TGFB3;SRF"
"Cardiac Muscle Contraction","GOBP_CARDIAC_MUSCLE_CONTRACTION",0.434599371261667,1.43437689574742,0.0147662097752666,0.0887238985296038,100,"JUP;CAMK2D;FGF12;ANK2;KCNJ8;DSP;GJA5;KCNQ1;CACNB2;PIK3CA;SCN5A;GJC1;TNNI3;SCN9A;PPP1R13L;GSTM2;SGCD;NPPA;AKAP9;KCNJ5;FLNA;CACNA1G;TMEM38A;CTNNA3;SCN3B;CACNA1C;SCN4A"
"Presynapse Assembly","GOBP_PRESYNAPSE_ASSEMBLY",0.565067384486166,1.56583118858561,0.0148786746417637,0.0892465706679766,33,"NLGN4X;WNT5A;GRID2;GPC4;PCDH17;IGSF11;PTPRD;BSN;MDGA1;LRFN3;SLITRK2"
"Regulation of Heart Rate","GOBP_REGULATION_OF_HEART_RATE",0.472640994973368,1.47623638327456,0.0149798290306619,0.0896997283665106,72,"JUP;CAMK2D;ANK2;ACE;KCNJ8;DSP;GJA5;KCNQ1;CACNB2;AVPR1A;SCN5A;EDNRB;NPPA;AKAP9;KCNJ5;CACNA1G;CTNNA3;SCN3B;CACNA1C"
"Positive Regulation of d Glucose Transmembrane Transport","GOBP_POSITIVE_REGULATION_OF_D_GLUCOSE_TRANSMEMBRANE_TRANSPORT",0.564917733828462,1.55674910044498,0.0150646580747858,0.0900537495494447,32,"NR4A3;IRS1;IGF1;SORBS1;INSR;PTPRM;CLIP3;PIK3R1;C3;CREBL2"
"Regulation of Mitochondrial Translation","GOBP_REGULATION_OF_MITOCHONDRIAL_TRANSLATION",-0.621248194396897,-1.7198276961233,0.0151752603675192,0.0905603697911748,17,"LRPPRC;C1QBP;TACO1;RMND1;CDK5RAP1;TRUB2;FASTKD3;MTG1;SHMT2"
"Positive Regulation of Gene Expression Epigenetic","GOBP_POSITIVE_REGULATION_OF_GENE_EXPRESSION_EPIGENETIC",0.497165094905873,1.49905679176689,0.0152720233550571,0.0909828194094646,54,"ATAD2;L3MBTL3;PHF2;KDM5A;MYOCD;EGR1;TP53;OGG1;SAMD1;BRD7;SPHK2;USP21;KDM1A;ASH2L;ARID1B;ARID1A;APOBEC3A;KAT7"
"Negative Regulation of Cell Projection Organization","GOBP_NEGATIVE_REGULATION_OF_CELL_PROJECTION_ORGANIZATION",0.408083608134597,1.38925008007686,0.0153066375918286,0.0910342130461383,138,"WNT5A;SEMA5A;HES1;FAT3;KANK1;RAB3IP;NRP1;PTPRS;SEMA6C;BCL11A;WDR44;NGEF;ULK2;ARHGAP44;VIM;GDI1;NEO1;TCHP;CDH1;FYN;SEMA3A;KIF24;TESK1;MAG;RYK;ULK1;SYNGAP1;PAQR3;DIP2B;EVI5L;DTNBP1;AKT1;DPYSL5;GAK;CEP97;EFNB3;IFRD1;RAP1GAP;STMN3;EFNA1;ADCY6;SEMA4F"
"Embryonic Appendage Morphogenesis","GOBP_EMBRYONIC_APPENDAGE_MORPHOGENESIS",0.463338547646593,1.47797064904371,0.015370620076968,0.0912598002196932,82,"WNT5A;PRICKLE1;ZBTB16;LRP5;TGFB2;ALX4;HAND2;AFF3;GJA5;ALDH1A2;TBX3;FGFR1;GRHL2;RARG;CRABP2;TULP3;DLX5;FBXW4;CHD7;ACD;SMAD4;PTCH1;ZNF358"
"Cell Cell Junction Organization","GOBP_CELL_CELL_JUNCTION_ORGANIZATION",0.404190645199027,1.39771976810441,0.0154504047024797,0.0914235940418689,161,"NLGN4X;HOPX;CDH4;CDH3;JUP;FZD5;FSCN1;TGFB2;LIMS2;ACE;TLN2;DSP;GJA5;DLG5;CDH12;FBF1;GJC1;MYO1C;ACTG1;CDH1;MPDZ;SNAI2;MICALL2;GRHL2;CLDN11;TJP2;APLNR;CLDN18;VCL;TGFB3;EXT1;FERMT2;PKN2;SRF;F2R"
"Positive Regulation of t Cell Mediated Cytotoxicity","GOBP_POSITIVE_REGULATION_OF_T_CELL_MEDIATED_CYTOTOXICITY",-0.543908123018034,-1.67786823642773,0.0154290588576875,0.0914235940418689,26,"HLA-G;B2M;TAP2;HLA-A;HLA-B;ULBP3;FADD"
"Central Nervous System Neuron Differentiation","GOBP_CENTRAL_NERVOUS_SYSTEM_NEURON_DIFFERENTIATION",0.405891698233199,1.37994028665194,0.0155154660288374,0.0916537563221203,135,"WNT5A;HES1;GRID2;GABRB1;NDNF;BTG2;NRP1;SMO;LDB1;UNC5D;LRP6;KNDC1;CAPS2;LONRF2;LHX4;FOXP2;NR4A2;NTRK2;NFE2L1;FOXG1;RYK;GBA2;MDGA1;NRP2;TULP3;CNTN2;TUBA1A;GDF7;DLX5;B4GALT5;CHRNB2;FGFR2;PTCH1;AKT1"
"Protein Insertion into Er Membrane","GOBP_PROTEIN_INSERTION_INTO_ER_MEMBRANE",-0.617765270530254,-1.72740262698829,0.0156649477745928,0.0923809967245768,18,"NOMO1;TRAM2;TMEM147;UBL4A;CCDC47;SEC61A1;NOMO2;NCLN;SGTA;TMCO1"
"Cellular Response to Calcium Ion","GOBP_CELLULAR_RESPONSE_TO_CALCIUM_ION",0.50302757055211,1.52943655772898,0.0156924097759821,0.0923874141937233,57,"WNT5A;CAMK2D;FOS;CRHBP;FOSB;JUN;JUNB;SCN5A;CHP2;ADCY1;CAPN3;INHBB;CPNE2;SYT1;TUBA1A;ITPKC;MICU1"
"Transmission of Nerve Impulse","GOBP_TRANSMISSION_OF_NERVE_IMPULSE",0.567414220807521,1.59952041138885,0.0157535061571836,0.0925914967594198,36,"FGF12;KCNJ8;KCNMB2;ANK3;AVPR1A;KCNMB3;SCN9A;COL6A1;NTRK2;MAG;KCND2;GRIK2"
"Ventricular Cardiac Muscle Tissue Development","GOBP_VENTRICULAR_CARDIAC_MUSCLE_TISSUE_DEVELOPMENT",0.527126929669271,1.5468392925234,0.0157842685361746,0.0926169056653598,44,"HOPX;ZFPM2;TGFB2;NRG1;COL11A1;KCNJ8;DSP;TBX3;TNNI3;PPP1R13L;UBE4B;CHD7;FGFR2;SMAD4"
"Glycerophospholipid Metabolic Process","GOBP_GLYCEROPHOSPHOLIPID_METABOLIC_PROCESS",-0.283158688164889,-1.28430444780828,0.0158469304014706,0.0926941772737989,241,"PNPLA3;APOC1;AGPAT5;NR1H4;FABP3;OSBPL10;MTM1;APOA1;SCARB1;SPATA18;LPIN1;PRDX6;ABHD5;PIK3C2A;DBI;PCYT1A;PIK3C3;LPCAT3;RAB38;PCYT2;DGKG;PTEN;FABP5;PI4K2B;ACSL3;ABHD6;PTPMT1;PLD2;PGAP2;MTMR7;LPGAT1;GPAM;FAR1;TNFAIP8L3;PIGU;MTMR4;CPNE1;PIGA;IPMK;PIP5K1B;ABHD12B"
"Regulation of Cytoskeleton Organization","GOBP_REGULATION_OF_CYTOSKELETON_ORGANIZATION",0.344173900558812,1.27103399665311,0.0158503603160164,0.0926941772737989,431,"SEMA5A;PLEKHH2;LIMCH1;ARHGAP28;PAK3;ARHGEF10L;STMN1;DAAM2;KANK1;VANGL2;FSCN1;HIP1R;TGFB2;ARHGAP6;PICK1;NRP1;FCHSD1;KANK2;PLEKHG2;SSH3;EPS8;BCAS3;GPM6B;CLIP3;NUMA1;CGNL1;PLK1;PIK3CA;BRCA1;SORBS3;PIK3R1;CEP120;ARHGEF2;NGEF;KIF18A;TTC8;PAK1;TMOD2;PLXNB1;ARHGAP44;SPTBN2;SKA2;WASH3P;ACTG1;INPP5K;CCNF;TMOD1;APC2;SKA3;ARHGEF18;TESK1;CDC42EP1;MAPRE3;MAP9;GBA2;GSK3A;LIMK1;STAU2;SPAG5;DIAPH3;CD47;DVL2;AKAP9;TGFB3;CIT;TMSB4X;ASAP3;PLK4;FERMT2;AVIL;FLNA;PDGFA;DVL3;ARHGEF19;WASF3;NCK2;CLASP1;CEP70;SMAD4;CKAP2;CHMP4C;AMOT;CEP97;TJP1;CELSR1;RHOBTB1;PKD1;ATAT1;SYNPO2L;VILL;EFNA5;BAIAP2L1;NEXN;STMN3;CCDC15;WNT4;ROCK2;DCTN1;CORO1B;PRKD1;CHMP1B;BICD1;ARHGEF5;MID1;MYADM"
"Intracellular Lipid Transport","GOBP_INTRACELLULAR_LIPID_TRANSPORT",-0.459604567311316,-1.52439941426825,0.016188477180289,0.0945137259375874,42,"PCSK9;FABP3;PLEKHA8P1;STAR;ANXA2;STARD4;ABCA1;ARL8B;OSBP;NUS1;TMEM97;SLC25A20"
"Positive Regulation of Myoblast Differentiation","GOBP_POSITIVE_REGULATION_OF_MYOBLAST_DIFFERENTIATION",0.571410436611245,1.59551217621455,0.0163855740042194,0.0955052674488861,34,"SOX4;IGFBP3;DPF3;SMARCC2;MAP3K5;SMARCA2;BRD7;ARID2;AKIRIN1;ARID1B;ARID1A;SMARCC1;RBM24;ZFHX3;SMARCD1;BOC"
"Cardiac Conduction System Development","GOBP_CARDIAC_CONDUCTION_SYSTEM_DEVELOPMENT",0.62644645548242,1.61157583243931,0.0164634629418717,0.0957469035065725,23,"HOPX;KCNJ8;GJA5;SCN5A;TBX3;SMAD1;NPPA;GATA6;CACNA1G;SMAD4"
"Metencephalon Development","GOBP_METENCEPHALON_DEVELOPMENT",0.453282337829189,1.44395317804095,0.0165090293228575,0.0957469035065725,81,"NLGN4X;GRID2;CNTN1;ABAT;PTPRS;SMO;LDB1;NAV2;SCN5A;FZD4;BCL2;PAK1;SPTBN2;KNDC1;KIF14;CAPS2;FOXP2;MDK;SEMA4C;KCNC1;FCGR2B"
"Protein Lipid Complex Assembly","GOBP_PROTEIN_LIPID_COMPLEX_ASSEMBLY",-0.531099279450166,-1.63207576216639,0.0165034483068631,0.0957469035065725,25,"APOC1;APOA1;LPCAT3;APOE;ACSL3;ABCA1"
"Glycerolipid Biosynthetic Process","GOBP_GLYCEROLIPID_BIOSYNTHETIC_PROCESS",-0.298052375225283,-1.3007783446092,0.0166467581263627,0.0963861053167743,205,"PNPLA3;AGPAT5;NR1H4;FABP3;MTM1;APOA1;SCARB1;LPIN1;ABHD5;PIK3C2A;TMX1;PCYT1A;PIK3C3;LPCAT3;RAB38;PCYT2;DGKG;PTEN;FABP5;FBXW7;PI4K2B;ACSL1;ACSL3;GK;PTPMT1;PLD2;PGAP2;MTMR7;LPGAT1;GPAM;FAR1;PIGU;MTMR4;CPNE1;PIGA;PIP5K1B;LIPH;PGS1;DGAT2;ABHD4;PIK3C2B;SCP2;PIGP;ABHD3;MFSD2A;NR1H3"
"Stem Cell Proliferation","GOBP_STEM_CELL_PROLIFERATION",0.494512754989548,1.49786388979318,0.017018305291686,0.0983747911497954,55,"WNT5A;PIM1;ZNRF3;FBLN1;ACE;CITED1;ANG;HMGB2;TBX3;LTBP3;SNAI2;FERMT2;KDM1A;N4BP2L2;L3MBTL2;ARIH2;EPCAM;HMGA2;KAT7;DGCR8;YJEFN3;HNRNPU"
"Formation of Primary Germ Layer","GOBP_FORMATION_OF_PRIMARY_GERM_LAYER",0.459089069318854,1.47462634014109,0.0170847707195516,0.0985962962612672,87,"ATOH8;WNT5A;NR4A3;ITGB5;COL11A1;DUSP1;LAMA3;ITGA3;FGFR1;FN1;SMAD1;COL6A1;KLF4;ARMC5;BMPR2;PAF1;MMP14;AXIN1"
"Hindlimb Morphogenesis","GOBP_HINDLIMB_MORPHOGENESIS",0.641797891478196,1.55886077020471,0.0171846473425209,0.0988665465620654,17,"ZBTB16;ALX4;AFF3;TBX3;RARG;CHD7;PTCH1"
"Nucleoside Monophosphate Biosynthetic Process","GOBP_NUCLEOSIDE_MONOPHOSPHATE_BIOSYNTHETIC_PROCESS",-0.460872654571822,-1.50347900029585,0.0171880464905218,0.0988665465620654,37,"PAICS;APRT;DGUOK;GMPS;IMPDH2;NUDT2;AMPD3;UPP1;DCTD;ATIC;HPRT1;DHODH"
"Positive Regulation of Cellular Response to Transforming Growth Factor Beta Stimulus","GOBP_POSITIVE_REGULATION_OF_CELLULAR_RESPONSE_TO_TRANSFORMING_GROWTH_FACTOR_BETA_STIMULUS",0.573839714904327,1.5687800445889,0.0173595048126657,0.0996890907520787,30,"NPNT;CDKN1C;CITED1;TGFB1I1;MYOCD;ING2;THBS1;AXIN1"
"Apoptotic Process Involved in Development","GOBP_APOPTOTIC_PROCESS_INVOLVED_IN_DEVELOPMENT",0.599099138652529,1.56154433193989,0.0173987940148725,0.0997511872898501,25,"LRP5;FZD5;TGFB2;HAND2;CHEK1;PAX8"
"Endocrine Process","GOBP_ENDOCRINE_PROCESS",0.472433558818331,1.46562083946809,0.0174477485389585,0.0998684038104113,66,"CRHBP;ACE;C1QTNF1;GJA5;KCNQ1;HSD11B2;AVPR1A;FZD4;TBX3;FGFR1;AQP1;PCSK5;OXTR;EDNRB;TACR2;FOXL2;INHBB;GDF9;GNRHR;C1QTNF3;F2R;SMAD4"
"Monoamine Transport","GOBP_MONOAMINE_TRANSPORT",0.547388580376308,1.54010875906846,0.0175590640971568,0.100341601194683,35,"NPY2R;ADRA2A;PICK1;ABAT;SYT11;GPM6B;ADORA3;GABBR1;SYT1;CHRNB2;SNCG;DTNBP1;SLC29A3"
"Membrane Repolarization During Action Potential","GOBP_MEMBRANE_REPOLARIZATION_DURING_ACTION_POTENTIAL",0.640499547993265,1.55570722801988,0.0176339128529113,0.100441620689022,17,"CACNB3;KCNJ8;KCNQ1;KCNIP2;KCNJ5;FLNA"
"Trna Threonylcarbamoyladenosine Metabolic Process","GOBP_TRNA_THREONYLCARBAMOYLADENOSINE_METABOLIC_PROCESS",-0.615817256573566,-1.67552028354918,0.0176238487255662,0.100441620689022,16,"LAGE3;TPRKB;TRIT1;CDK5RAP1;TRUB2;PUS1;HSD17B10;OSGEP"
"Carbohydrate Phosphorylation","GOBP_CARBOHYDRATE_PHOSPHORYLATION",-0.611076689217846,-1.70869993604556,0.0178868912438582,0.101060935527799,18,"PFKFB4;HK2;EPM2A;HKDC1;PFKFB3"
"Female Sex Differentiation","GOBP_FEMALE_SEX_DIFFERENTIATION",0.449152094661881,1.48591332539368,0.0178229065537409,0.101060935527799,99,"FSHR;WNT5A;ZFPM2;DACH1;MMP19;AMH;EIF2B2;MERTK;INSR;DACH2;ANG;NOTCH4;FZD4;BCL2;FANCE;TBX3;FANCG;AXL;MMP14;FOXL2;INHBB;GDF9;PLEKHA1;TYRO3;BRCA2;CHD7;SMAD4;ESR1;NR2F2;CEBPB;WT1;SIRT1;WNT4"
"Inner Ear Morphogenesis","GOBP_INNER_EAR_MORPHOGENESIS",0.496608735931405,1.51262044267107,0.0177874862247259,0.101060935527799,58,"WNT5A;SOBP;NR4A3;VANGL2;COL11A1;KCNQ1;TBX3;FGFR1;TECTA;PAX8;FOXG1;PTK7;SOX9;DVL2;DLX5;CHD7;FZD3;CHRNA10;FGFR2;STRC"
"Positive Regulation of Reactive Oxygen Species Biosynthetic Process","GOBP_POSITIVE_REGULATION_OF_REACTIVE_OXYGEN_SPECIES_BIOSYNTHETIC_PROCESS",-0.612775164990964,-1.66724333759377,0.0178427757254743,0.101060935527799,16,"DUOXA2;SOD2;PARK7"
"Ventricular Cardiac Muscle Cell Membrane Repolarization","GOBP_VENTRICULAR_CARDIAC_MUSCLE_CELL_MEMBRANE_REPOLARIZATION",0.639845299819965,1.55411812680145,0.0178585456669126,0.101060935527799,17,"ANK2;KCNJ8;GJA5;KCNQ1;SCN5A;AKAP9;KCNJ5"
"Skin Epidermis Development","GOBP_SKIN_EPIDERMIS_DEVELOPMENT",0.451269673889186,1.44072179427487,0.0180013557371863,0.101543879464354,83,"WNT5A;CDH3;SAV1;VANGL2;TGFB2;ALX4;IGFBP5;SMO;NUMA1;LDB1;ZDHHC21;BCL2;HPSE;COL6A1;ABCA12;KLF4;EGFR;SOX9;LDB2;EXT1;ERCC2;PDGFA;SRF;GATA6;FZD3;IL18;FGFR2;SMAD4;NFKBIZ;CLDN4;RELA;FLG2"
"Coenzyme a Metabolic Process","GOBP_COENZYME_A_METABOLIC_PROCESS",-0.609996096443321,-1.70567836962468,0.0181090858109291,0.101987343401422,18,"CROT;ACLY;ACOT7;HMGCR;PANK1;MCCC2"
"Meiotic Chromosome Segregation","GOBP_MEIOTIC_CHROMOSOME_SEGREGATION",0.499687207465164,1.50188873947415,0.0181665844351026,0.10214694265837,52,"ASPM;CCNB1IP1;TTK;PLK1;SKA2;ESPL1;ZWINT;SKA3;PSMC3IP;FBXO5;EHMT2;NCAPH;BAG6;SUN1;FANCD2;NCAPH2;PTTG1;CENPV;NDC80;ZCWPW1;GOLGA2"
"Macromolecule Methylation","GOBP_MACROMOLECULE_METHYLATION",-0.350177672855858,-1.3768141130887,0.0182931318259284,0.102693655106133,97,"TRMT61B;LSM11;HENMT1;PRMT5;TYW3;METTL2B;SETD7;PCMT1;TFB2M;RAB6A;GSPT1;SETD3;NSUN4;SNRPD3;METTL2A;METTL5;EMG1;SNRPD2;FTSJ3;SNRPD1;CAMKMT;SNRPG;TGS1;FTSJ1;METTL22;THUMPD2;FBL;HSD17B10;RNMT;SNRPB;FAM98B;PRMT1;METTL18;ICMT;SNRPE"
"Heterophilic Cell Cell Adhesion","GOBP_HETEROPHILIC_CELL_CELL_ADHESION",0.572045865591718,1.57185049270768,0.0184919574258823,0.103643722980585,31,"CDH4;DCHS1;GRID2;LSAMP;VCAM1;SELE;CADM1;PTPRD;AMIGO2;FAT4;SCARF2;SELP;CDH2;ALCAM"
"Positive Regulation of Mapk Cascade","GOBP_POSITIVE_REGULATION_OF_MAPK_CASCADE",0.353885546505993,1.29057418957601,0.018989540707136,0.106262557663095,335,"FSHR;IQGAP3;WNT5A;NPNT;PLA2G5;CASR;TNFSF11;SEMA7A;PRKCZ;IGFBP3;AKAP12;IGF1;TGFB2;JUN;TRAF4;ADRA2A;NRP1;PDGFB;HAND2;NRG1;ERBB2;MAPK8IP2;INSR;C1QTNF1;DAB2IP;NKD1;MAP3K5;MAP3K12;SORBS3;DOK4;DNAJC27;TMEM106A;CSPG4;FGFR1;TRAF2;PDGFD;FGF18;THBS1;MBIP;SEMA3A;PRKD2;NTRK2;SEMA4C;RYK;AXIN1;SASH1;AGER;EGFR;NDRG4;MAP2K7;TLR3;FCGR2B;DVL2;MAPKBP1;GAS6;FERMT2;PDGFA;GPNMB;DVL3;CHRNA7;F2R;MAP3K10;GADD45G;KLB;HCRTR1"
"Chemokine Production","GOBP_CHEMOKINE_PRODUCTION",0.464344371950083,1.45039106964622,0.0191779471198298,0.106945559341875,69,"WNT5A;TNFSF4;C5;ARG2;CXCL6;FOXP1;HMOX1;EGR1;IL10;LPL;SNAI2;KLF4;AGER;TLR3;SOCS5;MAVS;C1QTNF3;IL18"
"Copii Coated Vesicle Budding","GOBP_COPII_COATED_VESICLE_BUDDING",-0.457944390844736,-1.50376954727958,0.0191772996241347,0.106945559341875,39,"MIA3;VAPB;TRAPPC3;TMED2;SEC24D;SEC23A;SEC24A;RAB1A;INSIG1;PDCD6;SEC23B;PREB;SAR1A"
"Muscle System Process","GOBP_MUSCLE_SYSTEM_PROCESS",0.357082897047332,1.30547470852169,0.0192031849346387,0.106945559341875,345,"MYH11;CACNB3;NPNT;NPY2R;FOXO1;JUP;NR4A3;CAMK2D;FGF12;GATM;IGF1;PPP1R12B;ADRA2A;ABAT;PDGFB;IGFBP5;ANK2;HAND2;KCNJ8;DSP;APBB1;GJA5;ARG2;KCNQ1;MYOCD;CACNB2;PIK3CA;SMTN;SCN5A;FOXP1;HMOX1;ZDHHC21;PAK1;TMOD2;GJC1;NPR3;TNNI3;SCN9A;PDE9A;COL6A1;TMOD1;OXTR;EDNRB;KLF4;PPP1R13L;TACR2;TPM4;GSTM2;GSK3A;HOMER1;SGCD;NPPA;APLNR;AKAP9;CACNB1;GNAO1;LMNA;TPM2;KCNIP2;KCND2;KCNJ5;FLNA;SRF;GATA6;CACNA1G;DDIT3;F2R;FBXO32;DES;CHRNB2;TMEM38A;MYL9;KCNMA1;SMAD4;CTNNA3"
"Endoplasmic Reticulum Organization","GOBP_ENDOPLASMIC_RETICULUM_ORGANIZATION",-0.387597613608023,-1.44700677041366,0.0192920608563571,0.10726998282511,72,"NOMO1;MIA3;LPCAT3;VAPB;EIF2AK3;TRAM2;LMAN1;REEP6;TMEM147;UBL4A;TMED2;CCDC47;RAB3GAP1;SEC61A1;VCPIP1;NOMO2;REEP3;ATL3;JAGN1;NCLN;SGTA;TMCO1;REEP5;TMEM38B"
"Mitochondrial Trna Processing","GOBP_MITOCHONDRIAL_TRNA_PROCESSING",-0.632076233680821,-1.70240230671301,0.0194695399897104,0.108085259245571,15,"TRMT61B;TRIT1;CDK5RAP1;TRUB2;PUS1;HSD17B10"
"Regulation of Heart Growth","GOBP_REGULATION_OF_HEART_GROWTH",0.54191518305379,1.56500868430405,0.019500926593087,0.108088205467696,41,"PIM1;ZFPM2;SAV1;IGF1;NRG1;FOXP1;PAK1;FGFR1;VGLL4;CDK1;GSK3A;GATA6;FGFR2;WT1;CCNB1;GLI1;HEY2;COL14A1;ACACB;CTDP1;PROX1;RUNX1"
"Branching Involved in Mammary Gland Duct Morphogenesis","GOBP_BRANCHING_INVOLVED_IN_MAMMARY_GLAND_DUCT_MORPHOGENESIS",0.633201966460785,1.60090652417558,0.0195572252835033,0.108229005004916,20,"WNT5A;LRP5;TBX3;DDR1;CSF1;ESR1;WNT4"
"Protein n Linked Glycosylation via Asparagine","GOBP_PROTEIN_N_LINKED_GLYCOSYLATION_VIA_ASPARAGINE",-0.573383394981653,-1.68518935197597,0.0197968238703809,0.109209880343219,22,"MGAT5;DAD1;STT3B;OSTC;RPN1;STT3A;ALG8;ALG5;UBE2J1;TUSC3;OST4;DDOST"
"Rna Templated Dna Biosynthetic Process","GOBP_RNA_TEMPLATED_DNA_BIOSYNTHETIC_PROCESS",-0.409467098687904,-1.45156255898208,0.0197722029345147,0.109209880343219,55,"PINX1;DKC1;RPA1;CCT5;NHP2;HSP90AB1;CCT8;CCT3;CTNNB1;PARP3;PTGES3;CCT7;NOP10;ATR;TERC;POT1;FBXO4;SMG5;HSP90AA1;CCT6A;XRCC5;RAD50;CCT4;NAT10"
"Mammary Gland Epithelium Development","GOBP_MAMMARY_GLAND_EPITHELIUM_DEVELOPMENT",0.496040427220698,1.50819240915592,0.0199302471412459,0.109773043609724,57,"IQGAP3;WNT5A;TNFSF11;LRP5;PRLR;SMO;TBX3;DDR1;BRCA2;CSF1;FGFR2;ESR1;AKT2;PTCH1;AKT1;CEBPB;WNT4;IRF6"
"Humoral Immune Response Mediated by Circulating Immunoglobulin","GOBP_HUMORAL_IMMUNE_RESPONSE_MEDIATED_BY_CIRCULATING_IMMUNOGLOBULIN",0.563409190443377,1.5259207973981,0.0200537244857782,0.109934580396997,29,"C7;C5;SUSD4;C3;EXO1;FCGR2B;C1QC;C6;C1R;MASP2;CLU;C2;BCL3;C1QB;C1S;HPX;C1RL"
"Potassium Ion Transport","GOBP_POTASSIUM_ION_TRANSPORT",0.421758821017856,1.4185964225403,0.0200344726540034,0.109934580396997,123,"KCNK5;FXYD6;ADRA2A;ANK2;KCNJ8;KCNMB2;ANK3;SLC9A7;GJA5;KCNQ1;SLC12A4;CDK2;KCNMB3;AQP1;KCNK6;SLC12A5;KCNIP4;KCNN3;KCNJ16;KCNT2;KCNC1;NPPA;SLC1A3;KCNIP2;KCND2;KCNJ5;FLNA;TMEM38A;KCNMA1;KCNIP3;KCNG1"
"Regulation of Protein Neddylation","GOBP_REGULATION_OF_PROTEIN_NEDDYLATION",-0.603364082427429,-1.6416375924526,0.0200320473958467,0.109934580396997,16,"COPS6;COPS5;DCUN1D4;COPS2;COPS3;COPS4;COPS7A;EPAS1;HIF1A;DCUN1D2"
"Cognition","GOBP_COGNITION",0.388595786935043,1.37972210249924,0.0201664853784701,0.11037999731372,214,"NLGN4X;PTPRZ1;SOBP;S100B;CPEB3;CLSTN2;FOS;CRHBP;GATM;PRRT1;BTG2;SYT11;CCND2;MAPK8IP2;INSR;NPTX2;ITGA3;ADCY1;TTC8;BCL7A;TMOD2;CRTC1;EGR1;PRKCG;SLC12A5;BRSK1;CHL1;SPECC1;FYN;SGK1;CHST10;FOXP2;MDK;NTRK2;ADCY3;TACR2;PLK2;DLG4;SHROOM4;AGER;GPR155;EGFR;NDRG4;AFF2;MAN2B1;SLITRK4;SYNGAP1;PRKAR1B;CNTN2;TUBA1A;MGAT3;CTNS;SRF;CHRNA7;CHD7;CHRNB2"
"Regulation of Mesenchymal Cell Proliferation","GOBP_REGULATION_OF_MESENCHYMAL_CELL_PROLIFERATION",0.617456705661618,1.58844909363492,0.020220175135003,0.110501206705016,23,"WNT5A;LRP5;SMO;FGFR1;FOXP2;SOX9;LMNA;CTNNBIP1;PDGFA;FGFR2"
"Osteoblast Proliferation","GOBP_OSTEOBLAST_PROLIFERATION",0.592063337588258,1.54320560540244,0.0202800867650326,0.110655987442226,25,"LRRC17;LRP5;JUNB;BCL2;PLXNB1;MN1;NPR3;HPSE"
"Prostate Gland Morphogenesis","GOBP_PROSTATE_GLAND_MORPHOGENESIS",0.632069829127285,1.57226065788802,0.020360079498093,0.11091968659692,19,"WNT5A;IGF1;RARG;CYP7B1;SOX9;FGFR2;CRIP1;ESR1"
"Quinone Metabolic Process","GOBP_QUINONE_METABOLIC_PROCESS",-0.571107375543403,-1.63467334627293,0.0204312504475765,0.111134581238914,19,"NQO1;PDSS1;NDUFA9;PDSS2;NQO2;COQ5;COQ3;RTN4IP1;COQ2;FDXR;STARD7"
"Establishment of Mitochondrion Localization Microtubule Mediated","GOBP_ESTABLISHMENT_OF_MITOCHONDRION_LOCALIZATION_MICROTUBULE_MEDIATED",-0.518434702415311,-1.6020425770043,0.0206224568973509,0.111827347540898,27,"UCHL1;LRPPRC;TRAK2;RHOT1;AGTPBP1;ARMCX3;KIF1B;UXT;SYBU"
"Regulation of Cardiac Muscle Cell Proliferation","GOBP_REGULATION_OF_CARDIAC_MUSCLE_CELL_PROLIFERATION",0.596224284692447,1.54066777605829,0.0205932504208881,0.111827347540898,24,"PIM1;ZFPM2;SAV1;NRG1;FGFR1;VGLL4;CDK1;GATA6;FGFR2;CCNB1;GLI1;HEY2"
"Endocardial Cushion Morphogenesis","GOBP_ENDOCARDIAL_CUSHION_MORPHOGENESIS",0.579051196471616,1.5556458701866,0.0206835061622112,0.111985041864337,28,"DCHS1;TGFB2;HEYL;ADAMTS5;TBX3;SNAI2;SOX9;APLNR;TGFB3"
"Oligopeptide Transport","GOBP_OLIGOPEPTIDE_TRANSPORT",-0.60147655500913,-1.68185592612357,0.0207754229698991,0.112136065737375,18,"MGST1;SLC15A4;ABCB9;SLC26A6;ABCC4;SLC25A40;ABCC2;SLC7A11;SLC13A3;SLC15A3;CA2"
"Response to Estrogen","GOBP_RESPONSE_TO_ESTROGEN",0.508586351463818,1.49714957787287,0.0207716945488995,0.112136065737375,45,"CD24;CRHBP;SMAD6;BCAS3;CITED1;ARID5A;DHH;SLC10A1;IGFBP2;MMP14;CLDN18;KRT19;GATA6;ASH2L;ESR1"
"Synaptic Vesicle Priming","GOBP_SYNAPTIC_VESICLE_PRIMING",0.596007683634157,1.54010807012323,0.0208158779985551,0.112181570198367,24,"RIMS1;RIMS2;RIMS3;ERC2;BRSK1"
"Membrane Depolarization During Cardiac Muscle Cell Action Potential","GOBP_MEMBRANE_DEPOLARIZATION_DURING_CARDIAC_MUSCLE_CELL_ACTION_POTENTIAL",0.649537477331189,1.55239376455335,0.0209043267112338,0.11248518658902,16,"ANK2;ANK3;GJA5;CACNB2;SCN5A;CACNA1G;SCN3B;CACNA1C"
"Non Proteinogenic Amino Acid Metabolic Process","GOBP_NON_PROTEINOGENIC_AMINO_ACID_METABOLIC_PROCESS",-0.451387931959776,-1.49714678231462,0.0210297661981649,0.112986611951184,42,"PLOD1;DDO;GOT2;P4HB;PARK7;ALDH8A1;BPHL"
"Cristae Formation","GOBP_CRISTAE_FORMATION",-0.626309397415584,-1.68687020024033,0.0211905874986686,0.113502489308618,15,"SAMM50;APOO;APOOL;IMMT"
"Postsynapse Assembly","GOBP_POSTSYNAPSE_ASSEMBLY",0.474777107593298,1.46934242611509,0.0211729457674085,0.113502489308618,64,"WNT5A;PRICKLE1;GRID2;CPEB3;CC2D1A;PTPRS;MARK1;TRIM47;ARHGAP33;SPTBN2;SYNDIG1;FGFR1;LZTS1;SLC12A5;PTPRD;SEMA4C;DOCK1"
"Pancreas Development","GOBP_PANCREAS_DEVELOPMENT",0.50119213549472,1.49186917649426,0.0217298780520772,0.116178427348155,48,"SOX4;WNT5A;HES1;IGF1;INSR;SMO;ALDH1A2;ILDR2;CDK6;GSK3A;SOX9;ACVR2B;TCF7L2"
"Response to Increased Oxygen Levels","GOBP_RESPONSE_TO_INCREASED_OXYGEN_LEVELS",-0.568193905502806,-1.62633415818943,0.0217565082330544,0.116178427348155,19,"BNIP3;SLC7A5;SOD2;CAT;ATP6AP1"
"Smooth Muscle Tissue Development","GOBP_SMOOTH_MUSCLE_TISSUE_DEVELOPMENT",0.654412377976474,1.60776536017623,0.0218691050849011,0.116601940810363,18,"SMO;FOSL2;FOXP2;SOX9;SRF;PTCH1;ZFAND5;EFEMP2"
"Bone Morphogenesis","GOBP_BONE_MORPHOGENESIS",0.464886198307059,1.45488641192861,0.0219415221016836,0.116636145807968,73,"SFRP4;CSGALNACT1;LRP5;MMP16;POC1A;LTBP3;FGF18;FOSL2;BMPR2;THBS3;MMP14;RARG;ACP5;SOX9;EXT1;NAB2;SERPINH1;DLX5;SMPD3;FGFR2;AXIN2;CHSY1;NAB1"
"Negative Regulation of Chromosome Organization","GOBP_NEGATIVE_REGULATION_OF_CHROMOSOME_ORGANIZATION",0.449229552825172,1.44295688056496,0.0220880160691018,0.116636145807968,87,"BUB1;TTK;BIRC5;BUB1B;DUSP1;PLK1;ESPL1;ZWINT;CDC20;TP53;SKA3;FBXO5;MAD2L2;ATRX;CENPF;USP44;ACD;MAD1L1;XRCC1;INCENP;SLX4;LCMT1;NDC80;CCNB1;DYNLRB1;SMG6;IK;TNKS;HNRNPU;TPR;CTC1;RAD21;TERF2IP;SETMAR;DYNLT3;TINF2;KNTC1;MAD2L1;DCP2;SPC25;ZWILCH"
"Post Translational Protein Targeting to Endoplasmic Reticulum Membrane","GOBP_POST_TRANSLATIONAL_PROTEIN_TARGETING_TO_ENDOPLASMIC_RETICULUM_MEMBRANE",-0.597930975697898,-1.67194173491117,0.0221085928679677,0.116636145807968,18,"HSPA5;SSR4;SSR1;SEC61B;UBL4A;SSR3;SEC61A1;SEC61G;SGTA"
"Regulation of Cd4 Positive Alpha Beta t Cell Activation","GOBP_REGULATION_OF_CD4_POSITIVE_ALPHA_BETA_T_CELL_ACTIVATION",0.475768506019831,1.46455522499225,0.0220534686430187,0.116636145807968,61,"TNFSF4;PRKCZ;JUNB;ARG2;ZBTB7B;PRKCQ;AGER;SOCS5;IL18;NFKBIZ;BRD2;LGALS9;SH3RF1;TWSG1;HLA-DRB1;SMAD7;LOXL3"
"Regulation of Neuronal Synaptic Plasticity","GOBP_REGULATION_OF_NEURONAL_SYNAPTIC_PLASTICITY",0.521992818295368,1.51925043954489,0.0220747967513165,0.116636145807968,42,"S100B;DBN1;CAMK2D;RAB3A;BCL7A;SYNGR1;DLG4;SYNGAP1;CNTN2;GRIK2;FXR2"
"Regulation of Polysaccharide Biosynthetic Process","GOBP_REGULATION_OF_POLYSACCHARIDE_BIOSYNTHETIC_PROCESS",0.560060012847681,1.51684998379737,0.0219656766365221,0.116636145807968,29,"IRS1;IGF1;SORBS1;PDGFB;ENPP1;INSR;GRB10;INPP5K;GSK3A;SMPD3;AKT2;AKT1;PPP1R3D;PPP1R3F"
"Spermatid Differentiation","GOBP_SPERMATID_DIFFERENTIATION",0.407125544414106,1.37172097477802,0.0220579275755916,0.116636145807968,125,"FSHR;CCNB1IP1;KLC3;AGFG2;TUBA8;STK33;HMGB2;ING2;CEP57;DHH;CCDC159;FANCG;CCDC136;SUFU;HOOK1;HSPA2;FSIP2;CATSPERG;RBM46;TTC21A;DPY19L2;EHMT2;MAST2;CEP70;DZIP1;SIX5;PTCH1;SBF1;DNAH1;CHN2;MNS1;MYCBPAP;PYGO1;TSSK4"
"Negative Regulation of Cell Junction Assembly","GOBP_NEGATIVE_REGULATION_OF_CELL_JUNCTION_ASSEMBLY",0.551258188055619,1.51910736197405,0.0223432970260405,0.117697096965744,32,"WNT5A;PTPN13;ARHGAP6;ACE;RCC2;THBS1;MMP14"
"Vesicle Coating","GOBP_VESICLE_COATING",-0.489913393414698,-1.55772184488753,0.0225683850251847,0.118704283398231,32,"TRAPPC3;TMED9;AP3M2;TMED2;PDCD6;AP3S1;PREB;SAR1A;AP3S2;TRAPPC5;ARFGAP3;TRAPPC2L;SAR1B;CUL3;TRAPPC8;GBF1;TFG;TRAPPC1;CSNK1D;AP3D1"
"Mitotic Metaphase Chromosome Alignment","GOBP_MITOTIC_METAPHASE_CHROMOSOME_ALIGNMENT",0.492292757864062,1.4967977603218,0.0226391327586453,0.118719883313675,57,"KIFC1;TTK;BIRC5;CENPE;CENPA;KIF2C;KIF18A;SKA2;KIF14;CDK1;CEP55;SKA3;KIF22;MAD1L1;CHMP4C;INCENP;NDC80;CCNB1;SIRT1;DCTN2;CHMP1B"
"Neural Retina Development","GOBP_NEURAL_RETINA_DEVELOPMENT",0.502206610789767,1.4844527942398,0.0226307845760821,0.118719883313675,46,"NDP;FAT3;FOS;TGFB2;PTPRM;TTC8;PRDM1;NTRK2;ROM1;TOPORS;SOX9;TSPAN12;MEGF11;PROM1;ZHX2;ATP8A2"
"Pulmonary Valve Development","GOBP_PULMONARY_VALVE_DEVELOPMENT",0.652762696487793,1.603712410015,0.0227662914299658,0.119208249445696,18,"TGFB2;SMAD6;HEYL;GJA5;ADAMTS5;JAG1;BMPR2;NFATC1"
"Salivary Gland Development","GOBP_SALIVARY_GLAND_DEVELOPMENT",0.562717211200433,1.5462174956296,0.0228880726591818,0.119667042574797,31,"TGFB2;NRP1;SEMA3C;TFCP2L1;NTN4;FGFR1;SNAI2;ESRP2;EGFR;TGFB3;TGM2;PDGFA;FGFR2;DAG1;TWSG1"
"Cellular Response to Vascular Endothelial Growth Factor Stimulus","GOBP_CELLULAR_RESPONSE_TO_VASCULAR_ENDOTHELIAL_GROWTH_FACTOR_STIMULUS",0.477977187225015,1.46077174244888,0.0229375551486826,0.119747027847742,59,"TNXB;PGF;NR4A1;ADAMTS12;NRP1;EGR3;DAB2IP;PIK3CA;VCAM1;MYO1C;PRKD2;CADM4;NRP2;PTP4A3;AKT1;NR2F2;SEMA6A;GAB1;RELA;PRKD1;KDR;GREM1;ADAMTS3"
"Lytic Vacuole Organization","GOBP_LYTIC_VACUOLE_ORGANIZATION",-0.335677196729001,-1.33749406326313,0.0229995078032791,0.1198917795162,105,"CREG1;HEXB;OSBPL10;FNIP1;TMEM165;PPT1;MFSD8;HOOK3;LIPA;ABCA1;CLN5;ARL8B;AKTIP;ATP6AP1;HSD17B1;TCIRG1"
"Membrane Lipid Metabolic Process","GOBP_MEMBRANE_LIPID_METABOLIC_PROCESS",-0.305382053255707,-1.29156158788876,0.0232282453833077,0.120904225226935,160,"ELOVL6;SMPDL3A;HEXB;GALC;GM2A;TECR;PPM1L;PPT1;MFSD8;SPTLC2;ST3GAL6;PRKAA1;SPTSSA;PGAP2;AGK;PSAP;LCT;ELOVL5;PIGU;FUCA1;OSBP;MECR;SGMS2;NEU1;ACER2;GLB1;DPM3;PIGA;NAGA;B3GNT5;KDSR;SGMS1;SPTLC1;PIGP;ASAH1;SCCPDH;DPM1;P2RX1;M6PR;PIGN;ARV1"
"Ventricular Cardiac Muscle Cell Action Potential","GOBP_VENTRICULAR_CARDIAC_MUSCLE_CELL_ACTION_POTENTIAL",0.586836991058027,1.54412771635638,0.0234506907561941,0.1218809639747,26,"JUP;ANK2;KCNJ8;DSP;GJA5;KCNQ1;SCN5A;KCNJ5;CTNNA3;SCN3B;CACNA1C"
"Neuron Maturation","GOBP_NEURON_MATURATION",0.554611992936759,1.56343138852052,0.0234917383371287,0.121913421325869,36,"FBXO41;CDKN1C;PICK1;FARP2;NTN4;BCL2;EDNRB;C3;NR4A2;ANKS1A;NDRG4;KCNIP2;CNTN2;B4GALT5;KDM1A"
"Positive Regulation of Osteoblast Differentiation","GOBP_POSITIVE_REGULATION_OF_OSTEOBLAST_DIFFERENTIATION",0.491929349754075,1.47645915902775,0.0235342561415734,0.121953401278006,51,"NPNT;LRP5;IGF1;CEBPD;JAG1;LRP3;SMAD1;BMPR2;FBXO5;ACVR2B;CTNNBIP1;FERMT2;SCUBE3;CEBPB;JUND;WNT4;PRKD1;DDR2;FAM20C"
"t Cell Mediated Cytotoxicity","GOBP_T_CELL_MEDIATED_CYTOTOXICITY",-0.442657577909843,-1.4985593933633,0.0236131632548827,0.122181552262709,46,"HLA-G;CTSC;B2M;TAP2;HLA-A;EBAG9;HLA-B;MICA;ULBP3;FADD"
"Attachment of Mitotic Spindle Microtubules to Kinetochore","GOBP_ATTACHMENT_OF_MITOTIC_SPINDLE_MICROTUBULES_TO_KINETOCHORE",0.623336019479169,1.57596273099957,0.02376244292282,0.122695580957294,20,"BIRC5;CENPE;KIF2C;SKA2;CDK1;SKA3;MAD1L1;INCENP;NDC80;SIRT1"
"Positive Regulation of Mitotic Nuclear Division","GOBP_POSITIVE_REGULATION_OF_MITOTIC_NUCLEAR_DIVISION",0.536524546157308,1.5109929088318,0.0237825576562953,0.122695580957294,37,"LRP5;UBE2C;IGF1;PDGFB;INSR;PLK1;DLGAP5;ESPL1;CDC20;SKA3;PHIP;NUSAP1;SMPD3;MAD1L1;SH2B1"
"Unsaturated Fatty Acid Metabolic Process","GOBP_UNSATURATED_FATTY_ACID_METABOLIC_PROCESS",-0.382259032189216,-1.42707640142736,0.0240722821306816,0.124007653387908,72,"FADS2;ELOVL6;SCD;FADS1;SIGMAR1;PTGES;AKR1B1;FABP5;AKR1C2;ABHD6;ACOX1;ELOVL5;PTGES3;GSTP1;AKR1C1;CBR1;GPX1;MIF;SCP2;DECR2;PLAA"
"Negative Regulation of Cytoskeleton Organization","GOBP_NEGATIVE_REGULATION_OF_CYTOSKELETON_ORGANIZATION",0.417306000388146,1.39644322178931,0.0243757153923922,0.125386389162335,119,"PLEKHH2;ARHGAP28;STMN1;KANK1;HIP1R;ARHGAP6;PICK1;KANK2;SSH3;EPS8;CLIP3;CGNL1;PIK3CA;BRCA1;PIK3R1;ARHGEF2;TMOD2;SPTBN2;INPP5K;CCNF;TMOD1;APC2;ARHGEF18"
"Endochondral Bone Morphogenesis","GOBP_ENDOCHONDRAL_BONE_MORPHOGENESIS",0.497275363013642,1.48021035002426,0.024470513404172,0.125689455212338,48,"CSGALNACT1;MMP16;POC1A;FGF18;FOSL2;BMPR2;THBS3;MMP14;RARG;SOX9;EXT1;NAB2;SERPINH1;DLX5;SMPD3;AXIN2;NAB1"
"Transition Metal Ion Transport","GOBP_TRANSITION_METAL_ION_TRANSPORT",-0.371410508228715,-1.41172488503343,0.0245138821321463,0.125727861067216,78,"MT3;STEAP3;ABCB6;SLC31A1;SFXN1;TRPM3;TMEM165;B2M;SLC46A1;SLC41A2;SLC39A6;SLC30A1;SLC39A14;SLC39A7;CLTC;SLC30A7;TFRC;ATOX1;HEPHL1;SLC39A11;DNM2;LMTK2"
"Regulation of Systemic Arterial Blood Pressure","GOBP_REGULATION_OF_SYSTEMIC_ARTERIAL_BLOOD_PRESSURE",0.461306464262231,1.43110148460909,0.0246057237105526,0.126014400815885,66,"FSHR;PDGFB;ACE;GJA5;IER3;HSD11B2;AVPR1A;NCALD;TNNI3;KCNK6;PCSK5;OXTR;EDNRB;BMPR2;GSK3A;NPPA;PLCB3;GAS6"
"Negative Regulation of Cell Cycle","GOBP_NEGATIVE_REGULATION_OF_CELL_CYCLE",0.357743252678084,1.29949404713031,0.0248466956039198,0.127062736789096,320,"BUB1;NR4A1;TTK;CDKN1C;BIRC5;BUB1B;KANK2;PPP2R5B;DAB2IP;APBB1;DUSP1;HPGD;IER3;STK33;PLK1;SUSD2;TSPYL2;BRCA1;PPP1R13B;DACT1;BCL2;ZFP36L2;RHOB;MBTPS1;CDK2;IL10;ESPL1;PTPRK;CDK1;BRSK1;E2F8;CHEK1;ZWINT;CCNF;CDC20;CDK6;KLF4;TP53;DGKZ;SKA3;ORC1;MDC1;RBM46;FBXO5;CTDSP2;PLK3;MAD2L2;CDK5RAP3;ATRX;MUS81;TMSB4X;BRD7;CENPF;GPNMB;USP28;BRCA2;FZD3;FANCD2;ZBTB17;DTL;USP44;FZR1;FOXO4;RFWD3;CDC6;BARD1;GNB1L;ANGEL2;MAD1L1;E2F7;HUS1B;CHMP4C;RBBP8;INCENP;NEK2;FBXO31;TOM1L2;LCMT1;E2F1;NDC80;CCNB1;UIMC1;SIRT1;FOXN3;EME1;XPC;CDC7;TRIM39;FBXO6"
"Regulation of Postsynaptic Membrane Neurotransmitter Receptor Levels","GOBP_REGULATION_OF_POSTSYNAPTIC_MEMBRANE_NEUROTRANSMITTER_RECEPTOR_LEVELS",0.441419638279037,1.4178708864221,0.025057767598128,0.127955335125718,87,"VWC2;GRID2;GPC4;IQSEC2;NRG1;ERBB2;EPS8;TMEM108;SUSD4;KIF2C;ARHGAP44;USP6;SLC12A5;DLG3;CBLB;DLG4;SHROOM4;GRIPAP1;GPC6"
"Negative Regulation of Cellular Response to Insulin Stimulus","GOBP_NEGATIVE_REGULATION_OF_CELLULAR_RESPONSE_TO_INSULIN_STIMULUS",0.529352014811658,1.52165940032486,0.0251921639335175,0.128454367189391,40,"PRKCZ;KANK1;IRS1;ENPP1;GRB14;GRB10;SOCS3;INPP5K;PRKCQ;GSK3A"
"Porphyrin Containing Compound Metabolic Process","GOBP_PORPHYRIN_CONTAINING_COMPOUND_METABOLIC_PROCESS",-0.442818575076108,-1.468724256641,0.0252659111404997,0.128643149309841,42,"ABCB6;EIF2AK1;HMOX2;SLC46A1;ALAD;HMBS;TMEM14B;PGRMC1;CPOX;IREB2;SLC11A2;ABCC2;ABCB7;TMEM14C;RSAD1;SRRD;TSPO;UROS;SUCLA2"
"Epithelial to Mesenchymal Transition","GOBP_EPITHELIAL_TO_MESENCHYMAL_TRANSITION",0.40812855864245,1.37694328607402,0.0254973465055789,0.129282083731124,126,"WNT5A;TNXB;IGF1;TGFB2;HEYL;DAB2IP;TGFB1I1;MARK1;LRP6;DLG5;NOTCH4;TBX3;JAG1;FGFR1;SNAI2;MDK;SPSB3;FAM83D;MAD2L2;SOX9;TCF7L2;TGFB3;TCOF1;FERMT2;TRIM28;KDM1A;FGFR2;SMAD4;AXIN2;EFNA1;AGT;WNT4;ROCK2;SPRED3;HMGA2;TRIM62;GREM1;SFRP1;HEY2;SMAD7;ZNF750"
"Positive Regulation of Lipid Metabolic Process","GOBP_POSITIVE_REGULATION_OF_LIPID_METABOLIC_PROCESS",-0.34678925650216,-1.36175833946111,0.0255279832458404,0.129282083731124,100,"MLXIPL;NR1H4;FABP3;APOA1;SCARB1;SPATA18;STAR;ABHD5;ANGPTL3;RAB38;APOE;STARD4;ACSL3;ABHD6;PRKAA1;LPGAT1;MAPK1;ELOVL5"
"Positive Regulation of Smooth Muscle Contraction","GOBP_POSITIVE_REGULATION_OF_SMOOTH_MUSCLE_CONTRACTION",0.620339725680725,1.56838728660055,0.0255390242483408,0.129282083731124,20,"NPNT;NPY2R;ABAT;MYOCD;TACR2;SRF;F2R"
"Vesicle Targeting Rough Er to Cis Golgi","GOBP_VESICLE_TARGETING_ROUGH_ER_TO_CIS_GOLGI",-0.548917545804915,-1.5990917224012,0.0254701547478235,0.129282083731124,21,"TRAPPC3;TMED2;PDCD6;PREB;SAR1A;TRAPPC5;TRAPPC2L;SAR1B;CUL3;TRAPPC8;TFG;TRAPPC1;CSNK1D"
"Regulation of Nucleotide Excision Repair","GOBP_REGULATION_OF_NUCLEOTIDE_EXCISION_REPAIR",0.574594176401688,1.52957807690638,0.025669000022916,0.129752535469372,27,"DPF3;SMARCC2;BCL7A;DPF2;SMARCA2;BRD7;RAD52;ARID2;ARID1B;ARID1A;KAT7;SMARCC1;SMARCD1"
"Nucleotide Sugar Metabolic Process","GOBP_NUCLEOTIDE_SUGAR_METABOLIC_PROCESS",-0.449158533745614,-1.46810056411307,0.0262470223753277,0.132483169136561,38,"GNPDA1;MPI;GMDS;GMPPB;NANP;GALT;GFPT1;TGDS;CMAS;EXTL2;UXS1;PGM3"
"Dentate Gyrus Development","GOBP_DENTATE_GYRUS_DEVELOPMENT",0.644884737843204,1.58435778066518,0.0263727228687668,0.132826804235294,18,"BTG2;FBXO41;SMO;TMEM108;CDK6;MDK;TUBA1A;FXR2;ATAT1"
"Vesicle Transport along Microtubule","GOBP_VESICLE_TRANSPORT_ALONG_MICROTUBULE",-0.447623680184551,-1.46025761458525,0.0263909379810918,0.132826804235294,37,"MAP2K1;TRAK2;AP3M2;KIF13A;RAB1A;NDEL1;KIF1B;AP3S1;MAP2;RASGRP1;FBXW11;CLN3;AP3S2;BLOC1S1;KIF3B;BLOC1S2;KIF5B"
"Cellular Response to Vitamin d","GOBP_CELLULAR_RESPONSE_TO_VITAMIN_D",0.622450768741931,1.54833344365818,0.0264520393285225,0.132943319609489,19,"CASR;PIM1;KANK2;MN1;SNAI2"
"Cell Cell Junction Assembly","GOBP_CELL_CELL_JUNCTION_ASSEMBLY",0.422257077533287,1.40960947010147,0.0267085832713175,0.134040354153904,114,"HOPX;CDH4;CDH3;JUP;FZD5;FSCN1;ACE;TLN2;GJA5;DLG5;CDH12;FBF1;GJC1;MYO1C;ACTG1;CDH1;MPDZ;SNAI2;MICALL2;GRHL2;CLDN11;APLNR;CLDN18;VCL;PKN2;SRF"
"Cellular Response to Vitamin","GOBP_CELLULAR_RESPONSE_TO_VITAMIN",0.60438631037056,1.55482461865042,0.0268714623300388,0.134089362595621,23,"CASR;PIM1;KANK2;MN1;SNAI2;GAS6;PHEX;FOLR2;SFRP1;RXRB"
"Embryonic Pattern Specification","GOBP_EMBRYONIC_PATTERN_SPECIFICATION",0.525870560817806,1.51165171725515,0.0268044290668537,0.134089362595621,40,"WNT5A;ZBTB16;FZD5;NRP1;SMAD6;EFNB1;SIM2;TBX3;SMAD1;NRP2;DISP1;FGFR2;SMAD4;PTCH1"
"Positive Regulation of Bmp Signaling Pathway","GOBP_POSITIVE_REGULATION_OF_BMP_SIGNALING_PATHWAY",0.605171015147071,1.55684332470639,0.0268714623300388,0.134089362595621,23,"HES1;NUMA1;NEO1;ZNF423;UBE2O;SCUBE3;TWSG1;KDR"
"Stress Fiber Assembly","GOBP_STRESS_FIBER_ASSEMBLY",0.430791984953401,1.42008298135614,0.0268666222255857,0.134089362595621,98,"LIMCH1;ARHGAP28;ARHGEF10L;ARHGAP6;SORBS1;NRP1;ITGB5;CGNL1;PDLIM1;SORBS3;PIK3R1;TTC8;PAK1;ACTG1;INPP5K;ARHGEF18;TESK1;LIMK1;TNFAIP1;CD47;TGFB3;ASAP3;FERMT2;SRF;CLASP1;MYL9;AMOT;TJP1;SYNPO2L;FAM171A1;WNT4;ROCK2;ARHGEF5;KCTD13"
"Nephron Morphogenesis","GOBP_NEPHRON_MORPHOGENESIS",0.502266971823446,1.48973764091787,0.0269248098125117,0.134164450602032,47,"NPNT;DCHS1;HES1;HS3ST3A1;SMO;CITED1;GREB1L;BCL2;GZF1;PAX8;KLHL3;SOX9;CTNNBIP1;KIF26B;SMAD4;PTCH1;PKD1;WT1;AGT;WNT4"
"Ceramide Catabolic Process","GOBP_CERAMIDE_CATABOLIC_PROCESS",-0.6176906732607,-1.6636569625004,0.0270245752609595,0.134470294231734,15,"HEXB;GALC;GM2A;LCT;NEU1;ACER2;GLB1"
"Vitamin Transport","GOBP_VITAMIN_TRANSPORT",-0.472142231772627,-1.50080616170623,0.0271295919808394,0.134801362707632,33,"SLC2A1;SLC2A6;APOA1;SCARB1;SLC19A3;PDPN;SLC46A1;CD320"
"Regulation of Action Potential","GOBP_REGULATION_OF_ACTION_POTENTIAL",0.522562471398218,1.50214238278285,0.027207495649442,0.1349969649575,40,"CACNB3;JUP;CAMK2D;FGF12;ANK2;DSP;GJA5;SCN5A"
"Lipid Droplet Organization","GOBP_LIPID_DROPLET_ORGANIZATION",-0.479535410968882,-1.52472415554283,0.0273221750298491,0.135205774065725,32,"PNPLA3;PLIN2;PPIA;DDHD2;SQLE;PRKAA1;FITM2;PPID"
"Superoxide Metabolic Process","GOBP_SUPEROXIDE_METABOLIC_PROCESS",-0.400192942760316,-1.43011444002723,0.0273267736336093,0.135205774065725,59,"MT3;DUOX2;NQO1;SOD2;CYB5R4;PARK7;PRDX1"
"Regulation of Lipid Biosynthetic Process","GOBP_REGULATION_OF_LIPID_BIOSYNTHETIC_PROCESS",-0.307406846896097,-1.28961571063656,0.0273937570193965,0.135346023750276,146,"MLXIPL;IDH1;APOC1;NR1H4;FABP3;NME1;SEC14L2;SCARB1;LPIN1;STAR;TMX1;NR3C1;LPCAT3;RAB38;APOE;FABP5;FBXW7;STARD4;ACSL3;ABHD6;PRKAA1;INSIG2;LPGAT1;MAPK1"
"Animal Organ Regeneration","GOBP_ANIMAL_ORGAN_REGENERATION",-0.447047375921581,-1.46120012304487,0.0276357410849596,0.136349297212132,38,"CLDN1;UCP2;SLC7A5;LPIN1;RAP1A;TGFBR3;PRMT5"
"Dendritic Spine Maintenance","GOBP_DENDRITIC_SPINE_MAINTENANCE",0.61975742208704,1.54163379942839,0.0278085219429429,0.136816365682765,19,"PICK1;INSR;ITGA3;MTMR2;FYN;HOMER1;ZMYND8;FCGR2B"
"Embryonic Digestive Tract Development","GOBP_EMBRYONIC_DIGESTIVE_TRACT_DEVELOPMENT",0.619692587234744,1.5414725240711,0.0278085219429429,0.136816365682765,19,"TGFB2;ALDH1A2;MYB;PCSK5;VPS52;FGFR2"
"Negative Regulation of Endocytosis","GOBP_NEGATIVE_REGULATION_OF_ENDOCYTOSIS",-0.3978767612371,-1.42183742089933,0.0279973609935266,0.137552251837761,59,"SH3GL3;APOC1;PCSK9;WDR54;CSK;ANKRD13A;ANXA2;B2M"
"Tetrapyrrole Metabolic Process","GOBP_TETRAPYRROLE_METABOLIC_PROCESS",-0.402556642694946,-1.39544796433108,0.0281166803949196,0.137945001993562,51,"ABCB6;MMAB;EIF2AK1;HMOX2;SLC46A1;ALAD;HMBS;TMEM14B;PGRMC1;CPOX;MMAA;MMADHC;IREB2;SLC11A2;ABCC2;ABCB7;TMEM14C;RSAD1;MTRR;SRRD;TSPO;UROS;SUCLA2;CLYBL"
"Endocardial Cushion Formation","GOBP_ENDOCARDIAL_CUSHION_FORMATION",0.606368443199851,1.54743968625584,0.0286904275181036,0.14017094504312,21,"DCHS1;TGFB2;HEYL;TBX3;SNAI2;APLNR;TGFB3;SMAD4"
"Positive Regulation of Myelination","GOBP_POSITIVE_REGULATION_OF_MYELINATION",0.661422392445078,1.55616174057354,0.0286484059365916,0.14017094504312,15,"S100B;EGR2;IGF1;MAG;WASF3;DAG1;CDK18"
"Positive Regulation of Neural Precursor Cell Proliferation","GOBP_POSITIVE_REGULATION_OF_NEURAL_PRECURSOR_CELL_PROLIFERATION",0.54199067048192,1.50188441071455,0.0286668962093545,0.14017094504312,33,"ASPM;IGF1;SMO;NAP1L1;DCT;MDK;FOXG1;RYK;FLNA;KDM1A;FZD3;CX3CR1"
"Regulation of Autophagy of Mitochondrion","GOBP_REGULATION_OF_AUTOPHAGY_OF_MITOCHONDRION",-0.424583515133224,-1.45930873363044,0.0287882941728196,0.140453195664884,48,"BNIP3;VDAC1;HK2;PARK7;EIF2AK1;RBX1;FBXW7"
"Regulation of Natural Killer Cell Mediated Immunity","GOBP_REGULATION_OF_NATURAL_KILLER_CELL_MEDIATED_IMMUNITY",-0.445120166782617,-1.46165815122878,0.0288368293966937,0.140494316240081,39,"HLA-G;PIK3C3;B2M;HLA-A;HLA-B;MICA;CD226;RASGRP1;SERPINB9;CRK;STAT5B;GRB2;CD96;INPP5D;CRTAM;SH2D1B;CD160;HLA-F;HAVCR2;AP1G1"
"Cellular Response to Oxygen Levels","GOBP_CELLULAR_RESPONSE_TO_OXYGEN_LEVELS",-0.308725562563511,-1.28646152899254,0.0289158605509046,0.140683693763637,139,"AK4;PGK1;BNIP3;MT3;IRAK1;FAM162A;PDK1;ENO1;STC2;P4HB;MAP2K1;NOL3;STC1;CPEB2;RORA;TBL2;PRKAA1;MDM2;AIFM1;PDK3"
"Regulation of Cellular Respiration","GOBP_REGULATION_OF_CELLULAR_RESPIRATION",-0.470121008245876,-1.49438126573422,0.0293189074728851,0.142446786237887,33,"AK4;MLXIPL;PARK7;PPIF;IDE;RHOA;SLC25A33;TRAP1;CISD1;ARL2;SHMT2;IFNAR1;IL10RB;VCP;PRELID1;PNPT1;TMEM135"
"Aorta Morphogenesis","GOBP_AORTA_MORPHOGENESIS",0.573180814176708,1.4939885468162,0.0296238579020339,0.143209705369634,25,"SOX4;HES1;TGFB2;JAG1;SRF;CHD7;EFEMP2"
"Female Gamete Generation","GOBP_FEMALE_GAMETE_GENERATION",0.416076767043962,1.38069621820804,0.029585798816568,0.143209705369634,106,"FSHR;ASPM;TTK;MMP19;IGF1;AMH;HPGD;ANG;PLK1;BCL2;SKA2;MCM8;TOP2A;SKA3;MDK;RBM46;FOXL2;INHBB;FBXO5;GDF9;CDC25B;PAQR8;NCAPH;BRCA2;NCAPH2;CENPV;MASTL;AKT1;NDC80;CCNB1;SIRT1;WNT4"
"Modified Amino Acid Biosynthetic Process","GOBP_MODIFIED_AMINO_ACID_BIOSYNTHETIC_PROCESS",-0.458719177914049,-1.46850829652469,0.0296394622874635,0.143209705369634,35,"PLOD1;PARK7;MTHFD1L;SLC1A2;SLC46A1;GCLM;MTHFD1;ATIC;PLOD2;TMLHE;GAMT;CKMT2;HAGH;PLOD3;MTHFS;SLC7A11;SLC1A1"
"Ribonucleoside Monophosphate Biosynthetic Process","GOBP_RIBONUCLEOSIDE_MONOPHOSPHATE_BIOSYNTHETIC_PROCESS",-0.489481876458409,-1.54016364270661,0.0295617850429003,0.143209705369634,30,"PAICS;APRT;GMPS;IMPDH2;NUDT2;AMPD3;UPP1;ATIC;HPRT1;DHODH;GART;CMPK1;CDA"
"Liver Regeneration","GOBP_LIVER_REGENERATION",-0.524562094465426,-1.58825827727749,0.02969490251936,0.143279949759391,24,"CLDN1;UCP2;SLC7A5;RAP1A;PRMT5"
"Retina Development in Camera Type Eye","GOBP_RETINA_DEVELOPMENT_IN_CAMERA_TYPE_EYE",0.409773331130558,1.37344118880242,0.0305164319248826,0.147041349426223,118,"NDP;FAT3;VSTM4;LRP5;FOS;TGFB2;NRP1;MERTK;PTPRM;TUB;FZD4;TTC8;SCAPER;C3;PRDM1;BMPR2;NTRK2;ROM1;TOPORS;SOX9;TSPAN12;ACVR2B;CHD7;MEGF11;TGIF2;DTNBP1;NR2E3;PROM1;ZHX2"
"Connective Tissue Development","GOBP_CONNECTIVE_TISSUE_DEVELOPMENT",0.373814301446945,1.33342847631811,0.031317494600432,0.150075490540784,221,"WNT5A;CASR;ZBTB16;SOX5;CSGALNACT1;LRP5;BMP3;HOXC4;IGF1;TGFB2;ADAMTS12;PDGFB;MATN3;MBOAT2;HAND2;COL11A1;PIK3CA;ARID5A;SLC25A25;POC1A;LTBP3;EGR1;SOX6;FGFR1;WDTC1;PDGFD;FGF18;SMAD1;COL6A1;LPL;SNAI2;FOSL2;BMPR2;MDK;THBS3;RARG;SOX9;ARRDC3;ACVR2B;EXT1;SERPINH1;SLC26A2;GDF7;PDGFA;SRF;SH3PXD2B;ZNF219;CSF1;SMPD3;CRIP1;AXIN2;CHSY1;DAG1;PKD1;WT1;GDF6;ADAMTS7;SIRT1;IFRD1"
"Gliogenesis","GOBP_GLIOGENESIS",0.369985223061655,1.32200746712131,0.0312837108953614,0.150075490540784,233,"SOX4;PTPRZ1;NDP;S100B;HES1;EGR2;MATN2;CNTN1;DAAM2;IGF1;TGFB2;SYNE2;PICK1;EIF2B2;MXRA8;ERBB2;SMO;GPM6B;DAB2IP;CFH;GPR157;VCAN;SRGAP2;CDKN2C;PLP1;VIM;MED12;CSPG4;SOX6;CDK1;COL6A1;CDK6;SOX13;SPINT1;MDK;NTRK2;PRX;NFE2L1;MMP14;MAG;FOXG1;AGER;SOX9;CSPG5;BOK;TMEM98;ERCC2;NAB2;CNTN2;LIN28A;TUBA1A;B4GALT5;CSF1;WASF3;SUN1"
"Neuron Projection Organization","GOBP_NEURON_PROJECTION_ORGANIZATION",0.4480514436494,1.41731160066756,0.0312432177983361,0.150075490540784,78,"DBN1;PAK3;PICK1;INSR;ITGA3;NGEF;ARHGAP33;ARHGAP44;MTMR2;FYN;KIF1A;ZDHHC15;PTPRD;MAPRE3;DLG4;HOMER1;ZMYND8;STAU2;FCGR2B"
"Regulation of Chromosome Organization","GOBP_REGULATION_OF_CHROMOSOME_ORGANIZATION",0.370621726714042,1.3220402815777,0.031317494600432,0.150075490540784,221,"FSHR;BUB1;TTK;UBE2C;NCAPG;DPF3;BIRC5;CENPE;BUB1B;DUSP1;NUMA1;SMARCC2;PLK1;DLGAP5;BCL7A;CDK2;ESPL1;CDK1;ZWINT;DPF2;CDC20;SMC6;PRKCQ;SMARCA2;KLF4;TP53;SKA3;FBXO5;MAD2L2;MAP2K7;ATRX;BRD7;LMNA;RMI2;HECW2;CENPF;NCAPH;NCAPD2;INO80E;ARID2;USP44;ACD;CDC6;NAF1;NCAPH2;MAD1L1;AXIN2;CENPV;NCAPD3;ANAPC2;XRCC1;ARID1B;INCENP;SLX4;NEK2;ARID1A;LCMT1;NDC80;CCNB1;ACTR8;SIRT1;CTCF;TAL1;DDX11;DYNLRB1;NCAPG2;SMG6;IK;TNKS;SMARCC1"
"Response to Fibroblast Growth Factor","GOBP_RESPONSE_TO_FIBROBLAST_GROWTH_FACTOR",0.446065794716513,1.41385304283449,0.0315424668024424,0.150741147624769,79,"WNT5A;CASR;NDNF;FGF12;NR4A1;EGR3;IER2;CEP57;FRS3;ZFP36;ZFP36L2;FGFR1;FGF18;THBS1;PRKD2;HHIP;KCNC1;EXT1;OFD1;KLB;FGFR2;SPRY4;SHISA2;WNT4;FLRT2;GPC1;CPS1;SULF2;FAM20C;KIF16B"
"Ribosomal Small Subunit Assembly","GOBP_RIBOSOMAL_SMALL_SUBUNIT_ASSEMBLY",-0.549674846962868,-1.58651936975704,0.0315327169923933,0.150741147624769,20,"RRP7A;RPS28;RPSA;RPS6;PRKDC;RPS14;RPS19;XRCC5;RPS27L"
"Kidney Morphogenesis","GOBP_KIDNEY_MORPHOGENESIS",0.462854706375129,1.43244492273751,0.0316620495266654,0.151106484321402,64,"SOX4;NPNT;DCHS1;HES1;VANGL2;HS3ST3A1;SMO;CITED1;GREB1L;BCL2;GZF1;PAX8;KLHL3;SOX9;CTNNBIP1;ASXL1;KIF26B;SMAD4;PTCH1;PKD1;WT1;AGT;WNT4"
"Chondrocyte Differentiation","GOBP_CHONDROCYTE_DIFFERENTIATION",0.433453926665184,1.38835365996316,0.0321782178217822,0.152025658311849,84,"ZBTB16;SOX5;ADAMTS12;MBOAT2;COL11A1;ARID5A;POC1A;LTBP3;SOX6;FGFR1;FGF18;SNAI2;FOSL2;BMPR2;MDK;RARG;SOX9;EXT1;SERPINH1;SLC26A2;ZNF219;SMPD3;AXIN2;CHSY1;DAG1;GDF6;ADAMTS7;ECM1;AGRN;HMGA2;GREM1;SULF2;TSKU;SMAD7"
"Establishment of Tissue Polarity","GOBP_ESTABLISHMENT_OF_TISSUE_POLARITY",0.598427240372165,1.53949450845635,0.0322012278615509,0.152025658311849,23,"WNT5A;VANGL2;TTC8;BRSK1;DLG3;PTK7;FZD3;CELSR1;SFRP1;WDR1"
"Negative Chemotaxis","GOBP_NEGATIVE_CHEMOTAXIS",0.517720101912791,1.48822265292225,0.0320443019809254,0.152025658311849,40,"WNT5A;SEMA5A;SEMA7A;ROBO3;SEMA4A;SEMA6C;SEMA3C;NRG1;UNC5C;SEMA3A;SEMA4C;RYK;SEMA3B;NRP2"
"Negative Regulation of Epithelial Cell Differentiation","GOBP_NEGATIVE_REGULATION_OF_EPITHELIAL_CELL_DIFFERENTIATION",0.545473686863302,1.47734480966332,0.0322018379866949,0.152025658311849,29,"HES1;SMO;NOTCH4;S1PR3;TBX3;JAG1;REG3G;SOX9"
"Positive Regulation of Extrinsic Apoptotic Signaling Pathway","GOBP_POSITIVE_REGULATION_OF_EXTRINSIC_APOPTOTIC_SIGNALING_PATHWAY",0.493056200348294,1.47679574901151,0.032133676092545,0.152025658311849,50,"TNFSF11;TGFB2;PMAIP1;SKIL;ATF3;SRPX;TRAF2;TNFSF12;THBS1"
"Positive Regulation of Smooth Muscle Cell Migration","GOBP_POSITIVE_REGULATION_OF_SMOOTH_MUSCLE_CELL_MIGRATION",0.545816497536931,1.47827326795852,0.0322018379866949,0.152025658311849,29,"NR4A3;IGF1;NRP1;PDGFB;IGFBP5;BCL2;PAK1;PDGFD;MDK"
"Regulation of Glycogen Biosynthetic Process","GOBP_REGULATION_OF_GLYCOGEN_BIOSYNTHETIC_PROCESS",0.602226729351159,1.54497421561385,0.0319458294465287,0.152025658311849,22,"IRS1;IGF1;SORBS1;ENPP1;INSR;GRB10;INPP5K;GSK3A;AKT2;AKT1;PPP1R3D;PPP1R3F"
"Tube Closure","GOBP_TUBE_CLOSURE",0.444911031330414,1.40325570990061,0.0320409738469741,0.152025658311849,77,"WNT5A;PRICKLE1;VANGL2;TGFB2;MED12;SUFU;TEAD2;PHACTR4;SPINT1;SPINT2;SEMA4C;GRHL2;RARG;PTK7;DVL2;TULP3;FZD3;PTCH1;BRD2;CELSR1;KDM2B;TSC2;STIL;SFRP1;TRAF6;CC2D2A;PLXNB2;ST14;PRKACA;TSC1"
"Ear Morphogenesis","GOBP_EAR_MORPHOGENESIS",0.451842112560549,1.41099609893496,0.0323263260313619,0.152407967816771,70,"WNT5A;SOBP;NR4A3;VANGL2;COL11A1;KCNQ1;TBX3;FGFR1;TECTA;PAX8;FOXG1;PTK7;SOX9;DVL2;DLX5;TSHZ1;CHD7;FZD3;CHRNA10;FGFR2;STRC"
"Muscle Adaptation","GOBP_MUSCLE_ADAPTATION",0.4386359252172,1.39729631040462,0.0324189526184539,0.15263923524522,81,"FOXO1;NR4A3;CAMK2D;GATM;IGF1;PDGFB;IGFBP5;HAND2;SCN5A;FOXP1;HMOX1;PAK1;PDE9A;KLF4;GSK3A;NPPA;APLNR;LMNA;GATA6;FBXO32;SMAD4;DAG1;JUND;AGT;ROCK2"
"Polyol Metabolic Process","GOBP_POLYOL_METABOLIC_PROCESS",-0.374432606783666,-1.40901931627272,0.0327446928585956,0.153965985347195,74,"GK5;TPI1;SORD;ANGPTL3;SPTLC2;GK;SPTSSA;MINPP1;AGK;PPIP5K2;ACER2;SPR;IPMK;CYP2R1;IPPK;GOT1;NUDT3;DGAT2;LHCGR;SCP2;COQ3;SPTLC1;ASAH1;IP6K2;QDPR;COQ2;PGP;ITPKA;PLCG2;PLEK;IMPA2;SGPP1"
"Plasminogen Activation","GOBP_PLASMINOGEN_ACTIVATION",-0.547147423989824,-1.57922450166464,0.03337401173491,0.15671469585441,20,"PGK1;ENO1;S100A10;FGG;ANXA2;CTSZ"
"Gland Development","GOBP_GLAND_DEVELOPMENT",0.34963369106571,1.27218150633875,0.0335429769392034,0.157297253303921,325,"IQGAP3;WNT5A;SOCS2;HES1;TNFSF11;LRP5;PRLR;IGF1;TGFB2;JUN;IGSF3;CDKN1C;CDO1;LIMS2;NRP1;PHF2;IGFBP5;HAND2;SEMA3C;NRG1;INSR;SMO;ALDH1A2;PIK3CA;MYB;TFCP2L1;NTN4;NOTCH4;ZDHHC21;BCL2;TBX3;ZBTB7B;DDR1;IL10;FGFR1;E2F8;PAX8;ASS1;CDH1;OXTR;CPT1A;SNAI2;MPST;ARMC5;TNFAIP3;MDK;ESRP2;RARG;INHBB;EGFR;CYP7B1;SOX9;CDK5RAP3;TGFB3;EXT1;TGM2;GDF7;SLC29A1;ASXL1;PDGFA;SRF;GATA6;BRCA2;CSF1;CAPN1;FGFR2;SMAD4;CRIP1;ESR1;AKT2;PTCH1;MAD1L1;E2F7;AKT1;CEACAM1;DAG1;CEBPB;RELA;PKD1;WT1"
"Regulation of Postsynaptic Specialization Assembly","GOBP_REGULATION_OF_POSTSYNAPTIC_SPECIALIZATION_ASSEMBLY",0.655648427952155,1.54257704380798,0.0336904258731422,0.157777489082376,15,"PRICKLE1;GRID2;PTPRS;SPTBN2;FGFR1;PTPRD;ARHGEF9"
"Smooth Muscle Cell Differentiation","GOBP_SMOOTH_MUSCLE_CELL_DIFFERENTIATION",0.487879017106044,1.45570477418706,0.0338541666666667,0.158332637961727,49,"NPNT;HES1;PDGFB;PRDM6;MYOCD;NOTCH4;TBX3;EDNRB;C3;NFATC1;SOX9;APLNR;SRF;GATA6;FGFR2;FOXO4;EFEMP2;SIRT1;WNT4"
"Insulin Receptor Signaling Pathway","GOBP_INSULIN_RECEPTOR_SIGNALING_PATHWAY",0.411459329732886,1.37436647135878,0.0339181286549708,0.158358369213676,112,"FOXO1;AKT3;PRKCZ;KANK1;IRS1;IGF1;SORBS1;ENPP1;INSR;GRB14;IGFBP1;PIK3CA;PIK3R1;GRB10;SOCS3;PDK2;PAK1;ZBTB7B;INPP5K;COL6A1;PRKCQ;GSK3A;PHIP"
"Monosaccharide Biosynthetic Process","GOBP_MONOSACCHARIDE_BIOSYNTHETIC_PROCESS",-0.354166601338596,-1.32445713447241,0.0339500814386156,0.158358369213676,75,"PGK1;ALDOC;ENO2;TPI1;ENO1;SORD;GPI;PFKFB4;PGAM1;AKR1B1;NR3C1"
"Development of Primary Sexual Characteristics","GOBP_DEVELOPMENT_OF_PRIMARY_SEXUAL_CHARACTERISTICS",0.384430826125486,1.33272441070357,0.0341296928327645,0.158773325356141,164,"FSHR;WNT5A;ASPM;ZFPM2;DACH1;MMP19;AMH;TGFB2;EIF2B2;ACE;INSR;DACH2;ANG;HMGB2;ING2;CBX2;DHH;NOTCH4;NASP;KIF18A;FZD4;BCL2;FANCE;FANCG;MMP14;FOXL2;INHBB;SOX9;GDF9;ATRX;BOK;PLEKHA1;PATZ1;SOX15;FLNA;GATA6;BRCA2"
"Negative Regulation of Alpha Beta t Cell Activation","GOBP_NEGATIVE_REGULATION_OF_ALPHA_BETA_T_CELL_ACTIVATION",0.542965160209717,1.53059938327324,0.0341138635526415,0.158773325356141,36,"DAPL1;TNFSF4;ARG2;ZBTB7B;CBLB;SOCS5;LGALS9;TWSG1;SMAD7;LOXL3"
"Replacement Ossification","GOBP_REPLACEMENT_OSSIFICATION",0.598737285581651,1.53602227046101,0.0341797683106442,0.158795395745606,22,"CSGALNACT1;MMP16;FGF18;MMP14;EXT1;NAB2;DLX5;SMPD3;NAB1"
"Regulation of Glycogen Metabolic Process","GOBP_REGULATION_OF_GLYCOGEN_METABOLIC_PROCESS",0.5592213982806,1.48865551736633,0.034297057787332,0.159129262819899,27,"IRS1;IGF1;SORBS1;ENPP1;INSR;GRB10;INPP5K;GSK3A;AKT2;AKT1;PPP1R3D;PPP1R3F"
"Cell Substrate Junction Organization","GOBP_CELL_SUBSTRATE_JUNCTION_ORGANIZATION",0.431752028873492,1.42834932886561,0.0344101508117888,0.159345306287486,99,"PRICKLE1;LIMCH1;ARHGAP6;SORBS1;NRP1;GPM6B;RCC2;THSD1;STON1;LDB1;LAMA3;PIK3R1;BCL2;ACTG1;FN1;PTPRK;THBS1;MMP14;TESK2;VCL;FERMT2;TRIP6"
"Positive Regulation of Protein Import into Nucleus","GOBP_POSITIVE_REGULATION_OF_PROTEIN_IMPORT_INTO_NUCLEUS",0.543404836613279,1.51731396187331,0.0345693772253748,0.159345306287486,34,"JUP;SMO;PIK3R1;CHP2;EFCAB7;CDK1;CDH1;MAVS;FLNA;TRIM28"
"Regulation of Hydrogen Peroxide Metabolic Process","GOBP_REGULATION_OF_HYDROGEN_PEROXIDE_METABOLIC_PROCESS",-0.582601295334203,-1.58514604313929,0.0345417234118793,0.159345306287486,16,"MT3;DUOXA2;SOD2"
"Response to Steroid Hormone","GOBP_RESPONSE_TO_STEROID_HORMONE",0.362590353088154,1.29662544192113,0.0345572354211663,0.159345306287486,240,"FSHR;CALCOCO1;S100B;GABRB1;NR4A3;DDIT4;FOS;FOSB;IGF1;TGFB2;JUN;JUNB;ESR2;CDO1;KANK2;IGFBP7;HEYL;NR3C2;DUSP1;HSD11B2;AVPR1A;PIK3CA;BRCA1;HMGB2;FOXP1;TADA3;ZFP36;BCL2;ZFP36L2;PAK1;IL10;AQP1;ASS1;SGK1;THBS1;FOSL2;IGFBP2;MDK;PTGER2;ZNF764;TRIM68;GSK3A;CYP7B1;TCF7L2;TGFB3"
"Synaptic Transmission Glutamatergic","GOBP_SYNAPTIC_TRANSMISSION_GLUTAMATERGIC",0.466047981504584,1.4381019841854,0.0345710627400768,0.159345306287486,62,"HOMER2;NPY2R;GRID2;GRIK1;IQSEC2;KCNJ8;MAPK8IP2;TSHZ3;HOMER1;SYT1;EXT1;GRIK2;DTNBP1;GRM3;CLSTN3;GRIK5;SLC38A2"
"Mesonephric Tubule Morphogenesis","GOBP_MESONEPHRIC_TUBULE_MORPHOGENESIS",0.516432143320749,1.48452032584315,0.0348525469168901,0.16043163186579,40,"NPNT;DCHS1;HES1;HS3ST3A1;SMO;CITED1;GREB1L;BCL2;GZF1;PAX8;SOX9;CTNNBIP1;KIF26B;SMAD4;PTCH1;WT1;AGT;WNT4"
"Cellular Component Maintenance","GOBP_CELLULAR_COMPONENT_MAINTENANCE",0.463504490712586,1.42548661930507,0.0349288486416559,0.16057185930672,63,"PRICKLE1;RIMS1;PICK1;INSR;RIMS2;RAB3A;RIMS3;ITGA3;ERC2;MTMR2;FYN;BSN;HOMER1;ZMYND8;FCGR2B;SYNGAP1;FERMT2;C1QTNF3;F2R;TJP1;ERC1;SORT1;DCTN1"
"Positive Regulation of Telomere Maintenance","GOBP_POSITIVE_REGULATION_OF_TELOMERE_MAINTENANCE",-0.372193344203027,-1.37070519922307,0.0350220607200793,0.160789356097559,68,"MAPKAPK5;INO80C;DKC1;RUVBL1;UCHL5;CCT5;MAPK1;ACTR5;CCT8;CCT3;ACTL6A;CTNNB1;PTGES3;CCT7;ATR;DHX36;RUVBL2;POT1;FBXO4;HSP90AA1"
"Amino Acid Biosynthetic Process","GOBP_AMINO_ACID_BIOSYNTHETIC_PROCESS",-0.40424502198802,-1.42919701752578,0.0351451123079103,0.160932455443935,53,"PLOD1;GOT2;PARK7;PYCR1;PSAT1;GLS;MTHFD1;BCAT1;BHMT2;GOT1;PLOD2;PSPH;ASNSD1;SEPSECS;ENOPH1;PLOD3;MTHFD2L;SHMT2;CLN3;GLUD2;MTRR"
"Regulation of Tissue Remodeling","GOBP_REGULATION_OF_TISSUE_REMODELING",0.479168550683452,1.44479344520178,0.035110533159948,0.160932455443935,54,"FSHR;TNFSF11;HAND2;LTBP3;TNFAIP3;MDK;AGER;CLDN18;GPNMB;IL18;YPEL4;GPR137;CEACAM1;SYT7;ROCK2;DDR2;GREM1;SFRP1"
"Blood Vessel Remodeling","GOBP_BLOOD_VESSEL_REMODELING",0.52992338279953,1.49096943696502,0.0352781546811398,0.161145132414833,35,"NDP;IGF1;TGFB2;SEMA3C;ACE;JAG1;NPR3;AXL;BMPR2;ACVR2B;EXT1;CHD7"
"Cellular Response to Retinoic Acid","GOBP_CELLULAR_RESPONSE_TO_RETINOIC_ACID",0.501609374796376,1.47195873851475,0.0353866317169069,0.161145132414833,44,"WNT5A;PHC1;HAND2;ALDH1A2;FZD4;AQP1;TEAD2;KLF4;PTK7;SOX9"
"Multicellular Organismal Level Water Homeostasis","GOBP_MULTICELLULAR_ORGANISMAL_LEVEL_WATER_HOMEOSTASIS",0.536967249861792,1.45430622713301,0.0354609929078014,0.161145132414833,29,"MYO5B;ADCY1;AQP1;MLLT6;INPP5K;ADCY3;EXT1;ADCY2;PRKAR1B"
"Regulation of Epithelial Cell Differentiation","GOBP_REGULATION_OF_EPITHELIAL_CELL_DIFFERENTIATION",0.418232309893665,1.37868067716605,0.0355029585798817,0.161145132414833,98,"ATOH8;SFRP4;HES1;CD24;PRLR;CDKN1C;SMO;NUMA1;NOTCH4;ZFP36;ZDHHC21;S1PR3;TBX3;JAG1;PAX8;ABCA12;REG3G;NFE2L1;SOX9;VCL"
"Regulation of Intrinsic Apoptotic Signaling Pathway","GOBP_REGULATION_OF_INTRINSIC_APOPTOTIC_SIGNALING_PATHWAY",-0.302355585691111,-1.2895497361665,0.0355135718596207,0.161145132414833,154,"PPIA;ENO1;BCAP31;P4HB;SOD2;MAP2K1;NOL3;PARK7;PYCR1;PPIF;HDAC1;FBXW7;EIF2AK3;MDM2;PTPMT1;RRN3;EIF5A;ERP29;FIS1;CTNNB1;USP47;FGF2;MTCH2;GPX1;SERINC3;DNAJA1;RPS3;MIF;SGMS1;CD44;GRINA;UBQLN1;TRAP1;HNRNPK;FIGNL1;NKX3-1;PARL;STAT3;VNN1;SOD1;TMBIM6;BAG5;ATF4"
"Renal System Process Involved in Regulation of Systemic Arterial Blood Pressure","GOBP_RENAL_SYSTEM_PROCESS_INVOLVED_IN_REGULATION_OF_SYSTEMIC_ARTERIAL_BLOOD_PRESSURE",0.634710665011916,1.55936204033302,0.0353888468121796,0.161145132414833,18,"PDGFB;GJA5;HSD11B2;PCSK5;EDNRB;GAS6;F2R;AGT"
"Tube Formation","GOBP_TUBE_FORMATION",0.407488893988686,1.36233287354842,0.035377358490566,0.161145132414833,116,"ATOH8;WNT5A;PRICKLE1;VANGL2;TGFB2;DAB2IP;MED12;PAX8;SUFU;TEAD2;PHACTR4;SPINT1;SPINT2;SEMA4C;GRHL2;RARG;PTK7;SOX9;DVL2;TULP3;TGM2;GDF7;FZD3;MMRN2;FGFR2;PTCH1;BRD2;CELSR1;WNT4;KDM2B;TSC2;GREM1;STIL;SFRP1;TRAF6;CC2D2A;PLXNB2;BCL2L11;ST14;PRKACA;TSC1"
"Semi Lunar Valve Development","GOBP_SEMI_LUNAR_VALVE_DEVELOPMENT",0.536632018343709,1.48703530620568,0.0356652949245542,0.161624227840509,33,"TGFB2;SMAD6;HEYL;GJA5;ADAMTS5;JAG1;SNAI2;BMPR2;NFATC1;NPPA;SOX9"
"Regulation of Cardiocyte Differentiation","GOBP_REGULATION_OF_CARDIOCYTE_DIFFERENTIATION",0.632924693926873,1.5549742528439,0.0358396540896108,0.16220453265621,18,"PRICKLE1;TGFB2;MYOCD;SOX6;EGFR;SMAD4"
"Cellular Response to Zinc Ion","GOBP_CELLULAR_RESPONSE_TO_ZINC_ION",-0.573654228961803,-1.60405880576777,0.0359504384868694,0.162430215861328,18,"MT3;MT1X;GABRB3"
"Embryonic Hindlimb Morphogenesis","GOBP_EMBRYONIC_HINDLIMB_MORPHOGENESIS",0.653093548611059,1.53656605063961,0.0359822573532375,0.162430215861328,15,"ZBTB16;ALX4;AFF3;TBX3;RARG;CHD7"
"Mesonephros Development","GOBP_MESONEPHROS_DEVELOPMENT",0.470816341260942,1.463407684668,0.036183644971443,0.163129096956197,67,"NPNT;DCHS1;HES1;ZBTB16;SMAD6;HS3ST3A1;SMO;CITED1;ARG2;GREB1L;BCL2;GZF1;FGFR1;PAX8;SMAD1;SOX9;CTNNBIP1;KIF26B;FGFR2;SMAD4;PTCH1;PKD1;WT1;AGT;WNT4;EPCAM;GREM1;SFRP1;SMAD7"
"Male Sex Differentiation","GOBP_MALE_SEX_DIFFERENTIATION",0.40707634997128,1.35972633564256,0.0362573099415205,0.163251101189134,112,"FSHR;WNT5A;ASPM;ZFPM2;AMH;TGFB2;ACE;INSR;GREB1L;HMGB2;ING2;DHH;NASP;KIF18A;BCL2;TBX3;MMP14;INHBB;SOX9;ATRX;BOK;PLEKHA1;PATZ1;SOX15;FLNA;GATA6"
"Phosphatidic Acid Metabolic Process","GOBP_PHOSPHATIDIC_ACID_METABOLIC_PROCESS",-0.460534543465307,-1.46430926021646,0.0363408972430065,0.163310023310023,32,"PNPLA3;AGPAT5;NR1H4;LPIN1;ABHD5;DGKG;PLD2;GPAM"
"Regulation of Smad Protein Signal Transduction","GOBP_REGULATION_OF_SMAD_PROTEIN_SIGNAL_TRANSDUCTION",0.483048405529904,1.45644842625265,0.0363636363636364,0.163310023310023,53,"ATOH8;TTK;AMH;TGFB2;SMAD6;TOB1;FAM89B;BMPR2;CILP;NUP93;TGFB3;GDF7;SMAD4;EID2;SH2B1;GDF6;TWSG1"
"Metanephric Nephron Development","GOBP_METANEPHRIC_NEPHRON_DEVELOPMENT",0.575571483987911,1.4873000999207,0.0364678963298199,0.163568554216849,24,"HES1;PDGFB;SMO;EGR1;AQP1;PAX8;SOX9;KIF26B;PKD1;WT1;WNT4;LAMB2;GREM1"
"Detection of Stimulus","GOBP_DETECTION_OF_STIMULUS",0.391173686427359,1.34135590764916,0.0366552119129439,0.163717089889391,148,"CASR;JUP;DACH1;NR4A1;COL11A1;AZGP1;KCNMB2;SMO;KCNQ1;SRPX;PKD1L3;PAK1;PITPNM1;KCNMB3;SCN9A;CADM1;FYN;CDS1;TAS2R50;ROM1;TAS2R20;PLEKHB1;OR2F2;TGFB3;SYT1;ELOVL4;KCNIP2;GRIK2;TAS2R46;STIM1;PKDREJ;CHRNA10;NR2E3;STRC;MMP24;PKD1;PIGR;ATP8A2;SSC5D;TMEM87A;GRK4;HLA-DRB1;GNA11;SCN11A;CDH2"
"Learning or Memory","GOBP_LEARNING_OR_MEMORY",0.382518611541668,1.33888008476954,0.0366666666666667,0.163717089889391,183,"NLGN4X;PTPRZ1;S100B;CPEB3;CLSTN2;FOS;CRHBP;GATM;PRRT1;BTG2;SYT11;CCND2;MAPK8IP2;INSR;NPTX2;ITGA3;ADCY1;TMOD2;CRTC1;EGR1;PRKCG;SLC12A5;BRSK1;SPECC1;FYN;SGK1;CHST10;FOXP2;MDK;NTRK2;ADCY3;TACR2;PLK2;DLG4;AGER;EGFR;NDRG4;AFF2;MAN2B1;SLITRK4;SYNGAP1;PRKAR1B;CNTN2;TUBA1A;CTNS;SRF;CHRNA7"
"Negative Regulation of Fat Cell Differentiation","GOBP_NEGATIVE_REGULATION_OF_FAT_CELL_DIFFERENTIATION",0.499809445304725,1.46667689555673,0.036697247706422,0.163717089889391,44,"WNT5A;JDP2;FOXO1;ZFPM2;ENPP1;TGFB1I1;ZFP36L2;JAG1;LRP3;AXIN1;FERMT2;MMP11;ASXL1;DDIT3;E2F1;SIRT1;SORT1"
"Positive Regulation of Smad Protein Signal Transduction","GOBP_POSITIVE_REGULATION_OF_SMAD_PROTEIN_SIGNAL_TRANSDUCTION",0.531096589361117,1.48294644406046,0.036734693877551,0.163717089889391,34,"ATOH8;TTK;AMH;TGFB2;BMPR2;NUP93;TGFB3;GDF7;SMAD4;SH2B1;GDF6;TWSG1"
"Protein Localization to Ciliary Transition Zone","GOBP_PROTEIN_LOCALIZATION_TO_CILIARY_TRANSITION_ZONE",-0.543732189547012,-1.55631770105825,0.0366249493228645,0.163717089889391,19,"TCTN3;TCTN2;SPATA7;RPGRIP1L;TMEM107;TMEM237;B9D2"
"Regulation of Organ Growth","GOBP_REGULATION_OF_ORGAN_GROWTH",0.462748739567789,1.41938190827778,0.037037037037037,0.164854816697256,60,"PIM1;ZFPM2;SAV1;IGF1;NRG1;SMO;FOXP1;PAK1;FGFR1;VGLL4;CDK1;WWC3;GSK3A;WWC2;GATA6;FGFR2;AKT1;WT1;CCNB1;GLI1;HEY2;COL14A1;BCL2L11;ACACB;CTDP1;PROX1;RUNX1"
"Regulation of Receptor Localization to Synapse","GOBP_REGULATION_OF_RECEPTOR_LOCALIZATION_TO_SYNAPSE",0.556714534382951,1.48198220911311,0.0377482906195991,0.167807439137634,27,"DBN1;GPC4;IQSEC2;TMEM108;KIF2C;ARHGAP44;GRIPAP1;GPC6"
"Cellular Response to Lipid","GOBP_CELLULAR_RESPONSE_TO_LIPID",0.33591601406982,1.24236667557277,0.0378323108384458,0.167967788171199,460,"FSHR;CALCOCO1;ID3;WNT5A;NOS2;HES1;CASR;PIM1;NR4A3;DDIT4;TNFSF4;PHC1;FOS;CRHBP;BTG2;IRS1;IGF1;ESR2;KANK2;IGFBP7;HEYL;NR3C2;HAND2;CCNA2;SMO;DAB2IP;ALDH1A2;ARID5A;BRCA1;HMGB2;CXCL6;LRP6;PLSCR3;FOXP1;HDAC5;TADA3;ADCY1;ZFP36;KIF18A;FZD4;ZFP36L2;PAK1;VIM;MN1;IL10;DGKQ;AQP1;ASS1;SGK1;LPL;TEAD2;AXL;CPT1A;EDNRB;SNAI2;KLF4;TNFAIP3;PTGER2;NFE2L1;ADCY3;PAF1;ZNF764;TRIM68;GSK3A;INHBB;SASH1;PTK7;GPR155;EGFR;CYP7B1;SOX9;MAP2K7;TCF7L2;OSBPL7;ADCY2;SPHK2;PAQR8;CASP7;SSTR2;KDM1A;FBXO32;IL18;ADAMTS13;PPP1R9B;FGFR2;PHEX;ESR1;PTCH1;NFKBIZ;NR2E3;AXIN2;CX3CR1;AKT1;DDX54;DAG1;CEBPB;RELA;E2F1;JUND;NFKBIA;CCNB1;EFNA5;SIRT1"
"Positive Regulation of Programmed Cell Death","GOBP_POSITIVE_REGULATION_OF_PROGRAMMED_CELL_DEATH",0.336691485562415,1.24369927780337,0.0379098360655738,0.168098931313551,428,"SOX4;DAPK1;SIK1;ID3;WNT5A;S100B;SFRP4;FOXO1;HTRA1;TNFSF11;NR4A3;CAMK2D;ZBTB16;RNF122;PTGIS;NR4A1;IGFBP3;AKAP12;SAV1;CALHM2;TGFB2;PMAIP1;RASSF6;FANK1;PAWR;SKIL;DAB2IP;APBB1;DUSP1;ATF3;CLIP3;HPGD;ALDH1A2;MAP3K5;PRDM11;FOXP1;SRPX;F3;BMF;UNC5C;HMOX1;BCL2;RHOB;MELK;IL10;GRAMD4;PNMA3;TRAF2;TNFSF12;THBS1;TOP2A"
"Chondroitin Sulfate Proteoglycan Metabolic Process","GOBP_CHONDROITIN_SULFATE_PROTEOGLYCAN_METABOLIC_PROCESS",0.544390677627394,1.4882713924122,0.0379746835443038,0.168173598553345,30,"CHST7;UST;CSGALNACT1;IGF1"
"Muscle Cell Development","GOBP_MUSCLE_CELL_DEVELOPMENT",0.389839908080012,1.32714255785222,0.038150289017341,0.16873795761079,138,"MYH11;PRICKLE1;PGM5;HES1;IGF1;ANK2;SMO;FOXP1;BCL2;KRT8;PAK1;TBX3;TMOD2;NEURL2;ACTG1;CAPN3;CDK1;COL6A1;TMOD1;CSRP2;CSRP1;GSK3A;HOMER1;SGCD;NPPA;FLNC;LMNA;KRT19;SYPL2;SRF;KDM1A;MYL9;SMAD4"
"Olfactory Lobe Development","GOBP_OLFACTORY_LOBE_DEVELOPMENT",0.573976384250501,1.48317829739081,0.0382577098037022,0.168999694126568,24,"WNT5A;SEMA7A;TTC8;KIF14;SEMA3A;EXT1;DLX5;SRF;CHD7"
"Cell Differentiation in Spinal Cord","GOBP_CELL_DIFFERENTIATION_IN_SPINAL_CORD",0.581478224780973,1.49589202069167,0.0384047267355982,0.169222336798491,23,"SOX6;LONRF2;LHX4;SOX13;NFE2L1;MDGA1;GDF7;PTCH1;AKT1;ZC4H2;TAL1"
"Dopamine Transport","GOBP_DOPAMINE_TRANSPORT",0.590766996288658,1.49361939589727,0.0384047267355982,0.169222336798491,20,"NPY2R;ABAT;SYT11;GABBR1;SYT1;CHRNB2;SNCG;DTNBP1;SLC29A3;SLC22A1"
"Actin Polymerization or Depolymerization","GOBP_ACTIN_POLYMERIZATION_OR_DEPOLYMERIZATION",0.391644489398178,1.34355431426666,0.0386363636363636,0.170029122887163,145,"SEMA5A;PLEKHH2;ARHGAP28;PAK3;DAAM2;MICAL1;KANK1;HIP1R;ARHGAP6;FCHSD1;KANK2;PLEKHG2;SSH3;EPS8;ANG;PIK3CA;TMOD2;SPTBN2;TMOD1;MICALL2;CDC42EP1;GBA2;DIAPH3;TMSB4X;AVIL;WASF3;NCK2;PPP1R9B"
"Columnar Cuboidal Epithelial Cell Differentiation","GOBP_COLUMNAR_CUBOIDAL_EPITHELIAL_CELL_DIFFERENTIATION",0.479209798224609,1.4448745684264,0.038961038961039,0.170899531460803,53,"SOX4;HES1;SAV1;TTC8;PRDM1;NFE2L1;RARG;CEP152;EXT1;PLK4;GATA6;FGFR2;TJP1;CEBPB;WNT4;CDH2;FAM20C"
"Forelimb Morphogenesis","GOBP_FORELIMB_MORPHOGENESIS",0.589330007626092,1.50395795218107,0.038920944618137,0.170899531460803,21,"ZBTB16;ALX4;ALDH1A2;TBX3;CRABP2;ATRX;ZNF358;CACNA1C"
"Protein Localization to Chromosome Centromeric Region","GOBP_PROTEIN_LOCALIZATION_TO_CHROMOSOME_CENTROMERIC_REGION",0.614656742648121,1.5100934097306,0.0389805097451274,0.170899531460803,18,"TTK;BUB1B;CENPA;RCC2;CDK1;MIS18A"
"Regulation of Cardiac Muscle Cell Membrane Repolarization","GOBP_REGULATION_OF_CARDIAC_MUSCLE_CELL_MEMBRANE_REPOLARIZATION",0.622152496529375,1.51114413556392,0.039039039039039,0.170942192192192,17,"ANK2;GJA5;KCNQ1;SCN5A;NPPA;AKAP9;FLNA"
"Branching Involved in Salivary Gland Morphogenesis","GOBP_BRANCHING_INVOLVED_IN_SALIVARY_GLAND_MORPHOGENESIS",0.601200834909446,1.4954746717189,0.0390977443609023,0.170985516225019,19,"NRP1;SEMA3C;NTN4;FGFR1;SNAI2;ESRP2;TGM2;PDGFA;FGFR2;DAG1"
"Intracellular Protein Transmembrane Transport","GOBP_INTRACELLULAR_PROTEIN_TRANSMEMBRANE_TRANSPORT",-0.459187623996271,-1.45962714007911,0.0391829617705515,0.171137594094003,33,"HSPA5;TRAM2;SSR4;SSR1;SEC61B;SSR3;SEC61A1;SEC61G;TRAM1;PEX5L;PEX7;SEC63;SSR2;SEC62;SRP54;PEX5"
"Kinetochore Organization","GOBP_KINETOCHORE_ORGANIZATION",0.569005818722664,1.49720905267684,0.0392302278211488,0.171137594094003,26,"CENPE;CENPA;MIS18BP1;DLGAP5;NASP;HJURP;MIS18A;CENPF;CENPV;NDC80"
"Embryonic Placenta Morphogenesis","GOBP_EMBRYONIC_PLACENTA_MORPHOGENESIS",0.592447196999307,1.52411044283942,0.0393076032577684,0.17126185847259,23,"FZD5;LLGL2;CDKN1C;SOCS3;IL10;SPINT1;SPINT2;GRHL2;TRIM28;FGFR2"
"Camera Type Eye Morphogenesis","GOBP_CAMERA_TYPE_EYE_MORPHOGENESIS",0.424472515814374,1.36626567261158,0.0394574599260173,0.171701220025886,90,"SOX4;WNT5A;NDP;FAT3;LRP5;FZD5;PTPRM;SHROOM2;TTC8;JAG1;AQP1;PHACTR4;PRDM1;NTRK2;ROM1;TOPORS;SOX9;TSPAN12;RING1"
"Retina Morphogenesis in Camera Type Eye","GOBP_RETINA_MORPHOGENESIS_IN_CAMERA_TYPE_EYE",0.500154457026552,1.45569029313342,0.0396825396825397,0.172466422466422,42,"NDP;FAT3;LRP5;PTPRM;TTC8;PRDM1;NTRK2;ROM1;TOPORS;SOX9;TSPAN12;MEGF11;PROM1;ZHX2;ATP8A2"
"Negative Regulation of Ferroptosis","GOBP_NEGATIVE_REGULATION_OF_FERROPTOSIS",-0.59749029488618,-1.6092502803491,0.039996139545771,0.172987654320988,15,"ACLY;NQO1;SLC25A1;PRKAA1;PSAT1;GSTP1"
"Regulation of Muscle Contraction","GOBP_REGULATION_OF_MUSCLE_CONTRACTION",0.404608829438875,1.35069479710201,0.04,0.172987654320988,114,"CACNB3;NPNT;NPY2R;JUP;CAMK2D;PPP1R12B;ADRA2A;ABAT;ANK2;DSP;GJA5;KCNQ1;MYOCD;CACNB2;SCN5A;ZDHHC21;TNNI3;TACR2;GSTM2;NPPA;AKAP9;CACNB1;SRF;F2R;TMEM38A;MYL9;CTNNA3"
"Regulation of Telomere Maintenance via Telomere Lengthening","GOBP_REGULATION_OF_TELOMERE_MAINTENANCE_VIA_TELOMERE_LENGTHENING",-0.415848523460474,-1.42928625470251,0.0399594147021025,0.172987654320988,48,"PINX1;DKC1;CCT5;CCT8;CCT3;CTNNB1;PARP3;PTGES3;CCT7;ATR;DHX36;POT1;FBXO4;SMG5;HSP90AA1"
"Sex Differentiation","GOBP_SEX_DIFFERENTIATION",0.378023939093189,1.32603155844749,0.04,0.172987654320988,188,"FSHR;WNT5A;ASPM;ZFPM2;DACH1;MMP19;AMH;TGFB2;EIF2B2;MERTK;ACE;INSR;DACH2;GREB1L;ANG;HMGB2;ING2;CBX2;DHH;NOTCH4;NASP;KIF18A;FZD4;BCL2;FANCE;TBX3;FANCG;AXL;MMP14;FOXL2;INHBB;SOX9;GDF9;ATRX;BOK;PLEKHA1;PATZ1;TYRO3;SOX15;FLNA;GATA6;BRCA2;CHD7;CDKL2;SMAD4;ESR1"
"Mammary Gland Duct Morphogenesis","GOBP_MAMMARY_GLAND_DUCT_MORPHOGENESIS",0.544490026774486,1.449440391589,0.0401721664275466,0.173091142676133,27,"WNT5A;LRP5;TBX3;DDR1;CSF1;FGFR2;ESR1;PTCH1;WNT4"
"Nutrient Storage","GOBP_NUTRIENT_STORAGE",-0.366587788942948,-1.36857140995679,0.040147174529696,0.173091142676133,72,"PLIN2;HEXB;APOA1;SCARB1;GM2A;SQLE;ANGPTL3;APOE;FBXW7;STARD4;LIPA;ABCA1;FITM2"
"Regulation of Translational Initiation","GOBP_REGULATION_OF_TRANSLATIONAL_INITIATION",-0.35435913239834,-1.36365147063952,0.0400737627866215,0.173091142676133,85,"GAPDH;BZW2;EIF2AK1;EIF2AK3;EIF3B;EIF2AK4;NPM1;POLR2G;HBS1L;HABP4;DDX1;PAIP2;BANK1;NCBP2;EIF2S2;EIF4EBP1;SYNCRIP;RPL13A;EIF5B;ATF4;BZW1;PAIP2B;EIF4E2;IMPACT;EIF2B4;NCK1;MIF4GD;DNAJC3"
"Exit from Mitosis","GOBP_EXIT_FROM_MITOSIS",0.550769153022549,1.47966494767047,0.0402789285713628,0.173337944453911,28,"UBE2C;CDKN1C;BIRC5;ANLN;EPS8;UBE2S;CDC14A;CLASP1;PPP1R9B"
"Phospholipid Catabolic Process","GOBP_PHOSPHOLIPID_CATABOLIC_PROCESS",-0.421319481131465,-1.40665361599307,0.0403753675891964,0.173539770141049,44,"IDH1;APOC1;SMPDL3A;SCARB1;PRDX6;ANGPTL3;ABHD6;PLD2"
"Fatty Acid Catabolic Process","GOBP_FATTY_ACID_CATABOLIC_PROCESS",-0.351939198017528,-1.34728100998391,0.0404868943617413,0.173588911753681,84,"CROT;DECR1;LPIN1;HSD17B4;ACOT7;ACOX1;ETFB;PCCA;ACBD5;ETFA;ECH1;ECHS1;HADH;MCEE;IVD;MLYCD;SCP2;NUDT8;DECR2;ABHD3;ABHD2;ETFDH;MFSD2A;ABCD3;ECI2;PHYH;ECHDC1;HSD17B10;GCDH;PCCB"
"Maturation of Lsu Rrna","GOBP_MATURATION_OF_LSU_RRNA",-0.456162065670354,-1.4504065903384,0.0405850181919112,0.173588911753681,32,"RPF2;RPL7L1;DDX55;GTPBP4;RPL7A;FTSJ3;RPL35;PES1;LAS1L;WDR12;RPL7;DDX18;NSA2"
"Positive Regulation of Mesenchymal Cell Proliferation","GOBP_POSITIVE_REGULATION_OF_MESENCHYMAL_CELL_PROLIFERATION",0.613497436000595,1.50724521624826,0.04047976011994,0.173588911753681,18,"WNT5A;LRP5;SMO;FGFR1;FOXP2;SOX9;PDGFA;FGFR2"
"Type Ii Interferon Production","GOBP_TYPE_II_INTERFERON_PRODUCTION",-0.319243998742457,-1.27201655999032,0.0405368444401407,0.173588911753681,105,"NR1H4;INHA;SLC7A5;CCR2;PSMA2;PSMA1;PSMB8;C1QBP;HLA-A;IL33;PSMB1;PSMA5;CD276;CEBPG;CD226;FADD;ZP3;PSMA6;PSMB3;IL18R1;PSMA4;BTN3A2;PSMB9;PSMB4"
"Heparan Sulfate Proteoglycan Biosynthetic Process","GOBP_HEPARAN_SULFATE_PROTEOGLYCAN_BIOSYNTHETIC_PROCESS",0.549712918691434,1.44644418590625,0.0408163265306122,0.173941109290431,26,"CSGALNACT1;VANGL2;HS3ST3A1;HS6ST1;HS3ST1;TCF7L2;EXT1"
"Mitotic Chromosome Condensation","GOBP_MITOTIC_CHROMOSOME_CONDENSATION",0.623647091662375,1.49051577494251,0.040785498489426,0.173941109290431,16,"NCAPG;PLK1;AKAP8L;NCAPH;NUSAP1;NCAPD2;NCAPH2;NCAPD3"
"Positive Regulation of Phosphorylation","GOBP_POSITIVE_REGULATION_OF_PHOSPHORYLATION",0.368436563842502,1.29901596894748,0.0407938257993385,0.173941109290431,198,"WNT5A;LIMCH1;HES1;PIM1;PRLR;IGF1;TRAF4;FAM20A;NRP1;CENPE;PDGFB;NRG1;ERBB2;CLIP3;ANG;PIK3CA;CTF1;GRB10;ARHGEF2;WNK3;CSPG4;IL10;FGFR1;KIF14;TRAF2;FGF18;THBS1;C3;TRIM6;CREBL2;SASH1;EGFR;MAD2L2;TLR3;GAS6;PRKAR1B;STRADA;PROM2;PILRB;MAP3K10;IL18;DHX34"
"Regulation of Cell Substrate Adhesion","GOBP_REGULATION_OF_CELL_SUBSTRATE_ADHESION",0.378735391065712,1.32076244399733,0.041340782122905,0.175962041040749,177,"VWC2;NPNT;VIT;ECM2;LIMCH1;NPY2R;JUP;NDNF;KANK1;ARHGAP6;FBLN1;NRP1;PDGFB;GPM6B;RCC2;LDB1;PIK3R1;FZD4;BCL2;JAG1;DDR1;ACTG1;FN1;HPSE;THBS1;CDK6;MDK;TESK1;MMP14;GSK3A;DOCK1;CSPG5;VCL;ATXN3;FERMT2;FLNA;CSF1;CLASP1;CCDC80"
"Negative Regulation of Cd4 Positive Alpha Beta t Cell Activation","GOBP_NEGATIVE_REGULATION_OF_CD4_POSITIVE_ALPHA_BETA_T_CELL_ACTIVATION",0.564950196939831,1.45985426264877,0.0416666666666667,0.177133899676375,24,"TNFSF4;ARG2;ZBTB7B;SOCS5;LGALS9;TWSG1;SMAD7;LOXL3;RUNX1"
"Axon Ensheathment in Central Nervous System","GOBP_AXON_ENSHEATHMENT_IN_CENTRAL_NERVOUS_SYSTEM",0.616156896352769,1.49658144217828,0.042042042042042,0.178386021086805,17,"CNTN1;GPM6B;CFH;PLP1;MAG;ERCC2;CNTN2;B4GALT5;CLU"
"Positive Regulation of Cardiac Muscle Cell Proliferation","GOBP_POSITIVE_REGULATION_OF_CARDIAC_MUSCLE_CELL_PROLIFERATION",0.599838114466995,1.49208493273654,0.0421052631578947,0.178386021086805,19,"PIM1;ZFPM2;NRG1;FGFR1;CDK1;GATA6;FGFR2;CCNB1;GLI1;HEY2"
"Regulation of Telomere Maintenance via Telomerase","GOBP_REGULATION_OF_TELOMERE_MAINTENANCE_VIA_TELOMERASE",-0.439060476019459,-1.4570850000695,0.042113970721892,0.178386021086805,41,"PINX1;DKC1;CCT5;CCT8;CCT3;CTNNB1;PARP3;PTGES3;CCT7;ATR;POT1;FBXO4;SMG5;HSP90AA1"
"Endoplasmic Reticulum to Cytosol Transport","GOBP_ENDOPLASMIC_RETICULUM_TO_CYTOSOL_TRANSPORT",-0.487329085284982,-1.49756932285005,0.0423200742594397,0.179042536389876,25,"BCAP31;HSP90B1;YOD1;SEC61B;DERL2;UBE2J1;FAF2;UBAC2;TMEM129;VCP;SEL1L;HM13;EDEM1;NPLOC4;ERLEC1"
"Complement Activation Classical Pathway","GOBP_COMPLEMENT_ACTIVATION_CLASSICAL_PATHWAY",0.594390398872104,1.50278034160307,0.0424166473554945,0.179234638946076,20,"C7;C5;SUSD4;C3;C1QC;C6;C1R;MASP2;CLU;C2;C1QB;C1S"
"Intrinsic Apoptotic Signaling Pathway in Response to Oxidative Stress","GOBP_INTRINSIC_APOPTOTIC_SIGNALING_PATHWAY_IN_RESPONSE_TO_OXIDATIVE_STRESS",-0.384169197264812,-1.36612265729745,0.0426992397138452,0.179365079365079,54,"PPIA;PDK1;P4HB;SOD2;NOL3;PARK7;PYCR1;FBXW7;CTNNB1;FGF2;GPX1;UACA;UBQLN1;TRAP1;ARL6IP5;VNN1;SOD1;BAG5;ATF4"
"Lipid Localization","GOBP_LIPID_LOCALIZATION",-0.252572958671709,-1.15974891938882,0.0427041135627071,0.179365079365079,318,"CROT;SLC2A1;APOC1;UCP2;PLIN2;NR1H4;PCSK9;PITPNA;FABP3;OSBPL10;VLDLR;SIGMAR1;GOT2;APOO;VDAC1;APOA1;SCARB1;PTGES;GM2A;PLEKHA8P1;STAR;OSBPL6;DBI;LPCAT3;APOE;ANXA2;VAPB;PTPN11;FABP5;PLTP;STARD4;ACSL1;LIPA;ACSL3;ABCA1;NMB;ARL8B;PSAP;SLC43A3;TNFAIP8L3;PDZD8;ACSL4;OSBP;FIS1;NUS1;NME4;ITGAV;TMEM97;LYN;AKR1C1;STOML2;SLC25A20;SEC24A"
"Mammary Gland Epithelial Cell Proliferation","GOBP_MAMMARY_GLAND_EPITHELIAL_CELL_PROLIFERATION",0.575776819028523,1.48122476917932,0.0428360413589365,0.179365079365079,23,"IQGAP3;WNT5A;TNFSF11"
"Pigmentation","GOBP_PIGMENTATION",-0.339918473453775,-1.33395118085124,0.042689351075577,0.179365079365079,90,"ABCB6;BBS7;HPS5;SOD2;MAP2K1;AP1S1;KITLG;RAB38;APOE;BBS4;TYRP1;CD63;GABRB3;MKKS"
"Regulation of Fibroblast Growth Factor Receptor Signaling Pathway","GOBP_REGULATION_OF_FIBROBLAST_GROWTH_FACTOR_RECEPTOR_SIGNALING_PATHWAY",0.576345309776774,1.48268725003914,0.0428360413589365,0.179365079365079,23,"WNT5A;THBS1;PRKD2;HHIP;OFD1;SPRY4;SHISA2;WNT4;GPC1;SULF2;FAM20C"
"Response to Nitric Oxide","GOBP_RESPONSE_TO_NITRIC_OXIDE",0.626471618479191,1.47393129620033,0.0426829268292683,0.179365079365079,15,"FOXO1;CCNA2;CDK2;AQP1;TRAF2"
"Small Gtpase Mediated Signal Transduction","GOBP_SMALL_GTPASE_MEDIATED_SIGNAL_TRANSDUCTION",0.333395490970203,1.23317205827622,0.0428571428571429,0.179365079365079,446,"IQGAP3;WNT5A;PLEKHG5;ARHGAP28;MCF2L;ARHGEF10L;CYTH2;KANK1;VANGL2;CDKL5;IGF1;IQSEC2;TGFB2;ARHGAP6;ADRA2A;NRP1;KANK2;TIAM2;CCNA2;ERBB2;EPS8;ARHGAP10;DAB2IP;RASGRP3;SRGAP3;CGNL1;MRAS;RAB15;FARP2;ABR;SRGAP2;RALGAPA2;ITGA3;FGD4;ARHGEF2;NGEF;ARHGAP33;ARHGEF40;FOXM1;RHOB;PLXNB1;ARHGAP44;PLEKHG4B;CDK2;ARHGAP11A;KNDC1;GDI1;KIF14;DENND3;NKIRAS2;RAB9B;NISCH;KALRN;PHACTR4;TP53;ARHGEF18;MICALL2;CSNK1E;RRAD;CADM4;CDC42EP1;PLK2;LIMK1;TNFAIP1;DOCK1;ARHGEF17;RABIF;DVL2;DOCK6;ARHGAP31;SYNGAP1;SCAI;TGM2;ARHGAP21;FERMT2;RGL3;RALGPS2;ARHGEF9;DVL3;ARHGEF19;CSF1;CYTH1;F2R;RGL1;SPRY4;RRAS;CHN1;CHN2;MADD;DIRAS3;PSD;AMOT;RAP2B;DIRAS1;RIN2;RAB39B;DAG1;CELSR1;RHOBTB1;SYNPO2L;RTKN;CDC42SE1;RAP1GAP;STMN3;WNT4;DOK1;ROCK2;TSC2"
"Type b Pancreatic Cell Proliferation","GOBP_TYPE_B_PANCREATIC_CELL_PROLIFERATION",0.62581878513118,1.47239534233674,0.0426829268292683,0.179365079365079,15,"NR4A3;NR4A1;IGFBP3;IGFBP5"
"Secondary Metabolite Biosynthetic Process","GOBP_SECONDARY_METABOLITE_BIOSYNTHETIC_PROCESS",0.579498897125848,1.48666741345192,0.0430906389301634,0.180127098057712,22,"WNT5A;CDH3;CITED1;MC1R;TRPC1;DCT;PMEL;CTNS"
"Regulation of Polysaccharide Metabolic Process","GOBP_REGULATION_OF_POLYSACCHARIDE_METABOLIC_PROCESS",0.526653377658677,1.47053995317663,0.0435374149659864,0.181777788588618,34,"IRS1;IGF1;SORBS1;PDGFB;ENPP1;INSR;GRB10;INPP5K;GSK3A;SMPD3;AKT2;AKT1;PPP1R3D;PPP1R3F"
"Neurotransmitter Receptor Localization to Postsynaptic Specialization Membrane","GOBP_NEUROTRANSMITTER_RECEPTOR_LOCALIZATION_TO_POSTSYNAPTIC_SPECIALIZATION_MEMBRANE",0.547432505276965,1.4404437980444,0.043731778425656,0.182282611357347,26,"VWC2;GPC4;IQSEC2;ERBB2;TMEM108;KIF2C"
"Positive Regulation of Monoatomic Ion Transmembrane Transport","GOBP_POSITIVE_REGULATION_OF_MONOATOMIC_ION_TRANSMEMBRANE_TRANSPORT",0.445235396738809,1.38124454486556,0.0438144329896907,0.182282611357347,66,"CACNB3;FXYD6;ANK2;KCNQ1;CACNB2;WNK3;CAPN3;TRPC1;HEPH;KCNC1;NPPA;APLNR;KCNIP2;FLNA;VMP1;F2R;STIM1;TOR2A"
"Renal Filtration","GOBP_RENAL_FILTRATION",0.583547831561522,1.48920195883152,0.0438138130896575,0.182282611357347,21,"PDGFB;GJA5;ITGA3;AQP1;MCAM;GAS6;F2R"
"Negative Regulation of Carbohydrate Metabolic Process","GOBP_NEGATIVE_REGULATION_OF_CARBOHYDRATE_METABOLIC_PROCESS",0.513589221847957,1.44640105997532,0.0440165061898212,0.18259356384947,37,"SIK1;DDIT4;ENPP1;IER3;GRB10;INPP5K;GSK3A;MST1;C1QTNF3;SMPD3"
"Positive Regulation of Viral Genome Replication","GOBP_POSITIVE_REGULATION_OF_VIRAL_GENOME_REPLICATION",-0.487205117600119,-1.52475544714785,0.0440455499437061,0.18259356384947,28,"PPIA;SRPK2;VAPB;PPIE;PPID;STAU1"
"Rhythmic Process","GOBP_RHYTHMIC_PROCESS",0.360970675779352,1.28991410009145,0.0439914163090129,0.18259356384947,227,"FSHR;SIK1;ID3;NOS2;ID1;NPY2R;GABRB1;MMP19;IGF1;AMH;TGFB2;KDM5A;EGR3;MAPK10;GPR157;NONO;NOTCH4;ADCY1;FZD4;CRTC1;HUWE1;EGR1;PRKCG;CDK1;SCN9A;ASS1;COL6A1;AXL;TOP2A;KLF10;TP53;MDK;NTRK2;CSNK1E;GDF9;RBM4B;TGFB3;ELOVL4;HLF;PLEKHA1;KCND2;TYRO3"
"Sex Determination","GOBP_SEX_DETERMINATION",0.621068308085021,1.46121865598147,0.0442073170731707,0.183047555209595,15,"AMH;INSR;DHH;FOXL2;SOX9;WT1;WNT4"
"Cd8 Positive Alpha Beta t Cell Differentiation","GOBP_CD8_POSITIVE_ALPHA_BETA_T_CELL_DIFFERENTIATION",-0.492789018964993,-1.52017410145266,0.04426667726275,0.183076942681716,26,"PSMA2;PSMA1;GPR18;PSMB1;PSMA5;PSMA6;PSMB3;PSMA4;PSMB9;PSMB4;TNFSF8"
"Adult Behavior","GOBP_ADULT_BEHAVIOR",0.417712008324477,1.36427862271225,0.0444711538461538,0.183510687736268,95,"NLGN4X;HOMER2;NPY2R;NR4A3;FGF12;CRHBP;FOSB;CCND2;PCDH17;EPS8;SPTBN2;PBX3;CHL1;TMOD1;NR4A2;MAPRE3;HOMER1;CNTN2;TUBA1A;CTNS;EHMT2;CHD7;CHRNB2;SNCG"
"Chondrocyte Development","GOBP_CHONDROCYTE_DEVELOPMENT",0.540300767650653,1.43828852270925,0.0444763271162123,0.183510687736268,27,"COL11A1;POC1A;FGF18;BMPR2;RARG;SOX9;EXT1;SERPINH1;SMPD3;AXIN2;CHSY1;ECM1;SULF2;TSKU;SMAD7"
"Negative Regulation of Axon Extension","GOBP_NEGATIVE_REGULATION_OF_AXON_EXTENSION",0.55894200159006,1.44432884175379,0.0446428571428571,0.183981092436975,24,"WNT5A;SEMA5A;NRP1;PTPRS;SEMA6C;BCL11A;CDH1;MAG;RYK"
"Regulation of Dna Strand Elongation","GOBP_REGULATION_OF_DNA_STRAND_ELONGATION",-0.560071815975839,-1.55047053596415,0.0447485432796029,0.184199937847766,17,"INO80C;RUVBL1;UCHL5;ACTR5;ACTL6A;RUVBL2;POT1"
"Negative Regulation of Smooth Muscle Cell Proliferation","GOBP_NEGATIVE_REGULATION_OF_SMOOTH_MUSCLE_CELL_PROLIFERATION",0.524460853794968,1.46441791147586,0.0448979591836735,0.184381654185707,34,"NDRG2;IGFBP3;IGFBP5;MYOCD;ANG;HMOX1;IL10;KLF4;BMPR2;TNFAIP3;NDRG4;TGFB3;CTNNBIP1"
"Receptor Localization to Synapse","GOBP_RECEPTOR_LOCALIZATION_TO_SYNAPSE",0.456769318128002,1.39595723514084,0.0448717948717949,0.184381654185707,59,"VWC2;DBN1;GPC4;IQSEC2;ERBB2;TMEM108;KIF2C;ARHGAP44;SLC12A5;DLG3;DLG4;GRIPAP1;GPC6;KIF5C;DAG1;SHISA6;KIFC2;CEP112"
"Positive Regulation of Mitotic Sister Chromatid Separation","GOBP_POSITIVE_REGULATION_OF_MITOTIC_SISTER_CHROMATID_SEPARATION",0.597241869349208,1.48562682657671,0.0451127819548872,0.185046926449613,19,"UBE2C;BIRC5;PLK1;DLGAP5;ESPL1;CDC20;SKA3;MAD1L1;INCENP"
"Ligand Gated Ion Channel Signaling Pathway","GOBP_LIGAND_GATED_ION_CHANNEL_SIGNALING_PATHWAY",0.618742413723603,1.478793600757,0.0453172205438066,0.185540552036068,16,"GRID2;GRIK1;DLG4;GRIK2;CAPN1;GRIK5;CPEB4;GRIN2A"
"Negative Regulation of Reproductive Process","GOBP_NEGATIVE_REGULATION_OF_REPRODUCTIVE_PROCESS",0.512974028793962,1.44466851605201,0.0453920220082531,0.185540552036068,37,"WNT5A;ZFPM2;TTK;PLAT;IGF1;DUSP1;ZWINT;FBXO5"
"Regulation of Chondrocyte Differentiation","GOBP_REGULATION_OF_CHONDROCYTE_DIFFERENTIATION",0.512902819488961,1.44446797209616,0.0453920220082531,0.185540552036068,37,"ZBTB16;SOX5;ADAMTS12;MBOAT2;LTBP3;SOX6;FGF18;SNAI2;MDK;RARG;SOX9;ZNF219;AXIN2;GDF6;ADAMTS7;GREM1;SMAD7"
"Negative Regulation of Cell Cycle G1 s Phase Transition","GOBP_NEGATIVE_REGULATION_OF_CELL_CYCLE_G1_S_PHASE_TRANSITION",0.474559135770885,1.43919064565091,0.0455604924106946,0.185845096665023,56,"KANK2;APBB1;SUSD2;DACT1;BCL2;CDK2;KLF4;TP53;DGKZ;CTDSP2;PLK3;TMSB4X;BRD7;GPNMB;RFWD3;E2F7;FBXO31;CTDSP1;CDK2AP2;CTDSPL;FBXO7;RB1"
"Regulation of Tolerance Induction","GOBP_REGULATION_OF_TOLERANCE_INDUCTION",-0.591452629872802,-1.59298873736072,0.0456256874484499,0.185845096665023,15,"HLA-G;HLA-B;IRAK3;PHLPP1"
"Translational Termination","GOBP_TRANSLATIONAL_TERMINATION",-0.591210844368881,-1.59233752445685,0.0456256874484499,0.185845096665023,15,"GSPT2;EIF5A;GSPT1;GFM2;ABCE1"
"Cell Fate Determination","GOBP_CELL_FATE_DETERMINATION",0.578541136954677,1.46270910343432,0.0457902511078287,0.18586703317581,20,"HES1;TNXB;NOTCH4;JAG1;KLF4;FOXG1;GATA6;PTCH1;IFRD1"
"Detection of Mechanical Stimulus Involved in Sensory Perception","GOBP_DETECTION_OF_MECHANICAL_STIMULUS_INVOLVED_IN_SENSORY_PERCEPTION",0.580751968860164,1.46829868686712,0.0457902511078287,0.18586703317581,20,"COL11A1;KCNQ1;SCN9A;FYN;CHRNA10;STRC;TMEM87A;SCN11A"
"Regulation of Jnk Cascade","GOBP_REGULATION_OF_JNK_CASCADE",0.393492848336399,1.32807597161217,0.0457209847596717,0.18586703317581,127,"WNT5A;TNXB;TNFSF11;TRAF4;ULK4;ERBB2;MAPK8IP2;DAB2IP;MAP3K5;HIPK3;DACT1;TRAF2;MBIP;SEMA3A;AXIN1;AGER;NPPA;MAP2K7;TLR3;FCGR2B;DVL2;MAPKBP1;GRIK2;DVL3;MAP3K10;GADD45G;MDFI"
"Positive Regulation of Organ Growth","GOBP_POSITIVE_REGULATION_OF_ORGAN_GROWTH",0.522194257048893,1.43486973615723,0.0460893854748603,0.18686471911856,31,"PIM1;ZFPM2;IGF1;NRG1;SMO;FGFR1;CDK1;GATA6;FGFR2;AKT1;WT1;CCNB1;GLI1"
"Erad Pathway","GOBP_ERAD_PATHWAY",-0.338442060151976,-1.32137913175404,0.0463984446327746,0.187900290807641,99,"HSPA5;BCAP31;RHBDD2;TMX1;HSP90B1;CANX;STT3B;RNFT2;FAM8A1;CALR;YOD1;PSMC6;SEC61B;FBXO17;USP14;ERLIN2;CCDC47;DERL2;UBE2J1;FAF2;ERLIN1;UBAC2;USP13;UBQLN1;SGTA;JKAMP;TMEM129;AMFR;TRIM25;RNF185;VCP;RNF175;SEL1L;XBP1;HM13;EDEM3"
"Lymphoid Progenitor Cell Differentiation","GOBP_LYMPHOID_PROGENITOR_CELL_DIFFERENTIATION",0.596000872451183,1.48253987239948,0.0466165413533835,0.188565524666169,19,"SOX4;HES1;BCL2"
"Meiotic Cell Cycle","GOBP_MEIOTIC_CELL_CYCLE",0.361234573259201,1.28126775338029,0.0468409586056645,0.189254761240649,210,"WNT5A;OSGIN2;ASPM;CCNB1IP1;TTK;MKI67;INSR;DUSP1;NUMA1;PLK1;ING2;KIF18A;CDK2;SKA2;ESPL1;RAD54L;ZWINT;CDC20;TOP2A;HSPA2;SKA3;MOV10L1;MSH6;PSMC3IP;RBM46;TDRD12;FBXO5;PIWIL3;EXO1;ATRX;MUS81;RAD51B;RAD51D;CDC25B;EHMT2;NCAPH;BRCA2;BAG6;SUN1;FANCD2;NCAPD2;FZR1;KLHDC3;NCAPH2;PTTG1;CENPV;MASTL;HUS1B;MNS1;NCAPD3;ANAPC2;RBBP8;INCENP;SLX4;NEK2;NDC80;EME1;FOXJ2;WNT4;ZSCAN21;ZCWPW1"
"Positive Regulation of Lipid Biosynthetic Process","GOBP_POSITIVE_REGULATION_OF_LIPID_BIOSYNTHETIC_PROCESS",-0.359896015011678,-1.35431697938106,0.0471121049586,0.190130995011493,74,"MLXIPL;NR1H4;FABP3;SCARB1;STAR;RAB38;APOE;STARD4;ACSL3;ABHD6;PRKAA1;LPGAT1;MAPK1;ELOVL5"
"Protein Trimerization","GOBP_PROTEIN_TRIMERIZATION",-0.588526971576211,-1.58510891659327,0.0473637572947231,0.190926630383677,15,"HLA-G;SIGMAR1;SLC1A2;SLC1A5;MIF;MLKL;ALOX5AP;P2RX7;PNPT1;CLYBL"
"Nucleosome Organization","GOBP_NUCLEOSOME_ORGANIZATION",0.445943215190713,1.38609617136028,0.0476190476190476,0.191735084838533,67,"ATAD2;SMARCC2;TSPYL2;HMGB2;TSPYL4;NAP1L3;NASP;NAP1L1;SOX9;ATRX;TSPYL1;ASF1B;ARID2;BRD2;SHPRH;ARID1A;DAXX;CHAF1A;SMARCC1"
"l Alpha Amino Acid Transmembrane Transport","GOBP_L_ALPHA_AMINO_ACID_TRANSMEMBRANE_TRANSPORT",-0.385770154947543,-1.33385020391731,0.0484221152403828,0.194744741316947,50,"UCP2;SLC7A5;SLC15A4;SLC1A2;SLC38A5;EPM2A;SLC25A18;SLC7A6;SLC1A5;SLC38A6;PSEN1;SLC25A13;SLC3A2;ARL6IP5;SLC7A2;CLN3;SLC7A11;SLC7A1;SLC11A1;SLC1A1;SLC38A9"
"Renal Absorption","GOBP_RENAL_ABSORPTION",0.585492049304238,1.5062178554709,0.0486522469580675,0.195445895750127,23,"KCNQ1;WNK3;AQP1;MLLT6;SGK1;EDNRB;KLHL3;GAS6"
"Nuclear Transcribed Mrna Poly a Tail Shortening","GOBP_NUCLEAR_TRANSCRIBED_MRNA_POLY_A_TAIL_SHORTENING",0.536635691418385,1.44169479699998,0.0487106017191977,0.195456171617812,28,"CPEB3;BTG2;TOB1;ZFP36;ZFP36L2;CNOT10;EIF4ENIF1;PAN2;TNRC6B;SAMD4B;CNOT3;TNRC6C;TNRC6A"
"Catecholamine Transport","GOBP_CATECHOLAMINE_TRANSPORT",0.535806695426217,1.42632523691061,0.048780487804878,0.195512641625272,27,"NPY2R;ADRA2A;ABAT;SYT11;ADORA3;GABBR1;SYT1;CHRNB2;SNCG;DTNBP1;SLC29A3;SLC22A1"
"Embryonic Camera Type Eye Development","GOBP_EMBRYONIC_CAMERA_TYPE_EYE_DEVELOPMENT",0.557627791748338,1.46727036940326,0.0488949176294926,0.195523854401955,26,"WNT5A;FZD5;ALDH1A2;PHACTR4;PPP1R13L;RARG;TULP3"
"Positive Regulation of Heart Growth","GOBP_POSITIVE_REGULATION_OF_HEART_GROWTH",0.554032169319649,1.44407784604617,0.0488888888888889,0.195523854401955,25,"PIM1;ZFPM2;IGF1;NRG1;FGFR1;CDK1;GATA6;FGFR2;WT1;CCNB1;GLI1;HEY2"
"Regulation of Neuron Differentiation","GOBP_REGULATION_OF_NEURON_DIFFERENTIATION",0.402154092496361,1.34105710460206,0.0491228070175439,0.19621116645662,111,"VWC2;S100B;ASPM;SOCS2;HES1;HEYL;CNTN4;CASZ1;ARHGEF2;BCL2;JAG1;TCF4;FGFR1;EIF4ENIF1;TCF12;EDNRB;MAG;FOXG1;SOX9;CDK5RAP3;NOTCH3;CNTN2;BEND6;KCTD11;LIN28A;GDF7"
"Anoikis","GOBP_ANOIKIS",0.523491065002836,1.43113541110336,0.0492264416315049,0.196401167466016,30,"SIK1;PIK3CA;BMF;BCL2;SNAI2;NTRK2;IKBKG;ZNF304;AKT1;E2F1;TSC2"
"Post Embryonic Development","GOBP_POST_EMBRYONIC_DEVELOPMENT",0.434646331387408,1.36024911867245,0.049492385786802,0.196789815449679,73,"FZD5;LLGL2;ALX4;ETNK2;SEMA3C;RAB3A;CSRNP1;DNMT3A;BCL2;SCN9A;KLF4;FOXP2;PRDM1;NR4A2;PPP1R13L;ACVR2B;ATRX;ERCC2;PLEKHA1;STK36"
"Regulation of Ketone Metabolic Process","GOBP_REGULATION_OF_KETONE_METABOLIC_PROCESS",-0.325296998867888,-1.28941800259835,0.0494077885191212,0.196789815449679,102,"PGK1;MLXIPL;APOC1;NR1H4;FABP3;PDK1;NME1;STAR;TPK1;FABP5;STARD4;PDK3;INSIG2;LPGAT1;ELOVL5;ERLIN2;PRKAG2;INSIG1;DGAT2;ERLIN1;MLYCD;PLAA;MFSD2A;NR1H3;TRIB3;BMP2;ADM;SLC45A3;SREBF1"
"Regulation of Sodium Ion Transport","GOBP_REGULATION_OF_SODIUM_ION_TRANSPORT",0.479968731611286,1.42869471737644,0.0494791666666667,0.196789815449679,48,"SIK1;CAMK2D;FGF12;FXYD6;CNTN1;ANK3;SCN5A;WNK3;MLLT6"
"Embryonic Digit Morphogenesis","GOBP_EMBRYONIC_DIGIT_MORPHOGENESIS",0.502881207751533,1.44556721351878,0.049597855227882,0.196866458331559,40,"WNT5A;PRICKLE1;ZBTB16;LRP5;ALX4;HAND2;TBX3"
"Response to Muramyl Dipeptide","GOBP_RESPONSE_TO_MURAMYL_DIPEPTIDE",0.590683986383533,1.4693142280143,0.0496240601503759,0.196866458331559,19,"ARHGEF2;JAG1;VIM;TNFAIP3;RELA;NFKBIA;TRIM41;NAGK;CARD9"
"Regulation of Endothelial Cell Migration","GOBP_REGULATION_OF_ENDOTHELIAL_CELL_MIGRATION",0.386292200891128,1.31330641338432,0.0498261877172654,0.197444723499525,135,"ATOH8;WNT5A;SEMA5A;JUP;AKT3;NRP1;SEMA4A;PDGFB;PTPRM;BCAS3;DAB2IP;FOXP1;HDAC5;HMOX1;RHOB;FGFR1;FGF18;THBS1;KLF4;PRKD2;PLK2;SASH1;NRP2;TMSB4X;PATZ1;MMRN2;AKT2;RRAS;AKT1;NR2F2;AMOT;CEACAM1;RIN2;GAB1;PTGS2;SIRT1;EFNA1;AGT;PLCG1"
"Body Fluid Secretion","GOBP_BODY_FLUID_SECRETION",0.456243998266818,1.38719285193021,0.0501930501930502,0.198118543096297,57,"PRICKLE1;SOCS2;PRLR;CDO1;ZBTB7B;DDR1;WNK3;AQP1;OXTR;FOSL2;CELSR2"
"Cellular Response to Cholesterol","GOBP_CELLULAR_RESPONSE_TO_CHOLESTEROL",0.617612681727205,1.45308842998796,0.0503048780487805,0.198118543096297,15,"SMO;LRP6;NFE2L1;INHBB;GPR155;OSBPL7;PTCH1;DAG1"
"Heparan Sulfate Proteoglycan Metabolic Process","GOBP_HEPARAN_SULFATE_PROTEOGLYCAN_METABOLIC_PROCESS",0.50558207056794,1.42521778949207,0.0502717391304348,0.198118543096297,36,"CSGALNACT1;VANGL2;HS3ST3A1;IDS;HPSE;HS6ST1;HS3ST1;TCF7L2;EXT1;IDUA;GPC1;B3GALT6;SULF2;HGSNAT"
"Positive Regulation of Potassium Ion Transport","GOBP_POSITIVE_REGULATION_OF_POTASSIUM_ION_TRANSPORT",0.568209871457801,1.45005980287522,0.0502958579881657,0.198118543096297,21,"ADRA2A;ANK2;KCNQ1;KCNC1;NPPA;KCNIP2;FLNA"
"Signal Release","GOBP_SIGNAL_RELEASE",0.337808019631618,1.23317560521037,0.0501043841336117,0.198118543096297,341,"SOX4;SYTL4;NOS2;RIMS1;NPY2R;FOXO1;CASR;TNFSF11;LRP5;RIMS4;CRHBP;SYT2;IRS1;ADRA2A;PICK1;ABAT;SYT11;KCNJ8;C1QTNF1;GJA5;RIMS2;KCNQ1;SNPH;LTBP4;LIN7B;RAB3A;RIMS3;ILDR2;FZD4;TBX3;PRKCG;FGFR1;ERC2;AQP1;BRSK1;MYRIP;PCSK5;PAX8;ABCA12;CPT1A;EDNRB;C2CD2L;TACR2;ADORA3;FOXL2;INHBB;GABBR1;ACVR2B;GDF9;CSPG5;TCF7L2;PLA2G6;GNRHR;SYT1;NNAT;GNAO1;SYT5;EXOC3L1;C1QTNF3;SLC16A2;F2R;CHD7;CHRNB2;SMPD3;TOR2A;SNCG;SMAD4;PLA2G4A;DTNBP1;ALOX5;FBXL20;GRIK5;PTGS2;SYN3;SYN1;EFNA5;SLC38A2;RAB11B;SYT7;AGT;IL11"
"Signal Transduction in Response to Dna Damage","GOBP_SIGNAL_TRANSDUCTION_IN_RESPONSE_TO_DNA_DAMAGE",0.371526212614113,1.29563125076012,0.0503355704697987,0.198118543096297,178,"SOX4;PMAIP1;GTSE1;IER3;STK33;RPS6KA6;PLK1;BRCA1;FOXM1;MBTPS1;CDK2;CDK1;BRSK1;CHEK1;SNAI2;TP53;DGKZ;MDC1;PPM1D;PLK2;PLK3;MAD2L2;CDK5RAP3;HIC1;ATRX;MUS81;USP28;BRCA2;KDM1A;FANCD2;DTL;FZR1;FOXO4;RFWD3;BARD1;GNB1L;E2F7;HUS1B;FBXO31;E2F1;UIMC1;SIRT1;FOXN3;EME1;XPC;CDC7;TRIM39;FBXO6;BCL3;PTTG1IP"
"Regulation of t Helper Cell Differentiation","GOBP_REGULATION_OF_T_HELPER_CELL_DIFFERENTIATION",0.50569864796523,1.44489165519317,0.0513513513513514,0.201889768556435,39,"TNFSF4;PRKCZ;JUNB;ZBTB7B;SOCS5;IL18;NFKBIZ;BRD2;HLA-DRB1;SMAD7;LOXL3"
"Adrenergic Receptor Signaling Pathway","GOBP_ADRENERGIC_RECEPTOR_SIGNALING_PATHWAY",0.57008391315058,1.44132694500536,0.051698670605613,0.202418271383789,20,"ADRA2A;KCNQ1;ZDHHC21;CRTC3;GSK3A;ARRDC3"
"Cellular Response to Growth Hormone Stimulus","GOBP_CELLULAR_RESPONSE_TO_GROWTH_HORMONE_STIMULUS",0.563434820554917,1.44947414422168,0.051698670605613,0.202418271383789,23,"SOCS2;IGF1;PIK3R1;A1BG;JAK1;LEPROTL1"
"Hyaluronan Metabolic Process","GOBP_HYALURONAN_METABOLIC_PROCESS",-0.483262682265336,-1.49335565165575,0.0517589765808644,0.202418271383789,27,"TNFAIP6;HEXB;LYVE1;ITIH5;CLTC;HAS2;HYAL3;FGF2"
"Mitotic Cytokinesis","GOBP_MITOTIC_CYTOKINESIS",0.418369693387532,1.34662228822933,0.0517879161528977,0.202418271383789,90,"IQGAP3;STMN1;KIF23;BIRC5;CENPA;ANLN;ANK3;PLK1;KIF20A;KIF4A;RHOB;ESPL1;CEP55;MAP9;CIT;NUSAP1;CKAP2;CHMP4C;INCENP;CNTROB;RTKN;EXOC2;ROCK2;CHMP1B"
"Oligopeptide Transmembrane Transport","GOBP_OLIGOPEPTIDE_TRANSMEMBRANE_TRANSPORT",-0.559333325614791,-1.52183837384986,0.051737076921963,0.202418271383789,16,"SLC15A4;ABCB9;SLC26A6;ABCC4;SLC25A40;SLC7A11;SLC13A3;SLC15A3;CA2"
"Positive Regulation of Nucleocytoplasmic Transport","GOBP_POSITIVE_REGULATION_OF_NUCLEOCYTOPLASMIC_TRANSPORT",0.468983241618404,1.40960312584722,0.051948051948052,0.202418271383789,52,"JUP;CAMK1;SMO;PIK3R1;CHP2;EFCAB7;CDK1;CDH1;GAS6;MAVS;FLNA;TRIM28"
"Regulation of Fatty Acid Metabolic Process","GOBP_REGULATION_OF_FATTY_ACID_METABOLIC_PROCESS",-0.340530240687779,-1.2928598798154,0.0518973866691185,0.202418271383789,77,"PGK1;MLXIPL;APOC1;FABP3;PDK1;NME1;TPK1;FABP5;PDK3;INSIG2;LPGAT1;ELOVL5;ERLIN2;PRKAG2;INSIG1;DGAT2;ERLIN1;MLYCD;PLAA;MFSD2A;NR1H3"
"Regulation of Protein Localization to Synapse","GOBP_REGULATION_OF_PROTEIN_LOCALIZATION_TO_SYNAPSE",0.551805237653895,1.43827337680908,0.0518518518518519,0.202418271383789,25,"WNT5A;GPC4;IQSEC2;TMEM108;KIF2C;ARHGAP44;GRIPAP1;GPC6"
"Cell Junction Disassembly","GOBP_CELL_JUNCTION_DISASSEMBLY",0.524735286142917,1.45406884090669,0.0521262002743484,0.202661575539448,33,"PRICKLE1;VANGL2;STON1;PIK3R1;NGEF;SNAI2;C3;TGFB3;C1QC;CX3CR1;RAB40A;C1QB"
"Establishment of Epithelial Cell Polarity","GOBP_ESTABLISHMENT_OF_EPITHELIAL_CELL_POLARITY",0.552040344806101,1.42649468021181,0.0520833333333333,0.202661575539448,24,"WNT5A;HES1;FBF1;TTC8;FRMD4A;PTK7;CYTH1;MYO18A"
"Neural Tube Formation","GOBP_NEURAL_TUBE_FORMATION",0.415928835083356,1.33552005484028,0.0523038605230386,0.203126855224173,89,"WNT5A;PRICKLE1;VANGL2;TGFB2;MED12;SUFU;TEAD2;PHACTR4;SPINT1;SPINT2;SEMA4C;GRHL2;RARG;PTK7;DVL2;TULP3;GDF7;FZD3;PTCH1;BRD2;CELSR1;KDM2B;TSC2;STIL;SFRP1;TRAF6;CC2D2A;PLXNB2;ST14;PRKACA;TSC1"
"Positive Regulation of Glial Cell Differentiation","GOBP_POSITIVE_REGULATION_OF_GLIAL_CELL_DIFFERENTIATION",0.541810832965048,1.4256516493534,0.0524781341107872,0.203577966544947,26,"PTPRZ1;HES1;EGR2;SPINT1;MDK;MAG"
"Response to Organophosphorus","GOBP_RESPONSE_TO_ORGANOPHOSPHORUS",0.413544878840657,1.32833520099636,0.0530864197530864,0.20570987654321,87,"FOS;CRHBP;MMP19;FOSB;CDO1;IGFBP5;KCNJ8;ENPP1;DUSP1;CITED1;KCNQ1;CRTC2;CRTC1;DGKQ;AQP1;CRTC3;INPP5K;ASS1"
"Endocrine Pancreas Development","GOBP_ENDOCRINE_PANCREAS_DEVELOPMENT",0.561368545243882,1.44415851137662,0.0531757754800591,0.205828443653754,23,"SOX4;WNT5A;HES1;SMO;CDK6;GSK3A;SOX9;GATA6;AKT1"
"Feeding Behavior","GOBP_FEEDING_BEHAVIOR",0.476753010385472,1.41912266897977,0.0533854166666667,0.20641182625092,48,"NPY2R;NR4A3;DACH1;FOS;C1QTNF4;HAND2;MC1R;COL6A1;FYN;CPT1A;NTRK2"
"Cell Communication Involved in Cardiac Conduction","GOBP_CELL_COMMUNICATION_INVOLVED_IN_CARDIAC_CONDUCTION",0.498698770440374,1.43354450486231,0.0536193029490617,0.206631923245944,40,"JUP;CAMK2D;ANK2;DSP;GJA5;KCNQ1;CACNB2;SCN5A;GJC1;KCNJ5;FLNA;CACNA1G;CTNNA3;SCN3B;CACNA1C"
"Oligodendrocyte Differentiation","GOBP_OLIGODENDROCYTE_DIFFERENTIATION",0.437720787810763,1.36716738402741,0.0535714285714286,0.206631923245944,72,"PTPRZ1;HES1;CNTN1;DAAM2;EIF2B2;ERBB2;GPM6B;CFH;CDKN2C;PLP1;MED12;SOX6;SOX13;MDK;NTRK2;MAG;SOX9;BOK;TMEM98;ERCC2;CNTN2;B4GALT5;WASF3"
"Sodium Ion Transport","GOBP_SODIUM_ION_TRANSPORT",0.387135268361058,1.31071408418115,0.0535506402793946,0.206631923245944,129,"SIK1;SLC38A4;CAMK2D;FGF12;FXYD6;CNTN1;SLC6A13;ANK3;SHROOM2;SLC9A7;KCNQ1;SCN5A;SLC10A1;WNK3;SCN9A;MLLT6;SGK1;EDNRB;SLC23A2;KLHL3;SLC9B1;NPPA"
"Pituitary Gland Development","GOBP_PITUITARY_GLAND_DEVELOPMENT",0.603700942743222,1.46632721776397,0.0540540540540541,0.208078408078408,17,"WNT5A;HES1;ALDH1A2;CDH1;INHBB;WNT4;GLI1;HMGA2"
"Response to Leukemia Inhibitory Factor","GOBP_RESPONSE_TO_LEUKEMIA_INHIBITORY_FACTOR",0.414005607388972,1.34413130237016,0.0544135429262394,0.209216958247574,93,"TNFSF11;LRAT;PHC1;ABCD4;PRDM5;EPS8;MRAS;MYB;MYBL2;SOCS3;FZD4;SYNGR1;FOSL2;KLF4;RARG;NRP2;GLDC;EXT1;EFHC2;PTP4A3"
"Ventricular Cardiac Muscle Tissue Morphogenesis","GOBP_VENTRICULAR_CARDIAC_MUSCLE_TISSUE_MORPHOGENESIS",0.517518972807551,1.42202313017626,0.0544692737430168,0.209216958247574,31,"ZFPM2;TGFB2;NRG1;COL11A1;DSP;TNNI3;UBE4B;CHD7;FGFR2;SMAD4;PKP2;HEY2;SMAD7"
"Axis Specification","GOBP_AXIS_SPECIFICATION",0.461534394063016,1.39162277308541,0.0546163849154746,0.209552241356964,54,"WNT5A;PRICKLE1;FZD5;SMAD6;SMO;LDB1;TTC8;TBX3;BCOR;AXIN1;SRF;DDIT3;MDFI;SMAD4;PTCH1;AXIN2;MNS1;WT1;ARL13B;STIL;SFRP1;HEY2"
"Substrate Dependent Cell Migration","GOBP_SUBSTRATE_DEPENDENT_CELL_MIGRATION",0.549007907833115,1.43098217199107,0.0548148148148148,0.210083475160062,25,"FBLN1;NRP1;STON1;CSPG4;FN1;SNAI2;ANKS1A"
"Cranial Nerve Morphogenesis","GOBP_CRANIAL_NERVE_MORPHOGENESIS",0.614363291519366,1.44544342616076,0.0548780487804878,0.210095961615354,15,"EGR2;NRP1;SEMA3A;NRP2;CHRNB2;ATP8B1"
"Negative Regulation of Membrane Permeability","GOBP_NEGATIVE_REGULATION_OF_MEMBRANE_PERMEABILITY",-0.57860187847894,-1.55837717051141,0.0551850913277132,0.21104080231548,15,"BNIP3;HK2;NOL3"
"Macrophage Activation","GOBP_MACROPHAGE_ACTIVATION",0.413432548199545,1.33073091307609,0.0554870530209618,0.211964173099705,90,"WNT5A;NR4A1;CALHM2;JUN;SYT11;C1QTNF4;KCNJ8;FOXP1;TMEM106A;IFI35;IL10;CRTC3;THBS1;AGER;FCGR2B;PLA2G4A;MYO18A;CLU;CX3CR1;FAM76B;JUND"
"Regulation of Alpha Beta t Cell Activation","GOBP_REGULATION_OF_ALPHA_BETA_T_CELL_ACTIVATION",0.407624166595965,1.34371149415658,0.0556213017751479,0.21224555568447,98,"DAPL1;ZBTB16;TNFSF4;PRKCZ;JUNB;ARG2;ZBTB7B;IRF1;PRKCQ;PRDM1;CBLB;AGER;SOCS5;IL18;NFKBIZ;BRD2;LGALS9;MAPK8IP1;SH3RF1;TWSG1"
"Extracellular Matrix Assembly","GOBP_EXTRACELLULAR_MATRIX_ASSEMBLY",0.506627839256638,1.43525785106429,0.055858310626703,0.212686589266675,38,"MYH11;PRICKLE1;TNXB;GPM6B;LTBP4;NTN4;COL6A1;SOX9;GAS6;ANTXR1;PXDN;SMPD3;SMAD4;EFEMP2;DAG1;THSD4;AGT"
"Positive Regulation of Muscle Contraction","GOBP_POSITIVE_REGULATION_OF_MUSCLE_CONTRACTION",0.507917652510086,1.4389118441041,0.055858310626703,0.212686589266675,38,"CACNB3;NPNT;NPY2R;ABAT;KCNQ1;MYOCD;CACNB2;TACR2;NPPA;CACNB1;SRF;F2R"
"Peptide Antigen Assembly with Mhc Protein Complex","GOBP_PEPTIDE_ANTIGEN_ASSEMBLY_WITH_MHC_PROTEIN_COMPLEX",-0.542968086343643,-1.50312155661297,0.0559326020666788,0.212738224798671,17,"PDIA3;B2M;HLA-A;CALR"
"Glutamate Metabolic Process","GOBP_GLUTAMATE_METABOLIC_PROCESS",-0.49564768140068,-1.50071181449027,0.0560383851274456,0.212909395988549,24,"NR1H4;GOT2;HAL;GCLM;GLS;GOT1;FTCD;MTHFS;GLUD2;ALDH5A1;SLC7A11"
"Positive Regulation of Cell Cycle Checkpoint","GOBP_POSITIVE_REGULATION_OF_CELL_CYCLE_CHECKPOINT",0.567603979622826,1.43505699959395,0.0561299852289513,0.213026368642488,20,"BIRC5;MAD1L1;INCENP;NDC80;DYNLRB1;TELO2;TPR;PROX1;DYNLT3;MAD2L1"
"Regulation of d Glucose Import","GOBP_REGULATION_OF_D_GLUCOSE_IMPORT",0.497451663914454,1.42995960990531,0.0563002680965147,0.213441384352913,40,"SLC25A27;IRS1;IGF1;SORBS1;ENPP1;INSR;PIK3R1;GRB10;RTN2;CREBL2;GSK3A"
"Cellular Response to Glucose Starvation","GOBP_CELLULAR_RESPONSE_TO_GLUCOSE_STARVATION",-0.392011273108092,-1.33728734236171,0.056497245497412,0.21395659565128,47,"SLC2A1;PLIN2;HSPA5;SLC7A5;PIK3C3;TBL2;EIF2AK3;PRKAA1;SUV39H1;UPP1"
"Extrinsic Apoptotic Signaling Pathway via Death Domain Receptors","GOBP_EXTRINSIC_APOPTOTIC_SIGNALING_PATHWAY_VIA_DEATH_DOMAIN_RECEPTORS",0.4293575377807,1.354199770408,0.0567465321563682,0.214668576829112,77,"DAPK1;PMAIP1;SKIL;DAB2IP;ATF3;BRCA1;HMGB2;PIK3R1;ARHGEF2;HMOX1;BCL2;TRAF2;THBS1;TNFAIP3"
"Secondary Metabolic Process","GOBP_SECONDARY_METABOLIC_PROCESS",0.503199077360713,1.42554429596677,0.0572207084468665,0.216228847561352,38,"WNT5A;CDH3;CYP3A4;SULT1C4;CITED1;BCL2;CYP3A5;MC1R;TRPC1;DCT;PMEL"
"Embryonic Heart Tube Development","GOBP_EMBRYONIC_HEART_TUBE_DEVELOPMENT",0.44692976727125,1.36588605552372,0.058974358974359,0.216724539274749,59,"WNT5A;HES1;VANGL2;HAND2;SMO;GJA5;GREB1L;TBX3;SUFU;TEAD2;NDRG4;APLNR;DVL2"
"Epidermis Morphogenesis","GOBP_EPIDERMIS_MORPHOGENESIS",0.564942473167833,1.42832798851436,0.0590841949778434,0.216724539274749,20,"TGFB2;IGFBP5;SMO;BCL2;KLF4;EXT1;FGFR2;FLG2"
"Establishment of Protein Localization to Peroxisome","GOBP_ESTABLISHMENT_OF_PROTEIN_LOCALIZATION_TO_PEROXISOME",-0.514611503220155,-1.48531649623348,0.0578257055212433,0.216724539274749,20,"PEX19;RAB8B;ZFAND6;PEX5L;PEX7;PEX5;USP9X;PEX3;PEX1;PEX2;LONP2;PEX13;PEX10;HACL1"
"Focal Adhesion Assembly","GOBP_FOCAL_ADHESION_ASSEMBLY",0.426136907166064,1.35068631129567,0.0577889447236181,0.216724539274749,79,"LIMCH1;ARHGAP6;SORBS1;NRP1;GPM6B;RCC2;THSD1;STON1;LDB1;BCL2;ACTG1;PTPRK;THBS1;MMP14;TESK2;VCL;FERMT2;TRIP6"
"Labyrinthine Layer Development","GOBP_LABYRINTHINE_LAYER_DEVELOPMENT",0.499604937653414,1.42748059187683,0.0581081081081081,0.216724539274749,39,"HES1;VASH2;FZD5;LLGL2;JUNB;CITED1;SOCS3;IL10;SPINT1;SPINT2;PLCD3;GRHL2;HS6ST1"
"Mesodermal Cell Differentiation","GOBP_MESODERMAL_CELL_DIFFERENTIATION",0.597592347697858,1.45149007151634,0.0585585585585586,0.216724539274749,17,"ITGA3;FGFR1;SMAD1;KLF4;FGFR2;HMGA2;TAL1;TAF10;KDM6B;NODAL"
"Negative Regulation of Endothelial Cell Proliferation","GOBP_NEGATIVE_REGULATION_OF_ENDOTHELIAL_CELL_PROLIFERATION",0.529528610709865,1.4226013199108,0.0587392550143266,0.216724539274749,28,"ATOH8;COL4A3;PTPRM;THBS1;MMRN2;ALOX5;NR2F2"
"Negative Regulation of Neuron Projection Development","GOBP_NEGATIVE_REGULATION_OF_NEURON_PROJECTION_DEVELOPMENT",0.407489884176626,1.32773325625443,0.0590361445783133,0.216724539274749,94,"WNT5A;SEMA5A;HES1;FAT3;KANK1;NRP1;PTPRS;SEMA6C;BCL11A;NGEF;ULK2;VIM;GDI1;NEO1;CDH1;SEMA3A;MAG;RYK;ULK1;SYNGAP1;PAQR3;DIP2B;DTNBP1;GAK;EFNB3;IFRD1;STMN3;EFNA1;ADCY6;SEMA4F"
"Ovulation Cycle","GOBP_OVULATION_CYCLE",0.470970377905583,1.41064457055806,0.057840616966581,0.216724539274749,50,"FSHR;GABRB1;MMP19;AMH;TGFB2;NOTCH4;FZD4;EGR1;AXL;MDK;GDF9;TGFB3;PLEKHA1;TYRO3"
"Phenol Containing Compound Biosynthetic Process","GOBP_PHENOL_CONTAINING_COMPOUND_BIOSYNTHETIC_PROCESS",0.503667335983278,1.41709656286811,0.0583446404341927,0.216724539274749,35,"WNT5A;CDH3;TGFB2;HAND2;CITED1;MC1R;PNMT;TRPC1;NR4A2;DCT;PMEL"
"Phosphatidylcholine Biosynthetic Process","GOBP_PHOSPHATIDYLCHOLINE_BIOSYNTHETIC_PROCESS",-0.494734763156176,-1.49794769948156,0.05786073211936,0.216724539274749,24,"FABP3;APOA1;PCYT1A;LPCAT3;RAB38;FABP5;ACSL3"
"Positive Regulation of Dna Replication","GOBP_POSITIVE_REGULATION_OF_DNA_REPLICATION",0.498674044135411,1.42482082546961,0.0581081081081081,0.216724539274749,39,"CDK2;FGFR1;CDK1;E2F8;TNFAIP1;AGER;EGFR;ATRX;CIZ1;DBF4B;E2F7;CDC7;GLI1;BRPF3;KAT7;KCTD13"
"Positive Regulation of Potassium Ion Transmembrane Transport","GOBP_POSITIVE_REGULATION_OF_POTASSIUM_ION_TRANSMEMBRANE_TRANSPORT",0.602215643878154,1.43929464134099,0.0589123867069486,0.216724539274749,16,"ANK2;KCNQ1;KCNC1;NPPA;KCNIP2;FLNA"
"Protein Activation Cascade","GOBP_PROTEIN_ACTIVATION_CASCADE",0.567016618644801,1.43357199153717,0.0576070901033973,0.216724539274749,20,"FBLN1;F3;F5;FN1;HPSE;GP1BA;THBS1"
"Pyrimidine Containing Compound Biosynthetic Process","GOBP_PYRIMIDINE_CONTAINING_COMPOUND_BIOSYNTHETIC_PROCESS",-0.422085612454273,-1.37961115996314,0.0589048054371778,0.216724539274749,38,"NME1;SLC19A3;TPK1;NME4;UPP1;DCTD;TBPL1;DTYMK;DHODH;SLC19A2;NME3;NME7;NME2;CMPK2;CMPK1;CDA"
"Regulation of Cell Morphogenesis","GOBP_REGULATION_OF_CELL_MORPHOGENESIS",0.361965689109626,1.27600076396669,0.0581778265642151,0.216724539274749,195,"WNT5A;S100B;DBN1;RIMS1;KANK1;SYT2;CDKL5;FGD6;SEMA4A;EPS8;RIMS2;FGD4;WTIP;FZD4;SH3D19;PLXNB1;FN1;PALM;FYN;ARHGEF18;SLC23A2;PTPRD;CDC42EP1;MAPRE3;DLG4;PHIP;STAU2;PARP6;FMNL3;DVL2;SYT1;ZNF135;CNTN2;FERMT2;LIMD1;DVL3;PARVB;WASF3;YPEL4;ATP10A;SS18L1;ANAPC2;CLDN4;SHROOM3;RHOBTB1;CDC42SE1;EFNA5;BRWD3;FAM171A1"
"Regulation of Endothelial Cell Chemotaxis","GOBP_REGULATION_OF_ENDOTHELIAL_CELL_CHEMOTAXIS",0.602512621171115,1.44000441670253,0.0589123867069486,0.216724539274749,16,"SEMA5A;FGFR1;FGF18;THBS1;PRKD2;TMSB4X"
"Regulation of Extrinsic Apoptotic Signaling Pathway in Absence of Ligand","GOBP_REGULATION_OF_EXTRINSIC_APOPTOTIC_SIGNALING_PATHWAY_IN_ABSENCE_OF_LIGAND",0.509407681040123,1.42238591681463,0.0585034013605442,0.216724539274749,34,"TGFB2;NRG1;SRPX;BCL2;FGFR1;FYN;SNAI2;KLF4"
"Regulation of Postsynaptic Density Organization","GOBP_REGULATION_OF_POSTSYNAPTIC_DENSITY_ORGANIZATION",0.598896747341598,1.45465832348521,0.0585585585585586,0.216724539274749,17,"PRICKLE1;GRID2;PTPRS;FGFR1;PTPRD;ZMYND8"
"Regulation of Sterol Transport","GOBP_REGULATION_OF_STEROL_TRANSPORT",-0.399061450743797,-1.35097040101526,0.0587742437606261,0.216724539274749,46,"APOC1;PCSK9;APOA1;OSBPL6;APOE;ANXA2;PLTP;ABCA1;NUS1;TMEM97;SEC24A;LAMTOR1;SCP2;EEPD1;NR1H3"
"Regulation of Telomere Maintenance in Response to Dna Damage","GOBP_REGULATION_OF_TELOMERE_MAINTENANCE_IN_RESPONSE_TO_DNA_DAMAGE",-0.516138755941476,-1.47733736849959,0.0575511246357211,0.216724539274749,19,"INO80C;RUVBL1;UCHL5;ACTR5;ACTL6A;RUVBL2"
"Regulatory Ncrna Mediated Heterochromatin Formation","GOBP_REGULATORY_NCRNA_MEDIATED_HETEROCHROMATIN_FORMATION",0.598140395358559,1.45282122266192,0.0585585585585586,0.216724539274749,17,"ERI2;DNMT3A;MOV10L1;TDRD12;TDRD3;SPIN1;HNRNPU"
"Response to Electrical Stimulus","GOBP_RESPONSE_TO_ELECTRICAL_STIMULUS",0.576182253768515,1.43324146736176,0.0586466165413534,0.216724539274749,19,"PRICKLE1;AKAP12;BTG2;RAB3A;PALM;TACR2;AKAP9;BRD1;FZD3"
"Rna Methylation","GOBP_RNA_METHYLATION",-0.350619275791174,-1.30895662949165,0.0586762597683907,0.216724539274749,72,"TRMT61B;LSM11;HENMT1;TYW3;METTL2B;TFB2M;NSUN4;SNRPD3;METTL2A;METTL5;EMG1;SNRPD2;FTSJ3;SNRPD1;SNRPG;TGS1;FTSJ1;THUMPD2;FBL;HSD17B10"
"Stem Cell Division","GOBP_STEM_CELL_DIVISION",0.536668652024431,1.41212117286008,0.0583090379008746,0.216724539274749,26,"ZBTB16;VANGL2;TGFB2;MYB;ING2;ZFP36L2;TDRD12;EXT1;FUT10"
"Sterol Transport","GOBP_STEROL_TRANSPORT",-0.328098291270073,-1.28756492292999,0.0575715135971049,0.216724539274749,90,"APOC1;PCSK9;APOA1;SCARB1;STAR;OSBPL6;APOE;ANXA2;VAPB;PLTP;STARD4;LIPA;ABCA1;ARL8B;OSBP;NUS1;TMEM97;SEC24A;LAMTOR1;SCP2;EEPD1;NR1H3"
"Transforming Growth Factor Beta Production","GOBP_TRANSFORMING_GROWTH_FACTOR_BETA_PRODUCTION",0.512068308819768,1.41111144399587,0.0583333333333333,0.216724539274749,32,"CD24;TGFB2;JUN;FBLN1;FN1;THBS1;FOSL2;GATA6;SMAD4;LGALS9;PTGS2"
"Vascular Endothelial Cell Proliferation","GOBP_VASCULAR_ENDOTHELIAL_CELL_PROLIFERATION",0.565900318984513,1.4307496828525,0.0576070901033973,0.216724539274749,20,"COL4A3;AKT3;FGFR1;MDK"
"Cell Communication by Electrical Coupling","GOBP_CELL_COMMUNICATION_BY_ELECTRICAL_COUPLING",0.542941546827493,1.41517027871221,0.0592592592592593,0.217139315047265,25,"DBN1;CAMK2D;ANK3;GJA5;GJC1;GJC2"
"C21 Steroid Hormone Metabolic Process","GOBP_C21_STEROID_HORMONE_METABOLIC_PROCESS",-0.468742987600879,-1.46697642910108,0.0598420394652509,0.218816977293083,28,"CYP11A1;HSD3B2;STAR;AKR1B1;AKR1C2;DHRS2;DHRS9;AKR1C1;HSD3B1;SCP2;BMP2;ADM;HSD17B10;CLCN2;STAT5B"
"Positive Regulation of Nucleotide Metabolic Process","GOBP_POSITIVE_REGULATION_OF_NUCLEOTIDE_METABOLIC_PROCESS",-0.464744375124804,-1.45446238535712,0.0598420394652509,0.218816977293083,28,"MLXIPL;UCHL1;ENO1;MAP2K1;SLC4A4;PRKAA1;NDUFC2;PSEN1"
"Negative Regulation of Stem Cell Differentiation","GOBP_NEGATIVE_REGULATION_OF_STEM_CELL_DIFFERENTIATION",0.575324038777596,1.43110667528017,0.0601503759398496,0.219522894385027,19,"PRICKLE1;HES1;ZFP36L2;JAG1;TRIM6;TMSB4X"
"Protein Localization to Postsynapse","GOBP_PROTEIN_LOCALIZATION_TO_POSTSYNAPSE",0.491457773286558,1.41929162941695,0.0601604278074866,0.219522894385027,41,"VWC2;GPC4;IQSEC2;ERBB2;TMEM108;KIF2C;ARHGAP44;ZDHHC15;DLG4;GRIPAP1;GPC6"
"Liposaccharide Metabolic Process","GOBP_LIPOSACCHARIDE_METABOLIC_PROCESS",-0.314966974958241,-1.23837414516677,0.0602965021413693,0.219790475547572,97,"HEXB;GALC;GM2A;MFSD8;SPTLC2;ST3GAL6;PRKAA1;SPTSSA;PGAP2;LCT;PIGU;FUCA1;NEU1;GLB1;DPM3;PIGA;NAGA;B3GNT5;KDSR;SPTLC1;PIGP;SCCPDH;DPM1;M6PR;PIGN"
"Platelet Dense Granule Organization","GOBP_PLATELET_DENSE_GRANULE_ORGANIZATION",-0.50820689779563,-1.51028799068628,0.0606012815337541,0.220671818308462,23,"HPS5;AP1S1;RAB38;ABCA1"
"Multicellular Organismal Level Chemical Homeostasis","GOBP_MULTICELLULAR_ORGANISMAL_LEVEL_CHEMICAL_HOMEOSTASIS",0.44126491197402,1.3656287254582,0.0607235142118863,0.220857724923402,64,"MYO5B;SLC40A1;TF;CYBRD1;ADCY1;HMOX1;AQP1;NEO1;MLLT6;INPP5K;NKIRAS2;ABCA12;HEPH;ADCY3;EXT1;ADCY2;PRKAR1B"
"Triglyceride Catabolic Process","GOBP_TRIGLYCERIDE_CATABOLIC_PROCESS",-0.50492227147568,-1.48398025285256,0.0607784318658749,0.220857724923402,22,"PNPLA3;APOC1;ABHD5;DDHD2"
"Embryonic Skeletal System Development","GOBP_EMBRYONIC_SKELETAL_SYSTEM_DEVELOPMENT",0.433301310652073,1.35309755774823,0.0610687022900763,0.22141031091761,70,"WNT5A;HOXC4;ALX4;HAND2;COL11A1;KIAA1217;MMP16;MED12;PCSK5;GRHL2;MMP14;TULP3;EXT1;DLX5;MDFI;FGFR2"
"Negative Regulation of Plasma Membrane Bounded Cell Projection Assembly","GOBP_NEGATIVE_REGULATION_OF_PLASMA_MEMBRANE_BOUNDED_CELL_PROJECTION_ASSEMBLY",0.50028534187494,1.40758113098645,0.0610583446404342,0.22141031091761,35,"KANK1;RAB3IP;WDR44;ARHGAP44;TCHP;KIF24;TESK1;EVI5L;AKT1;CEP97;RAP1GAP;CCP110;MPHOSPH9;EVL;TRIM32;MAP4"
"Response to Interleukin 7","GOBP_RESPONSE_TO_INTERLEUKIN_7",-0.510090344303901,-1.46002507712562,0.0611201172301822,0.22141031091761,19,"P4HB;PDIA3;CRKL;IL2RG;ATIC;RAD23B;STIP1;HSPD1"
"Telencephalon Development","GOBP_TELENCEPHALON_DEVELOPMENT",0.355571021680944,1.25744800170746,0.0612691466083151,0.221720889017487,205,"WNT5A;ASPM;HES1;NR4A3;SEMA7A;FOS;BTG2;SYNE2;FBXO41;PTPRS;SMO;TMEM108;DAB2IP;AVPR1A;SRGAP2;SCN5A;FOXP1;CEP120;FILIP1;TTC8;FEZ1;AQP1;KIF14;CAPS2;CDK6;FOXP2;SEMA3A;MDK;NTRK2;FOXG1;RYK;MDGA1;KCNC1;EGFR;SECISBP2;EXT1;CNTN2;TUBA1A;DLX5;FLNA;SRF;KDM1A;KIRREL3;FAT4;CHD7;FXR2;SUN1;XAB2;PPP1R9B"
"Intrinsic Apoptotic Signaling Pathway by P53 Class Mediator","GOBP_INTRINSIC_APOPTOTIC_SIGNALING_PATHWAY_BY_P53_CLASS_MEDIATOR",0.429190925487732,1.35061162494632,0.0614805520702635,0.222256319816443,75,"DDIT4;ZNF385B;PMAIP1;ING2;PPP1R13B;BCL2;PDK2;TP53;TOPORS;BOK;ERCC2;USP28;BRCA2;KDM1A;BAG6;WWOX;E2F1;SIRT1;BCL3;PTTG1IP"
"Positive Regulation of Chondrocyte Differentiation","GOBP_POSITIVE_REGULATION_OF_CHONDROCYTE_DIFFERENTIATION",0.592146782562424,1.43826335641812,0.0615615615615616,0.222319742422835,17,"ZBTB16;SOX5;SOX6;FGF18;SOX9;ZNF219;GDF6"
"Protein Localization to Chromatin","GOBP_PROTEIN_LOCALIZATION_TO_CHROMATIN",0.488676804755018,1.4047356633577,0.0616621983914209,0.222359955350513,40,"CENPA;PLK1;CDK2;MCM8;CDK9;ZMYND8;TONSL;ESR1;BRD2;TNRC18;SPIN1;RAD21;PRKACA"
"Regulation of Extrinsic Apoptotic Signaling Pathway","GOBP_REGULATION_OF_EXTRINSIC_APOPTOTIC_SIGNALING_PATHWAY",0.381592687143694,1.29546532167545,0.0616996507566938,0.222359955350513,132,"TNFSF11;IGF1;TGFB2;PMAIP1;NRP1;NRG1;SKIL;ATF3;BRCA1;HMGB2;SRPX;ARHGEF2;HMOX1;BCL2;FGFR1;TRAF2;TNFSF12;FYN;THBS1;SNAI2;KLF4;TNFAIP3;PHIP;TCF7L2;LMNA"
"Pigment Granule Organization","GOBP_PIGMENT_GRANULE_ORGANIZATION",-0.428314433561379,-1.37117288635361,0.0618409812225441,0.222640243805316,35,"ABCB6;HPS5;AP1S1;RAB38;APOE;TYRP1"
"Response to Hepatocyte Growth Factor","GOBP_RESPONSE_TO_HEPATOCYTE_GROWTH_FACTOR",0.598393240003148,1.43015910082446,0.0619335347432024,0.222744529985049,16,"CASR;ADAMTS12;NRP1;IL10"
"Aortic Valve Morphogenesis","GOBP_AORTIC_VALVE_MORPHOGENESIS",0.541406669633167,1.41116964070693,0.0622222222222222,0.223553276353276,25,"SMAD6;HEYL;ADAMTS5;JAG1;SNAI2;NFATC1;NPPA;SOX9;AXIN2;EFNA1;ROCK2;HEY2;RB1"
"Postsynaptic Density Organization","GOBP_POSTSYNAPTIC_DENSITY_ORGANIZATION",0.493969201937753,1.38981031371059,0.062415196743555,0.224016838312165,35,"PRICKLE1;GRID2;PTPRS;TMEM108;FGFR1;PTPRD;ZMYND8;SYNGAP1"
"Actin Filament Polymerization","GOBP_ACTIN_FILAMENT_POLYMERIZATION",0.387091784693692,1.29533651191944,0.0627218934911243,0.224657252453383,119,"ARHGAP28;PAK3;DAAM2;KANK1;HIP1R;ARHGAP6;FCHSD1;KANK2;PLEKHG2;SSH3;EPS8;ANG;TMOD2;SPTBN2;TMOD1;MICALL2;CDC42EP1;GBA2;DIAPH3;TMSB4X;AVIL;WASF3;NCK2"
"Trna Processing","GOBP_TRNA_PROCESSING",-0.301805238555732,-1.22548566041522,0.0626604730767398,0.224657252453383,116,"TRMT61B;LAGE3;TPRKB;TYW3;TRIT1;METTL2B;DTWD1;SSB;CDK5RAP1;DDX1;TRUB2;ADAT2;TRMU;RPP40;PUS7;RPP30;METTL2A;GRSF1;PUS1;POP4;SEPSECS;POP1;FTSJ1;THUMPD2;HSD17B10;CLP1;ELP3;TSEN15;NAT10;POP7;FAM98B;OSGEP;MTFMT"
"Regulation of Osteoblast Proliferation","GOBP_REGULATION_OF_OSTEOBLAST_PROLIFERATION",0.567023512798381,1.4104592881791,0.0631578947368421,0.225527120553678,19,"LRP5;BCL2;PLXNB1;MN1;NPR3;HPSE"
"Regulation of Positive Chemotaxis","GOBP_REGULATION_OF_POSITIVE_CHEMOTAXIS",0.566459927794332,1.40905738211048,0.0631578947368421,0.225527120553678,19,"CASR;PGF;F3;AGER"
"Retina Layer Formation","GOBP_RETINA_LAYER_FORMATION",0.587111846933494,1.42603401796646,0.0630630630630631,0.225527120553678,17,"NDP;FAT3;PTPRM;TOPORS;TSPAN12;MEGF11;PROM1;ATP8A2"
"Protein Targeting to Mitochondrion","GOBP_PROTEIN_TARGETING_TO_MITOCHONDRION",-0.355749268057916,-1.31516921747814,0.0633752711407269,0.226072886767787,70,"MIPEP;BCAP31;TOMM5;TOMM40;FBXW7;PRKAA1;LMAN1;UBL5;BAG4;TIMM8B;TIMM10;FIS1;TIMM13;TIMM17A;TIMM23;PMPCB;RHOU;TOMM34;PARL;SREBF1;GDAP1;UBE2L3"
"Complement Activation","GOBP_COMPLEMENT_ACTIVATION",0.50926306966898,1.40338102014295,0.0638888888888889,0.22744184733514,32,"C7;C5;SUSD4;CFH;CFB;C3;SERPING1;C1QC;C6;C1R;MASP2;CLU;C2;C1QB;C1S"
"Oligodendrocyte Development","GOBP_OLIGODENDROCYTE_DEVELOPMENT",0.50967156461713,1.40450671350499,0.0638888888888889,0.22744184733514,32,"CNTN1;EIF2B2;GPM6B;CFH;PLP1;MED12;MAG;ERCC2;CNTN2;B4GALT5;WASF3;CLU"
"Inositol Phosphate Biosynthetic Process","GOBP_INOSITOL_PHOSPHATE_BIOSYNTHETIC_PROCESS",-0.553074568624074,-1.50480950014453,0.0641183272419704,0.227795639278522,16,"PPIP5K2;IPMK;IPPK;LHCGR;SCP2;IP6K2;ITPKA;PLCG2;PLEK"
"Organelle Transport along Microtubule","GOBP_ORGANELLE_TRANSPORT_ALONG_MICROTUBULE",-0.333582384214758,-1.26648159145387,0.0640662544635725,0.227795639278522,77,"UCHL1;MAP2K1;LRPPRC;TRAK2;RHOT1;AP3M2;AGTPBP1;KIF13A;RAB6A;RAB1A;ARMCX3;NDEL1;KIF1B;UXT;SYBU;AP3S1;MAP2;RASGRP1;CDC42;FBXW11;CLN3;AP3S2;BLOC1S1;KIF3B;ACTR10;BLOC1S2;KIF5B;MAP1B"
"Maturation of Lsu Rrna from Tricistronic Rrna Transcript Ssu Rrna 5 8s Rrna Lsu Rrna","GOBP_MATURATION_OF_LSU_RRNA_FROM_TRICISTRONIC_RRNA_TRANSCRIPT_SSU_RRNA_5_8S_RRNA_LSU_RRNA",-0.503710821118854,-1.49692656123777,0.0643020533434444,0.228216912727544,23,"RPF2;RPL7L1;GTPBP4;FTSJ3;RPL35;PES1;LAS1L;WDR12;RPL7;DDX18"
"Embryonic Epithelial Tube Formation","GOBP_EMBRYONIC_EPITHELIAL_TUBE_FORMATION",0.400149051714299,1.32379836396738,0.0645539906103286,0.228347113687268,99,"WNT5A;PRICKLE1;VANGL2;TGFB2;MED12;PAX8;SUFU;TEAD2;PHACTR4;SPINT1;SPINT2;SEMA4C;GRHL2;RARG;PTK7;SOX9;DVL2;TULP3;GDF7;FZD3;PTCH1;BRD2;CELSR1;WNT4;KDM2B;TSC2;GREM1;STIL;SFRP1;TRAF6;CC2D2A;PLXNB2;ST14;PRKACA;TSC1"
"Lipoprotein Localization","GOBP_LIPOPROTEIN_LOCALIZATION",-0.50008526473229,-1.46976415882065,0.064434210459911,0.228347113687268,22,"MIA3;APOE;UNC119B;PGRMC1;TMEM97;UNC119;PREB;SAR1A;MTTP"
"Positive Regulation of Lymphocyte Apoptotic Process","GOBP_POSITIVE_REGULATION_OF_LYMPHOCYTE_APOPTOTIC_PROCESS",0.585410961339619,1.42190274258818,0.0645645645645646,0.228347113687268,17,"WNT5A;TGFB2;IL10;TP53"
"Regulation of Cellular Response to Insulin Stimulus","GOBP_REGULATION_OF_CELLULAR_RESPONSE_TO_INSULIN_STIMULUS",0.436962131768163,1.35231246103517,0.0645994832041344,0.228347113687268,64,"PRKCZ;KANK1;IRS1;SORBS1;ENPP1;GRB14;GRB10;SOCS3;PAK1;ZBTB7B;MYO1C;INPP5K;PRKCQ;GSK3A"
"Regulation of Anoikis","GOBP_REGULATION_OF_ANOIKIS",0.561481967673854,1.41957889088723,0.0649926144756278,0.229505169867061,20,"SIK1;PIK3CA;BCL2;SNAI2;NTRK2"
"Protein Deacetylation","GOBP_PROTEIN_DEACETYLATION",0.533895532392807,1.39159195643503,0.0651851851851852,0.22995337734512,25,"NNMT;TADA3;MBIP;FLNA;BEX4;SIRT1;KAT2B;YEATS2;TADA2A;SIRT7"
"Positive Regulation of Cytokinesis","GOBP_POSITIVE_REGULATION_OF_CYTOKINESIS",0.507667455461867,1.39898397109876,0.0652777777777778,0.230048345629332,32,"KIF23;BIRC5;CSPP1;KIF14;CIT;CDC25B;PKN2;CDC14A;CDC6;CENPV;INCENP"
"Aspartate Transmembrane Transport","GOBP_ASPARTATE_TRANSMEMBRANE_TRANSPORT",-0.568577411405907,-1.53137777556609,0.0656135716202887,0.230767411029991,15,"UCP2;SLC1A2;LRRC8D;SLC25A18;SLC1A5;LRRC8B;SLC25A13;LRRC8E"
"Positive Regulation of Protein Polyubiquitination","GOBP_POSITIVE_REGULATION_OF_PROTEIN_POLYUBIQUITINATION",-0.568484867290086,-1.53112852190355,0.0656135716202887,0.230767411029991,15,"NMI;FBXO4;UBE2V2;PTPN22;UBE2V1;IP6K2;NOD2;XIAP"
"Spliceosomal Tri Snrnp Complex Assembly","GOBP_SPLICEOSOMAL_TRI_SNRNP_COMPLEX_ASSEMBLY",-0.415056881603841,-1.37742563813413,0.0657029383621862,0.230849942911473,41,"SNRNP40;SNRPD3;SNRPD2;USP39;RNU6ATAC;SNRPD1;SNRPG;LSM4;USP4;SNRPB;SNRNP200;LSM5;RNU5E-1;SNRPE;RNU5F-1;RNU5A-1;RNU5B-1;LSM7;PRPF4;PRPF3;DDX20"
"Attachment of Spindle Microtubules to Kinetochore","GOBP_ATTACHMENT_OF_SPINDLE_MICROTUBULES_TO_KINETOCHORE",0.480252720603614,1.40302593981245,0.0660501981505945,0.231288060012291,43,"BIRC5;CENPE;RCC2;KIF2C;SKA2;CDK1;SKA3;SPAG5;MAD1L1;INCENP;PMF1;NEK2;NDC80;CCNB1;SIRT1"
"Endonucleolytic Cleavage of Tricistronic Rrna Transcript Ssu Rrna 5 8s Rrna Lsu Rrna","GOBP_ENDONUCLEOLYTIC_CLEAVAGE_OF_TRICISTRONIC_RRNA_TRANSCRIPT_SSU_RRNA_5_8S_RRNA_LSU_RRNA",-0.505498812794387,-1.47260544575564,0.0659495190721283,0.231288060012291,21,"RCL1;TSR1;RPP40;RPS21;NOP14;UTP20;BMS1;LAS1L;FCF1"
"Host Mediated Activation of Viral Transcription","GOBP_HOST_MEDIATED_ACTIVATION_OF_VIRAL_TRANSCRIPTION",0.578119184015991,1.42032765484713,0.0659670164917541,0.231288060012291,18,"JUN;TAF11;CDK9;CCNT1"
"Protein Containing Complex Localization","GOBP_PROTEIN_CONTAINING_COMPLEX_LOCALIZATION",0.429748312159174,1.34200238340825,0.0661577608142494,0.231288060012291,70,"VWC2;GPC4;IQSEC2;BIRC5;ERBB2;TMEM108;RCC2;KIF2C;RALGAPA2;ARHGAP44;DLG4;SGCD;GRIPAP1;AKAP9;GPC6;MZT1;LMNA;EXOC3L1"
"Regulation of Stem Cell Differentiation","GOBP_REGULATION_OF_STEM_CELL_DIFFERENTIATION",0.436324817427658,1.34830539604609,0.066147859922179,0.231288060012291,65,"PRICKLE1;HES1;SOX5;TGFB2;ZFP36L2;JAG1;LTBP3;SOX6;TEAD2;CDK6;TRIM6;SOX9;TMSB4X"
"Fc Receptor Signaling Pathway","GOBP_FC_RECEPTOR_SIGNALING_PATHWAY",0.452680966647199,1.36492783686788,0.0663198959687906,0.231623724405457,54,"NOS2;NR4A3;MAPK10;PAK1;FYN;PRKCQ;LIMK1;MAP2K7;FCGR2B;PLA2G6"
"Endothelium Development","GOBP_ENDOTHELIUM_DEVELOPMENT",0.392415221678985,1.30858104096344,0.0666666666666667,0.232371475953565,111,"ATOH8;NDP;ID1;SLC40A1;ADAMTS12;NRP1;PTPRS;NRG1;GJA5;AMOTL2;FOXP1;NOTCH4;ZDHHC21;FZD4;S1PR3;JAG1;RHOB;HPSE;EDNRB;PRKD2;BMPR2;TJP2;ACVR2B;VCL"
"Membrane Depolarization During Action Potential","GOBP_MEMBRANE_DEPOLARIZATION_DURING_ACTION_POTENTIAL",0.532061812668048,1.38681238915172,0.0666666666666667,0.232371475953565,25,"ANK2;ANK3;GJA5;CACNB2;SCN5A;SCN9A;CACNA1G;SCN3B;CACNA1C;SCN4A;SCN11A"
"Detection of Stimulus Involved in Sensory Perception","GOBP_DETECTION_OF_STIMULUS_INVOLVED_IN_SENSORY_PERCEPTION",0.432156237832172,1.34324301006006,0.0669240669240669,0.232805368853035,67,"COL11A1;AZGP1;KCNQ1;PKD1L3;SCN9A;FYN;TAS2R50;ROM1;TAS2R20;OR2F2;GRIK2;TAS2R46;CHRNA10;STRC;MMP24;PIGR;ATP8A2;TMEM87A;SCN11A;PRPH2;TAS1R3;DISC1;TRPV1;TAS2R31;LXN;WDR47"
"Regulation of Actomyosin Structure Organization","GOBP_REGULATION_OF_ACTOMYOSIN_STRUCTURE_ORGANIZATION",0.408856565060231,1.3104240803488,0.0669144981412639,0.232805368853035,86,"LIMCH1;ARHGAP28;ARHGEF10L;ARHGAP6;NRP1;CGNL1;SORBS3;PIK3R1;TTC8;PAK1;ACTG1;INPP5K;ARHGEF18;TESK1;LIMK1;CD47;TGFB3;ASAP3;FERMT2;CLASP1;SMAD4;AMOT;TJP1;SYNPO2L;WNT4;ROCK2;PRKD1;ARHGEF5"
"Mitotic Sister Chromatid Cohesion","GOBP_MITOTIC_SISTER_CHROMATID_COHESION",0.5290459631747,1.39206380547291,0.0670553935860058,0.233030797352955,26,"BUB1;CDC20;ATRX;CDCA5;TNKS;STAG2;RB1;HDAC8;RAD21;SMC1A;MAU2"
"Glutamate Receptor Signaling Pathway","GOBP_GLUTAMATE_RECEPTOR_SIGNALING_PATHWAY",0.489959210789231,1.37985279223794,0.0674002751031637,0.233765508600379,37,"HOMER2;GRID2;GRIK1;FYN;DLG4;HOMER1;GRIK2;CAPN1;NECAB2;GRM3;GRIK5;CPEB4;GRIN2A;EPHB2;CDK5R1;HOMER3"
"Peptidyl Threonine Phosphorylation","GOBP_PEPTIDYL_THREONINE_PHOSPHORYLATION",0.522714485200366,1.40429487952629,0.0673352435530086,0.233765508600379,28,"STK33;HIPK3;WNK3;CDK1;CHEK1;TRIM6;CADM4;MAP3K10;AKT1;NLK"
"Cellular Response to Nitrogen Compound","GOBP_CELLULAR_RESPONSE_TO_NITROGEN_COMPOUND",0.32461185236452,1.20284751946484,0.0674846625766871,0.233826679531291,483,"SOCS2;FOXO1;TBC1D4;JUP;GABRB1;AKT3;NR4A3;STAMBPL1;PRKCZ;NR4A1;FOS;CRHBP;KANK1;IRS1;IGF1;SORBS1;IGFBP5;ACE;CCNA2;ENPP1;INSR;GRB14;IGFBP1;KCNQ1;PIK3CA;CRTC2;NONO;BRCA1;MAP3K5;VCAM1;PIK3R1;HDAC5;GRB10;ARHGEF2;ADCY1;SOCS3;PDK2;PAK1;VIM;ZBTB7B;CRTC1;CDK2;EGR1;MYO1C;WDTC1;PALM;AQP1;CRTC3;TRAF2;INPP5K;ASS1;CDH1;COL6A1;FYN;ZCCHC3;PRKCQ;KLF4;TP53;NR4A2;ADCY3;GSTM2;GPR173;GSK3A;PHIP;INHBB;AGER;UBR1;NPPA;SOX9;TLR3;SLC1A3;FCGR2B;ATRX;AKAP9;A1BG;GNRHR;CACNB1;GNAO1;JAK1;ADCY2;PRKAR1B;MAVS;TGM2;FLNA;EHMT2;CASP7;CHRNA7;KDM1A;LEPROTL1;CHRNB2;TMEM38A;PPP1R9B;CHRNA10;FOXO4;CDC6;AKT2;DTNBP1;GNB5;RGS10;AKT1;FOLR2;CEACAM1;BLVRA;SESN3;SLC27A1;GAB1;RELA;WT1;JUND;MAT2A;SIRT1;ADCY6;AGT;TAT;ROCK2;GKAP1;TSC2;AGRN;IRF3;DDX11;KLF2;PRKD1;LPIN3;GNA11;LYNX1;CHRNE;DAXX;DDR2;TRIM41"
"Diterpenoid Metabolic Process","GOBP_DITERPENOID_METABOLIC_PROCESS",-0.369488166849975,-1.2808172952345,0.067623589645188,0.233838647189664,51,"AKR1B1;RDH11;ALDH8A1;DHRS3;HSD17B6;LIPA;SCPEP1;DHRS9;RETSAT;ALDH1A3;ALDH3A2;AKR1C1;ADH5;PECR;RARRES2;DGAT2;LRP8;SCP2"
"Enteroendocrine Cell Differentiation","GOBP_ENTEROENDOCRINE_CELL_DIFFERENTIATION",0.560714931217948,1.39476682166842,0.0676691729323308,0.233838647189664,19,"WNT5A;HES1;SMO;CDK6;GSK3A;GATA6;AKT1;CDH2;CLOCK;BAD;RBM4"
"Forebrain Generation of Neurons","GOBP_FOREBRAIN_GENERATION_OF_NEURONS",0.442098606423673,1.35604208067358,0.0676883780332056,0.233838647189664,60,"WNT5A;ASPM;HES1;NDNF;NRP1;FGFR1;CAPS2;DCT;FOXG1;NRP2;CNTN2;DLX5;FGFR2"
"Negative Regulation of Striated Muscle Cell Apoptotic Process","GOBP_NEGATIVE_REGULATION_OF_STRIATED_MUSCLE_CELL_APOPTOTIC_PROCESS",0.550224556520459,1.41548984744458,0.06794682422452,0.234369424554559,23,"HAND2;NRG1;MYOCD;PAX8;GPR35;AMBRA1;MDK"
"Positive Regulation of Macrophage Derived Foam Cell Differentiation","GOBP_POSITIVE_REGULATION_OF_MACROPHAGE_DERIVED_FOAM_CELL_DIFFERENTIATION",0.595621899834005,1.42353560126026,0.06797583081571,0.234369424554559,16,"PLA2G5;LPL;CSF1;IL18;APOB;AGT;AGTR1;MAPK9;PRKCH"
"Positive Regulation of Lymphocyte Differentiation","GOBP_POSITIVE_REGULATION_OF_LYMPHOCYTE_DIFFERENTIATION",0.384835831158808,1.28985793190167,0.068075117370892,0.234480959833073,118,"SOX4;ZBTB16;TNFSF4;PRKCZ;EGR3;SMARCC2;ZBTB7B;IL10;AXL;SMARCA2;SOX13;AMBRA1;MDK;MMP14;SOCS5;BRD7;GAS6;IL18;ARID2;NFKBIZ;BRD2;LGALS9;ARID1B;ARID1A;RAG1;SART1;HLA-DRB1;SOX12;SMARCC1"
"Positive Regulation of Type Ii Interferon Production","GOBP_POSITIVE_REGULATION_OF_TYPE_II_INTERFERON_PRODUCTION",-0.340624391252831,-1.27499329412818,0.068162117250603,0.234549996786702,73,"SLC7A5;CCR2;PSMA2;PSMA1;PSMB8;HLA-A;PSMB1;PSMA5;CD276;CEBPG;CD226;FADD;ZP3;PSMA6;PSMB3;IL18R1;PSMA4;BTN3A2;PSMB9;PSMB4"
"Cellular Response to Estradiol Stimulus","GOBP_CELLULAR_RESPONSE_TO_ESTRADIOL_STIMULUS",0.538087164247414,1.39043909473464,0.068452380952381,0.235115866300084,24,"CRHBP;ESR2;CCNA2;KIF18A;IL10;EGFR;SSTR2;PPP1R9B;ESR1"
"Regulation of Leukocyte Apoptotic Process","GOBP_REGULATION_OF_LEUKOCYTE_APOPTOTIC_PROCESS",0.423639014272113,1.3258011265377,0.0685279187817259,0.235115866300084,73,"WNT5A;NR4A3;TGFB2;MERTK;ARG2;FOXP1;IL10;AXL;PRKCQ;TP53;PRKD2;IRF7;GAS6"
"Renal Water Homeostasis","GOBP_RENAL_WATER_HOMEOSTASIS",0.526665148480652,1.38579923453991,0.0685131195335277,0.235115866300084,26,"MYO5B;ADCY1;AQP1;MLLT6;INPP5K;ADCY3;ADCY2;PRKAR1B"
"Apoptotic Mitochondrial Changes","GOBP_APOPTOTIC_MITOCHONDRIAL_CHANGES",-0.313949040695839,-1.23039760765924,0.0686385355487669,0.235264960887799,92,"BNIP3;GGCT;FAM162A;SOD2;HK2;NOL3;RHOT1;PPIF;GCLM;PTPMT1;DAP3;FIS1;GHITM;PIM2;CASP6;MTCH2;GPX1;VDAC2;GSK3B;SLC25A4;IFIT2;HSPD1;PARL;SMAD3"
"Regulation of Adipose Tissue Development","GOBP_REGULATION_OF_ADIPOSE_TISSUE_DEVELOPMENT",-0.502633365847332,-1.46425790334415,0.0687165875656455,0.235302254391453,21,"NR1H4;CUL4B;RBX1;PRKAA1;KLF7;CCDC18"
"Digestion","GOBP_DIGESTION",-0.354378219159522,-1.26970675722818,0.0689702318437917,0.2357099728281,61,"STATH;ACO1;APOA1;SCARB1;PGA5;PTGER3;LPCAT3;AKR1C2;SLC46A1;LIPA;CLDN15;SLC26A6;GCNT3;AKR1C1;PPP3CA;F11R;PLS1"
"Negative Regulation of Epithelial Cell Proliferation","GOBP_NEGATIVE_REGULATION_OF_EPITHELIAL_CELL_PROLIFERATION",0.400645624655295,1.30075611452014,0.0689238210399033,0.2357099728281,93,"ATOH8;WNT5A;COL4A3;SAV1;TGFB2;CDKN1C;LIMS2;PTPRM;DAB2IP;PTPRK;THBS1;SNAI2;CDK6;NLRC3;SOX9;GATA6;BRCA2;MMRN2;FGFR2;PTCH1;ALOX5;NR2F2;CEACAM1"
"Blood Coagulation Fibrin Clot Formation","GOBP_BLOOD_COAGULATION_FIBRIN_CLOT_FORMATION",0.594218718992618,1.42018200079111,0.0694864048338369,0.236868890576065,16,"FBLN1;F3;F5;FN1;GP1BA;THBS1;FLNA"
"Negative Regulation of Nervous System Development","GOBP_NEGATIVE_REGULATION_OF_NERVOUS_SYSTEM_DEVELOPMENT",0.404344766987529,1.30871476757817,0.0695121951219512,0.236868890576065,92,"WNT5A;SEMA5A;HES1;DAAM2;PTPN13;NRP1;PTPRS;SEMA6C;BCL11A;ULK2;GDI1;PRTG;CDH1;TRIM11;MAG;RYK;ULK1;TMEM98;SYNGAP1;KCTD11;LIN28A;IGDCC4;DIP2B"
"Regulation of Synaptic Transmission Glutamatergic","GOBP_REGULATION_OF_SYNAPTIC_TRANSMISSION_GLUTAMATERGIC",0.473807614345303,1.39037524686118,0.0694626474442988,0.236868890576065,44,"HOMER2;NPY2R;GRIK1;IQSEC2;MAPK8IP2;TSHZ3;HOMER1;SYT1;GRIK2;DTNBP1;GRM3;SLC38A2"
"Copper Ion Homeostasis","GOBP_COPPER_ION_HOMEOSTASIS",-0.498907988187755,-1.45340523407939,0.069638944112331,0.237070185836244,21,"ABCB6;SLC31A1;ATOX1;ARF1;CUTC;XIAP;COMMD1;SLC31A2;SCO1;COX10;APP"
"Viral Protein Processing","GOBP_VIRAL_PROTEIN_PROCESSING",-0.442843882563829,-1.39341634516635,0.0697484252731399,0.237212362846416,30,"MGAT4A;MGAT5;SPCS1;CANX;MAN2A1;GALNT1"
"Cardiac Conduction","GOBP_CARDIAC_CONDUCTION",0.43315861584431,1.33852138535203,0.0700389105058366,0.237279905610244,65,"JUP;CAMK2D;ANK2;ACE;DSP;GJA5;KCNQ1;CACNB2;SCN5A;GJC1;TRPC1;AKAP9;KCNJ5;FLNA;CACNA1G;CTNNA3;SCN3B;CACNA1C"
"Eye Photoreceptor Cell Differentiation","GOBP_EYE_PHOTORECEPTOR_CELL_DIFFERENTIATION",0.504061271243734,1.39678006754763,0.0699588477366255,0.237279905610244,33,"NDP;RPGR;NKD1;TTC8;PRDM1;NTRK2;ROM1;SOX9;NR2E3;PROM1"
"Monocarboxylic Acid Transport","GOBP_MONOCARBOXYLIC_ACID_TRANSPORT",-0.318775880566682,-1.25109456376936,0.0700392299174971,0.237279905610244,98,"CROT;SLC2A1;UCP2;PLIN2;NR1H4;FABP3;SLC6A8;SLC16A3;GOT2;PTGES;SLC16A7;SLC17A5;APOE;FABP5;ACSL1;ACSL3;NMB;SLC26A6;SLC43A3;SLC16A1;ACSL4;FIS1;LYN;AKR1C1;SLC25A20"
"Negative Regulation of Chemotaxis","GOBP_NEGATIVE_REGULATION_OF_CHEMOTAXIS",0.503955820524781,1.39648785810655,0.0699588477366255,0.237279905610244,33,"WNT5A;SEMA5A;ROBO3;NRP1;C5;DUSP1;THBS1;RYK"
"Regulation of Peptide Transport","GOBP_REGULATION_OF_PEPTIDE_TRANSPORT",0.377880968307741,1.27886941215344,0.0702576112412178,0.237603047062507,130,"SOX4;SYTL4;NOS2;NPY2R;FOXO1;CASR;TNFSF11;LRP5;CRHBP;IRS1;ADRA2A;PICK1;ABAT;MYRIP;PAX8;ABCA12;CPT1A;C2CD2L;INHBB;GABBR1;TCF7L2;PLA2G6;NNAT;GNAO1"
"Vascular Endothelial Growth Factor Signaling Pathway","GOBP_VASCULAR_ENDOTHELIAL_GROWTH_FACTOR_SIGNALING_PATHWAY",0.485390452145571,1.38686669746405,0.0702702702702703,0.237603047062507,39,"TNXB;PGF;NRP1;DAB2IP;PIK3CA;MYO1C;CADM4;NRP2;PTP4A3;NR2F2;SEMA6A;GAB1;RELA;KDR;GREM1;ADAMTS3"
"G0 to G1 Transition","GOBP_G0_TO_G1_TRANSITION",0.488648878590242,1.37484128278388,0.0705563093622795,0.238158678910124,35,"DPF3;PPP2R5B;DAB2IP;SMARCC2;BCL7A;CHEK1;DPF2;SMARCA2;BRD7;SOX15;ARID2;FOXO4;ARID1B;ARID1A"
"Positive Regulation of Metaphase Anaphase Transition of Cell Cycle","GOBP_POSITIVE_REGULATION_OF_METAPHASE_ANAPHASE_TRANSITION_OF_CELL_CYCLE",0.580772736698921,1.41063697414022,0.0705705705705706,0.238158678910124,17,"UBE2C;PLK1;DLGAP5;ESPL1;CDC20;SKA3"
"Cell Redox Homeostasis","GOBP_CELL_REDOX_HOMEOSTASIS",-0.440933271532597,-1.42192656807043,0.0706517078736996,0.23818491685196,36,"BOLA3;NQO1;PRDX3;PRDX6;PRDX4;PRDX1;TXN;GLRX3;GPX1;GLRX5;PRDX2;PRDX5;TXNRD1"
"Regulation of Platelet Derived Growth Factor Receptor Signaling Pathway","GOBP_REGULATION_OF_PLATELET_DERIVED_GROWTH_FACTOR_RECEPTOR_SIGNALING_PATHWAY",0.545880307115349,1.40431397233172,0.0709010339734121,0.23818491685196,23,"FSHR;HIP1R;MYOCD;F3;CBLB;NDRG4"
"Regulation of t Cell Mediated Cytotoxicity","GOBP_REGULATION_OF_T_CELL_MEDIATED_CYTOTOXICITY",-0.424799255410064,-1.35991966536895,0.0709183180920909,0.23818491685196,35,"HLA-G;B2M;TAP2;HLA-A;HLA-B;ULBP3;FADD"
"Rhythmic Behavior","GOBP_RHYTHMIC_BEHAVIOR",0.503193341893462,1.38665461435207,0.0708333333333333,0.23818491685196,32,"NPY2R;EGR2;KCNQ1;GPR157;EGR1;TP53;KCND2;CHRNB2"
"Vascular Associated Smooth Muscle Cell Migration","GOBP_VASCULAR_ASSOCIATED_SMOOTH_MUSCLE_CELL_MIGRATION",0.555746213934777,1.40507734782779,0.0709010339734121,0.23818491685196,20,"NR4A3;PDGFB;IGFBP5;MYOCD;GRB10;PAK1"
"Constitutive Heterochromatin Formation","GOBP_CONSTITUTIVE_HETEROCHROMATIN_FORMATION",0.468126378176563,1.37804565038167,0.0710526315789474,0.238407441016334,45,"DNMT3A;SETDB1;ZNF512;MOV10L1;PPM1D;TDRD12;ATRX;EHMT2;ZNF512B;TRIM28;L3MBTL1;ZNF304;CENPV;SIRT1;CTCF;TNRC18;SPIN1;DNMT1;BEND3;EHMT1;MBD2;HELLS"
"Dendritic Spine Morphogenesis","GOBP_DENDRITIC_SPINE_MORPHOGENESIS",0.461446739824414,1.37683769673055,0.0716145833333333,0.239896015384025,49,"DBN1;PAK3;NGEF;ARHGAP33;ARHGAP44;KIF1A;ZDHHC15;PTPRD;MAPRE3;DLG4;STAU2"
"Regulation of t Helper 17 Type Immune Response","GOBP_REGULATION_OF_T_HELPER_17_TYPE_IMMUNE_RESPONSE",0.518214762089107,1.39220618043083,0.0716332378223496,0.239896015384025,28,"JUNB;ARID5A;ZBTB7B;PRKCQ;NFKBIZ;BRD2;SMAD7;LOXL3;CARD9;EPHB2"
"Regulation of Muscle Adaptation","GOBP_REGULATION_OF_MUSCLE_ADAPTATION",0.436686775809979,1.34750099492423,0.0717029449423816,0.239900110919926,62,"FOXO1;NR4A3;CAMK2D;IGF1;IGFBP5;HAND2;SCN5A;FOXP1;PAK1;PDE9A;KLF4;GSK3A;APLNR;LMNA;FBXO32;SMAD4;DAG1;JUND;AGT;ROCK2"
"Regulation of Glucose Metabolic Process","GOBP_REGULATION_OF_GLUCOSE_METABOLIC_PROCESS",0.422543039832415,1.33270674712323,0.0718789407313997,0.240259474601234,77,"SIK1;NNMT;FOXO1;IGFBP3;IRS1;IGF1;PMAIP1;SORBS1;INSR;C1QTNF1;PDK2;DGKQ"
"Aromatic Amino Acid Metabolic Process","GOBP_AROMATIC_AMINO_ACID_METABOLIC_PROCESS",-0.466087690848321,-1.4322942107268,0.0721845896749963,0.241051113090097,25,"QPRT;PARK7;HAL;FAH;HDC;FTCD;ABCC4;QDPR;GCDH"
"Limbic System Development","GOBP_LIMBIC_SYSTEM_DEVELOPMENT",0.413568342065079,1.32035666988249,0.0723192019950125,0.241270632941456,83,"NR4A3;NDNF;BTG2;FBXO41;NRP1;PTPRS;SMO;TMEM108;TBX3;FEZ1;FGFR1;KIF14;CAPS2;CDK6;MDK;NRP2;TUBA1A;SRF;KIRREL3;FXR2;PPP1R9B;FGFR2"
"Regulation of Proteolysis Involved in Protein Catabolic Process","GOBP_REGULATION_OF_PROTEOLYSIS_INVOLVED_IN_PROTEIN_CATABOLIC_PROCESS",-0.262218739210334,-1.16492078720938,0.0728181521959899,0.242704079108042,230,"BBS7;BCAP31;PSME2;CTSC;MTM1;PSMA2;PSMA1;PARK7;TMX1;GNA12;APOE;PSMB7;PTEN;RNFT2;RBX1;FBXW7;UCHL5;EPM2A;IL33;MDM2;ALAD;PSMD8;AGTPBP1;PSMB1;PSMA5;PSMD7;HSP90AB1;PSMC6;PSMD14;PSMD1;RYBP;USP14;GLMN;PSMA6;EPHA4;PSEN1;PSMB3;SH3RF2;PSMC1;PSME1;PSMC2;PSMA4;PITHD1;GPX1;RPL5;GABARAPL2;PTK2B;GSK3B;PSMB4;USP13;PSMB6;RAD23B;PSMD6;PDCL3;FBXW8;BAG2;UBQLN1;ZFAND2A;SGTA;USP7;TRIB3;HSPBP1;USP38"
"Schwann Cell Differentiation","GOBP_SCHWANN_CELL_DIFFERENTIATION",0.480466540600545,1.35311895975308,0.0729023383768913,0.24275369898693,37,"EGR2;ERBB2;MED12;CDK1;COL6A1;NTRK2;PRX;NAB2;AKT2;NAB1;AKT1;DAG1;ERBB3;LAMB2;GPC1"
"Retrograde Vesicle Mediated Transport Golgi to Endoplasmic Reticulum","GOBP_RETROGRADE_VESICLE_MEDIATED_TRANSPORT_GOLGI_TO_ENDOPLASMIC_RETICULUM",-0.370683860520698,-1.28168738976612,0.0731600893927419,0.243380620268542,50,"ERGIC1;COPB1;SCFD1;KDELR2;COPB2;ZW10;PSMD14;ERGIC3;RAB6A;ARF3;COPZ1;COPA;GOLPH3L;SEC22B;ERGIC2"
"Regulation of Insulin Receptor Signaling Pathway","GOBP_REGULATION_OF_INSULIN_RECEPTOR_SIGNALING_PATHWAY",0.441445778017348,1.34219941545908,0.0733590733590734,0.243811037928685,57,"PRKCZ;KANK1;IRS1;SORBS1;ENPP1;GRB14;GRB10;SOCS3;PAK1;ZBTB7B;INPP5K;PRKCQ;GSK3A"
"Oligosaccharide Biosynthetic Process","GOBP_OLIGOSACCHARIDE_BIOSYNTHETIC_PROCESS",0.573109276456512,1.4080192754477,0.0734632683658171,0.243925904346405,18,"B3GALT5;ST6GALNAC6;B3GALT4;B3GALNT1;ST3GAL3"
"Cell Killing","GOBP_CELL_KILLING",-0.28858546506829,-1.2270004425657,0.0735877514730862,0.244107853608164,158,"CXCL14;HLA-G;GAPDH;STATH;CD59;CTSC;PIK3C3;PCYOX1L;PRDX1;B2M;RNF19B;TAP2;HLA-A;EBAG9;NTS;HLA-B;ARL8B;MICA;ULBP3;CEBPG;CD226;FADD"
"Cardiac Cell Development","GOBP_CARDIAC_CELL_DEVELOPMENT",0.431536427677525,1.32717032029463,0.073738680465718,0.244146122562769,63,"MYH11;PRICKLE1;IGF1;FOXP1;PAK1;TBX3;JAG1;CDK1;GSK3A;SGCD;NPPA;LMNA;SRF;SMAD4"
"Regulation of Protein Targeting to Membrane","GOBP_REGULATION_OF_PROTEIN_TARGETING_TO_MEMBRANE",0.555883053894467,1.38274762652674,0.0736842105263158,0.244146122562769,19,"ERBB2;ANK3;PAK1;MYO1C;GDI1;INPP5K;FYN"
"Regulation of Regulated Secretory Pathway","GOBP_REGULATION_OF_REGULATED_SECRETORY_PATHWAY",0.394550638136107,1.30527733860478,0.073943661971831,0.24459362406735,99,"RIMS1;RIMS4;MICAL1;SYT2;ADRA2A;SYT11;RIMS2;RAB15;GAB2;RAB3A;RIMS3;PRKCG;ADORA3;CSPG5;FCGR2B;SYT1;SPHK2;SYT5;DTNBP1;CEACAM1;LGALS9;FBXL20;SYN1;SYT7"
"Negative Regulation of Actin Filament Bundle Assembly","GOBP_NEGATIVE_REGULATION_OF_ACTIN_FILAMENT_BUNDLE_ASSEMBLY",0.528015173081857,1.37626487422217,0.0740740740740741,0.244793850454228,25,"ARHGAP28;ARHGAP6;CGNL1;PIK3R1;INPP5K;ARHGEF18"
"Intracellular Copper Ion Homeostasis","GOBP_INTRACELLULAR_COPPER_ION_HOMEOSTASIS",-0.500607817329924,-1.38585382928259,0.0744047619047619,0.245000388556457,17,"ABCB6;SLC31A1;ATOX1;ARF1"
"Negative Regulation of Lipid Localization","GOBP_NEGATIVE_REGULATION_OF_LIPID_LOCALIZATION",-0.422487774490199,-1.35251986812586,0.0743223264093211,0.245000388556457,35,"APOC1;PCSK9;APOE;PTPN11;ABCA1;ACSL4;FIS1;ITGAV"
"Negative Regulation of Supramolecular Fiber Organization","GOBP_NEGATIVE_REGULATION_OF_SUPRAMOLECULAR_FIBER_ORGANIZATION",0.381613214277791,1.27992760149278,0.0745562130177515,0.245000388556457,122,"PLEKHH2;ARHGAP28;STMN1;KANK1;HIP1R;ARHGAP6;PICK1;KANK2;SSH3;EPS8;CLIP3;CGNL1;PIK3CA;PIK3R1;ARHGEF2;TMOD2;SPTBN2;INPP5K;TMOD1;APC2;ARHGEF18"
"Nerve Development","GOBP_NERVE_DEVELOPMENT",0.457584304949642,1.37055077268405,0.0745501285347044,0.245000388556457,50,"NDP;HES1;EGR2;NRP1;VCAM1;PRKCG;SEMA3A;KCNC1;SLC1A3;NRP2;EXT1;CHD7;CHRNB2;DAG1;ATP8B1;ERBB3"
"Phenol Containing Compound Metabolic Process","GOBP_PHENOL_CONTAINING_COMPOUND_METABOLIC_PROCESS",0.419410354565601,1.31995670615978,0.0744949494949495,0.245000388556457,76,"WNT5A;MAOB;CDH3;TGFB2;ABAT;HAND2;CITED1;BCL2;CYP2E1;MAOA;MC1R;PAX8;PNMT;TRPC1;NR4A2;DCT;MDGA1;PMEL"
"Regulation of Receptor Clustering","GOBP_REGULATION_OF_RECEPTOR_CLUSTERING",-0.560683717642749,-1.51011729818248,0.0743039912950517,0.245000388556457,15,"TNFAIP6;LRP4;CRKL;LAMA1;LAMB1;SSH1"
"Blastocyst Development","GOBP_BLASTOCYST_DEVELOPMENT",0.395299454047559,1.28801290951965,0.0746987951807229,0.245009250485086,94,"HOPX;CCNB1IP1;IGF1;JUNB;FBLL1;SKIL;NASP;PPP4R4;CHEK1;SPECC1;KLF4;BCOR;RBM46;INTS1;ZFP14;RAD51B;NECAB1;SRF;BRCA2;ASF1B;XAB2;TEAD4;CMTM3;RBBP8;N4BP2L2;NEK2;STMN3;CNOT3;TAF8;NCAPG2;TET1;CAPN2;SBDS"
"Regulation of Protein Deacetylation","GOBP_REGULATION_OF_PROTEIN_DEACETYLATION",0.594862585812682,1.3995631347138,0.0746951219512195,0.245009250485086,15,"NNMT;TADA3;MBIP"
"Cellular Response to Aldehyde","GOBP_CELLULAR_RESPONSE_TO_ALDEHYDE",-0.533885210703354,-1.43793954872904,0.0751445086705202,0.245780778592747,15,"RDH11;PARK7;AIFM1;ADH5;HAGH;AKR1A1"
"Copper Ion Transport","GOBP_COPPER_ION_TRANSPORT",-0.528340715254418,-1.42300628381752,0.0751445086705202,0.245780778592747,15,"STEAP3;SLC31A1;ATOX1;HEPHL1;SLC39A11;SLC11A2;CUTC;SLC31A2;FKBP4"
"Sphingoid Metabolic Process","GOBP_SPHINGOID_METABOLIC_PROCESS",-0.53402773930673,-1.43832342809395,0.0751445086705202,0.245780778592747,15,"SPTLC2;SPTSSA;AGK;ACER2;KDSR;SPTLC1;ASAH1"
"Cell Differentiation Involved in Kidney Development","GOBP_CELL_DIFFERENTIATION_INVOLVED_IN_KIDNEY_DEVELOPMENT",0.470806388385127,1.37027328236135,0.0753968253968254,0.245941874936936,42,"HES1;CD24;PDGFB;SMO;JAG1;PAX8;EDNRB;EXT1;ASXL1;PTCH1;PROM1;WT1;WNT4;LAMB2;GREM1"
"Regulation of Neuroblast Proliferation","GOBP_REGULATION_OF_NEUROBLAST_PROLIFERATION",0.542628480162971,1.39594842778779,0.0753323485967504,0.245941874936936,23,"ASPM;SMO;DCT;FOXG1;KCTD11;KDM1A;FZD3;CX3CR1;ZNF335"
"Regulation of Neutrophil Chemotaxis","GOBP_REGULATION_OF_NEUTROPHIL_CHEMOTAXIS",-0.494901478984523,-1.47074698026586,0.0754043887188892,0.245941874936936,23,"TNFAIP6;C1QBP;CAMK1D;SLIT2;MPP1;BST1;MOSPD2;DNM1L;DPP4;RAC1;CCR7"
"Antigen Processing and Presentation","GOBP_ANTIGEN_PROCESSING_AND_PRESENTATION",-0.316333007560001,-1.24150705942868,0.0757566332112343,0.246707855300298,98,"HLA-G;RAB4A;PDIA3;PSMB8;TAP1;B2M;TAP2;HLA-A;ABCB9;CALR;HLA-B;ARL8B;ULBP3;IDE;RAB6A;RAB8B;ERAP1;PSME1"
"Positive Regulation of t Helper Cell Differentiation","GOBP_POSITIVE_REGULATION_OF_T_HELPER_CELL_DIFFERENTIATION",0.545127020936536,1.39848856009552,0.0757800891530461,0.246707855300298,22,"TNFSF4;PRKCZ;SOCS5;IL18;NFKBIZ;BRD2"
"Regulation of Extrinsic Apoptotic Signaling Pathway via Death Domain Receptors","GOBP_REGULATION_OF_EXTRINSIC_APOPTOTIC_SIGNALING_PATHWAY_VIA_DEATH_DOMAIN_RECEPTORS",0.478588143916846,1.37573510197029,0.0764075067024129,0.248519494873308,40,"PMAIP1;SKIL;ATF3;BRCA1;HMGB2;ARHGEF2;HMOX1;THBS1;TNFAIP3"
"C4 Dicarboxylate Transport","GOBP_C4_DICARBOXYLATE_TRANSPORT",-0.478977117314901,-1.39534316104747,0.0766871165644172,0.249150708924161,21,"UCP2;SLC1A2;LRRC8D;SLC25A18;SLC1A5;SLC16A1;LRRC8B;SLC12A2;SLC25A13;LRRC8E"
"Toll Like Receptor 9 Signaling Pathway","GOBP_TOLL_LIKE_RECEPTOR_9_SIGNALING_PATHWAY",-0.527178202828008,-1.4741019864623,0.0767438238450384,0.249150708924161,18,"IRAK1;NR1H4;SLC15A4;PPT1"
"Hematopoietic Progenitor Cell Differentiation","GOBP_HEMATOPOIETIC_PROGENITOR_CELL_DIFFERENTIATION",0.393960172478499,1.30024893410993,0.0768321513002364,0.249206505559933,100,"SOX4;PTPRZ1;HES1;ACE;ANLN;LMBR1L;MYB;FSTL3;CEBPD;BCL2;HERC6;EML1;DPF2;TOP2A;CDK6;TP53;TMSB4X;EXT1;ERCC2;SRF;SMPD3"
"Regulation of Receptor Recycling","GOBP_REGULATION_OF_RECEPTOR_RECYCLING",-0.484558262381639,-1.39857421763419,0.0769230769230769,0.249270618373301,20,"PCSK9;ANXA2;PSEN1;LAMTOR1;AP1AR;VAMP3"
"Adenylate Cyclase Inhibiting g Protein Coupled Receptor Signaling Pathway","GOBP_ADENYLATE_CYCLASE_INHIBITING_G_PROTEIN_COUPLED_RECEPTOR_SIGNALING_PATHWAY",0.444252942187387,1.34728136180622,0.077319587628866,0.24931529959432,56,"FSHR;NPY2R;CASR;AKAP12;ADRA2A;S1PR3;PALM;OPRL1;GPR35;ADORA3;GABBR1;APLNR;GNAO1;FLNA;SSTR2"
"Muscle Cell Differentiation","GOBP_MUSCLE_CELL_DIFFERENTIATION",0.331590971334219,1.21048013366672,0.0772442588726514,0.24931529959432,341,"MYH11;SIK1;HOPX;PRICKLE1;NPNT;PGM5;HES1;ADAM12;FBXO40;ADAMTS15;IGF1;CAMK1;PDGFB;IGFBP5;ANK2;NRG1;KCNJ8;PRDM6;SMO;GREB1L;MYOCD;AVPR1A;FOXP1;HDAC5;NOTCH4;ADAMTS5;BCL2;KRT8;PAK1;TBX3;TMOD2;NEURL2;SOX6;ACTG1;CAPN3;CDK1;NEO1;COL6A1;TMOD1;EDNRB;C3;SEMA4C;CDK9;CSRP2;MMP14;CSRP1;NFATC1;GSK3A;HOMER1;SGCD;NPPA;DOCK1;SOX9;APLNR;FLNC;LMNA;ARRDC2;KRT19;SYPL2;SRF;GATA6;CASP7;KDM1A"
"Negative Regulation of Catalytic Activity","GOBP_NEGATIVE_REGULATION_OF_CATALYTIC_ACTIVITY",-0.297529589459683,-1.23971715884204,0.0772972035445809,0.24931529959432,125,"MT3;SPOCK3;DEPTOR;SERPINB1;PPIA;GAPDH;GABBR2;PRDX3;CCR2;AKAP5;ERRFI1;EPM2A;NT5DC2;NPM1;CDK5RAP1;TMED2;FICD;LYN;GNAI3;DUSP7;DNAJA1;NPRL2;AIDA;GSK3B;PRDX5;TMBIM1;PLXNB3;PTPN22"
"Negative Regulation of Cell Substrate Adhesion","GOBP_NEGATIVE_REGULATION_OF_CELL_SUBSTRATE_ADHESION",0.464976345818553,1.37440531641011,0.0772251308900524,0.24931529959432,46,"KANK1;ARHGAP6;FBLN1;RCC2;PIK3R1;FZD4;JAG1;THBS1;MMP14"
"Negative Regulation of Peptide Secretion","GOBP_NEGATIVE_REGULATION_OF_PEPTIDE_SECRETION",0.512024828652993,1.37557665881807,0.0773638968481375,0.24931529959432,28,"SYTL4;FOXO1;CRHBP;IRS1;ADRA2A"
"Regulation of Glial Cell Differentiation","GOBP_REGULATION_OF_GLIAL_CELL_DIFFERENTIATION",0.46717382170656,1.37090856714042,0.0773263433813893,0.24931529959432,44,"PTPRZ1;HES1;EGR2;DAAM2;CDK1;SPINT1;MDK;MAG;TMEM98;CNTN2;LIN28A"
"Negative Regulation of Tumor Necrosis Factor Mediated Signaling Pathway","GOBP_NEGATIVE_REGULATION_OF_TUMOR_NECROSIS_FACTOR_MEDIATED_SIGNALING_PATHWAY",-0.462305501604477,-1.42067148851336,0.0777018111946498,0.249944393585728,25,"NR1H4;APOA1;NOL3;TNFRSF11B;CARD16;GSTP1"
"Regulation of Dendritic Spine Development","GOBP_REGULATION_OF_DENDRITIC_SPINE_DEVELOPMENT",0.465132991549783,1.36923387729378,0.0776315789473684,0.249944393585728,45,"DBN1;CPEB3;CAMK1;PTPRS;DLG5;NGEF;KIF1A;PTPRD;MAPRE3;ZMYND8;STAU2"
"Ensheathment of Neurons","GOBP_ENSHEATHMENT_OF_NEURONS",0.385000684009933,1.28322953092142,0.0780141843971631,0.250658479823088,113,"PTPRZ1;S100B;EGR2;CNTN1;IGF1;EIF2B2;ERBB2;GPM6B;CFH;DHH;PLP1;SERINC5;MTMR2;KIF14;COL6A1;NTRK2;PRX;MAG;CLDN11;TMEM98;ERCC2;NAB2;CNTN2;B4GALT5;WASF3;AKT2;CLU;NAB1;AKT1;DAG1;CDK18;FIG4;ERBB3;NFASC"
"Positive Regulation of Endothelial Cell Migration","GOBP_POSITIVE_REGULATION_OF_ENDOTHELIAL_CELL_MIGRATION",0.402709616821296,1.29438062989889,0.0780669144981413,0.250658479823088,88,"ATOH8;WNT5A;SEMA5A;AKT3;NRP1;PDGFB;BCAS3;FOXP1;HMOX1;RHOB;FGFR1;FGF18;THBS1;PRKD2;PLK2;SASH1;NRP2;TMSB4X;AKT2;RRAS;AKT1;AMOT;RIN2;GAB1;PTGS2;SIRT1;AGT;PLCG1;PRKD1;KDR;GREM1"
"Pseudouridine Synthesis","GOBP_PSEUDOURIDINE_SYNTHESIS",-0.515512067449665,-1.42711389631709,0.0783052338150613,0.251193437778534,17,"DKC1;NHP2;TRUB2;PUS7;NOP10;PUS7L;PUS1;RPUSD2"
"Regulation of Extracellular Matrix Organization","GOBP_REGULATION_OF_EXTRACELLULAR_MATRIX_ORGANIZATION",0.455947751042533,1.3656489869417,0.0784061696658098,0.251287111014942,50,"TNXB;FSCN1;PRDM5;TGFB2;DDR1;HPSE;COL6A1;SOX9;ANTXR1;AEBP1;CLASP1;SMAD4;AXIN2;EFEMP2;TIMP3;LAMA2;AGT;LAMB2;ZNF469;DDR2"
"Glucocorticoid Metabolic Process","GOBP_GLUCOCORTICOID_METABOLIC_PROCESS",-0.4890919587034,-1.42480944293509,0.0788625183683677,0.252518648852278,21,"CYP11A1;APOA1;STAR;NR3C1"
"Dorsal Ventral Pattern Formation","GOBP_DORSAL_VENTRAL_PATTERN_FORMATION",0.464288442257608,1.36674773779626,0.0789473684210526,0.252527415300923,45,"SMAD6;SMO;TLL2;GPR161;SUFU;FOXG1;HHIP;AXIN1;TULP3;DISP1;DDIT3;MDFI;PTCH1;AXIN2;ARL13B;GLI1;GREM1;SFRP1;LMX1B"
"Regulation of Cellular Response to Transforming Growth Factor Beta Stimulus","GOBP_REGULATION_OF_CELLULAR_RESPONSE_TO_TRANSFORMING_GROWTH_FACTOR_BETA_STIMULUS",0.380431088955535,1.27958955431683,0.0790094339622641,0.252527415300923,123,"NPNT;CDH3;HTRA1;CDKN1C;SMAD6;SKIL;CITED1;TGFB1I1;ING1;MYOCD;LTBP4;ING2;ITGA3;FAM89B;SAP30L;THBS1;PEG10;AXIN1;CILP"
"Negative Regulation of Cell Cycle G2 m Phase Transition","GOBP_NEGATIVE_REGULATION_OF_CELL_CYCLE_G2_M_PHASE_TRANSITION",0.435608814942535,1.3409318984014,0.0790816326530612,0.252527765892136,61,"IER3;PLK1;BRCA1;MBTPS1;CDK1;BRSK1;CHEK1;ORC1;CDK5RAP3;DTL;FZR1;FOXO4;CDC6;BARD1;HUS1B;CHMP4C;RBBP8;UIMC1;FOXN3;CDC7;TRIM39;BLM;CHFR;ATF5;CLSPN;RAD21;ZFYVE19;STK35"
"Nadplus Metabolic Process","GOBP_NADPLUS_METABOLIC_PROCESS",-0.421527204565436,-1.34028206534484,0.0794383246326257,0.253435747894433,32,"QPRT;LDHB;GOT2;MDH1;NUDT12;SLC25A18"
"Circulatory System Process","GOBP_CIRCULATORY_SYSTEM_PROCESS",0.323897951407236,1.1945145046077,0.0799180327868853,0.254734184579126,417,"FSHR;ACSM3;HOPX;NOS2;CASR;JUP;CAMK2D;VSTM4;FGF12;LRP5;AKAP12;SLC6A13;TGFB2;ADRA2A;ABAT;PDGFB;ANK2;ACE;KCNJ8;KCNMB2;INSR;DSP;GJA5;IER3;KCNQ1;HSD11B2;CACNB2;AVPR1A;PIK3CA;ITGA9;SCN5A;NCALD;F5;ZDHHC21;GJC1;NPR3;TNNI3;LRP3;KCNK6;SCN9A;PCSK5;FYN;OXTR;SGK1;EDNRB;TRPC1;SERPING1;HBEGF;BMPR2;SLC23A2;PPP1R13L;TACR2;FAAH;ADORA3;GSTM2;GSK3A;TJP2;SGCD;AGER;NPPA;SLC1A3;AKAP9;PLCB3;GNAO1;GAS6;KCNIP2;EXT1;SLC22A5;KCND2;PTP4A3;CTNNBIP1;FERMT2;KCNJ5;SLC29A1;FLNA;GATA6;SLC16A2;CACNA1G;F2R;CHD7;DES;SLC7A8;TMEM38A;KCNMA1;CTNNA3;SCN3B;NR2F2;ABCC3;AMOT;CEACAM1;ATP8A1;SLC27A1;CACNA1C;TJP1;GAB1;PTGS2;C3AR1;SCN4A;SLC6A17;SLC38A2;FLVCR2;ADCY6;AGT"
"Cellular Response to Cadmium Ion","GOBP_CELLULAR_RESPONSE_TO_CADMIUM_ION",-0.524288035457972,-1.46602046594699,0.0803341381650988,0.255595355124742,18,"MT3;ABCB6;MT1X"
"Odontogenesis","GOBP_ODONTOGENESIS",0.417584173048179,1.31408658715592,0.0803011292346299,0.255595355124742,75,"ID3;TNFSF11;TGFB2;FAM20A;HAND2;SMO;SCN5A;FGFR1;AQP1;BCOR;ACVR2B;TGFB3;CSF1;STIM1;SMPD3;FGFR2;PHEX;AXIN2"
"Intestinal Absorption","GOBP_INTESTINAL_ABSORPTION",-0.479209093272079,-1.45093939681565,0.0806401436530582,0.256336137220202,24,"ACO1;APOA1;SCARB1;LPCAT3;SLC46A1;CLDN15;SLC26A6;GCNT3;AKR1C1;F11R;PLS1"
"Ceramide Transport","GOBP_CERAMIDE_TRANSPORT",-0.522932112200148,-1.40843902464047,0.0809248554913295,0.256895553864206,15,"PLEKHA8P1;PLTP;PSAP;OSBP;ABCB1;MTTP;CLN3;SGPP1;ABCA13"
"Epidermis Development","GOBP_EPIDERMIS_DEVELOPMENT",0.345360685332,1.22504939606362,0.0809628008752735,0.256895553864206,213,"WNT5A;SFRP4;CDH3;HES1;SPRR2F;SAV1;VANGL2;TGFB2;ALX4;IGFBP5;INSR;SMO;DSP;NUMA1;KCNQ1;LDB1;LAMA3;ZFP36;ZDHHC21;BCL2;JAG1;FGFR1;HPSE;TECTA;COL6A1;ABCA12;FOSL2;REG3G;KLF4;SPINT1;DCT;GRHL2;CRABP2;EGFR;SOX9;LDB2;EXT1;ERCC2;NAB2;PDGFA;SRF;GATA6;FZD3;IL18;FGFR2;SMAD4;PTCH1;NFKBIZ;STRC;NAB1"
"Calcium Ion Regulated Exocytosis","GOBP_CALCIUM_ION_REGULATED_EXOCYTOSIS",0.463402824749246,1.364140703858,0.0815789473684211,0.258456634881424,45,"RIMS1;SYT2;ADRA2A;SYT11;RIMS2;RAB3A;RIMS3"
"Pyrimidine Nucleotide Biosynthetic Process","GOBP_PYRIMIDINE_NUCLEOTIDE_BIOSYNTHETIC_PROCESS",-0.451595609800017,-1.41331205497678,0.0816023517496016,0.258456634881424,28,"NME1;NME4;UPP1;DCTD;TBPL1;DTYMK;DHODH;NME3;NME7;NME2;CMPK2;CMPK1;CDA"
"Positive Regulation of Jnk Cascade","GOBP_POSITIVE_REGULATION_OF_JNK_CASCADE",0.40856909645775,1.30864750673517,0.0816831683168317,0.258478896670155,84,"WNT5A;TNFSF11;TRAF4;ERBB2;DAB2IP;MAP3K5;MBIP;SEMA3A;AXIN1;AGER;MAP2K7;TLR3;FCGR2B;DVL2;MAPKBP1;DVL3;MAP3K10;GADD45G;MAPK8IP1;SH3RF1;ERBB3"
"Gpi Anchor Metabolic Process","GOBP_GPI_ANCHOR_METABOLIC_PROCESS",-0.434336243733309,-1.34216546839001,0.0819672131147541,0.259143634964787,27,"PGAP2;PIGU;PIGA;PIGP;DPM1;PIGN;PIGB;PIGX;MPPE1;SLC30A5;PIGV;PIGH;PIGK;PIGS"
"Cytoskeleton Dependent Cytokinesis","GOBP_CYTOSKELETON_DEPENDENT_CYTOKINESIS",0.393423155029752,1.29796512147954,0.0821428571428571,0.25939700353014,102,"IQGAP3;STMN1;KIF23;BIRC5;CENPA;ANLN;ANK3;PLK1;KIF20A;KIF4A;RHOB;ESPL1;CEP55;MAP9;CIT;NUSAP1;CKAP2;CENPV;CHMP4C;INCENP;CNTROB;RTKN;EXOC2;ROCK2;CHMP1B"
"Homologous Chromosome Segregation","GOBP_HOMOLOGOUS_CHROMOSOME_SEGREGATION",0.505136565544401,1.36809694262153,0.0822695035460993,0.25939700353014,29,"CCNB1IP1;PLK1;ESPL1;ZWINT;PSMC3IP;EHMT2;BAG6;SUN1;FANCD2;PTTG1"
"Sensory Perception of Mechanical Stimulus","GOBP_SENSORY_PERCEPTION_OF_MECHANICAL_STIMULUS",0.388374789541287,1.28570914006973,0.0822407628128725,0.25939700353014,104,"HOMER2;SOBP;COL4A3;BIRC5;COL11A1;TMC7;KCNQ1;TMTC4;RAB3A;TUB;FZD4;IKZF2;FGFR1;TECTA;SCN9A;COL6A1;FYN;SNAI2;CCDC50;AXIN1;SLC1A3;DIAPH3;ESPNL;CDC14A;DDIT3;CHD7;CHRNB2;CHRNA10;STRC;PKHD1L1;ATP8B1"
"Sister Chromatid Cohesion","GOBP_SISTER_CHROMATID_COHESION",0.460193032198031,1.36494517978085,0.0823529411764706,0.25942657638595,47,"BUB1;BUB1B;PLK1;ESPL1;CDC20;ATRX;KIF22;AXIN2;CTCF;DDX11;CDCA5;PPP2R1B;TNKS;STAG2;RB1;HDAC8;RAD21;SMC1A"
"Cellular Response to Osmotic Stress","GOBP_CELLULAR_RESPONSE_TO_OSMOTIC_STRESS",-0.363730203414358,-1.25764422097686,0.0825565495181118,0.259601070881459,50,"SERPINB6;SLC2A1;AKR1B1;CAB39;CASP3;ERRFI1;LRRC8D"
"Positive Regulation of Hemopoiesis","GOBP_POSITIVE_REGULATION_OF_HEMOPOIESIS",0.35674285252333,1.23862518488252,0.0824858757062147,0.259601070881459,167,"SOX4;TNFSF11;ZBTB16;TNFSF4;PRKCZ;FOS;CD101;EGR3;SMARCC2;ZBTB7B;IL10;AXL;SMARCA2;KLF10;SOX13;AMBRA1;MDK;MMP14;AGER;SOCS5;BRD7;GAS6;CTNNBIP1;CSF1;IL18;ARID2;NFKBIZ;BRD2;LGALS9;ARID1B;ARID1A"
"Motor Neuron Axon Guidance","GOBP_MOTOR_NEURON_AXON_GUIDANCE",0.545286451189156,1.35638879594652,0.0827067669172932,0.259840183418187,19,"EGR2;NRP1;ERBB2;LHX4;SEMA3A;NRP2;CHN1;KIF5C;ALCAM"
"Reactive Oxygen Species Metabolic Process","GOBP_REACTIVE_OXYGEN_SPECIES_METABOLIC_PROCESS",-0.276873444349611,-1.18529333624906,0.0828713226772042,0.260123873959002,183,"BNIP3;MT3;DUOXA2;UCP2;DUOX2;NQO1;SOD2;PRDX3;VDAC1;HK2;CYB5R4;PRDX6;CAT;PRDX4;PARK7;NDUFS3;PRDX1;MFSD8;LIPA;PDK3;TXN;ACOX1"
"Protein Processing","GOBP_PROTEIN_PROCESSING",-0.270505624836945,-1.15508612930343,0.0830393892769689,0.260185134738123,176,"PGK1;PCSK9;MIPEP;ENO1;P4HB;SPON1;SPCS1;SRGN;CASP3;S100A10;PIK3C3;FGG;ANXA2;CTSZ;PCSK6;GAS1;CLN5;SEC11C;YME1L1;PREP;CASP6;PSEN1;STOML2;DHCR24;CPD;ANXA2P2;BACE2;PRCP;PRSS27;ATG4A;PSENEN;PMPCB;ATG4C;BAG2;AFG3L2;SCG5;MAFB;ATP6AP2;F8;LDLRAD3;ZMPSTE24;PARL"
"Regulation of t Cell Apoptotic Process","GOBP_REGULATION_OF_T_CELL_APOPTOTIC_PROCESS",0.504985364099495,1.38054397671104,0.0829817158931083,0.260185134738123,30,"WNT5A;TGFB2;ARG2;PRKCQ;TP53;PRKD2"
"Positive Regulation of Cell Division","GOBP_POSITIVE_REGULATION_OF_CELL_DIVISION",0.421084083670677,1.3121482961718,0.0831202046035806,0.260205609228188,68,"PGF;KIF23;TGFB2;BIRC5;PDGFB;CSPP1;KIF14;PDGFD;MDK;TGFB3;CIT;CDC25B;PDGFA;PKN2;CDC14A;FGFR2;CDC6;PDGFC;CENPV;INCENP"
"Vascular Associated Smooth Muscle Cell Proliferation","GOBP_VASCULAR_ASSOCIATED_SMOOTH_MUSCLE_CELL_PROLIFERATION",0.466936923626843,1.35901127677663,0.0833333333333333,0.260639880952381,42,"NR4A3;IGF1;JUN;PDGFB;IGFBP5;HPGD;MYOCD;PAK1;IL10;TGFB3;MEF2D;DDIT3;FGFR2;EFEMP2"
"Spliceosomal Snrnp Assembly","GOBP_SPLICEOSOMAL_SNRNP_ASSEMBLY",-0.338032519143384,-1.26196686111469,0.0834494495295242,0.260770224533384,72,"SNRNP40;PRMT5;TXNL4A;SNRPD3;SF3B5;SNRPD2;USP39;RNU6ATAC;SNRPD1;SNRPA1;SNRPG;LSM4;TGS1;USP4;WDR77;SNRPB2;PHF5A;SNRPB;GEMIN6;SNRNP200;LSM5;SNRPC;SF3B3;RNU5E-1;SNRPE;RNU5F-1;CLNS1A;RNU5A-1;RNU5B-1;LSM7;PRPF4;PRPF3;DDX20"
"Thyroid Hormone Metabolic Process","GOBP_THYROID_HORMONE_METABOLIC_PROCESS",-0.493423072090295,-1.37971548677997,0.0835820895522388,0.26095192486764,18,"DUOXA2;DUOX2;TG"
"Thymocyte Apoptotic Process","GOBP_THYMOCYTE_APOPTOTIC_PROCESS",0.588890643308167,1.38551264511959,0.0838414634146342,0.261528625415373,15,"WNT5A;TP53;DFFA;EFNA1;RAG1"
"Embryonic Eye Morphogenesis","GOBP_EMBRYONIC_EYE_MORPHOGENESIS",0.536512424195126,1.38021446058059,0.0841949778434269,0.262397693403491,23,"WNT5A;MFAP2;FZD5;PHACTR4;RARG;FOXL2"
"Forebrain Neuron Development","GOBP_FOREBRAIN_NEURON_DEVELOPMENT",0.51218824199213,1.36345256944041,0.084648493543759,0.263576598118922,27,"WNT5A;NDNF;NRP1;FOXG1;NRP2;CNTN2;FGFR2"
"Development of Primary Female Sexual Characteristics","GOBP_DEVELOPMENT_OF_PRIMARY_FEMALE_SEXUAL_CHARACTERISTICS",0.398023696658302,1.28113386231115,0.0850801479654747,0.264685398155469,90,"FSHR;ZFPM2;DACH1;MMP19;AMH;EIF2B2;INSR;DACH2;ANG;NOTCH4;FZD4;BCL2;FANCE;FANCG;MMP14;FOXL2;INHBB;GDF9;PLEKHA1;BRCA2;SMAD4;ESR1;NR2F2;CEBPB;WT1;SIRT1;WNT4"
"Cellular Response to Camp","GOBP_CELLULAR_RESPONSE_TO_CAMP",0.475352731148496,1.34000236194182,0.0855978260869565,0.265130188597424,36,"CRHBP;IGFBP5;KCNQ1;CRTC2;CRTC1;AQP1;CRTC3;INPP5K;ASS1;INHBB;AKAP9;KDM1A"
"Extracellular Matrix Disassembly","GOBP_EXTRACELLULAR_MATRIX_DISASSEMBLY",0.467520665508693,1.35016313344387,0.0855614973262032,0.265130188597424,41,"ADAMTS15;MMP19;FSCN1;TGFB2;ADAMTS4;ADAMTS5;DDR1;HPSE;KIF9;MMP14;MMP11;SH3PXD2B;CLASP1"
"Peptidyl Tyrosine Dephosphorylation","GOBP_PEPTIDYL_TYROSINE_DEPHOSPHORYLATION",0.575387554595203,1.39755692318748,0.0855855855855856,0.265130188597424,17,"PTPRZ1;PTPN13;PTPRS"
"Regulation of Collateral Sprouting","GOBP_REGULATION_OF_COLLATERAL_SPROUTING",0.588756575308507,1.38519721659148,0.0853658536585366,0.265130188597424,15,"PTPRS;BCL11A;ULK2;CRABP2;ULK1;EFNA5;IFRD1"
"Regulation of Rrna Processing","GOBP_REGULATION_OF_RRNA_PROCESSING",-0.551980068029315,-1.48667532648795,0.0856015538977123,0.265130188597424,15,"WDR43;PRMT5;NUDT16;WDR77;HEATR1;METTL18;UTP15"
"Cytochrome Complex Assembly","GOBP_CYTOCHROME_COMPLEX_ASSEMBLY",-0.463874258240289,-1.43344245401595,0.0862641264323298,0.26614635731053,27,"COA5;TACO1;CMC1;OCIAD2;COX16;UQCRFS1;SLC25A33;FASTKD3;SLC25A46;HCCS;COX11;SCO1;LYRM7;COX10;SURF1;COX15"
"Dopamine Metabolic Process","GOBP_DOPAMINE_METABOLIC_PROCESS",0.527210047912419,1.36233218419105,0.0863095238095238,0.26614635731053,24,"MAOB;TGFB2;ABAT;MAOA;NR4A2;MDGA1;CHRNB2"
"Female Meiotic Nuclear Division","GOBP_FEMALE_MEIOTIC_NUCLEAR_DIVISION",0.497670354803954,1.37143486700037,0.0861111111111111,0.26614635731053,32,"TTK;PLK1;SKA2;TOP2A;SKA3;RBM46;FBXO5;CDC25B;NCAPH;NCAPH2;CENPV;MASTL;NDC80"
"Glycosaminoglycan Catabolic Process","GOBP_GLYCOSAMINOGLYCAN_CATABOLIC_PROCESS",-0.492676724893042,-1.3638978500838,0.0863095238095238,0.26614635731053,17,"HEXB;GNS;LYVE1;HYAL3;FGF2;CD44"
"Positive Regulation of Protein Maturation","GOBP_POSITIVE_REGULATION_OF_PROTEIN_MATURATION",-0.494180290146614,-1.36806023347476,0.0863095238095238,0.26614635731053,17,"ENO1;SPON1;S100A10;ANXA2"
"Regulation of Actin Filament Based Movement","GOBP_REGULATION_OF_ACTIN_FILAMENT_BASED_MOVEMENT",0.493807166700967,1.36836540914599,0.0864197530864197,0.266251886597826,33,"JUP;CAMK2D;ANK2;DSP;GJA5;SCN5A"
"Intracellular Ph Reduction","GOBP_INTRACELLULAR_PH_REDUCTION",-0.363122566571008,-1.25554323800289,0.086583611617134,0.26632485468825,50,"CREG1;RAB38;PPT1;CLN5;ATP6AP1;TCIRG1;TMEM9;GPR89A;CLIC4;ATP6AP2;ATP6V1B2;ATP6V1H;CLN3;RAB7A;RNASEK;LAMP2;ATP6V0E1;SLC11A1;DMXL1"
"Regulation of Muscle Cell Differentiation","GOBP_REGULATION_OF_MUSCLE_CELL_DIFFERENTIATION",0.388403850948378,1.28535576050146,0.0865954922894425,0.26632485468825,103,"SIK1;HOPX;IGF1;CAMK1;PDGFB;NRG1;PRDM6;MYOCD;FOXP1;HDAC5;NOTCH4;BCL2;PAK1;SOX6;CDK9;MMP14;NFATC1;GSK3A;SRF;FGFR2;SMAD4;FOXO4;EFEMP2;SIRT1;LAMA2;LAMB2;PRKD1;HEY2;RBM24;DNMT1;PIAS1;CTH;CTDP1;TRIM32;EHMT1;RBM4;PROX1;DMPK"
"Positive Regulation of Synapse Assembly","GOBP_POSITIVE_REGULATION_OF_SYNAPSE_ASSEMBLY",0.460946241917533,1.3569091453647,0.0868421052631579,0.266849030470914,45,"GRID2;CLSTN2;IQSEC2;SEMA4A;LINGO2;DLG5;SYNDIG1;PTPRD;NTRK2;AMIGO2;LRRC24;STAU2;SLITRK4;SLITRK2;CLSTN3;EFNA5;AGRN;FLRT2;LRRN1;LRRTM3;AMIGO3;CLSTN1"
"Sprouting Angiogenesis","GOBP_SPROUTING_ANGIOGENESIS",0.38289216455124,1.27057746418591,0.0875739644970414,0.268862048758226,106,"SEMA5A;AKT3;PGF;VSTM4;NR4A1;NRP1;EGR3;HDAC5;HMOX1;IL10;E2F8;FGF18;SMAD1;THBS1;KLF4;PLK2;EPHB4;APLNR;EPN1;JAK1;TGM2;SRF;MMRN2;ALOX5;E2F7;AKT1;SEMA6A;CEACAM1;TJP1;PTGS2"
"Regulation of Actin Filament Bundle Assembly","GOBP_REGULATION_OF_ACTIN_FILAMENT_BUNDLE_ASSEMBLY",0.398097990613037,1.27955803965776,0.0879801734820322,0.269872633719404,88,"LIMCH1;ARHGAP28;ARHGEF10L;ARHGAP6;NRP1;CGNL1;SORBS3;PIK3R1;TTC8;PAK1;ACTG1;INPP5K;ARHGEF18;TESK1;LIMK1;CD47;TGFB3;ASAP3;FERMT2;FLNA;CLASP1;AMOT;TJP1;SYNPO2L;WNT4;ROCK2"
"Quinone Biosynthetic Process","GOBP_QUINONE_BIOSYNTHETIC_PROCESS",-0.510743098322421,-1.38963371322762,0.0882352941176471,0.270418403581905,16,"PDSS1;NDUFA9;PDSS2;COQ5;COQ3;RTN4IP1;COQ2;FDXR;STARD7"
"Postsynaptic Density Assembly","GOBP_POSTSYNAPTIC_DENSITY_ASSEMBLY",0.557875531668808,1.37059289416321,0.088455772113943,0.270620584904054,18,"PRICKLE1;GRID2;PTPRS;FGFR1;PTPRD"
"Regulation of Actin Filament Length","GOBP_REGULATION_OF_ACTIN_FILAMENT_LENGTH",0.37993547723144,1.27021520855012,0.0884433962264151,0.270620584904054,116,"SEMA5A;PLEKHH2;ARHGAP28;PAK3;DAAM2;KANK1;HIP1R;FCHSD1;KANK2;PLEKHG2;SSH3;EPS8;PIK3CA;TMOD2;SPTBN2;TMOD1;CDC42EP1;GBA2"
"Physiological Cardiac Muscle Hypertrophy","GOBP_PHYSIOLOGICAL_CARDIAC_MUSCLE_HYPERTROPHY",0.573696280352781,1.39344899278887,0.0885885885885886,0.270790423931785,17,"IGF1;FOXP1;PAK1;GSK3A;NPPA"
"Glutamine Family Amino Acid Metabolic Process","GOBP_GLUTAMINE_FAMILY_AMINO_ACID_METABOLIC_PROCESS",-0.387522729414558,-1.29381686113015,0.0886981390849821,0.27088891125954,44,"UCP2;NR1H4;GOT2;PYCR1;HAL;FAH;GCLM;AGMAT;GLS"
"Leukocyte Mediated Cytotoxicity","GOBP_LEUKOCYTE_MEDIATED_CYTOTOXICITY",-0.305168517028933,-1.22946001126601,0.0890519446868237,0.271259967163429,112,"HLA-G;CTSC;PIK3C3;PCYOX1L;PRDX1;B2M;RNF19B;TAP2;HLA-A;EBAG9;HLA-B;ARL8B;MICA;ULBP3;CEBPG;CD226;FADD"
"Regulation of Cellular Response to Oxidative Stress","GOBP_REGULATION_OF_CELLULAR_RESPONSE_TO_OXIDATIVE_STRESS",-0.490356955411606,-1.40354245015345,0.0890207715133531,0.271259967163429,19,"FADS2;NCOA7;PNPLA8;FUT8;TBC1D24;SLC7A11"
"Regulation of Transmembrane Transport","GOBP_REGULATION_OF_TRANSMEMBRANE_TRANSPORT",0.336785347912003,1.21465252785979,0.0889830508474576,0.271259967163429,277,"DAPK1;CACNB3;PIM1;NR4A3;CAMK2D;SLC25A27;FGF12;FXYD6;CRHBP;PRRT1;IRS1;IGF1;SORBS1;ANK2;ENPP1;INSR;PTPRM;ANK3;CLIP3;KCNQ1;CACNB2;SCN5A;PIK3R1;GRB10;RTN2;BCL2;WNK3;NRBP2;CAPN3;KCNIP4;SESTD1;INPP5K;FYN;THBS1;C3;GOPC;CREBL2;TRPC1;GPR35;HEPH;GSTM2;GSK3A;KCNC1;NPPA;APLNR;CACNB1;KCNIP2;SPHK2;FLNA;VMP1;F2R;CHD7;STIM1;SLC43A1;TOR2A;TMEM38A;AZIN1;AKT2;KCNIP3;KCNG1;AKT1"
"Cell Cell Signaling Involved in Cardiac Conduction","GOBP_CELL_CELL_SIGNALING_INVOLVED_IN_CARDIAC_CONDUCTION",0.544973360810427,1.37784064964261,0.0901033973412112,0.272724099975838,20,"ANK2;GJA5;KCNQ1;CACNB2;SCN5A;GJC1;KCNJ5;FLNA;CACNA1G;SCN3B;CACNA1C"
"g Protein Coupled Receptor Signaling Pathway","GOBP_G_PROTEIN_COUPLED_RECEPTOR_SIGNALING_PATHWAY",0.318393347120721,1.17889363639212,0.0899795501022495,0.272724099975838,479,"HOMER2;FSHR;WNT5A;GPR63;NPY2R;CASR;AKAP12;FZD5;DGKA;ULK4;ADRA2A;C5;ECEL1;ACE;RGS12;INPP5A;INSR;SMO;KCTD8;HPGD;RIMS2;KCNQ1;AVPR1A;GPR157;CXCL6;TUB;ADCY1;ZDHHC21;FZD4;SELE;S1PR3;TMOD2;NPR3;DGKQ;PRKCG;PALM;MC1R;GP1BA;CRTC3;GPR161;OPRL1;PLCB4;INPP5K;PAX8;CMKLR1;FYN;OXTR;EDNRB;C3;TAS2R50;GPRASP1;GPR35;DGKZ;PRKD2;CELSR2;PTGER2;ADCY3;TACR2;ADORA3;GPR173;GSK3A;RGS3;HOMER1;TAS2R20;NPPA;GABBR1;APLNR;ARRDC3;OR2F2;PLCB3;GNRHR;GNAO1;TULP3;ADCY2;SPHK2;GPR135;PRKAR1B;CNTN2;TGM2;TYRO3;FLNA;CCR9;TAS2R46;SSTR2;ZNF219;F2R;FZD3;RAMP1;HCRTR1;NXPH2;GPRC5D;PPP1R9B;ESR1;NECAB2;DTNBP1;GPRC5B;CX3CR1;GNB5;RGS10;AKT1;GRM3"
"Icosanoid Secretion","GOBP_ICOSANOID_SECRETION",0.544999186653291,1.37790594438666,0.0901033973412112,0.272724099975838,20,"NOS2;PLA2G5;TNFSF11;ACE"
"Microtubule Bundle Formation","GOBP_MICROTUBULE_BUNDLE_FORMATION",0.431799887215178,1.31521918421298,0.089974293059126,0.272724099975838,58,"NUMA1;PLK1;KIF20A;GAS8;HYDIN;DNAAF2;FSIP2;TTLL3;STK36;OFD1;CLASP1;RSPH4A;DNAH1;MNS1;NCKAP5L;MARK4;SPAG1;AAAS;TEKT2;CC2D2A;NAV1;TPPP3;RSPH9;BBS2;MAP1S;TTLL1"
"Positive Regulation of Molecular Function","GOBP_POSITIVE_REGULATION_OF_MOLECULAR_FUNCTION",0.327990772643651,1.20233238639893,0.0901554404145078,0.272724099975838,371,"WNT5A;CACNB3;HES1;PLA2G5;PIM1;PRKCZ;PRLR;UBE2C;IGF1;PLIN5;TRAF4;ESR2;CENPE;PDGFB;FANK1;NRG1;ERBB2;BCAS3;DAB2IP;RTKN2;PIK3CA;CRTC2;ABR;SRGAP2;RALGAPA2;CHP2;ARHGEF2;UBE2S;ADCY1;PLXNB1;RPS6KA5;CRTC1;WNK3;ARHGAP11A;FGFR1;KIF14;TRAF2;FGF18;CDC20;SGK1;PRKCQ;TRIM6;PHACTR4;CHTF18;APC2;PRKD2;RNF31;ADORA3;KDM4D;SASH1;AGER;TLR3;ARRDC3;RANGAP1;IKBKG;ASAP3;POLG2;GAS6;PRKAR1B;STRADA;TGM2;VMP1;SRF;PILRB;MAP3K10;IL18;STIM1;FGFR2;FZR1;EVI5L;ESR1;TOR1AIP1;CLU;RGS10;AKT1;TSSK4;LGALS9;DIRAS1"
"Regulation of Cd8 Positive Alpha Beta t Cell Activation","GOBP_REGULATION_OF_CD8_POSITIVE_ALPHA_BETA_T_CELL_ACTIVATION",0.557466002352439,1.36958675939102,0.0899550224887556,0.272724099975838,18,"DAPL1;ZBTB7B;IRF1;MAPK8IP1;SH3RF1"
"Regulation of Muscle Hypertrophy","GOBP_REGULATION_OF_MUSCLE_HYPERTROPHY",0.451306620644125,1.34658220431538,0.08984375,0.272724099975838,49,"FOXO1;NR4A3;CAMK2D;IGF1;IGFBP5;HAND2;FOXP1;PAK1;PDE9A;GSK3A;APLNR;LMNA"
"Response to Lead Ion","GOBP_RESPONSE_TO_LEAD_ION",-0.52628148166898,-1.43191066502267,0.0897653096285943,0.272724099975838,16,"CLDN1;UCP2;CAT;ALAD;CPOX"
"Positive Regulation of Cell Cycle Phase Transition","GOBP_POSITIVE_REGULATION_OF_CELL_CYCLE_PHASE_TRANSITION",0.391833646959241,1.26822088988575,0.0902439024390244,0.272756160693617,92,"UBE2C;BIRC5;CCND2;RCC2;PLK1;DLGAP5;ESPL1;CDK1;CDC20;HSPA2;SKA3;FAM83D;PAF1;FBXO5;EGFR;RAD51B;CDC25B;KLHL18;DTL;DBF4B;CDC6;MAD1L1;AKT1;MEPCE;CCNB1;CDC7;GLI1;DDR2;STIL;SIN3A"
"Positive Regulation of Leukocyte Apoptotic Process","GOBP_POSITIVE_REGULATION_OF_LEUKOCYTE_APOPTOTIC_PROCESS",0.508897271563153,1.35469195816615,0.0903873744619799,0.2729542868451,27,"WNT5A;NR4A3;TGFB2;IL10;TP53"
"Diol Biosynthetic Process","GOBP_DIOL_BIOSYNTHETIC_PROCESS",-0.516692393807822,-1.44478144205549,0.0911050903693196,0.273497054439634,18,"SPTLC2;SPTSSA;AGK;ACER2;SPR;SPTLC1;ASAH1;QDPR"
"Diol Metabolic Process","GOBP_DIOL_METABOLIC_PROCESS",-0.48154649654063,-1.40282820699467,0.0908531829711916,0.273497054439634,21,"SPTLC2;SPTSSA;AGK;ACER2;SPR;SPTLC1;ASAH1;QDPR;SGPP1;PCBD1"
"Negative Regulation of Natural Killer Cell Mediated Immunity","GOBP_NEGATIVE_REGULATION_OF_NATURAL_KILLER_CELL_MEDIATED_IMMUNITY",-0.488056796795176,-1.40867199206121,0.0911327312264875,0.273497054439634,20,"HLA-G;HLA-A;HLA-B;MICA;SERPINB9;CRK;GRB2;CD96;INPP5D;HLA-F;HAVCR2"
"Positive Regulation of Insulin Secretion Involved in Cellular Response to Glucose Stimulus","GOBP_POSITIVE_REGULATION_OF_INSULIN_SECRETION_INVOLVED_IN_CELLULAR_RESPONSE_TO_GLUCOSE_STIMULUS",-0.442204999835643,-1.33889916685305,0.0909090909090909,0.273497054439634,24,"MLXIPL;NR1H4;ALDOA;OSBP"
"Prostate Gland Development","GOBP_PROSTATE_GLAND_DEVELOPMENT",0.472230907605046,1.33120205293406,0.0910326086956522,0.273497054439634,36,"WNT5A;PRLR;IGF1;RARG;CYP7B1;SOX9;FGFR2;CRIP1;ESR1;PTCH1;GLI1;SFRP1;SMARCC1;EAF2"
"Pyridine Containing Compound Biosynthetic Process","GOBP_PYRIDINE_CONTAINING_COMPOUND_BIOSYNTHETIC_PROCESS",-0.508987679296469,-1.38485755576741,0.0911764705882353,0.273497054439634,16,"QPRT;PSAT1;PDXK"
"Regulation of Phosphorylation","GOBP_REGULATION_OF_PHOSPHORYLATION",0.326113834134279,1.19412620527216,0.0911917098445596,0.273497054439634,353,"DAPK1;WNT5A;LIMCH1;HES1;PIM1;PRLR;IGFBP3;PTPN13;IGF1;TRAF4;FAM20A;FBLN1;NRP1;CENPE;PDGFB;NRG1;ERBB2;MCM7;SMO;CLIP3;ANG;PIK3CA;CTF1;LDB1;TSPYL2;HIPK3;GRB10;ARHGEF2;CCNG1;WNK3;CSPG4;IL10;FGFR1;FN1;KIF14;TRAF2;FGF18;THBS1;PKIA;C3;TRIM6;CREBL2;UVRAG;CADM4;PHIP;KDM4D;SASH1;NPPA;EGFR;MAD2L2;TLR3;CDK5RAP3;SOCS5;MST1;CCNT1;LDB2;GAS6;PRKAR1B;STRADA;PAQR3;PROM2;PILRB;MAP3K10;IL18;DHX34"
"Rrna Modification","GOBP_RRNA_MODIFICATION",-0.415601879862376,-1.30958655987895,0.0909090909090909,0.273497054439634,31,"TRMT61B;DKC1;NHP2;TFB2M;NSUN4;NOP10;METTL5;EMG1;FTSJ3;RPUSD2;FBL"
"Nucleobase Metabolic Process","GOBP_NUCLEOBASE_METABOLIC_PROCESS",-0.415558717926039,-1.32094322948532,0.0915750915750916,0.273998244912872,33,"DPYSL4;PAICS;APRT;GMPS;MAPK1;CRMP1;HPRT1;DHODH"
"Regulation of Dendrite Development","GOBP_REGULATION_OF_DENDRITE_DEVELOPMENT",0.410665592716826,1.29231465660303,0.0915934755332497,0.273998244912872,75,"DBN1;FAT3;CDKL5;BCL11A;DAB2IP;MARK1;FZD4;CSMD3;KNDC1;LZTS1;SMAD1;CDC20;ZDHHC15;PTPRD;MAPRE3;STAU2;PARP6;HECW2;EFHC2;CHRNB2;SS18L1;ANAPC2;DPYSL5"
"Vasculogenesis","GOBP_VASCULOGENESIS",0.419547372406835,1.30155311930326,0.0914948453608247,0.273998244912872,66,"ZFPM2;JUNB;NRP1;SMO;CITED1;MYOCD;FZD4;GJC1;TNNI3;TEAD2;NTRK2;APLNR;RRAS;AMOT;CEACAM1;RIN2;WT1;EGFL7;KDR;SGPL1;HEY2"
"Endocrine System Development","GOBP_ENDOCRINE_SYSTEM_DEVELOPMENT",0.41556800785358,1.29803689638839,0.0918367346938776,0.274491537229226,69,"SOX4;WNT5A;HES1;CDKN1C;INSR;SMO;ALDH1A2;PAX8;CDH1;CDK6;ARMC5;MDK;GSK3A;INHBB;SOX9;SRF;GATA6;SMAD4;AKT1;WT1;WNT4;GLI1;HMGA2;CDH2"
"Regulation of Telomere Maintenance","GOBP_REGULATION_OF_TELOMERE_MAINTENANCE",-0.309549564928941,-1.21488419139904,0.0919559700714869,0.274613608832411,98,"PINX1;MAPKAPK5;INO80C;DKC1;RUVBL1;UCHL5;CCT5;MAPK1;ACTR5;CCT8;CCT3;ACTL6A;CTNNB1;PARP3;PTGES3;CCT7;ATR;DHX36;RUVBL2;POT1;FBXO4;SMG5;HSP90AA1;USP7"
"2 Oxoglutarate Metabolic Process","GOBP_2_OXOGLUTARATE_METABOLIC_PROCESS",-0.520319058771372,-1.40140115808629,0.092485549132948,0.275613092211974,15,"IDH1;GOT2;D2HGDH;DLD;GOT1;GPT2"
"Aldehyde Biosynthetic Process","GOBP_ALDEHYDE_BIOSYNTHETIC_PROCESS",-0.519652119802029,-1.39960485824247,0.092485549132948,0.275613092211974,15,"TPI1;TKT;PDXK;BMP2;CLCN2"
"Regulation of Cell Matrix Adhesion","GOBP_REGULATION_OF_CELL_MATRIX_ADHESION",0.383090414152793,1.26777185504689,0.0925266903914591,0.275613092211974,103,"LIMCH1;JUP;ARHGAP6;NRP1;GPM6B;RCC2;LDB1;PIK3R1;BCL2;JAG1;DDR1;ACTG1;HPSE;THBS1;CDK6;MMP14;VCL;FERMT2;CSF1;CLASP1;RRAS;EFEMP2;RIN2;DAG1;EFNA5;WNT4;ROCK2;KDR;GREM1;SFRP1"
"Cytokinesis","GOBP_CYTOKINESIS",0.364153806222775,1.24862577643104,0.0929965556831228,0.276307832534334,153,"IQGAP3;STMN1;KIF23;BIRC5;CENPA;PRC1;ANLN;ANK3;PLK1;KIF20A;KIF4A;KLHL13;RHOB;ESPL1;CSPP1;KIF14;E2F8;CEP55;UVRAG;MAP9;PLK3;CIT;CDC25B;PKN2;BRCA2;CDC14A;NUSAP1;CDC6;CKAP2;CENPV;E2F7;CHMP4C;INCENP;CNTROB;RTKN;EXOC2;ANXA11"
"Positive Regulation of Neuroblast Proliferation","GOBP_POSITIVE_REGULATION_OF_NEUROBLAST_PROLIFERATION",0.556524466025497,1.36727358570613,0.0929535232383808,0.276307832534334,18,"ASPM;SMO;DCT;FOXG1;KDM1A;FZD3;CX3CR1;ZNF335"
"Urogenital System Development","GOBP_UROGENITAL_SYSTEM_DEVELOPMENT",0.455937055503371,1.34768643322931,0.0929319371727749,0.276307832534334,46,"WNT5A;PRLR;IGF1;AMH;PAX8;RARG;CYP7B1;SOX9;ACD;FGFR2;CRIP1;ESR1;PTCH1;GLI1;SFRP1;SMARCC1;EAF2"
"Regulation of Cd4 Positive Alpha Beta t Cell Differentiation","GOBP_REGULATION_OF_CD4_POSITIVE_ALPHA_BETA_T_CELL_DIFFERENTIATION",0.447161215015744,1.3420936803263,0.093143596377749,0.276510184840047,51,"TNFSF4;PRKCZ;JUNB;ZBTB7B;SOCS5;IL18;NFKBIZ;BRD2;LGALS9;SH3RF1;HLA-DRB1;SMAD7;LOXL3"
"Cellular Defense Response","GOBP_CELLULAR_DEFENSE_RESPONSE",-0.423133729253713,-1.3645264041457,0.0932598305709732,0.276620818365893,36,"HLA-G;CCR2;IL33;ITK;TCIRG1;PTK2B;ADORA2A;NCF1;CLEC5A;TRAT1;LGALS3BP"
"Collateral Sprouting","GOBP_COLLATERAL_SPROUTING",0.521987657786927,1.34883731592264,0.09375,0.277139680158837,24,"PTPRS;BCL11A;ULK2;CRABP2;ULK1;EFNA5;IFRD1"
"Dna Repair Dependent Chromatin Remodeling","GOBP_DNA_REPAIR_DEPENDENT_CHROMATIN_REMODELING",0.532119626804365,1.36511892110892,0.0936106983655275,0.277139680158837,22,"PHF1;USP51;KDM1A;UIMC1;SIRT1;UBR5;ASF1A;BABAM1;KAT5;SIRT7;USP3"
"Negative Regulation of Neuron Apoptotic Process","GOBP_NEGATIVE_REGULATION_OF_NEURON_APOPTOTIC_PROCESS",0.370722994636895,1.25122553912455,0.0937866354044549,0.277139680158837,127,"PTPRZ1;NR4A3;SLC25A27;NDNF;BTG2;JUN;NRP1;CITED1;PIK3CA;NONO;MAP3K12;BCL2;IL10;NRBP2;PRKCG;KIF14;CHL1;FYN;LONRF2;AXL;NR4A2;AMBRA1;MDK;NTRK2;MAG;BOK;SYNGAP1;TGFB3;GRIK2;TYRO3"
"Negative Regulation of t Helper Cell Differentiation","GOBP_NEGATIVE_REGULATION_OF_T_HELPER_CELL_DIFFERENTIATION",0.57524783156616,1.37484160339036,0.0936555891238671,0.277139680158837,16,"TNFSF4;ZBTB7B;SOCS5;SMAD7;LOXL3"
"P38mapk Cascade","GOBP_P38MAPK_CASCADE",0.44623577386393,1.33655979467167,0.0938303341902314,0.277139680158837,50,"MAP1LC3A;ULK4;HAND2;KCNJ8;DAB2IP;DUSP1;MAP3K5;ZFP36;SASH1;AGER"
"Postsynaptic Specialization Organization","GOBP_POSTSYNAPTIC_SPECIALIZATION_ORGANIZATION",0.461532477802521,1.34328173719999,0.0939153439153439,0.277157076440985,42,"PRICKLE1;GRID2;PTPRS;TMEM108;SPTBN2;FGFR1;PTPRD;ZMYND8;SYNGAP1;ARHGEF9"
"Mitochondrial Fission","GOBP_MITOCHONDRIAL_FISSION",-0.416606853215305,-1.33369313905239,0.0943396226415094,0.278174830061623,35,"BNIP3;UCP2;DDHD2;PGAM5;FIS1;MTCH2"
"Positive Regulation of Interleukin 6 Production","GOBP_POSITIVE_REGULATION_OF_INTERLEUKIN_6_PRODUCTION",0.408562393284274,1.29239672766553,0.0944584382871537,0.278290924575189,78,"WNT5A;NOS2;TNFSF4;C1QTNF4;ARID5A;ARHGEF2;TMEM106A;LPL;ZBTB20;AGER;TLR3;SPHK2;MAVS;F2R"
"Binding of Sperm to Zona Pellucida","GOBP_BINDING_OF_SPERM_TO_ZONA_PELLUCIDA",-0.479857932991261,-1.37349123238354,0.0949554896142433,0.279285541661372,19,"CCT5;ALDOA;CCT8;CCT3;ZP3;CCT7;B4GALT1;VDAC2"
"Negative Regulation of Oxidative Stress Induced Intrinsic Apoptotic Signaling Pathway","GOBP_NEGATIVE_REGULATION_OF_OXIDATIVE_STRESS_INDUCED_INTRINSIC_APOPTOTIC_SIGNALING_PATHWAY",-0.429640290213707,-1.32537052772655,0.0949367088607595,0.279285541661372,26,"PPIA;SOD2;NOL3;PARK7;PYCR1;CTNNB1;FGF2;GPX1"
"Cellular Response to Alcohol","GOBP_CELLULAR_RESPONSE_TO_ALCOHOL",0.406494909020208,1.29664917276817,0.0958904109589041,0.279808148408487,82,"JUP;TNFSF4;FOS;BTG2;IGFBP7;SMO;BRCA1;LRP6;ADCY1;DNMT3A;CDH1;SGK1;SLC23A2;PTGER2;NFE2L1;ADCY3;INHBB;GPR155;OSBPL7;ADCY2;SPHK2"
"Interleukin 13 Production","GOBP_INTERLEUKIN_13_PRODUCTION",0.55233469340361,1.35698012012512,0.095952023988006,0.279808148408487,18,"TNFSF4;PRKCZ;ARG2;SPHK2;IL18;IL20RB;LGALS9"
"Long Term Synaptic Potentiation","GOBP_LONG_TERM_SYNAPTIC_POTENTIATION",0.411888782847761,1.28349464058264,0.0959079283887468,0.279808148408487,68,"S100B;CAMK2D;PRKCZ;PRRT1;IGSF11;TSHZ3;ADCY1;PRKCG;PDE9A;NTRK2;PLK2;AGER;SLITRK4;PRKAR1B;C22orf39;CHRNA7"
"Negative Regulation of Cilium Assembly","GOBP_NEGATIVE_REGULATION_OF_CILIUM_ASSEMBLY",0.53029586831789,1.36422195056623,0.0960118168389956,0.279808148408487,23,"WDR44;TCHP;KIF24;TESK1;EVI5L;AKT1;CEP97;CCP110;MPHOSPH9;TRIM32;MAP4"
"Negative Regulation of Lipid Transport","GOBP_NEGATIVE_REGULATION_OF_LIPID_TRANSPORT",-0.484358802532088,-1.43941628069278,0.0957678345235526,0.279808148408487,23,"APOC1;PCSK9;APOE;PTPN11;ACSL4;FIS1;ITGAV"
"Positive Regulation of Leukocyte Adhesion to Vascular Endothelial Cell","GOBP_POSITIVE_REGULATION_OF_LEUKOCYTE_ADHESION_TO_VASCULAR_ENDOTHELIAL_CELL",-0.476827971397795,-1.37626237919463,0.0953846153846154,0.279808148408487,20,"IRAK1;ETS1;CCR2;RHOA;EPHA4"
"Positive Regulation of Mitotic Cell Cycle Phase Transition","GOBP_POSITIVE_REGULATION_OF_MITOTIC_CELL_CYCLE_PHASE_TRANSITION",0.409355643444202,1.29749630870683,0.0954773869346734,0.279808148408487,79,"UBE2C;BIRC5;CCND2;RCC2;PLK1;DLGAP5;ESPL1;CDK1;CDC20;HSPA2;SKA3;FBXO5;EGFR;RAD51B;CDC25B;KLHL18;DTL;DBF4B;CDC6;MAD1L1;AKT1;MEPCE;CCNB1;CDC7;DDR2;STIL;SIN3A"
"Positive Regulation of Synaptic Transmission","GOBP_POSITIVE_REGULATION_OF_SYNAPTIC_TRANSMISSION",0.380344551045948,1.26567148638202,0.0952941176470588,0.279808148408487,107,"S100B;CAMK2D;PRKCZ;CLSTN2;PRRT1;IQSEC2;IGSF11;TSHZ3;ADCY1;PRKCG;PDE9A;NTRK2;TACR2;PLK2;DLG4;AGER;SLC1A3;SLITRK4;SYT1;PRKAR1B;GRIK2;C22orf39;CHRNA7"
"Regulation of Attachment of Spindle Microtubules to Kinetochore","GOBP_REGULATION_OF_ATTACHMENT_OF_SPINDLE_MICROTUBULES_TO_KINETOCHORE",0.540488910238847,1.36650274079575,0.0960118168389956,0.279808148408487,20,"BIRC5;RCC2;CDK1;SPAG5;INCENP;NEK2;CCNB1;SIRT1;HNRNPU;KAT2B;KNTC1;KAT5;ZWILCH"
"Regulation of Reproductive Process","GOBP_REGULATION_OF_REPRODUCTIVE_PROCESS",0.380478307260948,1.26611658656023,0.0952941176470588,0.279808148408487,107,"WNT5A;ASPM;ZFPM2;TTK;PLAT;IGF1;INSR;DUSP1;SERPINA10;ZWINT;CDC20;EDNRB;KIF9;TACR2;RBM46;INHBB;FBXO5;SOX9;GDF9;CDC25B;PKDREJ;FZR1;ESR1;ANAPC2"
"Spindle Localization","GOBP_SPINDLE_LOCALIZATION",0.445226279365348,1.33628623365823,0.0957309184993532,0.279808148408487,51,"ASPM;LLGL2;CENPA;NUMA1;SKA2;ESPL1;SKA3;SPAG5;NUSAP1;CLASP1;NDC80;ZBED3;DCTN1"
"Animal Organ Maturation","GOBP_ANIMAL_ORGAN_MATURATION",0.537346427175497,1.37129693341428,0.0961538461538462,0.279989129739753,21,"DCHS1;ZBTB16;IGF1;ADAMTS12;ALDH1A2;PLXNB1;THBS3;EXT1"
"Neuronal Stem Cell Population Maintenance","GOBP_NEURONAL_STEM_CELL_POPULATION_MAINTENANCE",0.536810171670798,1.33530422554332,0.0962406015037594,0.280008992581121,19,"ASPM;HES1;FOXO1;JAG1;FANCD2;MMP24;SS18"
"Alpha Beta t Cell Proliferation","GOBP_ALPHA_BETA_T_CELL_PROLIFERATION",0.476451103861107,1.33036341108772,0.0965986394557823,0.28073229214751,34,"TNFSF4;ARG2;ZBTB7B;IRF1;CBLB;ELF4;IL18;LGALS9;MAPK8IP1;SH3RF1;TWSG1"
"Regulation of Alpha Beta t Cell Differentiation","GOBP_REGULATION_OF_ALPHA_BETA_T_CELL_DIFFERENTIATION",0.416218047154622,1.29122462256561,0.0966494845360825,0.28073229214751,66,"ZBTB16;TNFSF4;PRKCZ;JUNB;ZBTB7B;PRDM1;SOCS5;IL18;NFKBIZ;BRD2;LGALS9;SH3RF1;HLA-DRB1;SMAD7;LOXL3"
"Positive Regulation of Neuron Apoptotic Process","GOBP_POSITIVE_REGULATION_OF_NEURON_APOPTOTIC_PROCESS",-0.372784099155015,-1.29259951726415,0.0970183580368372,0.281570263631351,49,"PCSK9;CASP3;SRPK2;NR3C1;FBXW7;AIFM1;FIS1;CTNNB1;CASP10;CASP6;AIMP2"
"Regulation of Meiotic Cell Cycle","GOBP_REGULATION_OF_MEIOTIC_CELL_CYCLE",0.456431107562654,1.34361773187318,0.0973684210526316,0.28235230045312,45,"WNT5A;ASPM;TTK;INSR;DUSP1;ZWINT;CDC20;RBM46;FBXO5;CDC25B;FZR1;ANAPC2"
"Digestive Tract Morphogenesis","GOBP_DIGESTIVE_TRACT_MORPHOGENESIS",0.497192436540846,1.34658129845144,0.0978723404255319,0.282556621805934,29,"WNT5A;VANGL2;SFRP5;DACT1;BCL2;EGFR;ACVR2B"
"Embryonic Heart Tube Morphogenesis","GOBP_EMBRYONIC_HEART_TUBE_MORPHOGENESIS",0.446843206576642,1.33009191367205,0.09765625,0.282556621805934,48,"WNT5A;HES1;VANGL2;HAND2;SMO;TBX3;SUFU;TEAD2;NDRG4;APLNR;DVL2;SRF"
"Extrinsic Apoptotic Signaling Pathway","GOBP_EXTRINSIC_APOPTOTIC_SIGNALING_PATHWAY",0.346591670243546,1.22218951304639,0.0979097909790979,0.282556621805934,196,"DAPK1;TNFSF11;IGF1;TGFB2;PMAIP1;NRP1;KRT18;NRG1;SKIL;DAB2IP;ATF3;BRCA1;HMGB2;PIK3R1;SRPX;ARHGEF2;HMOX1;BCL2;KRT8;FGFR1;TRAF2;TNFSF12;FYN;THBS1;SNAI2;KLF4;TNFAIP3;GSK3A;PHIP;TLR3;BOK;TCF7L2;LMNA;CASP7;WWOX;SMAD4;CASP8AP2;NFKBIZ;MADD;AKT1;RELA;SH3RF1;SORT1;ERBB3;AGT"
"Regulation of Cell Cycle Checkpoint","GOBP_REGULATION_OF_CELL_CYCLE_CHECKPOINT",0.446787059316889,1.32992478342351,0.09765625,0.282556621805934,48,"BIRC5;DUSP1;BRCA1;ZWINT;SKA3;BRCA2;USP44;RFWD3;BARD1;MAD1L1;INCENP;LCMT1;NDC80;CCNB1;DYNLRB1;TELO2;TPR;RNASEH2B;PROX1;WDR76;DYNLT3;MAD2L1;PPP1R10"
"t Helper 17 Cell Differentiation","GOBP_T_HELPER_17_CELL_DIFFERENTIATION",-0.376091293525351,-1.27320793498165,0.0979145900062092,0.282556621805934,46,"PSMA2;PSMA1;PSMB8;RORA;IL6R;PSMB1;PSMA5;ENTPD7;PSMA6;PSMB3;PSMA4;PSMB9;PSMB4"
"Vascular Associated Smooth Muscle Contraction","GOBP_VASCULAR_ASSOCIATED_SMOOTH_MUSCLE_CONTRACTION",-0.477566726305315,-1.3669331407519,0.0979228486646884,0.282556621805934,19,"MAP2K1;PIK3C2A;MKKS;RAP1GDS1;RHOA;ATP2B1;DOCK4;DOCK5;P2RX1"
"Positive Regulation of Cell Killing","GOBP_POSITIVE_REGULATION_OF_CELL_KILLING",-0.370692945855062,-1.28534860781772,0.0983033507395879,0.283421100938911,49,"HLA-G;PIK3C3;B2M;TAP2;HLA-A;HLA-B;ULBP3;CD226;FADD"
"Monoatomic Ion Homeostasis","GOBP_MONOATOMIC_ION_HOMEOSTASIS",-0.233774293791171,-1.09158105326817,0.0985138753405462,0.28379449450488,431,"BNIP3;MT3;CREG1;HEXB;BOLA3;KL;ABCB6;STC2;ACO1;TRPC3;SOD2;SLC31A1;TRPC4;CALB2;CCR2;NCOA4;NOL3;STC1;TMEM165;EIF2AK1;RYR2;RAB38;APOE;HSP90B1;ASPH;PPT1;VAPB;ITPR1;B2M;SLC46A1;RBX1;MT1X;ATP1B3;SLC4A4;IMMT;CALB1;ITPR2;CALR;SLC39A6;CLN5;SLC30A1;RAP1GDS1;MINPP1;MAPK1;SLC26A6;SLC39A14;SLC39A7;ATP6AP1;ATP2B1;SLC9A9;FKBP1A;PDZD8;SLC9A5;ANXA6;MECR;GHITM;SLC30A7;CCDC47;TCIRG1;ATP13A3;GLRX3;TFRC;SLC12A2;LYN;PSEN1;STOML2;ATOX1;FGF2;HEPHL1"
"Endocrine Hormone Secretion","GOBP_ENDOCRINE_HORMONE_SECRETION",0.467050461242188,1.33446533171146,0.0986486486486487,0.283818382162302,39,"CRHBP;C1QTNF1;KCNQ1;FZD4;TBX3;FGFR1;AQP1;TACR2;FOXL2;INHBB;GDF9;GNRHR;C1QTNF3;SMAD4"
"t Cell Apoptotic Process","GOBP_T_CELL_APOPTOTIC_PROCESS",0.455655073170913,1.34133328291252,0.0986842105263158,0.283818382162302,45,"WNT5A;TGFB2;ARG2;LMBR1L;PRKCQ;TP53;PRKD2;DFFA;AKT1;LGALS9;EFNA1;KDELR1;RAG1"
"Bone Maturation","GOBP_BONE_MATURATION",0.535502997981556,1.33205265796342,0.0992481203007519,0.285206042176812,19,"DCHS1;ZBTB16;IGF1;ADAMTS12;PLXNB1;THBS3;EXT1"
"Dermatan Sulfate Proteoglycan Metabolic Process","GOBP_DERMATAN_SULFATE_PROTEOGLYCAN_METABOLIC_PROCESS",0.563867179669155,1.36957512273485,0.100600600600601,0.288382900085028,17,"UST;CSGALNACT1;IDS;CHST14;CHST12"
"Phosphatidylcholine Metabolic Process","GOBP_PHOSPHATIDYLCHOLINE_METABOLIC_PROCESS",-0.366403388280634,-1.2846228439666,0.10044686388568,0.288382900085028,52,"APOC1;FABP3;APOA1;SCARB1;DBI;PCYT1A;LPCAT3;RAB38;FABP5;ACSL3;LPGAT1"
"Response to Laminar Fluid Shear Stress","GOBP_RESPONSE_TO_LAMINAR_FLUID_SHEAR_STRESS",0.488115313176969,1.34122863508812,0.100558659217877,0.288382900085028,31,"SMAD6;ADCY1;ASS1;KLF4;ADCY3;ADCY2;PRKAR1B;PKN2;AKT1;ADCY6;KLF2;SMAD7;CAPN2"
"Basement Membrane Organization","GOBP_BASEMENT_MEMBRANE_ORGANIZATION",0.472413716365192,1.33833051171934,0.100817438692098,0.288532261224199,38,"FSHR;PRICKLE1;NTN4;PHLDB1;COL6A1;SPINT2;EXT1;MMP11;PXDN;CLASP1;DAG1;LAMA2;LAMB2;FLRT2"
"Positive Regulation of Cd4 Positive Alpha Beta t Cell Activation","GOBP_POSITIVE_REGULATION_OF_CD4_POSITIVE_ALPHA_BETA_T_CELL_ACTIVATION",0.470143157850596,1.33189810378227,0.100817438692098,0.288532261224199,38,"TNFSF4;PRKCZ;ZBTB7B;PRKCQ;SOCS5;IL18;NFKBIZ;BRD2;LGALS9;HLA-DRB1"
"Pteridine Containing Compound Metabolic Process","GOBP_PTERIDINE_CONTAINING_COMPOUND_METABOLIC_PROCESS",-0.417629349777215,-1.3105591518738,0.101010101010101,0.288847660276232,29,"MTHFD1L;SLC46A1;GGH;MTHFD1;SPR;ATIC;FTCD;MTHFD2;QDPR;MTHFD2L;SHMT2;MTHFS;MTRR;SLC19A1"
"Gmp Metabolic Process","GOBP_GMP_METABOLIC_PROCESS",-0.477659087034935,-1.41950608289685,0.10134637289419,0.289351087028349,23,"CASK;PAICS;GMPS;IMPDH2;ATIC;HPRT1;MPP1"
"Neuron Projection Regeneration","GOBP_NEURON_PROJECTION_REGENERATION",0.465629836417028,1.33040629583447,0.101351351351351,0.289351087028349,39,"MATN2;JUN;PTPRS;BCL2;NEO1;KLF4;MAG;CSPG5;ULK1"
"Morphogenesis of a Polarized Epithelium","GOBP_MORPHOGENESIS_OF_A_POLARIZED_EPITHELIUM",0.46377252584349,1.3331465713099,0.101876675603217,0.290156710158616,40,"WNT5A;VANGL2;DLG5;TTC8;ACTG1;BRSK1;DLG3;PTK7"
"Myoblast Fusion","GOBP_MYOBLAST_FUSION",-0.329532683082247,-1.24005737586398,0.101917573275532,0.290156710158616,74,"CD9;RPL29;RPL6;RPL38;UBA52;RPLP0;RPL23A;RPL27;KCNH1;RPL35A;RPL5;RPL39;RPL10A;RPL7A;RPL12;RPL32;DOCK5;RPL35;RPL19;RPL37;RPL13A;RPL28;RPL21;RPL15;RPL11;RPL7;RPL14;RPLP2;RPL36;RPL34;RPL31;RPL4;RPL18A;RPL8"
"Protein Containing Complex Remodeling","GOBP_PROTEIN_CONTAINING_COMPLEX_REMODELING",-0.451321586471398,-1.394652777061,0.102047692525097,0.290156710158616,27,"APOC1;NR1H4;APOA1;SCARB1;ANGPTL3;APOE;PLTP;PCSK6"
"Regulation of Response to Oxidative Stress","GOBP_REGULATION_OF_RESPONSE_TO_OXIDATIVE_STRESS",-0.418882180684609,-1.3109322206181,0.101973684210526,0.290156710158616,28,"FADS2;RBX1;NCOA7;PNPLA8;FUT8;TBC1D24;SLC7A11"
"Renal System Vasculature Development","GOBP_RENAL_SYSTEM_VASCULATURE_DEVELOPMENT",0.50025424631315,1.33168409890913,0.101865136298422,0.290156710158616,27,"HES1;NRP1;PDGFB;EGR1;AQP1;PDGFD;NOTCH3;PDGFA"
"Vascular Endothelial Cell Response to Laminar Fluid Shear Stress","GOBP_VASCULAR_ENDOTHELIAL_CELL_RESPONSE_TO_LAMINAR_FLUID_SHEAR_STRESS",0.535097957835321,1.33104512895722,0.102255639097744,0.290512168499107,19,"ADCY1;ADCY3;ADCY2;PRKAR1B;PKN2;AKT1;ADCY6;CAPN2;PRKACA"
"Striated Muscle Cell Differentiation","GOBP_STRIATED_MUSCLE_CELL_DIFFERENTIATION",0.333934052541926,1.20337904190767,0.102972399150743,0.292311437783674,259,"MYH11;SIK1;HOPX;PRICKLE1;PGM5;ADAM12;ADAMTS15;IGF1;IGFBP5;NRG1;KCNJ8;SMO;GREB1L;MYOCD;AVPR1A;FOXP1;HDAC5;ADAMTS5;BCL2;KRT8;PAK1;TBX3;TMOD2;NEURL2;SOX6;ACTG1;CAPN3;CDK1;NEO1;COL6A1;TMOD1;CSRP2;MMP14;CSRP1;GSK3A;HOMER1;SGCD;NPPA;DOCK1;FLNC;LMNA;ARRDC2;KRT19;SRF;GATA6;CASP7"
"Muscle Contraction","GOBP_MUSCLE_CONTRACTION",0.333844308482571,1.20220826476982,0.103411513859275,0.293320269675336,271,"MYH11;CACNB3;NPNT;NPY2R;JUP;CAMK2D;FGF12;PPP1R12B;ADRA2A;ABAT;ANK2;KCNJ8;DSP;APBB1;GJA5;ARG2;KCNQ1;MYOCD;CACNB2;PIK3CA;SMTN;SCN5A;ZDHHC21;TMOD2;GJC1;TNNI3;SCN9A;TMOD1;OXTR;EDNRB;PPP1R13L;TACR2;TPM4;GSTM2;HOMER1;SGCD;NPPA;AKAP9;CACNB1;GNAO1;TPM2;KCNIP2;KCND2;KCNJ5;FLNA;SRF;CACNA1G;DDIT3;F2R;DES;CHRNB2;TMEM38A;MYL9;KCNMA1;CTNNA3"
"Ruffle Assembly","GOBP_RUFFLE_ASSEMBLY",0.464907429304688,1.31706547928106,0.103542234332425,0.293453435976121,38,"KANK1;EPS8;RCC2;STON1;CSPG4;INPP5K"
"Regulation of Cell Division","GOBP_REGULATION_OF_CELL_DIVISION",0.361426541826727,1.2369390261982,0.103644646924829,0.293506223264088,143,"ASPM;PGF;KIF23;TGFB2;BIRC5;PDGFB;PRC1;PLK1;KIF20A;SUSD2;KLHL13;TADA3;CSPP1;KIF14;E2F8;PDGFD;MBIP;MDK;UVRAG;MAP9;PLK3;TGFB3;CIT;CDC25B;PDGFA;PKN2;BRCA2;CDC14A;FGFR2;CDC6;PDGFC;PTCH1;CENPV;E2F7;CHMP4C;INCENP"
"Regulation of Nucleotide Metabolic Process","GOBP_REGULATION_OF_NUCLEOTIDE_METABOLIC_PROCESS",-0.339621990670032,-1.21683645648356,0.104138971470733,0.294667865155072,61,"MLXIPL;SLC2A6;UCHL1;ENO1;MAP2K1;SLC4A4;PRKAA1;FIS1;FBP1;NDUFC2;PSEN1;MTCH2;PRKAG2"
"Positive Regulation of Gluconeogenesis","GOBP_POSITIVE_REGULATION_OF_GLUCONEOGENESIS",0.545882985405118,1.34112951432512,0.104947526236882,0.296708579881657,18,"NNMT;FOXO1"
"Regulation of Presynapse Organization","GOBP_REGULATION_OF_PRESYNAPSE_ORGANIZATION",0.533065225110381,1.36037139456948,0.105029585798817,0.296708579881657,21,"GRID2;GPC4;IGSF11;MDGA1;LRFN3;SLITRK2"
"Immune Response Regulating Cell Surface Receptor Signaling Pathway Involved in Phagocytosis","GOBP_IMMUNE_RESPONSE_REGULATING_CELL_SURFACE_RECEPTOR_SIGNALING_PATHWAY_INVOLVED_IN_PHAGOCYTOSIS",0.526667669920099,1.35113227388736,0.105497771173848,0.297791049493949,22,"NOS2;PAK1;FYN;LIMK1;PLA2G6"
"Foam Cell Differentiation","GOBP_FOAM_CELL_DIFFERENTIATION",0.480502052951807,1.33149624513459,0.10562414266118,0.297907706716677,33,"WNT5A;PLA2G5;LPL;SAMD1;CSF1;IL18;APOB;NFKBIA;AGT;ABCA5;NR1H2;CRP;AGTR1;MAPK9"
"Morphogenesis of Embryonic Epithelium","GOBP_MORPHOGENESIS_OF_EMBRYONIC_EPITHELIUM",0.374595925124925,1.25050352406678,0.105882352941176,0.298395721925134,114,"WNT5A;PRICKLE1;VANGL2;LLGL2;TGFB2;TGFB1I1;ALDH1A2;MED12;PAX8;SUFU;TEAD2;PHACTR4;SPINT1;SPINT2;SEMA4C;GRHL2;RARG;PTK7;SOX9;DVL2;TULP3;GDF7;FZD3;FGFR2;PTCH1;BRD2;CELSR1;WNT4;KDM2B;TSC2;GREM1;STIL;SFRP1;TRAF6;CC2D2A;PLXNB2;ST14;LAMA5;PRKACA;TSC1"
"Notch Signaling Pathway","GOBP_NOTCH_SIGNALING_PATHWAY",0.367955333732934,1.23762703724474,0.106132075471698,0.298859051750288,123,"HES1;CNTN1;LLGL2;TGFB2;NEURL1B;MAML2;HEYL;DTX4;NOTCH4;BCL7A;S1PR3;JAG1;MAML3;DTX3;SUSD5;SNAI2;CDK6;ZNF423;MMP14;SOX9;EPN1;NOTCH3;KRT19;BEND6;PTP4A3;TSPAN14"
"Acid Secretion","GOBP_ACID_SECRETION",0.5325155131442,1.32462135107396,0.106766917293233,0.299203609022556,19,"CASR;HIP1R;ABAT;KCNQ1;SGK1;GABBR1"
"Metanephric Epithelium Development","GOBP_METANEPHRIC_EPITHELIUM_DEVELOPMENT",0.531821938583343,1.32289609866498,0.106766917293233,0.299203609022556,19,"HES1;AQP1;PAX8;SOX9;PKD1;WT1;WNT4;LAMB2;SLC22A1"
"Negative Regulation of Axonogenesis","GOBP_NEGATIVE_REGULATION_OF_AXONOGENESIS",0.462782467581085,1.32227074022865,0.106756756756757,0.299203609022556,39,"WNT5A;SEMA5A;NRP1;PTPRS;SEMA6C;BCL11A;ULK2;GDI1;CDH1;MAG;RYK;ULK1;SYNGAP1"
"Negative Regulation of Cell Development","GOBP_NEGATIVE_REGULATION_OF_CELL_DEVELOPMENT",0.344962191979829,1.21464395616658,0.106710671067107,0.299203609022556,194,"WNT5A;SEMA5A;HES1;LRRC17;TNFSF4;DAAM2;IGF1;NRP1;PTPRS;SEMA6C;ERBB2;BCL11A;TMEM176B;FSTL3;PIK3R1;S1PR3;ULK2;ZBTB7B;TMEM176A;IRF1;GDI1;PRTG;CDH1;TRIM11;EDNRB;CDK6;MDK;MAG;RYK;GSK3A;TLR3;FCGR2B;CLDN18;ULK1;TMEM98;SOCS5;SYNGAP1;C1QC;KCTD11;LIN28A;IGDCC4;DIP2B"
"Positive Regulation of Glycogen Metabolic Process","GOBP_POSITIVE_REGULATION_OF_GLYCOGEN_METABOLIC_PROCESS",0.543708776641055,1.3357879015221,0.106446776611694,0.299203609022556,18,"IRS1;IGF1;SORBS1;INSR"
"Regulation of Monocyte Differentiation","GOBP_REGULATION_OF_MONOCYTE_DIFFERENTIATION",0.575411314301251,1.35379914958518,0.106707317073171,0.299203609022556,15,"FOXP1;CDK6;IRF7;CTNNBIP1;CSF1;HLA-DRB1;ACIN1;ZBTB46;CD74"
"Positive Regulation of Cd4 Positive Alpha Beta t Cell Differentiation","GOBP_POSITIVE_REGULATION_OF_CD4_POSITIVE_ALPHA_BETA_T_CELL_DIFFERENTIATION",0.484688950544352,1.33566188946134,0.106944444444444,0.299332064239564,32,"TNFSF4;PRKCZ;ZBTB7B;SOCS5;IL18;NFKBIZ;BRD2;LGALS9;HLA-DRB1"
"Positive Regulation of t Cell Cytokine Production","GOBP_POSITIVE_REGULATION_OF_T_CELL_CYTOKINE_PRODUCTION",0.524174459651165,1.34473610216021,0.106983655274889,0.299332064239564,22,"TNFSF4;PRKCZ;FZD5;ARID5A;TRAF2;DENND1B;IL18"
"Dna Damage Response Signal Transduction by P53 Class Mediator","GOBP_DNA_DAMAGE_RESPONSE_SIGNAL_TRANSDUCTION_BY_P53_CLASS_MEDIATOR",0.408163699799017,1.27490935801822,0.107142857142857,0.299538251054612,69,"SOX4;PMAIP1;GTSE1;RPS6KA6;FOXM1;SNAI2;TP53;PPM1D;PLK2;PLK3;HIC1;ATRX;BRCA2;KDM1A;E2F7;SIRT1;BCL3;PTTG1IP"
"Negative Regulation of Reactive Oxygen Species Metabolic Process","GOBP_NEGATIVE_REGULATION_OF_REACTIVE_OXYGEN_SPECIES_METABOLIC_PROCESS",-0.414068602331217,-1.29938520024575,0.107744107744108,0.300739131018015,29,"MT3;VDAC1;HK2;PARK7;RHOA;NDUFC2;TRAP1;STAT3;SLC18A2;CRYAB;ABCB7"
"Positive Regulation of Steroid Metabolic Process","GOBP_POSITIVE_REGULATION_OF_STEROID_METABOLIC_PROCESS",-0.413908877790559,-1.29888397000738,0.107744107744108,0.300739131018015,29,"APOA1;STAR;APOE;STARD4;PRKAA1;MAPK1;SCP2;ADM;SREBF1;POR"
"Mechanoreceptor Differentiation","GOBP_MECHANORECEPTOR_DIFFERENTIATION",0.450071464659512,1.32489655176196,0.107894736842105,0.300919795507878,45,"HES1;VANGL2;KCNQ1;TTC8;JAG1;FGFR1;TECTA;NTRK2;DIAPH3;IFT27;STRC;ATP8B1"
"Lipid Translocation","GOBP_LIPID_TRANSLOCATION",0.440407659153275,1.31406252275576,0.108072916666667,0.301176950742509,49,"ATP9A;ATP8B2;PLSCR3;SERINC5;ABCA12;PLSCR2;ANO5;SYT1;VMP1;ATP10A;ATP8A1;ATP8B1;ATP8A2;ATP10D;XKR9;TMEM30B;ANO7;ATP8B3;ATG9A"
"Sphingolipid Metabolic Process","GOBP_SPHINGOLIPID_METABOLIC_PROCESS",-0.294341882321016,-1.20590860249405,0.108211673952833,0.301323921984718,119,"ELOVL6;SMPDL3A;HEXB;GALC;GM2A;TECR;PPM1L;PPT1;SPTLC2;PRKAA1;SPTSSA;AGK;PSAP;LCT;ELOVL5;OSBP;MECR;SGMS2;NEU1;ACER2;GLB1"
"Regulation of Dna Binding","GOBP_REGULATION_OF_DNA_BINDING",0.478173564878994,1.32504388326279,0.108367626886145,0.301518504354382,33,"HES1;IGF1;JUN;SMO;HJURP;TRIM6;E2F1;ZC4H2;BCL3;HMGA2;RB1;IFI16"
"Detection of Stimulus Involved in Sensory Perception of Pain","GOBP_DETECTION_OF_STIMULUS_INVOLVED_IN_SENSORY_PERCEPTION_OF_PAIN",0.564998747961703,1.35034630629785,0.108761329305136,0.30234197681096,16,"SCN9A;FYN;MMP24;SCN11A;DISC1;TRPV1;LXN"
"Positive Regulation of Catalytic Activity","GOBP_POSITIVE_REGULATION_OF_CATALYTIC_ACTIVITY",0.333191779774609,1.19142732611904,0.108836206896552,0.30234197681096,238,"WNT5A;PLA2G5;PIM1;PRLR;UBE2C;IGF1;PLIN5;TRAF4;CENPE;PDGFB;NRG1;ERBB2;BCAS3;DAB2IP;PIK3CA;ABR;SRGAP2;RALGAPA2;CHP2;UBE2S;PLXNB1;ARHGAP11A;FGFR1;KIF14;TRAF2;FGF18;CDC20;PHACTR4;CHTF18;APC2;ADORA3;SASH1;TLR3;ARRDC3;RANGAP1;ASAP3;POLG2;GAS6;PRKAR1B;STRADA;TGM2;PILRB;MAP3K10;STIM1;FGFR2;FZR1;EVI5L;ESR1;RGS10;AKT1;DIRAS1;CACNA1C"
"Positive Regulation of Excitatory Postsynaptic Potential","GOBP_POSITIVE_REGULATION_OF_EXCITATORY_POSTSYNAPTIC_POTENTIAL",0.529577049825384,1.35146964361401,0.109467455621302,0.303854593535198,21,"RIMS1;PRKCZ;RIMS2;DLG4;PRKAR1B;CHRNA7"
"Osteoclast Differentiation","GOBP_OSTEOCLAST_DIFFERENTIATION",0.385971365535546,1.24924684867818,0.109756097560976,0.303933288344741,92,"FSHR;TNFSF11;LRRC17;TF;FOS;JUNB;FARP2;GAB2;FSTL3;PIK3R1;FOXP1;KLF10;FOSL2;TLR3;CLDN18"
"Positive Regulation of Spindle Checkpoint","GOBP_POSITIVE_REGULATION_OF_SPINDLE_CHECKPOINT",0.556599335832388,1.35192228094221,0.10960960960961,0.303933288344741,17,"BIRC5;MAD1L1;INCENP;NDC80;DYNLRB1;TPR;DYNLT3;MAD2L1"
"Regulation of Exit from Mitosis","GOBP_REGULATION_OF_EXIT_FROM_MITOSIS",0.571465178412029,1.34451487713832,0.109756097560976,0.303933288344741,15,"UBE2C;CDKN1C;BIRC5;ANLN"
"Negative Regulation of Cell Killing","GOBP_NEGATIVE_REGULATION_OF_CELL_KILLING",-0.436735260871745,-1.36680515848417,0.110335241756026,0.305054737072896,28,"HLA-G;CD59;HLA-A;HLA-B;MICA"
"Protein Localization to Endoplasmic Reticulum","GOBP_PROTEIN_LOCALIZATION_TO_ENDOPLASMIC_RETICULUM",-0.434794163796415,-1.36073030780602,0.110335241756026,0.305054737072896,28,"HSPA5;BCAP31;MIA3;KDELR2;INSIG2;NACA;INSIG1;GABARAPL2;UBAC2"
"Regulation of Gluconeogenesis","GOBP_REGULATION_OF_GLUCONEOGENESIS",0.461746313151399,1.31931022037168,0.110810810810811,0.306127973399267,39,"SIK1;NNMT;FOXO1;PDK2;DGKQ;TCF7L2;MST1;C1QTNF3"
"Embryonic Camera Type Eye Morphogenesis","GOBP_EMBRYONIC_CAMERA_TYPE_EYE_MORPHOGENESIS",0.570795448701274,1.342939170352,0.111280487804878,0.30694137699251,15,"WNT5A;FZD5;PHACTR4"
"Regulation of Peroxisome Proliferator Activated Receptor Signaling Pathway","GOBP_REGULATION_OF_PEROXISOME_PROLIFERATOR_ACTIVATED_RECEPTOR_SIGNALING_PATHWAY",0.571397558112509,1.34435578345749,0.111280487804878,0.30694137699251,15,"PTGIS;PLIN5;HUWE1;PAQR3;ASXL1;JUND;SIRT1"
"Cell Volume Homeostasis","GOBP_CELL_VOLUME_HOMEOSTASIS",0.481520094931561,1.32310649196619,0.111731843575419,0.307943861561521,31,"FSHR;SLC12A4;WNK3;AQP1;SLC12A5"
"Regulation of Dendritic Spine Morphogenesis","GOBP_REGULATION_OF_DENDRITIC_SPINE_MORPHOGENESIS",0.458493258137353,1.31001553061407,0.112162162162162,0.308886834948156,39,"DBN1;NGEF;ARHGAP33;ARHGAP44;KIF1A;ZDHHC15;PTPRD;MAPRE3;STAU2"
"Positive Regulation of Mitotic Cell Cycle","GOBP_POSITIVE_REGULATION_OF_MITOTIC_CELL_CYCLE",0.369665501079966,1.23271789545211,0.112280701754386,0.308970383539367,111,"HES1;UBE2C;BIRC5;CCND2;RCC2;TTL;PLK1;DLGAP5;FGFR1;ESPL1;CDK1;CDC20;HSPA2;SKA3;FBXO5;EGFR;RAD51B;CDC25B;PKN2;BRCA2;KLHL18;DTL;DBF4B;CDC6;MAD1L1;AKT1;MEPCE;CCNB1;CDC7;TAL1;DDR2;STIL;SIN3A"
"Dicarboxylic Acid Catabolic Process","GOBP_DICARBOXYLIC_ACID_CATABOLIC_PROCESS",-0.497995038583254,-1.34127476598633,0.11271676300578,0.309926860917778,15,"QPRT;DDO;GOT2"
"Positive Regulation of Chemotaxis","GOBP_POSITIVE_REGULATION_OF_CHEMOTAXIS",0.372895692646674,1.24105058204951,0.112941176470588,0.310057163931403,108,"WNT5A;SEMA5A;CASR;PGF;NRP1;PDGFB;F3;FGFR1;PDGFD;FGF18;CMKLR1;THBS1;PRKD2;BMPR2;MDK;AGER;TMSB4X;GAS6"
"Positive Regulation of Viral Process","GOBP_POSITIVE_REGULATION_OF_VIRAL_PROCESS",-0.352280304215157,-1.25272434316546,0.112920852196827,0.310057163931403,54,"PPIA;STOM;P4HB;SRPK2;VAPB;PPIE;PPID"
"Negative Regulation of Organ Growth","GOBP_NEGATIVE_REGULATION_OF_ORGAN_GROWTH",0.531041702682703,1.34261763460063,0.113737075332349,0.311266386632201,20,"SAV1;FOXP1;PAK1;VGLL4;WWC3;GSK3A;WWC2"
"Regulation of Body Fluid Levels","GOBP_REGULATION_OF_BODY_FLUID_LEVELS",0.33098543559533,1.19366685129042,0.113588110403397,0.311266386632201,285,"PRICKLE1;MYO5B;SOCS2;PRLR;PLAT;DGKA;ADRA2A;CDO1;ADAMTS18;FBLN1;PDGFB;MERTK;C1QTNF1;GJA5;HSD11B2;PIK3CA;F3;F5;ADCY1;ZBTB7B;DDR1;WNK3;NPR3;ACTG1;DGKQ;FN1;SERPINA10;HPSE;AQP1;GP1BA;MLLT6;INPP5K;OXTR;THBS1;AXL;PRKCQ;EDNRB;FOSL2;SERPING1;DGKZ;PROZ;CELSR2;TSPAN9;ADCY3;CSRP1;APLNR;VCL;GAS6;EXT1;ADCY2;PRKAR1B;TYRO3;AK3;SLC29A1;FLNA;PDGFA;SRF"
"Response to Alcohol","GOBP_RESPONSE_TO_ALCOHOL",0.345072475655453,1.20963042728612,0.11371237458194,0.311266386632201,187,"S100B;NPY2R;JUP;TNFSF4;FOS;CRHBP;FOSB;BTG2;ADRA2A;CDO1;ABAT;IGFBP7;SMO;EPS8;HPGD;AVPR1A;BRCA1;VCAM1;LRP6;ADCY1;SLC10A1;DNMT3A;CDK1;CDH1;FYN;SGK1;CPT1A;SLC23A2;PTGER2;NFE2L1;ADCY3;FAAH;INHBB;GPR155;GABBR1;CLDN18;OSBPL7;ADCY2;SPHK2"
"Response to Glucagon","GOBP_RESPONSE_TO_GLUCAGON",0.519302381158257,1.33594046207564,0.113737075332349,0.311266386632201,23,"CDO1;CCNA2;ADCY1;ASS1;ADCY3;ADCY2;PRKAR1B;ADCY6;CPS1;CREB1;PRKACA"
"Response to Activity","GOBP_RESPONSE_TO_ACTIVITY",-0.336868351087137,-1.20791493478822,0.114155251141553,0.312166935791459,60,"KL;SLC7A5;SOD2;CAT;CAB39;RYR2;ANXA2;ITGA5;GCLM;PRKAA1;ALAD;RNF170;FIS1"
"Positive Regulation of Cell Substrate Adhesion","GOBP_POSITIVE_REGULATION_OF_CELL_SUBSTRATE_ADHESION",0.377662895128192,1.24596953505776,0.114285714285714,0.312279919768219,102,"VWC2;NPNT;VIT;ECM2;NPY2R;JUP;NDNF;FBLN1;NRP1;PDGFB;FN1;HPSE;CDK6;MDK;TESK1;GSK3A;DOCK1;CSPG5;FERMT2;FLNA;CSF1;CCDC80;RRAS;EFEMP2;RIN2;DAG1"
"Regulation of Protein Exit from Endoplasmic Reticulum","GOBP_REGULATION_OF_PROTEIN_EXIT_FROM_ENDOPLASMIC_RETICULUM",-0.410323130445111,-1.28763156640502,0.114478114478114,0.312561835554821,29,"BCAP31;YOD1;DERL2;SEC24D;UBE2J1;SEC24A;INSIG1;TM9SF4;UBAC2;SAR1A"
"Pyrimidine Nucleoside Triphosphate Biosynthetic Process","GOBP_PYRIMIDINE_NUCLEOSIDE_TRIPHOSPHATE_BIOSYNTHETIC_PROCESS",-0.486759485983613,-1.32437891804691,0.114705882352941,0.31293980208906,16,"NME1;NME4;TBPL1;DTYMK;NME3;NME7;NME2;CMPK2"
"Positive Regulation of Muscle Cell Differentiation","GOBP_POSITIVE_REGULATION_OF_MUSCLE_CELL_DIFFERENTIATION",0.444361692722502,1.31347127306371,0.115183246073298,0.313837693051634,46,"HOPX;IGF1;CAMK1;NRG1;MYOCD;NOTCH4;BCL2;MMP14;EFEMP2;SIRT1;LAMA2;LAMB2;PRKD1;RBM24;PIAS1;CTH;TRIM32;RBM4;PROX1"
"Regulation of Nuclear Transcribed Mrna Catabolic Process Deadenylation Dependent Decay","GOBP_REGULATION_OF_NUCLEAR_TRANSCRIBED_MRNA_CATABOLIC_PROCESS_DEADENYLATION_DEPENDENT_DECAY",0.53043146150662,1.34107477918979,0.115214180206795,0.313837693051634,20,"CPEB3;TOB1;ZFP36;ZFP36L2"
"Deoxyribonucleotide Biosynthetic Process","GOBP_DEOXYRIBONUCLEOTIDE_BIOSYNTHETIC_PROCESS",-0.495657628356961,-1.33497930295681,0.115606936416185,0.314281492271074,15,"DGUOK;DCTD;TBPL1;RRM1;DTYMK;NME3;CMPK2;GUK1;RRM2B"
"Deoxyribonucleotide Catabolic Process","GOBP_DEOXYRIBONUCLEOTIDE_CATABOLIC_PROCESS",0.506707785623434,1.32072743814943,0.115555555555556,0.314281492271074,25,"NEIL1;NT5C1A;SAMHD1;DERA;OGG1"
"Regulation of Myelination","GOBP_REGULATION_OF_MYELINATION",0.467915231724875,1.30652925081453,0.115646258503401,0.314281492271074,34,"PTPRZ1;S100B;EGR2;IGF1;MTMR2;KIF14;MAG;TMEM98;WASF3;AKT1;DAG1;CDK18;FIG4"
"Cellular Response to Lipoprotein Particle Stimulus","GOBP_CELLULAR_RESPONSE_TO_LIPOPROTEIN_PARTICLE_STIMULUS",-0.398103351605962,-1.28380816108261,0.116541353383459,0.31622336243397,36,"APOA1;SCARB1;MIA3;APOE;CD9;ABCA1"
"Necroptotic Process","GOBP_NECROPTOTIC_PROCESS",-0.393457536431321,-1.26882628411015,0.116541353383459,0.31622336243397,36,"PELI1;PYGL;PPIF;AIFM1;FADD;PGAM5;CASP6;IPMK;SLC25A4;MLKL;TRPM7"
"Cellular Response to Chemical Stress","GOBP_CELLULAR_RESPONSE_TO_CHEMICAL_STRESS",-0.246937712043782,-1.13295671968183,0.11688771802025,0.316672603422225,274,"BNIP3;FADS2;MT3;SERPINB6;SLC2A1;PPIA;NQO1;SOD2;PRDX3;MGST1;CAT;AKR1B1;PARK7;BRF2;CAB39;CASP3;PYCR1;PPIF;PRDX1;ERRFI1;RBX1;LRRC8D;EIF2AK3;PRKAA1;DHRS2;AIFM1;TXN;NUDT2;SRXN1;NCOA7;FBP1;STAU1;ERN1;ROMO1;PAM"
"Regulation of Protein Import into Nucleus","GOBP_REGULATION_OF_PROTEIN_IMPORT_INTO_NUCLEUS",0.435885604925084,1.31012295683295,0.116883116883117,0.316672603422225,52,"JUP;SMO;PIK3R1;CHP2;EFCAB7;CDK1;SUFU;CDH1;PKIA;MAVS;FLNA;TRIM28"
"Antimicrobial Humoral Immune Response Mediated by Antimicrobial Peptide","GOBP_ANTIMICROBIAL_HUMORAL_IMMUNE_RESPONSE_MEDIATED_BY_ANTIMICROBIAL_PEPTIDE",-0.388409114308727,-1.27808749355172,0.1171875,0.31699444980695,40,"CXCL14;GAPDH;STATH;B2M;NTS;ROMO1;CCL20;RPL39;CCL26;CXCL5;ADM"
"Retinal Ganglion Cell Axon Guidance","GOBP_RETINAL_GANGLION_CELL_AXON_GUIDANCE",0.552544096049385,1.34207252248175,0.117117117117117,0.31699444980695,17,"NDP;NRP1;PTPRM"
"Amine Transport","GOBP_AMINE_TRANSPORT",0.440642663773483,1.30247834147615,0.117801047120419,0.318408231529959,46,"NPY2R;ADRA2A;ABAT;SYT11;AVPR1A;TACR2;ADORA3;GABBR1;SYT1;CHRNB2;SLC43A1;SNCG;DTNBP1;SLC38A2;FLVCR2"
"Collagen Fibril Organization","GOBP_COLLAGEN_FIBRIL_ORGANIZATION",0.425390561060301,1.28849489531277,0.118251928020566,0.319380496419461,55,"COL4A3;COL4A4;TNXB;ANTXR2;TGFB2;ADAMTS12;COL11A1;TLL2;COL6A1;COL4A5;EXT1;SERPINH1;AEBP1;MMP11;PXDN"
"Muscle Cell Cellular Homeostasis","GOBP_MUSCLE_CELL_CELLULAR_HOMEOSTASIS",-0.489005390366928,-1.31706250005301,0.11849710982659,0.31954994281951,15,"MTM1;CFL2;ALDOA;LOX"
"Negative Regulation of Receptor Internalization","GOBP_NEGATIVE_REGULATION_OF_RECEPTOR_INTERNALIZATION",-0.493145522150974,-1.32821332257043,0.11849710982659,0.31954994281951,15,"PCSK9;WDR54;ANKRD13A;ANXA2"
"G1 to G0 Transition","GOBP_G1_TO_G0_TRANSITION",0.550863032854243,1.33798939366201,0.118618618618619,0.319631554631555,17,"CAPN3;TP53;STRADA;GATA6;SMPD3;ZBTB17;WDR6"
"Smooth Muscle Contraction","GOBP_SMOOTH_MUSCLE_CONTRACTION",0.410075049230175,1.26910219150936,0.118863049095607,0.320044013052969,64,"MYH11;NPNT;NPY2R;ADRA2A;ABAT;APBB1;MYOCD;SMTN;ZDHHC21;TNNI3;EDNRB;TACR2;SRF;F2R;CHRNB2;KCNMA1"
"Lipid Import into Cell","GOBP_LIPID_IMPORT_INTO_CELL",-0.48057348925256,-1.33039195009899,0.119047619047619,0.320294784580499,17,"SLC2A1;FABP3;ACSL1;LIPA;ACSL3"
"Inclusion Body Assembly","GOBP_INCLUSION_BODY_ASSEMBLY",-0.42601697322652,-1.30915631629986,0.119266055045872,0.32063621705732,25,"APOE;MFSD8;DNAJA4;PSMC6;HSP90AA1;EPG5;BAG5;VCP;PSMC5;DNAJB2;PPP2CB;SACS"
"Lactation","GOBP_LACTATION",0.476415745000702,1.31286333930681,0.119444444444444,0.320869546693933,32,"SOCS2;PRLR;CDO1;ZBTB7B;DDR1;OXTR"
"l Glutamate Transmembrane Transport","GOBP_L_GLUTAMATE_TRANSMEMBRANE_TRANSPORT",-0.455772597716121,-1.32774438324142,0.119631901840491,0.321126859882942,21,"SLC1A2;EPM2A;SLC25A18;SLC38A6;PSEN1;SLC25A13;ARL6IP5;SLC7A11;SLC1A1"
"Learning","GOBP_LEARNING",0.376010445202309,1.24051784178205,0.120238095238095,0.322506927732808,102,"NLGN4X;CLSTN2;FOS;BTG2;SYT11;MAPK8IP2;INSR;NPTX2;SLC12A5;BRSK1;SPECC1;FYN;CHST10;FOXP2;NTRK2;ADCY3;TACR2;DLG4;NDRG4;SYNGAP1;CNTN2;TUBA1A;CTNS;SRF;CHRNB2;PPP1R9B"
"Lipopolysaccharide Mediated Signaling Pathway","GOBP_LIPOPOLYSACCHARIDE_MEDIATED_SIGNALING_PATHWAY",-0.350685870643271,-1.24705446686195,0.120663914776014,0.322976212428545,54,"IRAK1;SCARB1;PTPN11;IRAK2;MAPK1;IRAK3;CARD16;LYN;PRDX2;MIF;PTPN22;SMAD3;TLR2;CD6;PLCG2"
"Placenta Blood Vessel Development","GOBP_PLACENTA_BLOOD_VESSEL_DEVELOPMENT",0.490602072424673,1.30598987126005,0.12051649928264,0.322976212428545,27,"HES1;VASH2;FZD5;LLGL2;JUNB;SOCS3;SPINT1;PLCD3;HS6ST1;AKT1;NR2F2;PKD1"
"t Cell Homeostasis","GOBP_T_CELL_HOMEOSTASIS",-0.343869729569683,-1.20561906380487,0.120689655172414,0.322976212428545,52,"PSMA2;PSMA1;CASP3;PSMB8;TSC22D3;PSMB1;PSMA5;GPAM;FADD;PSMA6;TCIRG1;PSMB3;PSMA4;PSMB9;PSMB4"
"Regulation of Ubiquitin Protein Transferase Activity","GOBP_REGULATION_OF_UBIQUITIN_PROTEIN_TRANSFERASE_ACTIVITY",0.550176286645957,1.33632135807417,0.121621621621622,0.325221786672168,17,"UBE2C;UBE2S;CDC20;FBXO5;MAD2L2;ARRDC3;USP44;FZR1"
"Epithelial Cell Development","GOBP_EPITHELIAL_CELL_DEVELOPMENT",0.35328142575418,1.21663839039342,0.121729237770193,0.325261266139579,158,"FSHR;WNT5A;ID1;PDGFB;PTPRS;SMO;AMOTL2;TFCP2L1;HYDIN;NOTCH4;ZDHHC21;S1PR3;JAG1;VIM;HPSE;TMOD1;ABCA12;EDNRB;CDK6;FOSL2;PRDM1;SPINT2;GRHL2;RARG;GSK3A;TJP2;SOX9;ATRX;VCL;FLNA;ASXL1;ADAMTSL4"
"Response to Ethanol","GOBP_RESPONSE_TO_ETHANOL",0.3925262371646,1.25209150081626,0.122042341220423,0.325849330255445,82,"S100B;NPY2R;FOS;CRHBP;FOSB;CDO1;ABAT;EPS8;HPGD;VCAM1;SLC10A1;DNMT3A;CDK1;FYN;CPT1A;SLC23A2;FAAH;GABBR1;CLDN18"
"Glycosaminoglycan Metabolic Process","GOBP_GLYCOSAMINOGLYCAN_METABOLIC_PROCESS",-0.361278688609264,-1.23244776486055,0.122362869198312,0.326456306779656,47,"TNFAIP6;HEXB;GNS;LYVE1;ITIH5;TGDS;CLTC;HAS2;HYAL3;FGF2;UXS1"
"Leukocyte Apoptotic Process","GOBP_LEUKOCYTE_APOPTOTIC_PROCESS",0.378695403388914,1.23686351993191,0.12289156626506,0.327617318589426,96,"WNT5A;NR4A3;TGFB2;MERTK;ARG2;LMBR1L;FOXP1;IL10;AXL;PRKCQ;TP53;PRKD2;IRF7;GAS6;CASP7;DFFA;NFKBIZ;AKT1;LGALS9;SIRT1;EFNA1;KDELR1;RAG1;IRF3"
"Immune Response Inhibiting Signal Transduction","GOBP_IMMUNE_RESPONSE_INHIBITING_SIGNAL_TRANSDUCTION",-0.48462336034112,-1.31856693112384,0.123529411764706,0.329067322746589,16,"HLA-G;LYN;FCAR;LILRA6"
"Protein Methylation","GOBP_PROTEIN_METHYLATION",-0.436892540284451,-1.35006481597476,0.123843662536193,0.329653761295047,27,"PRMT5;SETD7;PCMT1;RAB6A;GSPT1;SETD3;SNRPD3;CAMKMT;METTL22;SNRPB;FAM98B;PRMT1;METTL18;ICMT"
"Hematopoietic Stem Cell Proliferation","GOBP_HEMATOPOIETIC_STEM_CELL_PROLIFERATION",0.521204014348906,1.33010183079982,0.124260355029586,0.330306472409589,21,"WNT5A;PIM1;ACE;ANG"
"Purine Nucleobase Metabolic Process","GOBP_PURINE_NUCLEOBASE_METABOLIC_PROCESS",-0.486747773805003,-1.31098194926199,0.124277456647399,0.330306472409589,15,"PAICS;APRT;GMPS"
"Response to Purine Containing Compound","GOBP_RESPONSE_TO_PURINE_CONTAINING_COMPOUND",0.375306717980219,1.23915678444989,0.124407582938389,0.330401639903848,101,"FOS;CRHBP;MMP19;FOSB;CDO1;IGFBP5;KCNJ8;ENPP1;DUSP1;CITED1;KCNQ1;CRTC2;CRTC1;DGKQ;AQP1;CRTC3;INPP5K;ASS1;GSTM2;INHBB;AKAP9"
"Cellular Response to Peptide Hormone Stimulus","GOBP_CELLULAR_RESPONSE_TO_PEPTIDE_HORMONE_STIMULUS",0.328611230124187,1.18326399769043,0.125133689839572,0.331186448600116,273,"SOCS2;FOXO1;TBC1D4;AKT3;NR4A3;PRKCZ;NR4A1;FOS;CRHBP;KANK1;IRS1;IGF1;SORBS1;ACE;CCNA2;ENPP1;INSR;GRB14;IGFBP1;PIK3CA;NONO;PIK3R1;HDAC5;GRB10;ADCY1;SOCS3;PDK2;PAK1;ZBTB7B;MYO1C;WDTC1;INPP5K;ASS1;COL6A1;FYN;PRKCQ;KLF4;NR4A2;ADCY3;GPR173;GSK3A;PHIP;INHBB;NPPA;A1BG;GNRHR;JAK1;ADCY2;PRKAR1B"
"Detection of Biotic Stimulus","GOBP_DETECTION_OF_BIOTIC_STIMULUS",0.471940307804698,1.29020442101082,0.125175808720113,0.331186448600116,30,"DACH1;NR4A1;SMO;SRPX;PAK1"
"Positive Regulation of Erad Pathway","GOBP_POSITIVE_REGULATION_OF_ERAD_PATHWAY",-0.474077082831993,-1.31240767298055,0.125,0.331186448600116,17,"BCAP31;TMX1;RNFT2;USP13;UBQLN1;SGTA;RNF185;XBP1"
"Positive Regulation of Smoothened Signaling Pathway","GOBP_POSITIVE_REGULATION_OF_SMOOTHENED_SIGNALING_PATHWAY",0.481286514024804,1.30350216807741,0.124822695035461,0.331186448600116,29,"KIF7;TTC23;SMO;GAS8;DHH;DLG5"
"Sulfur Compound Transport","GOBP_SULFUR_COMPOUND_TRANSPORT",-0.343572657902995,-1.20457752035432,0.125,0.331186448600116,52,"UCP2;SLC7A5;MGST1;SLC19A3;SLC1A2;LRRC8D;SLC33A1;SLC26A6;SLC25A16;SLC3A2;ABCC4;SLC19A2;SLC25A40;ABCC2;SLC5A6;SLC13A1;SLC7A11"
"Termination of Rna Polymerase Iii Transcription","GOBP_TERMINATION_OF_RNA_POLYMERASE_III_TRANSCRIPTION",-0.476339497578788,-1.3319461917139,0.125373134328358,0.331458180794142,18,"POLR1C;POLR2H;POLR2L;POLR3G;POLR2F;POLR2K;POLR3B;POLR3H;CRCP"
"Negative Regulation of Locomotion","GOBP_NEGATIVE_REGULATION_OF_LOCOMOTION",0.328977163637662,1.18150700670262,0.125536480686695,0.33163973744004,247,"WNT5A;SEMA5A;LIMCH1;JUP;DACH1;IGFBP3;ROBO3;KANK1;FBLN1;NRP1;C5;IGFBP5;PTPRM;DAB2IP;DUSP1;ING1;SRGAP3;MYOCD;ING2;SRGAP2;HDAC5;DLG5;HMOX1;BCL2;JAG1;RHOB;PTPRK;SAP30L;CDH1;THBS1;NISCH;KLF4;SPINT2;CNN2;ADORA3;RYK;GPR173;ZMYND8;NDRG4;ARRDC3;VCL"
"Regulation of Synaptic Vesicle Exocytosis","GOBP_REGULATION_OF_SYNAPTIC_VESICLE_EXOCYTOSIS",0.443722442571361,1.29144595918755,0.125661375661376,0.33171951691168,42,"RIMS1;RIMS4;SYT2;RIMS2;RAB3A;RIMS3;PRKCG;CSPG5;SYT1;SYT5;DTNBP1;FBXL20;SYN1"
"Regulation of Fatty Acid Biosynthetic Process","GOBP_REGULATION_OF_FATTY_ACID_BIOSYNTHETIC_PROCESS",-0.383849274709871,-1.26046057467655,0.125954198473282,0.332242136484871,39,"MLXIPL;APOC1;NME1;FABP5;INSIG2;LPGAT1;ELOVL5;ERLIN2;INSIG1;ERLIN1;PLAA;NR1H3;TRIB3;SLC45A3"
"Collagen Activated Signaling Pathway","GOBP_COLLAGEN_ACTIVATED_SIGNALING_PATHWAY",0.56401896250796,1.32699579034247,0.126524390243902,0.333482932136543,15,"COL4A3;DDR1;TSPAN9;COL4A5"
"Regulation of Neurotransmitter Secretion","GOBP_REGULATION_OF_NEUROTRANSMITTER_SECRETION",0.406194317647583,1.25709208515109,0.126614987080103,0.333482932136543,64,"RIMS1;RIMS4;SYT2;SYT11;RIMS2;RAB3A;RIMS3;PRKCG;TACR2;CSPG5;SYT1;SYT5;SNCG;DTNBP1;FBXL20;SYN1;SLC38A2"
"Response to Peptide Hormone","GOBP_RESPONSE_TO_PEPTIDE_HORMONE",0.319214331529025,1.16808766235231,0.126951092611863,0.334116962749327,366,"SOCS2;FOXO1;TBC1D4;AKT3;NR4A3;PRKCZ;NR4A1;FOS;CRHBP;KANK1;BTG2;IRS1;IGF1;CD101;SORBS1;CDO1;EIF2B2;IGFBP5;ACE;CCNA2;KCNJ8;ENPP1;INSR;GRB14;CITED1;IGFBP1;KCNQ1;HSD11B2;PIK3CA;NONO;LRP6;PIK3R1;HDAC5;GRB10;ADCY1;SOCS3;PDK2;PAK1;ZBTB7B;EGR1;MYO1C;IL10;PRKCG;WDTC1;TCF12;INPP5K;ASS1;COL6A1;FYN;PRKCQ;EDNRB;REG3G;KLF4;NR4A2;SCAP;ADCY3;GPR173;GSK3A;PHIP;INHBB;NPPA;A1BG;GNRHR;JAK1;ADCY2;PRKAR1B"
"Ribonucleoside Metabolic Process","GOBP_RIBONUCLEOSIDE_METABOLIC_PROCESS",-0.482412760502642,-1.2993062426742,0.127167630057803,0.334435591661025,15,"APRT;DGUOK;PNP;ENPP4;UPP1;PGM2;HPRT1"
"Multi Multicellular Organism Process","GOBP_MULTI_MULTICELLULAR_ORGANISM_PROCESS",0.355576679786287,1.21691857440979,0.127562642369021,0.334974898398279,143,"NDP;PTGIS;PRLR;FOS;CRHBP;FOSB;JUNB;ADRA2A;IGFBP7;IGFBP5;TRO;HPGD;HSD11B2;AVPR1A;TEAD3;BCL2;DDR1;PCSK5;OXTR;IGFBP2;PRDM1;BMPR2;NPPA;ACVR2B;INTS1;EPN1;SPHK2;VMP1;TRIM28;TEAD4;ESR1;AKT1;NR2F2;LGALS9;CLDN4;PSG7;PTGS2;SLC38A2;WNT4"
"Neutral Lipid Catabolic Process","GOBP_NEUTRAL_LIPID_CATABOLIC_PROCESS",-0.400193624112474,-1.27245010821132,0.127659574468085,0.334974898398279,32,"PNPLA3;APOC1;ABHD5;DDHD2;ABHD6"
"Regulation of Ampa Receptor Activity","GOBP_REGULATION_OF_AMPA_RECEPTOR_ACTIVITY",-0.44147479676203,-1.29750640353464,0.127659574468085,0.334974898398279,22,"PSMD8;PSMD7;PSMC6;PSMD14;PSMD1;PSMC1;PSMC2;PSMD6;PSMD13;PSMD12;PSMC5"
"Mitochondrial Fusion","GOBP_MITOCHONDRIAL_FUSION",-0.40665922730746,-1.27613390276814,0.127946127946128,0.335475513619226,29,"BNIP3;YME1L1;TFRC;STOML2;MTCH2;AFG3L2;PARL;NME3;GDAP1"
"Polyol Biosynthetic Process","GOBP_POLYOL_BIOSYNTHETIC_PROCESS",-0.36316932423804,-1.22799320529227,0.128099173553719,0.335625583364755,45,"SPTLC2;SPTSSA;AGK;PPIP5K2;ACER2;SPR;IPMK;CYP2R1;IPPK;GOT1;LHCGR;SCP2;SPTLC1;ASAH1;IP6K2;QDPR;PGP;ITPKA;PLCG2;PLEK;IMPA2"
"Protein Localization to Cell Cell Junction","GOBP_PROTEIN_LOCALIZATION_TO_CELL_CELL_JUNCTION",0.504751331637294,1.29850690404465,0.128508124076809,0.336194143869353,23,"DSP;CGNL1;DLG5;ACTG1;ARHGEF18;TJP2;VCL;JAK1;FLNA"
"Regulation of Brown Fat Cell Differentiation","GOBP_REGULATION_OF_BROWN_FAT_CELL_DIFFERENTIATION",0.52448476861666,1.32603992467407,0.128508124076809,0.336194143869353,20,"PIM1;CBX4;ZBTB7B;SOX13"
"Dna Conformation Change","GOBP_DNA_CONFORMATION_CHANGE",0.548313029918994,1.33179569998921,0.129129129129129,0.337566671148761,17,"HMGB2;TOP2A;TDRD3;HMGB3;BLM;TOP1MT;ERCC3;ABL1;HMGB1"
"Fc Gamma Receptor Signaling Pathway","GOBP_FC_GAMMA_RECEPTOR_SIGNALING_PATHWAY",0.461767946451235,1.2893645861946,0.129251700680272,0.337607601066255,34,"NOS2;PAK1;FYN;LIMK1;FCGR2B;PLA2G6"
"Regulation of Supramolecular Fiber Organization","GOBP_REGULATION_OF_SUPRAMOLECULAR_FIBER_ORGANIZATION",0.322978208422183,1.17137208834626,0.129337539432177,0.337607601066255,308,"SEMA5A;PLEKHH2;LIMCH1;ARHGAP28;PAK3;ARHGEF10L;STMN1;DAAM2;KANK1;HIP1R;ARHGAP6;PICK1;NRP1;FCHSD1;KANK2;PLEKHG2;SSH3;EPS8;CLIP3;NUMA1;CGNL1;PIK3CA;SORBS3;PIK3R1;ARHGEF2;TTC8;PAK1;TMOD2;SPTBN2;WASH3P;ACTG1;INPP5K;TMOD1;APC2;ARHGEF18;TESK1;CDC42EP1;MAPRE3;GBA2;LIMK1;DIAPH3;CD47;AKAP9;TGFB3;TMSB4X;ASAP3;FERMT2;AVIL;FLNA;CHRNA7;WASF3;NCK2;CLASP1"
"Regulation of Vasoconstriction","GOBP_REGULATION_OF_VASOCONSTRICTION",0.437256225529094,1.2924685016883,0.129581151832461,0.337991641749151,46,"CASR;ADRA2A;ACE;KCNMB2;GJA5;AVPR1A;ITGA9;ZDHHC21;OXTR;BMPR2;FAAH"
"Respiratory Gaseous Exchange by Respiratory System","GOBP_RESPIRATORY_GASEOUS_EXCHANGE_BY_RESPIRATORY_SYSTEM",0.430324562352121,1.28890273345702,0.129820051413882,0.338362827457461,50,"DACH1;TRAF4;CC2D1A;ECEL1;TSHZ3;RAB3A;TMPRSS11D;PBX3;COL6A1;NR4A2"
"Positive Regulation of Extracellular Matrix Organization","GOBP_POSITIVE_REGULATION_OF_EXTRACELLULAR_MATRIX_ORGANIZATION",0.503462712128075,1.29519184329191,0.129985228951256,0.338541455030668,23,"TNXB;FSCN1;TGFB2;HPSE;SOX9;CLASP1;SMAD4;EFEMP2;AGT;DDR2;RB1"
"Lipoprotein Metabolic Process","GOBP_LIPOPROTEIN_METABOLIC_PROCESS",-0.331006348193243,-1.22571197854024,0.130232558139535,0.338933618991672,71,"APOC1;PCSK9;APOA1;GOLGA7;PIK3C3;APOE;PPT1;LIPA;ABCA1;HHAT;ABHD10;RAB3GAP1;ITGAV;NMT2;DGAT2;ZDHHC9;SCP2;APOL3;PORCN;MTTP"
"Protein Autophosphorylation","GOBP_PROTEIN_AUTOPHOSPHORYLATION",0.37260829098248,1.23024734062329,0.130331753554502,0.338939964885985,101,"DAPK1;SIK1;PIM1;MEX3B;NRG1;INSR;STK33;MAP3K12;ULK2;DDR1;MELK;FGFR1"
"Inner Ear Receptor Cell Development","GOBP_INNER_EAR_RECEPTOR_CELL_DEVELOPMENT",0.45927472380178,1.29467903379377,0.130434782608696,0.338956263707909,36,"HES1;VANGL2;KCNQ1;TTC8;FGFR1;TECTA"
"Detection of Abiotic Stimulus","GOBP_DETECTION_OF_ABIOTIC_STIMULUS",0.394396770688077,1.25008256837047,0.130653266331658,0.339272343928687,79,"JUP;COL11A1;KCNQ1;PKD1L3;PITPNM1;SCN9A;FYN;CDS1;ROM1;PLEKHB1;ELOVL4;GRIK2;PKDREJ;CHRNA10;NR2E3;STRC;MMP24;PKD1;ATP8A2;TMEM87A;GRK4;GNA11;SCN11A;CDH2;PRPH2;CABP4;DISC1;TRPV1;LXN;OPN1SW;PDE6B;WDR47;TACR1"
"Face Development","GOBP_FACE_DEVELOPMENT",0.441306849961714,1.28924820485139,0.130779392338177,0.339348304711581,43,"WNT5A;PRICKLE1;TGFB2;ALDH1A2;CSRNP1;GRHL2;RARG;TGFB3;PLEKHA1;DLX5;SRF;CHD7;RRAS;ZFAND5"
"Cytoplasmic Microtubule Organization","GOBP_CYTOPLASMIC_MICROTUBULE_ORGANIZATION",0.415729666586284,1.27053375281915,0.132051282051282,0.341951498417214,59,"KANK1;PPFIBP1;CLIP3;NUMA1;PLK1;CEP120;CLIP2;HOOK1;AXIN1;PLK3;HOOK2;CLASP1;KATNA1"
"Dna Strand Elongation","GOBP_DNA_STRAND_ELONGATION",-0.393433585060692,-1.25950802061591,0.132075471698113,0.341951498417214,35,"INO80C;POLD2;RFC3;RUVBL1;UCHL5;ACTR5;ACTL6A;RUVBL2;POLE3;POT1"
"Hormone Transport","GOBP_HORMONE_TRANSPORT",0.332393574467657,1.18383824541246,0.132034632034632,0.341951498417214,217,"SOX4;SYTL4;NOS2;FOXO1;CASR;TNFSF11;LRP5;CRHBP;IRS1;ADRA2A;PICK1;ABAT;C1QTNF1;RIMS2;KCNQ1;LTBP4;RAB3A;ILDR2;FZD4;TBX3;FGFR1;AQP1;MYRIP;PAX8;ABCA12;CPT1A;C2CD2L;TACR2;FOXL2;INHBB;GABBR1;ACVR2B;GDF9;TCF7L2;PLA2G6;GNRHR;NNAT;GNAO1;EXOC3L1;C1QTNF3;SLC16A2;CHD7;SLC7A8;SMPD3;TOR2A"
"Granulocyte Activation","GOBP_GRANULOCYTE_ACTIVATION",-0.360369373240941,-1.21852566337693,0.132231404958678,0.342047118932728,45,"ENPP3;CCR2;PTPN11"
"Ire1 Mediated Unfolded Protein Response","GOBP_IRE1_MEDIATED_UNFOLDED_PROTEIN_RESPONSE",-0.464504102969361,-1.34069215785363,0.132307692307692,0.342047118932728,20,"HSPA5;VAPB;ERN1;COPS5;FICD"
"Circadian Rhythm","GOBP_CIRCADIAN_RHYTHM",0.348296233980444,1.19947027666524,0.133105802047782,0.343856655290102,158,"SIK1;ID3;NOS2;ID1;NPY2R;IGF1;KDM5A;EGR3;MAPK10;GPR157;NONO;ADCY1;CRTC1;HUWE1;EGR1;PRKCG;CDK1;SCN9A;ASS1;COL6A1;TOP2A;KLF10;TP53;NTRK2;CSNK1E"
"Cgas Sting Signaling Pathway","GOBP_CGAS_STING_SIGNALING_PATHWAY",-0.424975568938017,-1.28673225177349,0.133333333333333,0.343937162493864,24,"ENPP3;SMPDL3A"
"Interleukin 2 Production","GOBP_INTERLEUKIN_2_PRODUCTION",-0.323459015816514,-1.19441811300905,0.133333333333333,0.343937162493864,67,"NR1H4;CCR2;PSMA2;PSMA1;PSMB8;PSMB1;PSMA5;PNP;NAV3;GLMN;PSMA6;STOML2;MAP3K7;PSMB3;PSMA4;PSMB9;PSMB4;CD28;SPTBN1"
"Nitric Oxide Mediated Signal Transduction","GOBP_NITRIC_OXIDE_MEDIATED_SIGNAL_TRANSDUCTION",0.547277211754488,1.32927980468454,0.133633633633634,0.344458144678895,17,"NOS2;NPY2R;NDNF"
"Postsynaptic Specialization Assembly","GOBP_POSTSYNAPTIC_SPECIALIZATION_ASSEMBLY",0.49647382815202,1.28290854352684,0.133928571428571,0.344711084286764,24,"PRICKLE1;GRID2;PTPRS;SPTBN2;FGFR1;PTPRD"
"Vascular Endothelial Cell Response to Fluid Shear Stress","GOBP_VASCULAR_ENDOTHELIAL_CELL_RESPONSE_TO_FLUID_SHEAR_STRESS",0.496226133802068,1.28226849126281,0.133928571428571,0.344711084286764,24,"ADCY1;ADCY3;SOCS5;ADCY2;PRKAR1B;PKN2;AKT1;ADCY6;CAPN2;PRKACA;ABL1;ADCY5"
"Regulation of Lymphocyte Apoptotic Process","GOBP_REGULATION_OF_LYMPHOCYTE_APOPTOTIC_PROCESS",0.429443627140439,1.27829960807409,0.134114583333333,0.344936406326481,48,"WNT5A;TGFB2;ARG2;FOXP1;IL10;PRKCQ;TP53;PRKD2"
"Regulation of Bone Remodeling","GOBP_REGULATION_OF_BONE_REMODELING",0.455984706605475,1.2829387857554,0.134328358208955,0.345232750407902,35,"FSHR;TNFSF11;LTBP3;TNFAIP3;MDK;CLDN18;GPR137;SYT7;GREM1;SFRP1"
"Hematopoietic Stem Cell Differentiation","GOBP_HEMATOPOIETIC_STEM_CELL_DIFFERENTIATION",0.479500404352846,1.2881983982238,0.134670487106017,0.345604920390021,28,"ACE;LMBR1L;CDK6;TP53;TMSB4X;EXT1;ERCC2;SRF;N4BP2L2;TAL1;SFRP1"
"Negative Regulation of Intrinsic Apoptotic Signaling Pathway","GOBP_NEGATIVE_REGULATION_OF_INTRINSIC_APOPTOTIC_SIGNALING_PATHWAY",-0.299962860658119,-1.17715229808135,0.13460304182245,0.345604920390021,90,"PPIA;ENO1;SOD2;MAP2K1;NOL3;PARK7;PYCR1;PPIF;HDAC1;MDM2;RRN3;CTNNB1;USP47;FGF2;GPX1;DNAJA1;MIF;CD44;GRINA;TRAP1;FIGNL1;PARL;STAT3"
"Ephrin Receptor Signaling Pathway","GOBP_EPHRIN_RECEPTOR_SIGNALING_PATHWAY",0.439178574453509,1.28875729385583,0.134993446920052,0.345926879708079,44,"PAK3;EFNB1;NGEF;PAK1;FYN;KALRN;ANKS1A;EPHB4;NCK2;EPHA6;CHN1;SS18;EFNB3;EFNA5;EFNA1"
"Positive Regulation of Epithelial to Mesenchymal Transition","GOBP_POSITIVE_REGULATION_OF_EPITHELIAL_TO_MESENCHYMAL_TRANSITION",0.439506428821223,1.28971937336583,0.134993446920052,0.345926879708079,44,"TNXB;TGFB2;TGFB1I1;JAG1;MDK;TCF7L2;TGFB3;FERMT2;KDM1A;SMAD4;AXIN2"
"Mitochondrial Transmembrane Transport","GOBP_MITOCHONDRIAL_TRANSMEMBRANE_TRANSPORT",-0.462547362730109,-1.33504444392182,0.135384615384615,0.346675663517769,20,"UCP2;SFXN1;VDAC1;SFXN4;SLC25A20;VDAC2"
"Negative Regulation of Muscle Cell Apoptotic Process","GOBP_NEGATIVE_REGULATION_OF_MUSCLE_CELL_APOPTOTIC_PROCESS",0.454299872674529,1.27819841011066,0.135685210312076,0.34709515473792,35,"IGF1;HAND2;NRG1;MYOCD;LRP6;PAX8;GPR35;AMBRA1;MDK"
"Regulation of Amide Metabolic Process","GOBP_REGULATION_OF_AMIDE_METABOLIC_PROCESS",-0.333286852445076,-1.20374213639794,0.135746606334842,0.34709515473792,62,"PGK1;PDK1;SPON1;TPK1;CASP3;APOE;PRKAA1;PDK3;SLC2A13"
"Peripheral Nervous System Development","GOBP_PERIPHERAL_NERVOUS_SYSTEM_DEVELOPMENT",0.41464865630432,1.26723001926157,0.135897435897436,0.347227365389291,59,"EGR2;HAND2;NRG1;EGR3;ERBB2;VCAM1;MED12;CDK1;COL6A1;EDNRB;NTRK2;PRX;NAB2;AKT2;NAB1;AKT1;DAG1;ERBB3;NFASC;LAMB2;GPC1"
"Cortical Cytoskeleton Organization","GOBP_CORTICAL_CYTOSKELETON_ORGANIZATION",0.425478173799316,1.27884178056683,0.136363636363636,0.348164590511529,52,"IQGAP3;KANK1;LLGL2;PPFIBP1;ANLN"
"Dna Methylation Dependent Constitutive Heterochromatin Formation","GOBP_DNA_METHYLATION_DEPENDENT_CONSTITUTIVE_HETEROCHROMATIN_FORMATION",0.472596490011836,1.27996636391199,0.13758865248227,0.351036452764305,29,"DNMT3A;SETDB1;MOV10L1;PPM1D;TDRD12;EHMT2;TRIM28;ZNF304;SIRT1;CTCF;SPIN1;DNMT1;BEND3;EHMT1;MBD2;HELLS"
"Estrogen Receptor Signaling Pathway","GOBP_ESTROGEN_RECEPTOR_SIGNALING_PATHWAY",0.435136704076422,1.27122253970032,0.138705416116248,0.353628146037277,43,"FSHR;ESR2;KANK2;BRCA1;TADA3;PAK1"
"Negative Regulation of Neuron Differentiation","GOBP_NEGATIVE_REGULATION_OF_NEURON_DIFFERENTIATION",0.446102099526258,1.27461127998499,0.139189189189189,0.354266655907905,39,"ASPM;HES1;CNTN4;JAG1;EIF4ENIF1;MAG;FOXG1;SOX9;NOTCH3;CNTN2"
"Vacuole Organization","GOBP_VACUOLE_ORGANIZATION",-0.257530760627934,-1.14660229841739,0.139058382228792,0.354266655907905,222,"BNIP3;CREG1;HEXB;OSBPL10;MTM1;RALB;FNIP1;TMEM165;PIK3C3;SCFD1;ANXA2;PPT1;MFSD8;HOOK3;LIPA;EPM2A;ABCA1;MAN2A1;CLN5;TBC1D14;ULK3;ARL8B;AKTIP;ATP6AP1;HSD17B1;TCIRG1;RAB3GAP1;PSEN1;RAB1A;TMEM9;ATG4A;LAMTOR1;GABARAPL2;PIK3C2B;ATG4C;SNX7"
"Vascular Associated Smooth Muscle Cell Differentiation","GOBP_VASCULAR_ASSOCIATED_SMOOTH_MUSCLE_CELL_DIFFERENTIATION",0.492152175559861,1.28278842451002,0.139259259259259,0.354266655907905,25,"HES1;PDGFB;MYOCD;C3;NFATC1;APLNR;SRF;GATA6;EFEMP2;HEY2;DNMT1;CTH;EDNRA;CFD;NFATC3"
"Cell Junction Maintenance","GOBP_CELL_JUNCTION_MAINTENANCE",0.437691908664222,1.27389420182998,0.14021164021164,0.354804104579207,42,"PRICKLE1;RIMS1;RIMS2;RAB3A;RIMS3;ERC2;BSN;SYNGAP1;FERMT2;C1QTNF3;F2R;TJP1;ERC1;SORT1;DCTN1;MYADM"
"Cell Proliferation Involved in Kidney Development","GOBP_CELL_PROLIFERATION_INVOLVED_IN_KIDNEY_DEVELOPMENT",0.544443947250487,1.32239809792678,0.13963963963964,0.354804104579207,17,"PDGFB;EGR1;PDGFD;LIN28A;PDGFA;PTCH1;WT1"
"Dna Templated Dna Replication Maintenance of Fidelity","GOBP_DNA_TEMPLATED_DNA_REPLICATION_MAINTENANCE_OF_FIDELITY",0.413990652869759,1.25872313193915,0.14028314028314,0.354804104579207,57,"POLQ;SAMHD1;BRCA1;MCM8;CDK9;PHIP;EXO1;ATRX;MUS81;TONSL;BRCA2;RFWD3;BARD1;RBBP8;EME1;POLE;DDX11;POLD1;ZRANB3;BLM"
"Myeloid Leukocyte Cytokine Production","GOBP_MYELOID_LEUKOCYTE_CYTOKINE_PRODUCTION",0.471690469544271,1.277512524859,0.140425531914894,0.354804104579207,29,"WNT5A;NR4A3;SEMA7A;TGFB2"
"Protein Polymerization","GOBP_PROTEIN_POLYMERIZATION",0.326542790752481,1.16813016251949,0.140407288317256,0.354804104579207,230,"ARHGAP28;PAK3;STMN1;DAAM2;KANK1;UBE2C;HIP1R;ARHGAP6;FCHSD1;KANK2;PLEKHG2;SSH3;EPS8;CLIP3;NUMA1;ANG;UBE2S;PAK1;TMOD2;SPTBN2;TMOD1;TRIM6;MICALL2;CEP192;AMBRA1;CDC42EP1;MAPRE3;GBA2;FBXO5;DIAPH3;AKAP9;MZT1;TMSB4X;TUBA1A;AVIL;WASF3;NCK2;CLASP1"
"Regulation of Leukocyte Differentiation","GOBP_REGULATION_OF_LEUKOCYTE_DIFFERENTIATION",0.324795644860724,1.17134397172614,0.140127388535032,0.354804104579207,285,"SOX4;FSHR;TNFSF11;ZBTB16;LRRC17;TNFSF4;PRKCZ;FOS;CD101;JUNB;EGR3;ERBB2;SMARCC2;TMEM176B;FSTL3;PIK3R1;FOXP1;ZFP36L2;ZBTB7B;TMEM176A;IRF1;IL10;AXL;SMARCA2;KLF10;CDK6;SOX13;PRDM1;TCF7;AMBRA1;MDK;MMP14;AGER;TLR3;FCGR2B;CLDN18;SOCS5;IRF7;BRD7;GAS6;C1QC;CTNNBIP1;CSF1;IL18;FANCD2;ARID2;NFKBIZ;BRD2;GPR137;CEACAM1;LGALS9;ARID1B;CEBPB;ARID1A;SH3RF1;LAG3;HMGB3;RAG1;SART1;TAL1;HLA-DRB1;ZNF675;TOB2;SOX12;SFRP1;SMARCC1;NDFIP1;SMAD7;FBXO7;LOXL3;RB1;TRAF6;ACIN1;SMARCD1;BRAF"
"Regulation of Smooth Muscle Contraction","GOBP_REGULATION_OF_SMOOTH_MUSCLE_CONTRACTION",0.456674496698531,1.2873490865112,0.139945652173913,0.354804104579207,36,"NPNT;NPY2R;ADRA2A;ABAT;MYOCD;ZDHHC21;TNNI3;TACR2;SRF;F2R"
"Response to Mechanical Stimulus","GOBP_RESPONSE_TO_MECHANICAL_STIMULUS",0.346631207920938,1.19373622308267,0.139931740614334,0.354804104579207,158,"JUP;FOS;FOSB;BTG2;JUN;COL11A1;KCNQ1;PIK3CA;PKD1L3;IRF1;AQP1;SCN9A;CHEK1;COL6A1;FYN;THBS1;IGFBP2;FOXP2;MDK;CNN2;MMP14;MAG;KCNC1;LRP11;NPPA;SOX9;TLR3;ARRDC3;SLC1A3;ARRDC2;TUBA1A;PKDREJ;CHRNA10;CASP8AP2;PTCH1;STRC;DAG1;GAB1;RELA;PKD1;ATAT1;JUND;NFKBIA;CCNB1;ATP8A2;SLC38A2;XPC;TMEM87A"
"Transcription Initiation at Rna Polymerase i Promoter","GOBP_TRANSCRIPTION_INITIATION_AT_RNA_POLYMERASE_I_PROMOTER",-0.435777589097414,-1.28076215566064,0.139817629179331,0.354804104579207,22,"POLR1C;POLR1B;RRN3;POLR2H;POLR2L;POLR2F;POLR2K"
"Xenobiotic Transmembrane Transport","GOBP_XENOBIOTIC_TRANSMEMBRANE_TRANSPORT",0.547536121758616,1.30861065134876,0.140483383685801,0.354804104579207,16,"ABCA8;SYT1;SLC29A1;ABCC3;ATP8B1"
"Cellular Response to Nutrient","GOBP_CELLULAR_RESPONSE_TO_NUTRIENT",0.44507836452736,1.27940889675321,0.140750670241287,0.355223053209818,40,"CASR;PIM1;KANK2;PDK2;MN1;LPL;SNAI2;GAS6;SRF;PHEX;FOLR2;MAT2A;SFRP1;RXRB"
"Intermembrane Lipid Transfer","GOBP_INTERMEMBRANE_LIPID_TRANSFER",-0.392242365087865,-1.25627539405598,0.142322097378277,0.356874951407376,34,"PITPNA;OSBPL10;PLEKHA8P1;PLTP;TNFAIP8L3;OSBP;NME4"
"Mitotic Recombination","GOBP_MITOTIC_RECOMBINATION",0.491798565301496,1.28186674384142,0.142222222222222,0.356874951407376,25,"SMC6;MUS81;RAD51D;ERCC2;RAD52;BRCA2;XRCC1;TEP1;EME1"
"Positive Regulation of Cellular Response to Insulin Stimulus","GOBP_POSITIVE_REGULATION_OF_CELLULAR_RESPONSE_TO_INSULIN_STIMULUS",0.51634560731493,1.30546191462447,0.141802067946824,0.356874951407376,20,"PRKCZ;IRS1;SORBS1;PAK1;ZBTB7B;MYO1C"
"Positive Regulation of Neuroinflammatory Response","GOBP_POSITIVE_REGULATION_OF_NEUROINFLAMMATORY_RESPONSE",-0.474062857763431,-1.27681703500176,0.141618497109827,0.356874951407376,15,"CTSC;IL33;MAPK1;CCR1;TTC1;PLCG2"
"Regulation of Neuron Apoptotic Process","GOBP_REGULATION_OF_NEURON_APOPTOTIC_PROCESS",0.339397282515973,1.18787168979517,0.141899441340782,0.356874951407376,186,"PTPRZ1;GRID2;NR4A3;SLC25A27;NDNF;BTG2;TGFB2;JUN;NRP1;PAWR;CITED1;PIK3CA;NONO;MAP3K12;BCL2;EGR1;IL10;NRBP2;PRKCG;KIF14;CHL1;FYN;LONRF2;AXL;NR4A2;AMBRA1;MDK;NTRK2;MAG;GSK3A;MAP2K7;FCGR2B;BOK;SYNGAP1;TGFB3;GRIK2;TYRO3;CASP7;DDIT3;F2R"
"Regulation of Neurotransmitter Transport","GOBP_REGULATION_OF_NEUROTRANSMITTER_TRANSPORT",0.398297531048121,1.24649358904796,0.142131979695431,0.356874951407376,73,"RIMS1;RIMS4;SYT2;SYT11;GPM6B;RIMS2;RAB3A;RIMS3;PRKCG;TACR2;CSPG5;SYT1;SYT5;SNCG;DTNBP1;FBXL20;SYN1;SLC38A2"
"Signal Transduction by P53 Class Mediator","GOBP_SIGNAL_TRANSDUCTION_BY_P53_CLASS_MEDIATOR",0.342961716868331,1.18896150086058,0.142207053469852,0.356874951407376,164,"SOX4;DDIT4;ZNF385B;PMAIP1;GTSE1;RPS6KA6;ING2;PPP1R13B;BCL2;PDK2;FOXM1;CHEK1;PPP1R15A;SGK1;SNAI2;TP53;NUAK1;TOPORS;PPM1D;PLK2;PLK3;CDK5RAP3;HIC1;DVL2;ATRX;BOK;ERCC2;USP28;BRCA2;KDM1A;BAG6;WWOX;E2F7;AKT1;TAF3;E2F1;SIRT1;BCL3;PTTG1IP"
"Type 2 Immune Response","GOBP_TYPE_2_IMMUNE_RESPONSE",0.462126799991073,1.27348715945262,0.141666666666667,0.356874951407376,32,"TNFSF4;PRKCZ;ARG2;MYB;IL10;SOCS5;DENND1B;IL18;ECM1;BCL3;NDFIP1"
"Vascular Wound Healing","GOBP_VASCULAR_WOUND_HEALING",0.545833256819051,1.30454080625696,0.141993957703928,0.356874951407376,16,"NDNF;HPSE;MCAM;TNFAIP3;ALOX5;KDR"
"Potassium Ion Homeostasis","GOBP_POTASSIUM_ION_HOMEOSTASIS",0.501117494957672,1.28558493166975,0.142644873699851,0.357428463927453,22,"FXYD6;KCNQ1;SLC12A4;SLC12A5;KLHL3"
"Negative Regulation of Cd4 Positive Alpha Beta t Cell Differentiation","GOBP_NEGATIVE_REGULATION_OF_CD4_POSITIVE_ALPHA_BETA_T_CELL_DIFFERENTIATION",0.515458265748409,1.30321847417693,0.14327917282127,0.358504958852079,20,"TNFSF4;ZBTB7B;SOCS5;SMAD7;LOXL3;RUNX1;HMGB1"
"Positive Regulation of Chemokine Production","GOBP_POSITIVE_REGULATION_OF_CHEMOKINE_PRODUCTION",0.425928027169354,1.27085904675367,0.143229166666667,0.358504958852079,49,"WNT5A;TNFSF4;C5;HMOX1;EGR1;LPL;AGER;TLR3;MAVS;IL18"
"Cellular Response to Steroid Hormone Stimulus","GOBP_CELLULAR_RESPONSE_TO_STEROID_HORMONE_STIMULUS",0.348273562005337,1.19543758673185,0.143513203214696,0.358834226167794,154,"FSHR;CALCOCO1;NR4A3;DDIT4;IGF1;ESR2;KANK2;HEYL;NR3C2;BRCA1;FOXP1;TADA3;ZFP36;ZFP36L2;PAK1;AQP1;ASS1;SGK1;ZNF764;TRIM68;GSK3A;CYP7B1;TCF7L2;PAQR8;SSTR2;KDM1A;FBXO32;ESR1;NR2E3;AXIN2"
"Regulation of Mitochondrial Fission","GOBP_REGULATION_OF_MITOCHONDRIAL_FISSION",-0.406754449969676,-1.24996230391444,0.143730886850153,0.359122180196923,25,"BNIP3;DDHD2;PGAM5;FIS1"
"Negative Regulation of Intracellular Transport","GOBP_NEGATIVE_REGULATION_OF_INTRACELLULAR_TRANSPORT",-0.343339112814256,-1.19017255023899,0.14410480349345,0.359799805158628,51,"PCSK9;PARK7;ANGPT1;YOD1;NUP153;SNX3;MTMR4;DERL2;UBE2J1;ARFIP1;INSIG1;UBAC2;UFM1;YWHAE;CRYAB;VPS35"
"Ribosomal Large Subunit Assembly","GOBP_RIBOSOMAL_LARGE_SUBUNIT_ASSEMBLY",-0.458686212835327,-1.32390005714216,0.144615384615385,0.360817444663599,20,"RPF2;MRTO4;NDUFAB1;NSUN4;RPL5;MTG1;RPL11;FASTKD2;TUFM"
"Release of Cytochrome c from Mitochondria","GOBP_RELEASE_OF_CYTOCHROME_C_FROM_MITOCHONDRIA",-0.348509907604724,-1.20843066899245,0.145299145299145,0.362007756744599,49,"BNIP3;GGCT;FAM162A;SOD2;NOL3;PPIF"
"Segmentation","GOBP_SEGMENTATION",0.412084103154663,1.25516688175541,0.145244215938303,0.362007756744599,58,"WNT5A;EGR2;FZD5;NRP1;SEMA3C;NKD1;TBX3;MED12;DVL2;NRP2;ACD;SMAD4;AXIN2"
"Genomic Imprinting","GOBP_GENOMIC_IMPRINTING",0.527508133989566,1.29598603813407,0.145427286356822,0.362069498299891,18,"ZDBF2;CDKN1C;PIK3CA;DNMT3A;GSK3A;TRIM28;DIRAS3;PRMT7;CTCF"
"Response to Corticosteroid","GOBP_RESPONSE_TO_CORTICOSTEROID",0.368440708282933,1.21889881971324,0.145539906103286,0.362092536278276,99,"S100B;DDIT4;FOS;FOSB;CDO1;IGFBP7;DUSP1;HSD11B2;AVPR1A;PIK3CA;ZFP36;BCL2;ZFP36L2;IL10;AQP1;ASS1;SGK1;FOSL2;IGFBP2;MDK;ZNF764;GSK3A"
"Rna Export from Nucleus","GOBP_RNA_EXPORT_FROM_NUCLEUS",-0.312840768382425,-1.19162688375643,0.14572864321608,0.36230478153721,82,"CETN2;XPOT;XPO5;RAN;AGFG1;ERH;SSB;NUP153;MAGOHB;ZC3H11A;NCBP2;NUP155;MAGOH;NUP188;SMG5;THOC7;EIF4E;CETN3;FYTTD1;NUP160;DHX9;DDX19B;RAE1;THOC3"
"Regulation of Macroautophagy","GOBP_REGULATION_OF_MACROAUTOPHAGY",-0.261831793653388,-1.12058024786448,0.146171183862626,0.36304432256788,179,"BNIP3;UCHL1;GAPDH;MTM1;VDAC1;HK2;RALB;HSPB8;CASP3;PIK3C3;EIF2AK1;SCFD1;RBX1;FBXW7;SPTLC2;EPM2A;VPS26A;PSMD14;ERN1;ATP6V1E1;PIM2;RAB3GAP1;GNAI3;MAP3K7;SNX7;SPTLC1;SKP1;SLC25A4;UBQLN1;USP33;PARL;SEC22B;ATP6V1G1;SREBF1;ATP6V1B2;LYPLA1;NOD2;ATP6V1H;FEZ2;VPS35"
"Regulation of Postsynaptic Neurotransmitter Receptor Internalization","GOBP_REGULATION_OF_POSTSYNAPTIC_NEUROTRANSMITTER_RECEPTOR_INTERNALIZATION",0.514286329938357,1.30025550219705,0.146233382570162,0.36304432256788,20,"IQSEC2;NRG1;SUSD4;USP6;CBLB"
"Response to Fatty Acid","GOBP_RESPONSE_TO_FATTY_ACID",-0.35676608718959,-1.19113007844122,0.146443514644351,0.363308521104223,44,"CLDN1;UCP2;NR1H4;FABP3;BOLA3;CAT;AKR1C2;ACSL1;ALAD;PDK3;INSIG2"
"Autophagy of Mitochondrion","GOBP_AUTOPHAGY_OF_MITOCHONDRION",-0.286036747939084,-1.13943217034946,0.146656744035401,0.363580024314232,104,"BNIP3;VDAC1;SPATA18;HK2;PARK7;EIF2AK1;NIPSNAP1;RBX1;FBXW7;CISD2;ULK3;ATG4A;GABARAPL2;TIMM23;ARHGAP26;ATG4C;SNX7;SKP1;SLC25A4;PARL;SLC25A46;SREBF1;NOD2"
"Cellular Response to Glucagon Stimulus","GOBP_CELLULAR_RESPONSE_TO_GLUCAGON_STIMULUS",0.541523025326731,1.31530348035288,0.147147147147147,0.364537805131865,17,"ADCY1;ASS1;ADCY3;ADCY2;PRKAR1B;ADCY6;CPS1;PRKACA"
"Integrated Stress Response Signaling","GOBP_INTEGRATED_STRESS_RESPONSE_SIGNALING",0.429674237852949,1.27442559708513,0.147712418300654,0.364905924758244,47,"AKT3;FOS;JUN;JUNB;CREBZF;CEBPD;PPP1R15A;NFE2L3;NFE2L1;BOK;DDIT3;NCK2;AKT2;AKT1;CEBPB"
"Regulation of Cardiac Muscle Cell Action Potential","GOBP_REGULATION_OF_CARDIAC_MUSCLE_CELL_ACTION_POTENTIAL",0.496205819294034,1.27652299616604,0.147710487444609,0.364905924758244,23,"JUP;CAMK2D;ANK2;DSP;GJA5"
"Response to Pain","GOBP_RESPONSE_TO_PAIN",0.513678640422891,1.29871909807718,0.147710487444609,0.364905924758244,20,"PRKCG;SCN9A;COL6A1;THBS1;EDNRB;AKT1;ATAT1;SCN11A;CAPN2"
"Synaptic Membrane Adhesion","GOBP_SYNAPTIC_MEMBRANE_ADHESION",0.513842949144205,1.2991345151445,0.147710487444609,0.364905924758244,20,"GPC4;PTPRS;PCDH17;ITGA3;PTPRD;MDGA1;LRFN3;SLITRK2"
"Inner Ear Receptor Cell Stereocilium Organization","GOBP_INNER_EAR_RECEPTOR_CELL_STEREOCILIUM_ORGANIZATION",0.48868338884208,1.27374707577758,0.148148148148148,0.365724427739932,25,"HES1;VANGL2;TTC8;TECTA;IFT27;STRC"
"Muscle Organ Morphogenesis","GOBP_MUSCLE_ORGAN_MORPHOGENESIS",0.425249739983141,1.26581591063241,0.1484375,0.36592298557354,48,"ZFPM2;VANGL2;TGFB2;NRG1;COL11A1;DSP;TNNI3;UBE4B;CHD7;FGFR2;SMAD4;EFEMP2"
"Negative Regulation of Tumor Necrosis Factor Superfamily Cytokine Production","GOBP_NEGATIVE_REGULATION_OF_TUMOR_NECROSIS_FACTOR_SUPERFAMILY_CYTOKINE_PRODUCTION",0.42514634743222,1.26550814810208,0.1484375,0.36592298557354,48,"IGF1;SYT11;ARG2;IL10;MC1R;THBS1;AXL;TNFAIP3;NLRC3;ACP5;GAS6;ELF4;GPNMB;CHRNA7"
"Camera Type Eye Photoreceptor Cell Differentiation","GOBP_CAMERA_TYPE_EYE_PHOTORECEPTOR_CELL_DIFFERENTIATION",0.538007735531385,1.30676520462679,0.148648648648649,0.366185806059224,17,"NDP;TTC8;NTRK2;ROM1;SOX9"
"Positive Regulation of Muscle Hypertrophy","GOBP_POSITIVE_REGULATION_OF_MUSCLE_HYPERTROPHY",0.490497438697632,1.26746531035779,0.148809523809524,0.366324498878961,24,"NR4A3;CAMK2D;IGF1;HAND2;PDE9A;APLNR"
"Regulation of Cholesterol Biosynthetic Process","GOBP_REGULATION_OF_CHOLESTEROL_BIOSYNTHETIC_PROCESS",-0.433998423650066,-1.27553314014761,0.148936170212766,0.366378795123117,22,"SEC14L2;LPCAT3;APOE;PRKAA1;MAPK1;ERLIN2;INSIG1;ERLIN1;GPR146;SREBF1"
"Icosanoid Transport","GOBP_ICOSANOID_TRANSPORT",0.461507731817623,1.26168353513085,0.149085794655415,0.366388101538558,30,"NOS2;PLA2G5;TNFSF11;ACE"
"Negative Regulation of Regulatory t Cell Differentiation","GOBP_NEGATIVE_REGULATION_OF_REGULATORY_T_CELL_DIFFERENTIATION",-0.467451993305651,-1.30709484612821,0.149253731343284,0.366388101538558,18,"PSMA2;PSMA1;PSMB8;PSMB1;PSMA5;PSMA6;PSMB3;PSMA4;PSMB9;PSMB4"
"Regulation of Cellular Response to Hypoxia","GOBP_REGULATION_OF_CELLULAR_RESPONSE_TO_HYPOXIA",-0.468402999710312,-1.30975406159412,0.149253731343284,0.366388101538558,18,"ENO1;MAP2K1;NOL3;EPHA4;STAT3;TMBIM6;COMMD1;CHCHD2"
"Signal Transduction in Absence of Ligand","GOBP_SIGNAL_TRANSDUCTION_IN_ABSENCE_OF_LIGAND",0.415544485191976,1.25295357455906,0.149544863459038,0.366845697967093,54,"IGF1;TGFB2;NRG1;SRPX;BCL2;FGFR1;FYN;SNAI2;KLF4;GSK3A;BOK"
"Calcium Mediated Signaling","GOBP_CALCIUM_MEDIATED_SIGNALING",0.341152048611866,1.18664502526953,0.150055991041433,0.367629547272935,172,"HOMER2;TNFSF11;CAMK2D;GRIK1;IGF1;ANK2;KCNJ8;INPP5A;AVPR1A;NCALD;CHP2;PDK2;SELE;SAMD14;TNNI3;OPRL1;CMKLR1;CAMTA1;EDNRB;GSTM2;NFATC1;SGCD;NUDT4;PPP1R9A;GRIK2;CCR9;TMEM38A;SPPL3;PPP1R9B;CX3CR1;CACNA1C;CD22;C3AR1;ERBB3;PLCG1"
"Regulation of t Helper 17 Cell Differentiation","GOBP_REGULATION_OF_T_HELPER_17_CELL_DIFFERENTIATION",0.498170701887826,1.27802512223291,0.150074294205052,0.367629547272935,22,"JUNB;ZBTB7B;NFKBIZ;BRD2;SMAD7;LOXL3"
"Amyloid Fibril Formation","GOBP_AMYLOID_FIBRIL_FORMATION",-0.37999258421217,-1.22540435491061,0.150375939849624,0.367810020418185,36,"APOE;B2M;MDM2;FKBP1A;NUP153;PFDN6;PSEN1;CRYAB;USP8;FUS;PFDN5;SNCA;VBP1;APP;USP9X;SIAH2;TARDBP"
"Negative Regulation of Immune Effector Process","GOBP_NEGATIVE_REGULATION_OF_IMMUNE_EFFECTOR_PROCESS",-0.2994478141173,-1.17598486597856,0.150346048924918,0.367810020418185,93,"ENPP3;HLA-G;CD59;APOA1;CCR2;ANGPT1;HLA-A;IL33;DUSP10;HLA-B;CD46;MICA;IRAK3;PARP3"
"Regulation of Carbohydrate Metabolic Process","GOBP_REGULATION_OF_CARBOHYDRATE_METABOLIC_PROCESS",0.351476242488204,1.19468193755156,0.150462962962963,0.367810020418185,131,"SIK1;NNMT;FOXO1;DDIT4;IGFBP3;IRS1;IGF1;PMAIP1;SORBS1;PDGFB;ENPP1;INSR;C1QTNF1;IER3;GRB10;PDK2;DGKQ;INPP5K;ZBTB20;TP53;NFE2L1;GSK3A;TCF7L2;MST1"
"Regulation of Protein Containing Complex Assembly","GOBP_REGULATION_OF_PROTEIN_CONTAINING_COMPLEX_ASSEMBLY",0.315969667818718,1.15411936822934,0.151041666666667,0.368801544130549,344,"HES1;CASR;ARHGAP28;PRKCZ;PAK3;STMN1;DAAM2;KANK1;FSCN1;HIP1R;FCHSD1;KANK2;PLEKHG2;NRG1;PPP2R5B;SSH3;BCL11A;EPS8;DAB2IP;CLIP3;NUMA1;FARP2;SVIP;DACT1;BMF;ZNF827;PAK1;HJURP;TMOD2;SPTBN2;ZDHHC1;KCNK6;KIF14;BRSK1;TRAF2;TMOD1;TRIM11;TP53;KIF9;AMBRA1;VPS8;NLRC3;CDC42EP1;MAPRE3;GBA2;SOX9;ULK1;AKAP9;TMSB4X;MAVS;CTNNBIP1;FERMT2;AVIL"
"Regulation of Secretion","GOBP_REGULATION_OF_SECRETION",0.310455231817066,1.14505250704514,0.151079136690647,0.368801544130549,421,"SOX4;SYTL4;NOS2;ATP9A;RIMS1;NPY2R;FOXO1;CASR;TNFSF11;LRP5;RIMS4;CRHBP;MICAL1;SYT2;IRS1;IGF1;HIP1R;TGFB2;ADRA2A;PICK1;ABAT;SYT11;NRG1;C1QTNF1;APBB1;GJA5;RIMS2;KCNQ1;ANG;AVPR1A;RAB15;GAB2;RAB3A;RIMS3;APBB3;WNK3;PRKCG;FGFR1;FRMD4A;AQP1;MYRIP;NEO1;PAX8;SGK1;ABCA12;CPT1A;C2CD2L;TACR2;ADORA3;FOXL2;INHBB;GABBR1;GDF9;CSPG5;FCGR2B;TCF7L2;TGFB3;PLA2G6;SYT1;NNAT;GNAO1;DISP1;SPHK2;SYT5;C1QTNF3;RHBDF1;F2R;CHD7;FUT10;CHRNB2;CLASP1;SMPD3;SNCG;SMAD4;PLA2G4A;MYO18A;DTNBP1;ALOX5"
"Antigen Processing and Presentation of Peptide Antigen","GOBP_ANTIGEN_PROCESSING_AND_PRESENTATION_OF_PEPTIDE_ANTIGEN",-0.325304760769825,-1.16553905002275,0.151376146788991,0.369269249444175,61,"HLA-G;PDIA3;TAP1;B2M;TAP2;HLA-A;ABCB9;CALR;HLA-B;ULBP3;IDE"
"Genitalia Development","GOBP_GENITALIA_DEVELOPMENT",0.471769965613822,1.26743024305484,0.151862464183381,0.369683260621532,28,"WNT5A;MERTK;GREB1L;TBX3;AXL;TYRO3;CHD7;ESR1;PKD1;WT1"
"Reactive Oxygen Species Biosynthetic Process","GOBP_REACTIVE_OXYGEN_SPECIES_BIOSYNTHETIC_PROCESS",-0.345642071060722,-1.19510216395417,0.151785714285714,0.369683260621532,50,"DUOXA2;DUOX2;SOD2;PARK7;LIPA;ACOX1;RHOA;NDUFC2;SLC25A33;SLC5A3;TRAP1;STAT3;SLC18A2;NCF1;FOXO3;SOD1;ABCB7;PLCG2"
"Tissue Regeneration","GOBP_TISSUE_REGENERATION",0.424938785505985,1.25605986455103,0.151832460732984,0.369683260621532,46,"HOPX;IGF1;IGFBP1;CAPN3;COL6A1;MDK;SOX15;AKIRIN1;BCL9;DAG1;CCNB1;IFRD1;PTGFRN"
"Positive Regulation of Mitochondrial Fission","GOBP_POSITIVE_REGULATION_OF_MITOCHONDRIAL_FISSION",-0.466051503410418,-1.3031787795581,0.152238805970149,0.370342039800995,18,"BNIP3;DDHD2;PGAM5;FIS1"
"Establishment of Protein Localization to Organelle","GOBP_ESTABLISHMENT_OF_PROTEIN_LOCALIZATION_TO_ORGANELLE",-0.230632405809499,-1.06849950797256,0.152860855886433,0.371597209000815,404,"MIPEP;SAMM50;HSPA5;BCAP31;SRPRB;HK2;GRPEL1;NCOA4;SPCS1;ANGPT1;PIK3C3;RYR2;TOMM5;TOMM40;RAN;FBXW7;NUP35;TRAM2;EPM2A;GPN1;IL33;PRKAA1;LMAN1;AIFM1;UBL5;SSR4;NPM1;BAG4;SSR1;TIMM8B;AGK;VPS37A;TOMM6;PPP3R1;PEX19;SEC61B;UBL4A;TIMM10;NUP153;FIS1;SSR3;MTX3;RAB3GAP1;GPN3;RAB8B;ROMO1;TIMM13;TIMM17A;TMEM126A;IPO11;IPO4;HEATR3;MTCH2;PPP3CA;NUP155;RUVBL2;SEC61A1;SNUPN;KPNA1;HSPA4;TIMM8A;NUP188;DNAJA1;TIMM23;SEC61G;SRP72;PMPCB;ZFAND6;RHOU;UFM1;POT1;SRP68;NUTF2;ZFAND2A;SGTA;HSP90AA1;SNX16;IGF2R;USP7;TOMM34;PIK3R2;IPO8;HSPD1;GOLPH3L;PARL;AKIRIN2;STAT3;M6PR;TIMM22;SMAD3"
"Long Chain Fatty Acid Transport","GOBP_LONG_CHAIN_FATTY_ACID_TRANSPORT",-0.379943891265468,-1.24186851454561,0.152985074626866,0.371641273521436,38,"SLC2A1;UCP2;PLIN2;FABP3;APOE;FABP5;ACSL1;ACSL3;NMB"
"Response to Wounding","GOBP_RESPONSE_TO_WOUNDING",0.307886124965547,1.13799200959762,0.153217568947906,0.371948124757114,444,"WNT5A;SYTL4;NDP;NDNF;MATN2;KANK1;VANGL2;PLAT;IGF1;DGKA;TGFB2;JUN;ADRA2A;ADAMTS18;FBLN1;NRP1;SYT11;PDGFB;PTPRS;ITGB5;C1QTNF4;MERTK;NRG1;ERBB2;DSP;C1QTNF1;PIK3CA;RAB3A;F3;F5;ZFP36;HMOX1;BCL2;ZFP36L2;PAK1;DDR1;IL10;ACTG1;DGKQ;FN1;SERPINA10;HPSE;AQP1;GP1BA;CDK1;MCAM;NEO1;COL6A1;THBS1;AXL;PRKCQ;REG3G;NMNAT3;KLF4;SERPING1;ANO5;DGKZ;PROZ;HBEGF;TNFAIP3;TSPAN9;MDK;CNN2;CADM4;MAG;ADORA3;CSRP1;INHBB;PTK7;AGER;MAP2K7;TLR3;SLC1A3;CSPG5;VCL;GAS6;EXT1;FERMT2;TYRO3;AK3;FLNA;PDGFA;SRF;CASP7;ARHGEF19;DDIT3;F2R;FUT10;CLASP1;ADAMTS13;MYL9;PLA2G4A;NFKBIZ;DTNBP1;ALOX5;CX3CR1;CHMP4C;RAP2B;CEACAM1;CLDN4;SELP"
"Protein Homotetramerization","GOBP_PROTEIN_HOMOTETRAMERIZATION",-0.340526575123847,-1.18074909208417,0.153846153846154,0.373215427232048,49,"CRYZ;SOD2;TRPM3;ITPR1;B2M;ACOT13;ALDOA;GLS;ALDH1A3;ACACA;SSBP1"
"Erythrocyte Maturation","GOBP_ERYTHROCYTE_MATURATION",0.541816007597609,1.29493958560431,0.154078549848943,0.373520526035187,16,"L3MBTL3;DIAPH3;ERCC2;BRD1;TAL1;KLF2"
"Endothelial Cell Apoptotic Process","GOBP_ENDOTHELIAL_CELL_APOPTOTIC_PROCESS",0.42534319539718,1.26157960614261,0.154248366013072,0.373673600376066,47,"SEMA5A;COL4A3;NDNF;DAB2IP;F3;IL10;THBS1;BMPR2;TNFAIP3"
"Glucose 6 Phosphate Metabolic Process","GOBP_GLUCOSE_6_PHOSPHATE_METABOLIC_PROCESS",-0.41877820639026,-1.26796800542855,0.154545454545455,0.373774886141835,24,"GPI;HK2;TKT;HKDC1;PGD;RPE"
"Glycoprotein Biosynthetic Process","GOBP_GLYCOPROTEIN_BIOSYNTHETIC_PROCESS",-0.254329796595936,-1.14925558204507,0.154661826082688,0.373774886141835,238,"C1GALT1C1;HEXB;PLOD1;MGAT4A;MGAT5;CCDC134;B3GALNT2;GALNT12;GMPPB;TMEM165;DAD1;ANGPT1;TRAK2;ALG3;STT3B;OSTC;ALG1;ST3GAL6;RPN1;IL33;STT3A;POGLUT1;MAN2A1;SRD5A3;GFPT1;GALNT1;RPN2;ALG8;GANAB;GCNT3;ALG5;CTNNB1;NUS1;SLC35D1;ACER2;DPM3;HS2ST1;B4GALT1;EXTL2;UBE2J1;POFUT1;TUSC3;PSEN1;GALNT7;B3GNT5;GALNT3;GCNT4;PGM3;OST4;FUT11;BACE2;PLOD2;ALG10;DPAGT1;PMM2;CHST2;DDOST;DOLPP1"
"Regulation of Reactive Oxygen Species Biosynthetic Process","GOBP_REGULATION_OF_REACTIVE_OXYGEN_SPECIES_BIOSYNTHETIC_PROCESS",-0.387243387298473,-1.23969119758208,0.154716981132075,0.373774886141835,35,"DUOXA2;SOD2;PARK7;RHOA;NDUFC2;SLC25A33;SLC5A3;TRAP1;STAT3;SLC18A2;FOXO3;ABCB7;PLCG2"
"Regulation of Ruffle Assembly","GOBP_REGULATION_OF_RUFFLE_ASSEMBLY",0.484514009016053,1.27488812342209,0.154518950437318,0.373774886141835,26,"KANK1;EPS8;RCC2"
"Nucleolar Large Rrna Transcription by Rna Polymerase i","GOBP_NUCLEOLAR_LARGE_RRNA_TRANSCRIPTION_BY_RNA_POLYMERASE_I",-0.40801325857326,-1.25865464704367,0.15506329113924,0.374095529518429,26,"POLR1C;POLR1B;NOL11;POLR2H;IPPK;POLR2L;POLR2F;POLR2K"
"Positive Regulation of Natural Killer Cell Mediated Immunity","GOBP_POSITIVE_REGULATION_OF_NATURAL_KILLER_CELL_MEDIATED_IMMUNITY",-0.428223313128668,-1.25855993366427,0.155015197568389,0.374095529518429,22,"HLA-G;PIK3C3;CD226;RASGRP1;STAT5B;CRTAM;SH2D1B;CD160;HLA-F;AP1G1"
"Skin Development","GOBP_SKIN_DEVELOPMENT",0.337707804021105,1.17768710059234,0.155307262569832,0.374426249677992,177,"WNT5A;CDH3;JUP;SPRR2F;SAV1;VANGL2;TGFB2;ALX4;IGFBP5;SMO;DSP;NUMA1;LDB1;ITGA3;ZFP36;ZDHHC21;BCL2;JAG1;HPSE;SUFU;COL6A1;ABCA12;FOSL2;REG3G;KLF4;GRHL2;EGFR;SOX9;ARRDC3;LDB2;EXT1;ERCC2;PDGFA;SRF;GATA6;FZD3;IL18;FGFR2;SMAD4;NFKBIZ;CLDN4;RELA;PKD1;FLG2;ATP8A2;UGCG;ROCK2"
"Negative Regulation of Tissue Remodeling","GOBP_NEGATIVE_REGULATION_OF_TISSUE_REMODELING",0.521202220459569,1.28049362130487,0.15592203898051,0.375391685600499,18,"FSHR;TNFAIP3;AGER;CLDN18;YPEL4;GPR137;GREM1;SFRP1"
"Protein Targeting","GOBP_PROTEIN_TARGETING",-0.239534238343078,-1.08992334664786,0.1558417173382,0.375391685600499,258,"MIPEP;STOM;HSPA5;BCAP31;SRPRB;NCOA4;GOLGA7;SPCS1;TRAK2;PIK3C3;TOMM5;TOMM40;SIL1;FBXW7;TRAM2;PRKAA1;LMAN1;UBL5;SSR4;BAG4;SSR1;TIMM8B;CIB1;VPS37A;PEX19;SEC61B;UBL4A;TIMM10;FIS1;SSR3;TIMM13;TIMM17A;NACA;SEC61A1;TAOK2;TIMM23;GBP5;SEC61G;SRP72;PMPCB;ZFAND6;RHOU;ZDHHC9;RABGEF1;SRP68;ZFAND2A;SGTA;SNX16;IGF2R;TOMM34;GOLPH3L;PARL;M6PR;SDCBP;NCF1;YIF1B;ITGB1BP1;SREBF1;YWHAE;GDAP1;ZDHHC24;UBE2L3;SPCS2;SRP19;SRP9;VPS37D;RAB7A;RPL11;UBE2D3"
"Polyamine Metabolic Process","GOBP_POLYAMINE_METABOLIC_PROCESS",-0.465466912291436,-1.25366514821955,0.15606936416185,0.375449612875693,15,"AMD1;SRM;AGMAT;SAT1"
"Regulation of Sodium Ion Transmembrane Transport","GOBP_REGULATION_OF_SODIUM_ION_TRANSMEMBRANE_TRANSPORT",0.468597426307424,1.25890708016341,0.156160458452722,0.375449612875693,28,"CAMK2D;FGF12;FXYD6;SCN5A;WNK3"
"Neuropeptide Signaling Pathway","GOBP_NEUROPEPTIDE_SIGNALING_PATHWAY",0.443993767532873,1.23973490309913,0.156462585034014,0.375574935787422,34,"NPY2R;ECEL1;MC1R;OPRL1;NPPA;TYRO3;SSTR2;HCRTR1;NXPH2;RELA;SORT1;GPR143"
"Regulation of Mitochondrial Membrane Potential","GOBP_REGULATION_OF_MITOCHONDRIAL_MEMBRANE_POTENTIAL",-0.347434375743063,-1.24157841036589,0.15653422958882,0.375574935787422,59,"BNIP3;UCP2;SOD2;PRDX3;PARK7;PYCR1;PPIF;LIPA;GCLM"
"Xenobiotic Transport","GOBP_XENOBIOTIC_TRANSPORT",-0.364150894238297,-1.19577624776682,0.156488549618321,0.375574935787422,39,"CLDN1;SLC2A1;SLC7A5;SLC31A1"
"Response to Tumor Necrosis Factor","GOBP_RESPONSE_TO_TUMOR_NECROSIS_FACTOR",0.336369943369757,1.17735191100307,0.156666666666667,0.375635409536847,183,"NPNT;HES1;TNFSF11;FOS;AKAP12;CRHBP;ADAMTS12;KRT18;AFF3;DAB2IP;BRCA1;VCAM1;FOXP1;ARHGEF2;ZFP36;ZFP36L2;KRT8;SELE;TRAF2;INPP5K;NKIRAS2;ASS1;THBS1;NMNAT3;TP53;TNFAIP3;MAP2K7;CLDN18;ULK1;TMSB4X;GAS6;EXT1;SLC22A5;SPPL2B;TUBA1A;IGBP1;SMPD3;ADAMTS13"
"Negative Regulation of Nf Kappab Transcription Factor Activity","GOBP_NEGATIVE_REGULATION_OF_NF_KAPPAB_TRANSCRIPTION_FACTOR_ACTIVITY",0.458263407391836,1.25281410472171,0.157524613220816,0.376404311127229,30,"TCEAL7;CMKLR1;NLRC3;ADORA3;CDK5RAP3;RWDD3;SIRT1;BCL3;RBCK1;NFKBIL1;NWD1"
"Platelet Aggregation","GOBP_PLATELET_AGGREGATION",-0.320191330636354,-1.16687017462694,0.157205240174672,0.376404311127229,63,"PPIA;PDIA3;CELA2A;TMX1;PDPN;FGG;CD9;METAP1;IL6R;SH2B3"
"Regulation of Endothelial Cell Differentiation","GOBP_REGULATION_OF_ENDOTHELIAL_CELL_DIFFERENTIATION",0.458322492293473,1.25297563277949,0.157524613220816,0.376404311127229,30,"ATOH8;NOTCH4;ZDHHC21;S1PR3;JAG1;VCL;CEACAM1;FOXJ2;ROCK2"
"Regulation of Establishment or Maintenance of Cell Polarity","GOBP_REGULATION_OF_ESTABLISHMENT_OR_MAINTENANCE_OF_CELL_POLARITY",0.494138911860558,1.26768182239033,0.157503714710253,0.376404311127229,22,"KANK1;IGF1;LLGL2"
"Regulation of Neutrophil Migration","GOBP_REGULATION_OF_NEUTROPHIL_MIGRATION",-0.389501675697517,-1.23811528718162,0.157509157509158,0.376404311127229,33,"TNFAIP6;C1QBP;CAMK1D;SLIT2;CD99L2;MPP1;BST1;MOSPD2;RAC3;DNM1L;DPP4;RAC1;CCR7"
"Regulation of Membrane Lipid Distribution","GOBP_REGULATION_OF_MEMBRANE_LIPID_DISTRIBUTION",0.412830750370491,1.25045161593305,0.158097686375321,0.377311418523953,55,"ATP9A;ATP8B2;PLSCR3;SERINC5;ABCA12;PLSCR2;ANO5;GBA2;SYT1;VMP1;ATP10A;ATP8A1;ATP8B1;ATP8A2;ATP10D;XKR9;TMEM30B;ANO7;ATP8B3;ATG9A"
"Regulatory t Cell Differentiation","GOBP_REGULATORY_T_CELL_DIFFERENTIATION",-0.344927491949032,-1.18552813175642,0.158119658119658,0.377311418523953,48,"HLA-G;PSMA2;PSMA1;PSMB8;DUSP10;CD46;PSMB1;PSMA5;IL2RG;PSMA6;PSMB3;PSMA4;PSMB9;PSMB4;CD28"
"Multicellular Organismal Response to Stress","GOBP_MULTICELLULAR_ORGANISMAL_RESPONSE_TO_STRESS",0.409493909421423,1.24505095128101,0.158301158301158,0.377487377487377,57,"NPY2R;ADRA2A;MAPK8IP2;BCL2;PRKCG;SCN9A;COL6A1;THBS1;EDNRB;NR4A2;MDK;LRP11;SLITRK4;EXT1;PRKAR1B;GRIK2;AKT1;FBXL20;ATAT1;RAG1;GNG7;SCN11A"
"Face Morphogenesis","GOBP_FACE_MORPHOGENESIS",0.48430956553972,1.26234676062762,0.158518518518519,0.377748551272361,25,"PRICKLE1;TGFB2;CSRNP1;TGFB3;PLEKHA1;DLX5;RRAS"
"Labyrinthine Layer Blood Vessel Development","GOBP_LABYRINTHINE_LAYER_BLOOD_VESSEL_DEVELOPMENT",0.540540475570602,1.29189106564307,0.16012084592145,0.380550218779862,16,"HES1;VASH2;FZD5;LLGL2;JUNB"
"Nucleobase Biosynthetic Process","GOBP_NUCLEOBASE_BIOSYNTHETIC_PROCESS",-0.45050044572805,-1.28946167157274,0.160237388724036,0.380550218779862,19,"PAICS;APRT;GMPS;HPRT1;DHODH;GART;CMPK1"
"Positive Regulation of Alpha Beta t Cell Differentiation","GOBP_POSITIVE_REGULATION_OF_ALPHA_BETA_T_CELL_DIFFERENTIATION",0.418885048920895,1.24687050877708,0.16015625,0.380550218779862,48,"ZBTB16;TNFSF4;PRKCZ;ZBTB7B;SOCS5;IL18;NFKBIZ;BRD2;LGALS9"
"Positive Regulation of Interleukin 8 Production","GOBP_POSITIVE_REGULATION_OF_INTERLEUKIN_8_PRODUCTION",0.419079774539542,1.2474501370828,0.16015625,0.380550218779862,48,"WNT5A;NOS2;F3;PRKD2;TLR3;MAVS;DDIT3;F2R;LGALS9;RELA"
"Tumor Necrosis Factor Superfamily Cytokine Production","GOBP_TUMOR_NECROSIS_FACTOR_SUPERFAMILY_CYTOKINE_PRODUCTION",0.342565489001929,1.17699232865648,0.16,0.380550218779862,155,"WNT5A;AKAP12;IGF1;FZD5;SYT11;C1QTNF4;ARG2;ARID5A;PIK3R1;FOXP1;ARHGEF2;ZFP36;TMEM106A;IL10;MC1R;THBS1;LPL;AXL;ZBTB20;TNFAIP3;NLRC3;ACP5;AGER;TLR3;CD47;FCGR2B;GAS6;SPHK2;MAVS;ELF4;GPNMB;CHRNA7"
"Carbohydrate Derivative Transport","GOBP_CARBOHYDRATE_DERIVATIVE_TRANSPORT",-0.319771957248593,-1.19583339756309,0.160975609756098,0.381442567986771,75,"VLDLR;SLC50A1;SCARB1;SLC17A5;SLC15A4;PLTP;LRRC8D;PANX1;PSAP;SLC35E3;SLC35D1;LRRC8B;LRRC8E;SLC17A9;MFSD2A;SLC25A4;ABCC4"
"Metabolic Compound Salvage","GOBP_METABOLIC_COMPOUND_SALVAGE",-0.376759576182706,-1.20668705668055,0.161048689138577,0.381442567986771,34,"APRT;DGUOK;PNP;PDXK;AMPD3;UPP1;PGM2;BHMT2;DCTD;HPRT1;ENOPH1;NAMPT"
"Mitochondrial Transport","GOBP_MITOCHONDRIAL_TRANSPORT",-0.319614931030233,-1.19524617535066,0.160975609756098,0.381442567986771,75,"BNIP3;UCP2;SFXN1;VDAC1;HK2;NOL3;RHOT1;PPIF;SFXN4;CASP6;PSEN1;SLC25A20;MTCH2;SLC25A13;VDAC2;GSK3B;SLC25A4;HSP90AA1;STAT3;SLC25A46;SLC25A40;VPS35"
"Ovulation Cycle Process","GOBP_OVULATION_CYCLE_PROCESS",0.44289665815699,1.24731238228251,0.160935350756534,0.381442567986771,37,"FSHR;MMP19;AMH;TGFB2;NOTCH4;FZD4;GDF9;TGFB3;PLEKHA1"
"Activation of Protein Kinase Activity","GOBP_ACTIVATION_OF_PROTEIN_KINASE_ACTIVITY",-0.363309618587143,-1.20569494303749,0.161417322834646,0.381565113613761,41,"MT3;TNFRSF10A;PPIA;TPX2;ANGPT1;STRADB"
"Anaphase Promoting Complex Dependent Catabolic Process","GOBP_ANAPHASE_PROMOTING_COMPLEX_DEPENDENT_CATABOLIC_PROCESS",0.4925776606319,1.26367653206559,0.161961367013373,0.381565113613761,22,"UBE2C;PLK1;UBE2S;CDK2;CDC20;FZR1;AKT1;ANAPC2;FBXO31"
"Benzene Containing Compound Metabolic Process","GOBP_BENZENE_CONTAINING_COMPOUND_METABOLIC_PROCESS",0.539435433757935,1.28925001708248,0.161631419939577,0.381565113613761,16,"GSTM4;ACSM1;CYP2E1;GSTM2;EPHX2"
"Cellular Response to Gonadotropin Stimulus","GOBP_CELLULAR_RESPONSE_TO_GONADOTROPIN_STIMULUS",0.553571910474172,1.30241648540442,0.161585365853659,0.381565113613761,15,"FSHR;CCNA2;PAX8;GATA6;WT1;EFNA5"
"Central Nervous System Neuron Development","GOBP_CENTRAL_NERVOUS_SYSTEM_NEURON_DEVELOPMENT",0.389547673071139,1.21646529124465,0.161577608142494,0.381565113613761,70,"WNT5A;GABRB1;NDNF;BTG2;NRP1;NR4A2;NTRK2;FOXG1;GBA2;NRP2;CNTN2;B4GALT5;CHRNB2;FGFR2"
"Dna Integrity Checkpoint Signaling","GOBP_DNA_INTEGRITY_CHECKPOINT_SIGNALING",0.356266320728296,1.19410123084715,0.161971830985915,0.381565113613761,118,"IER3;STK33;PLK1;BRCA1;MBTPS1;CDK2;CDK1;BRSK1;CHEK1;TP53;DGKZ;ORC1;MDC1;CDK5RAP3;MUS81;USP28;BRCA2;FANCD2;DTL;FZR1;FOXO4;RFWD3;CDC6;BARD1;GNB1L;HUS1B;FBXO31;E2F1;UIMC1;FOXN3;EME1;XPC;CDC7;TRIM39;FBXO6"
"Epidermal Cell Differentiation","GOBP_EPIDERMAL_CELL_DIFFERENTIATION",0.354705759085829,1.19539831730173,0.161781946072685,0.381565113613761,124,"WNT5A;SFRP4;CDH3;HES1;SPRR2F;SAV1;DSP;NUMA1;KCNQ1;ZFP36;JAG1;FGFR1;TECTA;ABCA12;FOSL2;REG3G;KLF4;GRHL2"
"Regulation of Myotube Differentiation","GOBP_REGULATION_OF_MYOTUBE_DIFFERENTIATION",0.481537446107365,1.26705597692004,0.161807580174927,0.381565113613761,26,"SIK1;MYOCD;HDAC5;BCL2;MMP14"
"Positive Regulation of Cytokine Production Involved in Immune Response","GOBP_POSITIVE_REGULATION_OF_CYTOKINE_PRODUCTION_INVOLVED_IN_IMMUNE_RESPONSE",0.403353368866446,1.23270988492655,0.162820512820513,0.383306623931624,59,"WNT5A;NR4A3;TNFSF4;SEMA7A;PRKCZ;FZD5;ARID5A;TRAF2;TRIM6;SPHK2;MAVS;DENND1B;IL18"
"Facultative Heterochromatin Formation","GOBP_FACULTATIVE_HETEROCHROMATIN_FORMATION",0.552472571520327,1.29983001533713,0.163109756097561,0.383518764687525,15,"PHF2;KDM5A;PHF8"
"Ovarian Follicle Development","GOBP_OVARIAN_FOLLICLE_DEVELOPMENT",0.414902954743177,1.24271212771325,0.163239074550129,0.383518764687525,50,"FSHR;MMP19;AMH;EIF2B2;ANG;BCL2;FANCE;FANCG;MMP14;FOXL2;INHBB"
"Regulation of Sprouting Angiogenesis","GOBP_REGULATION_OF_SPROUTING_ANGIOGENESIS",0.44859959075706,1.24309285879752,0.16323731138546,0.383518764687525,33,"IL10;FGF18;SMAD1;THBS1;KLF4;EPN1;JAK1;TGM2;ALOX5;SEMA6A;CEACAM1;TJP1;KLF2;EPN2;ZNF354C;GHSR"
"Negative Regulation of Cell Adhesion","GOBP_NEGATIVE_REGULATION_OF_CELL_ADHESION",0.321881940150112,1.15023605647066,0.163793103448276,0.384562494222058,232,"DAPL1;SEMA5A;PLA2G5;TNFSF4;KANK1;ARHGAP6;ADAMTS18;FBLN1;PAWR;ERBB2;C1QTNF1;DUSP1;RCC2;ARG2;PAG1;PIK3R1;ILDR2;DLG5;NOTCH4;FZD4;JAG1;PLXNB1;ZBTB7B;IRF1;IL10;ASS1;CDH1;FYN;THBS1;ABCA12;SNAI2;KLF4;SPINT2;MDK;MMP14;CBLB"
"Negative Regulation of Alpha Beta t Cell Differentiation","GOBP_NEGATIVE_REGULATION_OF_ALPHA_BETA_T_CELL_DIFFERENTIATION",0.488530338637767,1.2567773035857,0.163958641063516,0.384693315234759,23,"TNFSF4;ZBTB7B;SOCS5;SMAD7;LOXL3;RUNX1;HMGB1"
"Regulation of Postsynapse Assembly","GOBP_REGULATION_OF_POSTSYNAPSE_ASSEMBLY",0.437772876246634,1.23169877005204,0.164179104477612,0.384952746308618,35,"CPEB3;CC2D1A;MARK1;TRIM47;ARHGAP33;SYNDIG1;LZTS1;SLC12A5;SEMA4C;DOCK1"
"Inner Ear Auditory Receptor Cell Differentiation","GOBP_INNER_EAR_AUDITORY_RECEPTOR_CELL_DIFFERENTIATION",0.463211846132959,1.24443848808034,0.164756446991404,0.385532287114822,28,"HES1;KCNQ1;JAG1;FGFR1;TECTA"
"Neuromuscular Synaptic Transmission","GOBP_NEUROMUSCULAR_SYNAPTIC_TRANSMISSION",0.537811820743567,1.28536958399353,0.164652567975831,0.385532287114822,16,"FCHSD1;EGR3;RAB3A;CHRNA7;CHRNB2"
"Regulation of Insulin Secretion","GOBP_REGULATION_OF_INSULIN_SECRETION",0.361636443624382,1.20357817936934,0.164705882352941,0.385532287114822,108,"SOX4;SYTL4;NOS2;FOXO1;CASR;LRP5;IRS1;ADRA2A;PICK1;ABAT;MYRIP;ABCA12;CPT1A;C2CD2L;INHBB;TCF7L2;PLA2G6;NNAT;GNAO1"
"Double Strand Break Repair","GOBP_DOUBLE_STRAND_BREAK_REPAIR",0.321249137194234,1.15767200142767,0.164893617021277,0.385570294112861,260,"DPF3;MCM5;POLQ;MCM7;SAMHD1;RECQL4;SMARCC2;PLK1;BRCA1;HMGB2;GINS2;USP51;BCL7A;FOXM1;RAD54L;CHEK1;MCM8;DPF2;SMC6;SMARCA2;UVRAG;OGG1;KDM4D;ZMYND8;AGER;MAD2L2;MUS81;RAD51B;RAD51D;BRD7;LMNA;RMI2;RAD52;TONSL;BRCA2;KDM1A;HELB;FANCD2;ARID2;RFWD3;POLM;HUS1B;RBBP8;XRCC1;ARID1B;SLX4;ARID1A;UIMC1;BRD8;ACTR8;SIRT1;EME1;CDC7;GGN;HMGA2;ZCWPW1;DDX11;DCLRE1B;SWI5;CDCA5;SMARCC1;MCM4;BLM;SPIRE1;SMARCD1;RNF126;MGMT;RAD51AP1;POLL;RAD21;MORF4L2;WRAP53;TERF2IP;POLB;SETMAR;HELLS;MCM3;SMARCAL1;ABL1;LIG3;MPND;MTA1;BRD9;BABAM1;HMGB1;KAT5;NUCKS1;CSNK2A2;RNF138;ANKLE1;YEATS4;PPP5C;ACTB;MCM2;ING3;SMARCE1;CHD4;CREBBP;PML;FANCB;TOPBP1;RTEL1;BRIP1;SMARCD3;POGZ;SMARCD2;DEK;SETD2"
"Response to Nicotine","GOBP_RESPONSE_TO_NICOTINE",0.472701890293753,1.25833932538862,0.164992826398852,0.385570294112861,27,"NPY2R;FOSB;ABAT;VCAM1;HMOX1;BCL2;GABBR1;CHRNA7;CHRNB2;PPP1R9B;RELA"
"Natural Killer Cell Differentiation","GOBP_NATURAL_KILLER_CELL_DIFFERENTIATION",0.503010732376138,1.28367295267526,0.165680473372781,0.386919132149901,21,"MERTK;AXL;PRDM1;GAS6;TYRO3"
"Interleukin 6 Production","GOBP_INTERLEUKIN_6_PRODUCTION",0.354590313233862,1.18640381317947,0.166077738515901,0.387588486356563,117,"WNT5A;NOS2;TNFSF4;SYT11;C1QTNF4;ARID5A;ARHGEF2;TMEM106A;IL10;LPL;ZBTB20;TNFAIP3;NLRC3;AGER;TLR3;CD47;SOCS5;GAS6;SPHK2;MAVS;ELF4;C1QTNF3;F2R"
"Biological Process Involved in Intraspecies Interaction Between Organisms","GOBP_BIOLOGICAL_PROCESS_INVOLVED_IN_INTRASPECIES_INTERACTION_BETWEEN_ORGANISMS",0.438112011335201,1.23502210361942,0.167119565217391,0.388050571944612,36,"NLGN4X;MAPK8IP2;KCNQ1;AVPR1A;CAPS2;DLG4;EXT1;CHRNB2;GNB1L;CX3CR1"
"Folic Acid Containing Compound Metabolic Process","GOBP_FOLIC_ACID_CONTAINING_COMPOUND_METABOLIC_PROCESS",-0.416026151774912,-1.25963539129485,0.166666666666667,0.388050571944612,24,"MTHFD1L;SLC46A1;GGH;MTHFD1;ATIC;FTCD;MTHFD2;MTHFD2L;SHMT2;MTHFS;MTRR;SLC19A1"
"Lens Development in Camera Type Eye","GOBP_LENS_DEVELOPMENT_IN_CAMERA_TYPE_EYE",0.412901074936172,1.23926652102925,0.166882276843467,0.388050571944612,51,"WNT5A;NDP;CDKN1C;SKIL;SHROOM2;VIM;TMOD1"
"Neutral Lipid Biosynthetic Process","GOBP_NEUTRAL_LIPID_BIOSYNTHETIC_PROCESS",-0.36754501933232,-1.19902149270034,0.167272727272727,0.388050571944612,37,"PNPLA3;SCARB1;LPIN1;TMX1;FBXW7;ACSL1;GK;LPGAT1;GPAM"
"Positive Regulation of Amine Transport","GOBP_POSITIVE_REGULATION_OF_AMINE_TRANSPORT",0.487389129147222,1.25384146506572,0.166912850812408,0.388050571944612,23,"NPY2R;ABAT;AVPR1A;TACR2;GABBR1;SYT1;CHRNB2;DTNBP1"
"Positive Regulation of Protein Modification Process","GOBP_POSITIVE_REGULATION_OF_PROTEIN_MODIFICATION_PROCESS",0.317222452154121,1.14691249416643,0.166842661034847,0.388050571944612,295,"WNT5A;PRICKLE1;LIMCH1;HES1;NNMT;PIM1;PRLR;UBE2C;IGF1;TRAF4;FAM20A;CENPE;PDGFB;NRG1;ERBB2;CLIP3;PIK3CA;CTF1;SVIP;ARHGEF2;UBE2S;WNK3;HUWE1;EGR1;CSPG4;IL10;FGFR1;KIF14;TRAF2;FGF18;CDC20;C3;TRIM6;CREBL2;PHF23;CBLB;GSK3A;AXIN1;SASH1;EGFR;MAD2L2;TLR3;ARRDC3;CDK5RAP3;GAS6;PRKAR1B;STRADA;PROM2;PILRB;DIP2B;KDM1A;MAP3K10;IL18"
"Regulation of Cholesterol Metabolic Process","GOBP_REGULATION_OF_CHOLESTEROL_METABOLIC_PROCESS",-0.368800301644192,-1.20311652974934,0.167272727272727,0.388050571944612,37,"NR1H4;SEC14L2;APOA1;LPCAT3;APOE;STARD4;PRKAA1;MAPK1;ERLIN2;INSIG1;DGAT2;ERLIN1"
"Response to Progesterone","GOBP_RESPONSE_TO_PROGESTERONE",0.47177983638046,1.25588480442509,0.166427546628407,0.388050571944612,27,"GABRB1;FOS;FOSB;TGFB2;THBS1;PTGER2;TGFB3"
"Rna Localization","GOBP_RNA_LOCALIZATION",-0.261328462858038,-1.12275688393937,0.167208345943668,0.388050571944612,181,"CETN2;XPOT;XPO5;LRPPRC;DKC1;RAN;RUVBL1;MRPL18;NUP35;SHQ1;AGFG1;CCT5;NHP2;ERH;CCT8;SSB;CCT3;NUP153;STAU1;MAGOHB;CCT7;NOP10;ATR;ZC3H11A;NCBP2;DHX36;NUP155;RUVBL2;SNUPN;MAGOH;NUP37;NUP188;SENP2;SMG5;NUTF2;THOC7;EIF4E;FBL;CETN3;FYTTD1;CCT6A;SEH1L;ARC;UPF3A;NUP160;CCT4;DHX9;CAPRIN1;MX2;DDX19B;RAE1;THOC3"
"Mitochondrial Calcium Ion Homeostasis","GOBP_MITOCHONDRIAL_CALCIUM_ION_HOMEOSTASIS",-0.4601500245245,-1.23934491038011,0.167630057803468,0.388108455046629,15,"BNIP3;IMMT;RAP1GDS1;PDZD8;ANXA6"
"Mitochondrion Distribution","GOBP_MITOCHONDRION_DISTRIBUTION",-0.460532001773559,-1.24037370867256,0.167630057803468,0.388108455046629,15,"MTM1;TRAK2;ARMC1"
"Steroid Catabolic Process","GOBP_STEROID_CATABOLIC_PROCESS",-0.460550755715534,-1.24042421959573,0.167630057803468,0.388108455046629,15,"HSD11B1;SCARB1;APOE;HSD17B6"
"Dendrite Morphogenesis","GOBP_DENDRITE_MORPHOGENESIS",0.356305056407829,1.19079651142363,0.168037602820212,0.388795061214796,115,"DBN1;PAK3;CDKL5;CC2D1A;NRP1;MAPK8IP2;NGEF;ARHGAP33;FZD4;ARHGAP44;KNDC1;LZTS1;FYN;KIF1A;ZDHHC15;SEMA3A;CELSR2;PTPRD;MAPRE3;DLG4;STAU2;PARP6;HECW2;EFHC2;CHRNA7;CHRNB2;DTNBP1;SS18L1;ANAPC2;DPYSL5"
"Monosaccharide Transmembrane Transport","GOBP_MONOSACCHARIDE_TRANSMEMBRANE_TRANSPORT",0.377174563486842,1.2041660348642,0.168329177057357,0.389212612034271,83,"NR4A3;SLC25A27;IRS1;IGF1;SORBS1;ENPP1;INSR;PTPRM;CLIP3;PIK3R1;GRB10;RTN2;INPP5K;C3;CREBL2;SLC23A2;GSK3A"
"Carbohydrate Transport","GOBP_CARBOHYDRATE_TRANSPORT",0.365541691268458,1.19105253624959,0.168674698795181,0.389754267730553,94,"NR4A3;SLC25A27;IRS1;IGF1;SORBS1;ENPP1;INSR;PTPRM;CLIP3;PIK3R1;GRB10;RTN2;AQP1;INPP5K;C3;CREBL2;TMEM144;SLC23A2;GSK3A"
"Cardiac Muscle Tissue Morphogenesis","GOBP_CARDIAC_MUSCLE_TISSUE_MORPHOGENESIS",0.439244679239353,1.23702745815877,0.169188445667125,0.389986902423052,37,"ZFPM2;TGFB2;NRG1;COL11A1;DSP;TNNI3;UBE4B;CHD7;FGFR2;SMAD4"
"Catechol Containing Compound Metabolic Process","GOBP_CATECHOL_CONTAINING_COMPOUND_METABOLIC_PROCESS",0.448511106785735,1.23596626591349,0.169444444444444,0.389986902423052,32,"MAOB;TGFB2;ABAT;HAND2;MAOA;PNMT;NR4A2;MDGA1"
"Establishment of Spindle Orientation","GOBP_ESTABLISHMENT_OF_SPINDLE_ORIENTATION",0.436531256771496,1.23056601299405,0.169836956521739,0.389986902423052,36,"LLGL2;CENPA;NUMA1;SKA2;SKA3;SPAG5;CLASP1;NDC80;DCTN1"
"Establishment or Maintenance of Monopolar Cell Polarity","GOBP_ESTABLISHMENT_OR_MAINTENANCE_OF_MONOPOLAR_CELL_POLARITY",0.526202824420297,1.27809229517792,0.16966966966967,0.389986902423052,17,"WNT5A;FSCN1;TTC8;PTK7"
"Maintenance of Protein Localization in Organelle","GOBP_MAINTENANCE_OF_PROTEIN_LOCALIZATION_IN_ORGANELLE",-0.356239071348858,-1.1822303205404,0.169291338582677,0.389986902423052,41,"HSPA5;HK2;PARK7;SYNE1;BBS4;KDELR2;INSIG2;TMED2"
"Neuron Apoptotic Process","GOBP_NEURON_APOPTOTIC_PROCESS",0.323283253187323,1.15356455930952,0.169363538295577,0.389986902423052,225,"PTPRZ1;NDP;GRID2;NR4A3;SLC25A27;NDNF;BTG2;TGFB2;JUN;COL6A2;NRP1;PAWR;CITED1;PIK3CA;NONO;MAP3K5;MAP3K12;TMTC4;BCL2;EGR1;IL10;NRBP2;PRKCG;KIF14;CHL1;COL6A1;FYN;LONRF2;AXL;NR4A2;AMBRA1;MDK;NTRK2;MAG;GSK3A;MAP2K7;FCGR2B;BOK;SYNGAP1;TGFB3;CIT;GRIK2;TYRO3;TUBA1A;CASP7;DDIT3;F2R"
"Protein Catabolic Process in the Vacuole","GOBP_PROTEIN_CATABOLIC_PROCESS_IN_THE_VACUOLE",-0.420672026365953,-1.25015207820665,0.169230769230769,0.389986902423052,23,"PLBD1;MFSD8;TCIRG1;SLC17A9;VPS35;CLN3;LAMP2;USP8;CST7;RNF128"
"Regulation of Actin Filament Polymerization","GOBP_REGULATION_OF_ACTIN_FILAMENT_POLYMERIZATION",0.362980520059649,1.19121173033783,0.169653524492234,0.389986902423052,97,"ARHGAP28;PAK3;DAAM2;KANK1;HIP1R;FCHSD1;KANK2;PLEKHG2;SSH3;EPS8;TMOD2;SPTBN2;TMOD1;CDC42EP1;GBA2"
"Regulation of Lipid Localization","GOBP_REGULATION_OF_LIPID_LOCALIZATION",-0.293394303732424,-1.19726865214767,0.169999148729517,0.389986902423052,117,"APOC1;PLIN2;PCSK9;FABP3;APOA1;SCARB1;PTGES;OSBPL6;DBI;LPCAT3;APOE;ANXA2;PTPN11;PLTP;ACSL1;ABCA1;NMB;ACSL4;FIS1;NUS1;ITGAV;TMEM97;SEC24A;LAMTOR1;MIF;SCP2;EEPD1;P2RX4"
"Regulation of Morphogenesis of an Epithelium","GOBP_REGULATION_OF_MORPHOGENESIS_OF_AN_EPITHELIUM",0.423836353736607,1.23820932816494,0.169088507265522,0.389986902423052,43,"WNT5A;ADAMTS12;SMO;FOXP1;NTN4;FGFR1;PAX8;SNAI2;MDK;SOX9;PDGFA;MMRN2;ESR1;AGT;WNT4;FKBPL;GREM1;SFRP1"
"Regulation of Ph","GOBP_REGULATION_OF_PH",-0.306014834232605,-1.17422623600486,0.17,0.389986902423052,83,"CREG1;TMEM165;RAB38;PPT1;SLC4A4;CLN5;MAPK1;SLC26A6;ATP6AP1;SLC9A9;SLC9A5;TCIRG1;TMEM9;GPR89A;SLC9A6;TM9SF4;CLIC4;ATP6AP2;ATP6V1B2;ATP6V1H;CLN3;RAB7A;RNASEK;SLC7A11;LAMP2;ATP6V0E1;SLC11A1;DMXL1"
"Hemoglobin Metabolic Process","GOBP_HEMOGLOBIN_METABOLIC_PROCESS",-0.46009506574897,-1.25183016031835,0.170588235294118,0.390714369608513,16,"INHA;CAT;EIF2AK1"
"Midbrain Development","GOBP_MIDBRAIN_DEVELOPMENT",0.396336047497101,1.21891317943176,0.170763260025873,0.390714369608513,63,"WNT5A;MAOB;HES1;NDRG2;LRP6;DLG5;PLP1;FGFR1;SMAD1;NR4A2;MAG;RYK;GDF7;SYPL2;FZD3;FGFR2"
"Regulation of Secondary Metabolic Process","GOBP_REGULATION_OF_SECONDARY_METABOLIC_PROCESS",0.535377045842883,1.27955047500317,0.170694864048338,0.390714369608513,16,"WNT5A;CDH3;MC1R;PMEL;CTNS"
"Regulation of Smoothened Signaling Pathway","GOBP_REGULATION_OF_SMOOTHENED_SIGNALING_PATHWAY",0.383630196905022,1.20735038030869,0.170454545454545,0.390714369608513,76,"KIF7;TTC23;ENPP1;SMO;GAS8;DHH;DLG5;EFCAB7;GPR161;SUFU;HHIP;TULP3;KCTD11;STK36;FGFR2;PTCH1;CHSY1;GLI1;SFRP1;IFT140;TUBD1;RB1;MGRN1;UBR5;TTBK2;PRKACA"
"Chromosome Organization Involved in Meiotic Cell Cycle","GOBP_CHROMOSOME_ORGANIZATION_INVOLVED_IN_MEIOTIC_CELL_CYCLE",0.445521721171876,1.23456392167746,0.171467764060357,0.3920702203025,33,"CCNB1IP1;PSMC3IP;ATRX;EHMT2;NCAPH;BAG6;SUN1;FANCD2;NCAPD2;NCAPH2;NCAPD3;ZCWPW1"
"Regulation of Dna Templated Dna Replication","GOBP_REGULATION_OF_DNA_TEMPLATED_DNA_REPLICATION",0.420757388190884,1.22921433793769,0.171730515191546,0.392414869351588,43,"DACH1;MCM5;MCM7;CDK2;FGFR1;E2F8;FBXO5;AGER;ATRX;CIZ1;DTL;DBF4B;E2F7;CDC7;KAT7;MCM4"
"Positive Regulation of Dendritic Spine Development","GOBP_POSITIVE_REGULATION_OF_DENDRITIC_SPINE_DEVELOPMENT",0.446980695450304,1.23174889703467,0.172222222222222,0.393025696706478,32,"DBN1;CPEB3;CAMK1;DLG5;PTPRD;MAPRE3;ZMYND8;STAU2"
"Vesicle Docking Involved in Exocytosis","GOBP_VESICLE_DOCKING_INVOLVED_IN_EXOCYTOSIS",0.445410231046062,1.22742115353826,0.172222222222222,0.393025696706478,32,"RIMS1;RIMS2;SNPH;RIMS3"
"Myelin Assembly","GOBP_MYELIN_ASSEMBLY",0.525690359016382,1.27684756965785,0.172672672672673,0.39379711742993,17,"CNTN1;MTMR2;MAG;ERCC2;FIG4;GPC1"
"Protein Dna Complex Disassembly","GOBP_PROTEIN_DNA_COMPLEX_DISASSEMBLY",0.503275490425225,1.27241710979321,0.172821270310192,0.393879577030971,20,"ATAD2;SMARCC2;ARID2;ARID1A;SMARCC1;SMARCD1;SMARCE1;GRWD1;SMARCD3;SMARCD2;SMARCA4;ATAD2B;SSRP1"
"Negative Regulation of Muscle Hypertrophy","GOBP_NEGATIVE_REGULATION_OF_MUSCLE_HYPERTROPHY",0.476048162647411,1.24081351841771,0.173333333333333,0.394320507572657,25,"FOXO1;IGFBP5;FOXP1;PAK1;GSK3A;APLNR;LMNA;SMAD4;JUND"
"Positive Regulation of Cholesterol Metabolic Process","GOBP_POSITIVE_REGULATION_OF_CHOLESTEROL_METABOLIC_PROCESS",-0.460661812254349,-1.28810806078225,0.173134328358209,0.394320507572657,18,"APOA1;APOE;STARD4;PRKAA1;MAPK1"
"Skeletal Muscle Tissue Regeneration","GOBP_SKELETAL_MUSCLE_TISSUE_REGENERATION",0.460770149998745,1.23787876671099,0.173352435530086,0.394320507572657,28,"HOPX;IGF1;CAPN3;COL6A1;SOX15;AKIRIN1;BCL9;DAG1;IFRD1;PTGFRN"
"Peptide Transport","GOBP_PEPTIDE_TRANSPORT",0.328380626620028,1.15440066448351,0.17439293598234,0.396172798149246,189,"SOX4;SYTL4;NOS2;CLEC4M;NPY2R;FOXO1;CASR;TNFSF11;LRP5;CRHBP;IRS1;ADRA2A;PICK1;ABAT;RIMS2;RAB3A;ILDR2;AQP1;MYRIP;PAX8;ABCA12;CPT1A;C2CD2L;TACR2;INHBB;GABBR1;ACVR2B;TCF7L2;PLA2G6;NNAT;GNAO1;DISP1;EXOC3L1;SLC16A2;CHD7;SMPD3;TOR2A"
"Tricarboxylic Acid Cycle","GOBP_TRICARBOXYLIC_ACID_CYCLE",-0.391618418984623,-1.22560764651148,0.174342105263158,0.396172798149246,28,"IDH1;ACO1;DLAT;MDH1;SUCLG1;SDHD;DLD;FH;PDHB;SDHC;MDH2;SUCLA2;IDH2;IDH3A;SDHB;SDHAF2"
"Regulation of Hemopoiesis","GOBP_REGULATION_OF_HEMOPOIESIS",0.312070668020697,1.14089511691272,0.174636174636175,0.396468256481218,346,"SOX4;FSHR;TNFSF11;ZBTB16;LRRC17;TNFSF4;PRKCZ;FOS;CD101;JUNB;EGR3;ERBB2;SMARCC2;TMEM176B;MYB;LDB1;HMGB2;FSTL3;PIK3R1;FOXP1;ZFP36;ZFP36L2;JAG1;ZBTB7B;TMEM176A;IRF1;IL10;AXL;SMARCA2;KLF10;CDK6;SOX13;PRDM1;TCF7;AMBRA1;MDK;PAF1;MMP14;RARG;AGER;TLR3;FCGR2B;CLDN18;SOCS5;IRF7;BRD7;GAS6;C1QC;BRD1;CTNNBIP1;L3MBTL1;CSF1;IL18;YPEL4;FANCD2;ARID2;ING5;NFKBIZ;BRD2;GPR137;CEACAM1;LGALS9;ARID1B;CEBPB;ARID1A;NFKBIA;SH3RF1;LAG3;HMGB3;RAG1;SART1;TAL1;BRPF3;HLA-DRB1;KAT7;ZNF675;TOB2;SOX12;SFRP1;SMARCC1;NDFIP1;KLF13;SMAD7;FBXO7;LOXL3;RB1;TRAF6;ACIN1"
"Pyrimidine Nucleoside Triphosphate Metabolic Process","GOBP_PYRIMIDINE_NUCLEOSIDE_TRIPHOSPHATE_METABOLIC_PROCESS",-0.439085082112544,-1.27913076490647,0.174846625766871,0.396688944340252,21,"NME1;ENTPD7;NME4;TBPL1;DTYMK;NME3;NME7;DCTPP1;NME2;CMPK2"
"Negative Regulation of Extrinsic Apoptotic Signaling Pathway","GOBP_NEGATIVE_REGULATION_OF_EXTRINSIC_APOPTOTIC_SIGNALING_PATHWAY",0.380634066174885,1.20052524916138,0.175283732660782,0.397423246285255,77,"IGF1;NRP1;NRG1;BRCA1;HMGB2;ARHGEF2;HMOX1;BCL2;FYN;THBS1;SNAI2;KLF4;TNFAIP3;PHIP;TCF7L2;LMNA"
"Fatty Acid Transport","GOBP_FATTY_ACID_TRANSPORT",-0.318692220364444,-1.1781730440689,0.175925925925926,0.398621292702793,70,"CROT;SLC2A1;UCP2;PLIN2;FABP3;GOT2;PTGES;APOE;FABP5;ACSL1;ACSL3;NMB;SLC43A3;ACSL4;FIS1"
"Protein Localization to Cytoskeleton","GOBP_PROTEIN_LOCALIZATION_TO_CYTOSKELETON",0.401637308953051,1.22334699352872,0.176092544987147,0.398686205304399,58,"TTK;NUMA1;TRIM69;FILIP1;CEP192;FAM83D;MAPRE3;SPAG5;PPP1R9B;CTTNBP2NL;MARK4;DCTN2;BICD1;MID1;STIL;HNRNPU;TTBK2;KIAA0753;NUDCD3;DISC1;ABL1;AURKA;PIBF1;DVL1;CEP350;NUP62;MAP1A;CCDC14;KIF20B;GAS2L1"
"Response to Endoplasmic Reticulum Stress","GOBP_RESPONSE_TO_ENDOPLASMIC_RETICULUM_STRESS",-0.253130967505796,-1.15731080240599,0.176182199774824,0.398686205304399,244,"PDIA6;HSPA5;STC2;BCAP31;SIGMAR1;P4HB;PDIA3;PARK7;RHBDD2;TMX1;LPCAT3;HSP90B1;VAPB;CANX;ITPR1;STT3B;RNFT2;MANF;TBL2;EIF2AK3;FAM8A1;CALR;AIFM1;RASGRF2;YOD1;PDIA4;NHLRC1;ERP29;ERP27;PSMC6;SEC61B;TNFRSF10B;FBXO17;USP14;FIS1;ERLIN2;TMED2;CCDC47;DERL2;ERN1;COPS5;FICD;UBE2J1;FAF2;SERINC3;ERLIN1;ATP2A3;UBAC2;GSK3B;USP13;UFM1;CREB3L3;JAGN1;GRINA;UBQLN1;NR1H3;SGTA;HERPUD2;TRIB3;PIK3R2;TMCO1;STAT3"
"Sertoli Cell Differentiation","GOBP_SERTOLI_CELL_DIFFERENTIATION",0.53284280866029,1.27349365128251,0.176737160120846,0.399683842416606,16,"FSHR;SOX9;ATRX;FLNA"
"Homologous Recombination","GOBP_HOMOLOGOUS_RECOMBINATION",0.413656420703806,1.23130675843068,0.177083333333333,0.400099649571192,48,"CCNB1IP1;BRCA1;RAD54L;TOP2A;PSMC3IP;MUS81;RAD51B;RAD51D;FANCD2;BARD1;KLHDC3;RBBP8;SLX4;EME1;SWI5"
"Negative Regulation of Receptor Signaling Pathway via Jak Stat","GOBP_NEGATIVE_REGULATION_OF_RECEPTOR_SIGNALING_PATHWAY_VIA_JAK_STAT",0.501093548192747,1.26690056729908,0.17725258493353,0.400099649571192,20,"SOCS2;CISH;SOCS3;PTPRD;BCL3;HMGA2;HGS"
"Regulation of Platelet Aggregation","GOBP_REGULATION_OF_PLATELET_AGGREGATION",-0.396937723678641,-1.21979536213285,0.17737003058104,0.400099649571192,25,"CELA2A;TMX1;PDPN;CD9;IL6R;SH2B3;LYN;F11R"
"Regulation of Protein Targeting","GOBP_REGULATION_OF_PROTEIN_TARGETING",0.401487656181713,1.22289116618448,0.177377892030848,0.400099649571192,58,"FZD5;ERBB2;ANK3;PAK1;HUWE1;MYO1C;GDI1;INPP5K;FYN;ATG13;MICALL2;RNF31;GSK3A"
"Amino Acid Transmembrane Transport","GOBP_AMINO_ACID_TRANSMEMBRANE_TRANSPORT",-0.316444607847216,-1.18448579528982,0.177570093457944,0.400275442331517,73,"UCP2;SLC7A5;SFXN1;SLC15A4;SLC1A2;LRRC8D;SLC38A5;EPM2A;SLC25A18;SLC7A4;SLC7A6;RGS2;SLC1A5;LRRC8B;SLC38A6;PSEN1"
"Microtubule Organizing Center Localization","GOBP_MICROTUBULE_ORGANIZING_CENTER_LOCALIZATION",0.468651648110808,1.23314993804206,0.177842565597668,0.400631837484649,26,"ASPM;SYNE2;DLGAP5;AKAP9;SUN1"
"Aminoglycan Catabolic Process","GOBP_AMINOGLYCAN_CATABOLIC_PROCESS",-0.445194712126496,-1.27427513805506,0.178041543026706,0.400822316981075,19,"HEXB;GNS;LYVE1;HYAL3;FGF2;CD44"
"Cell Fate Specification","GOBP_CELL_FATE_SPECIFICATION",0.410852765154166,1.22296128171667,0.178385416666667,0.401080946459136,48,"NRP1;SMO;DHH;TBX3;FGFR1;APC2;BMPR2;SOX9;EHMT2;SMAD4;TEAD4;PTCH1;CHD3"
"Olefinic Compound Metabolic Process","GOBP_OLEFINIC_COMPOUND_METABOLIC_PROCESS",-0.285859615854584,-1.12190862985337,0.178343949044586,0.401080946459136,98,"FADS2;CYP11A1;FADS1;SIGMAR1;PTGES;AKR1B1;RDH11;ALDH8A1;DHRS3;HSD17B6;AKR1C2;ABHD6;DHRS9;RETSAT;ALDH1A3;ELOVL5;HSD17B1;GSTP1;AKR1C1;HSD3B1;GPX1"
"Negative Regulation of Signal Transduction in Absence of Ligand","GOBP_NEGATIVE_REGULATION_OF_SIGNAL_TRANSDUCTION_IN_ABSENCE_OF_LIGAND",0.48082052089517,1.23694327653081,0.178729689807976,0.401339809870091,23,"NRG1;BCL2;FYN;SNAI2;KLF4"
"Phagocytosis Recognition","GOBP_PHAGOCYTOSIS_RECOGNITION",0.500640523111767,1.26575519687041,0.178729689807976,0.401339809870091,20,"PLA2G5;TUB;CFB;C3;COLEC12;MYO18A;MASP2;C2;SPON2;CRP"
"Nucleotide Transmembrane Transport","GOBP_NUCLEOTIDE_TRANSMEMBRANE_TRANSPORT",-0.418727097293895,-1.23065029772279,0.179331306990881,0.401584288667544,22,"LRRC8D;LRRC8B;SLC25A33;LRRC8E;SLC25A36;SLC17A9;SLC25A4;ABCC4;SLC19A1;SHOC2;SLC25A32"
"Positive Regulation of Nucleotide Catabolic Process","GOBP_POSITIVE_REGULATION_OF_NUCLEOTIDE_CATABOLIC_PROCESS",-0.459098461524138,-1.24911859195037,0.179411764705882,0.401584288667544,16,"MLXIPL;UCHL1;SLC4A4;PRKAA1"
"Postsynaptic Neurotransmitter Receptor Internalization","GOBP_POSTSYNAPTIC_NEUROTRANSMITTER_RECEPTOR_INTERNALIZATION",0.465362300110762,1.23880122928802,0.179340028694405,0.401584288667544,27,"IQSEC2;NRG1;SUSD4;USP6;CBLB"
"Regulation of Adenylate Cyclase Activity","GOBP_REGULATION_OF_ADENYLATE_CYCLASE_ACTIVITY",-0.45660736283005,-1.27677096088262,0.17910447761194,0.401584288667544,18,"GABBR2;CCR2;AKAP5;CAP1;ADORA2B;GNAI3;GNAS"
"Rrna Catabolic Process","GOBP_RRNA_CATABOLIC_PROCESS",-0.456803502486753,-1.27731940893305,0.17910447761194,0.401584288667544,18,"SLFN5;EXOSC8;EXOSC7"
"Positive Regulation of Cell Junction Assembly","GOBP_POSITIVE_REGULATION_OF_CELL_JUNCTION_ASSEMBLY",0.376801722111,1.19431318801408,0.17964824120603,0.4018568256352,79,"HOPX;GRID2;CLSTN2;IQSEC2;NRP1;SEMA4A;LINGO2;DLG5;SYNDIG1;PTPRD;NTRK2;AMIGO2;LRRC24;STAU2;SLITRK4;SLITRK2;FERMT2;CLSTN3;EFNA5;AGT;WNT4;AGRN;FLRT2;KDR;LRRN1;SFRP1;LRRTM3;AMIGO3;CLSTN1"
"Nuclear Receptor Mediated Signaling Pathway","GOBP_NUCLEAR_RECEPTOR_MEDIATED_SIGNALING_PATHWAY",0.336264522723543,1.16271647428478,0.18018018018018,0.402448731730935,160,"FSHR;CALCOCO1;PIM1;NR4A3;PTGIS;IGF1;PLIN5;ESR2;KANK2;HEYL;NR3C2;GREB1L;ALDH1A2;BRCA1;FOXP1;TADA3;PAK1;MN1;HUWE1;SNAI2;TRIM68;RARG;CYP7B1;TCF7L2;PAQR3;PAQR8;ASXL1;KDM1A"
"Response to Insulin","GOBP_RESPONSE_TO_INSULIN",0.320021471852054,1.14397508838231,0.180257510729614,0.402448731730935,228,"FOXO1;TBC1D4;AKT3;PRKCZ;FOS;KANK1;IRS1;IGF1;CD101;SORBS1;KCNJ8;ENPP1;INSR;GRB14;CITED1;IGFBP1;KCNQ1;HSD11B2;PIK3CA;PIK3R1;HDAC5;GRB10;SOCS3;PDK2;PAK1;ZBTB7B;EGR1;MYO1C;IL10;WDTC1;INPP5K;COL6A1;PRKCQ;SCAP;GSK3A;PHIP;INHBB;NPPA"
"Secondary Palate Development","GOBP_SECONDARY_PALATE_DEVELOPMENT",0.522591712292316,1.26932127690587,0.18018018018018,0.402448731730935,17,"WNT5A;TGFB2;TGFB3;TSHZ1;CHD7;SMAD4"
"Dicarboxylic Acid Transport","GOBP_DICARBOXYLIC_ACID_TRANSPORT",-0.316768708859091,-1.17106201574517,0.180555555555556,0.402600961878492,70,"UCP2;KCNK1;PDPN;SLC1A2;SLC46A1;LRRC8D;EPM2A;SLC25A18;SLC26A6;SLC1A5;SLC16A1;LRRC8B;RAB3GAP1;SLC38A6;SLC12A2;PSEN1;SLC25A13;LRRC8E;ADORA2A"
"Fc Receptor Mediated Stimulatory Signaling Pathway","GOBP_FC_RECEPTOR_MEDIATED_STIMULATORY_SIGNALING_PATHWAY",0.440507670814549,1.21391112230138,0.180555555555556,0.402600961878492,32,"NOS2;NR4A3;PAK1;FYN;LIMK1;CD47;PLA2G6"
"Intrinsic Apoptotic Signaling Pathway in Response to Dna Damage by P53 Class Mediator","GOBP_INTRINSIC_APOPTOTIC_SIGNALING_PATHWAY_IN_RESPONSE_TO_DNA_DAMAGE_BY_P53_CLASS_MEDIATOR",0.41630860915103,1.21621752995383,0.180977542932629,0.40302881938525,43,"DDIT4;ING2;BCL2;TP53;TOPORS;USP28;BRCA2;KDM1A;BAG6;SIRT1;BCL3"
"Positive Regulation of Protein Serine Threonine Kinase Activity","GOBP_POSITIVE_REGULATION_OF_PROTEIN_SERINE_THREONINE_KINASE_ACTIVITY",0.413643569244224,1.2138255323211,0.18086500655308,0.40302881938525,44,"WNT5A;PIM1;PDGFB;ERBB2;FGFR1;TRAF2;FGF18;SASH1;MAP3K10;DIRAS1;SIRT1;HMGA2;ARHGEF5"
"Dendrite Extension","GOBP_DENDRITE_EXTENSION",0.479363193935936,1.23319420446422,0.181683899556869,0.404344790436919,23,"RIMS1;SYT2;TMEM108;RIMS2;SLC23A2;SYT1"
"Positive Regulation of Neuron Differentiation","GOBP_POSITIVE_REGULATION_OF_NEURON_DIFFERENTIATION",0.405379487412288,1.21843200758899,0.181818181818182,0.404386724386724,52,"VWC2;S100B;SOCS2;HEYL;ARHGEF2;TCF4;FGFR1;TCF12;FOXG1;BEND6;KCTD11;LIN28A;GDF7"
"Microtubule Organizing Center Organization","GOBP_MICROTUBULE_ORGANIZING_CENTER_ORGANIZATION",0.342620123312224,1.17143668065825,0.182648401826484,0.405975476902394,142,"KIF11;KIF15;PLK1;BRCA1;CCDC102B;CEP120;POC1A;CDK2;KIAA1614;CDK1;BRSK1;CHEK1;CCNF;CCNL1;CEP192;UVRAG;PLK2;MAP9;CEP152;PLK4;TUBA1A;BRCA2;OFD1;CLASP1;CROCC;DZIP1;CNTLN;FBXL13;CHMP4C;CHD3;NEK2;NDC80;CNTROB;SIRT1;CCDC15;MARK4;ROCK2;DCTN1;CHMP1B;GOLGA2;STIL;CCP110;CEP76"
"Positive Regulation of Tor Signaling","GOBP_POSITIVE_REGULATION_OF_TOR_SIGNALING",0.389348368135713,1.20314152377124,0.182879377431907,0.406231109159143,65,"AKT3;PIM1;STAMBPL1;PIK3CA;F3;GPR137C;GPR155;GAS6;LIN28A;CTNS;WDR24;CLEC16A;GPR137;AKT1;MAT2A"
"Golgi to Endosome Transport","GOBP_GOLGI_TO_ENDOSOME_TRANSPORT",0.52209369907272,1.26811165424836,0.183183183183183,0.40664809295988,17,"ATP9A;SORT1;AP4M1;KIF16B;CORO7"
"Regulation of Intracellular Estrogen Receptor Signaling Pathway","GOBP_REGULATION_OF_INTRACELLULAR_ESTROGEN_RECEPTOR_SIGNALING_PATHWAY",0.458901667526543,1.23285900842518,0.183381088825215,0.406829609977662,28,"FSHR;KANK2;BRCA1;PAK1;CYP7B1"
"Endolysosomal Toll Like Receptor Signaling Pathway","GOBP_ENDOLYSOSOMAL_TOLL_LIKE_RECEPTOR_SIGNALING_PATHWAY",-0.351206706354065,-1.16571854320896,0.183673469387755,0.407156024803084,43,"IRAK1;NR1H4;PELI1;SLC15A4;PPT1;RNF170;TNIP2;MAP3K7;UBQLN1;PTPN22;EPG5;WDFY1"
"Mitochondrion Localization","GOBP_MITOCHONDRION_LOCALIZATION",-0.339862050478862,-1.16811802817575,0.183760683760684,0.407156024803084,48,"UCHL1;MTM1;LRPPRC;TRAK2;RHOT1;AGTPBP1;ARMC1;ARMCX3;KIF1B;UXT;SYBU"
"Embryonic Forelimb Morphogenesis","GOBP_EMBRYONIC_FORELIMB_MORPHOGENESIS",0.512155261180443,1.25826698221091,0.184407796101949,0.408331548511459,18,"ALX4;ALDH1A2;TBX3;CRABP2;ZNF358;CACNA1C"
"Androgen Metabolic Process","GOBP_ANDROGEN_METABOLIC_PROCESS",-0.413660869772729,-1.22931634053859,0.184615384615385,0.408532970503912,23,"HSD17B7;HSD3B2;HSD17B6;HSD17B4;SRD5A3;DHRS9"
"Copii Coated Vesicle Cargo Loading","GOBP_COPII_COATED_VESICLE_CARGO_LOADING",-0.454556594229217,-1.2710365772301,0.185074626865672,0.408774538405074,18,"MIA3;SEC24D;SEC23A;SEC24A;RAB1A;INSIG1;SEC23B;SAR1A"
"Long Chain Fatty Acid Import into Cell","GOBP_LONG_CHAIN_FATTY_ACID_IMPORT_INTO_CELL",-0.45432394603356,-1.22365324387921,0.184971098265896,0.408774538405074,15,"SLC2A1;FABP3;ACSL1;ACSL3"
"Negative Regulation of Hydrolase Activity","GOBP_NEGATIVE_REGULATION_OF_HYDROLASE_ACTIVITY",-0.406698044821438,-1.23139194168898,0.184848484848485,0.408774538405074,24,"SPOCK3;SERPINB1;GAPDH;EPM2A;TMED2;FICD"
"Amino Acid Transport","GOBP_AMINO_ACID_TRANSPORT",-0.274046096725625,-1.11040752844094,0.185897435897436,0.409937278573357,113,"UCP2;SLC7A5;SLC6A8;TRPC4;SFXN1;KCNK1;PDPN;SLC17A5;SLC15A4;SLC1A2;LRRC8D;SLC38A5;EPM2A;SFXN4;SLC25A18;SLC7A4;SLC7A6;RGS2;SLC1A5;LRRC8B;RAB3GAP1;SLC38A6;SLC12A2;PSEN1"
"Macrophage Cytokine Production","GOBP_MACROPHAGE_CYTOKINE_PRODUCTION",0.518524699662214,1.25944292341612,0.186186186186186,0.409937278573357,17,"WNT5A;SEMA7A;TGFB2"
"Negative Regulation of Hippo Signaling","GOBP_NEGATIVE_REGULATION_OF_HIPPO_SIGNALING",0.498510473684431,1.26036985347974,0.186115214180207,0.409937278573357,20,"DLG5;WTIP;VGLL4;STRN4;WWC3;WWC2;CIT;LIMD1"
"Negative Regulation of Smoothened Signaling Pathway","GOBP_NEGATIVE_REGULATION_OF_SMOOTHENED_SIGNALING_PATHWAY",0.437560515859286,1.2057896197343,0.186111111111111,0.409937278573357,32,"KIF7;ENPP1;GPR161;SUFU;HHIP;TULP3;KCTD11;PTCH1;RB1;MGRN1;UBR5;PRKACA"
"Type b Pancreatic Cell Differentiation","GOBP_TYPE_B_PANCREATIC_CELL_DIFFERENTIATION",0.5196615424673,1.26220419713526,0.186186186186186,0.409937278573357,17,"WNT5A;SMO;CDK6;GSK3A;GATA6;AKT1;CDH2;CLOCK;BAD"
"Keratinocyte Differentiation","GOBP_KERATINOCYTE_DIFFERENTIATION",0.375793196258526,1.19111655791559,0.187185929648241,0.411879592687053,79,"WNT5A;CDH3;SPRR2F;SAV1;DSP;NUMA1;ZFP36;JAG1;ABCA12;FOSL2;REG3G;GRHL2"
"Negative Regulation of Amide Metabolic Process","GOBP_NEGATIVE_REGULATION_OF_AMIDE_METABOLIC_PROCESS",-0.409413899701561,-1.21669520547901,0.187692307692308,0.412217024354955,23,"PGK1;SPON1;APOE;PRKAA1"
"Sperm Egg Recognition","GOBP_SPERM_EGG_RECOGNITION",-0.408816612655565,-1.21492018932619,0.187692307692308,0.412217024354955,23,"CD9;CCT5;ALDOA;CCT8;CCT3;ZP3;CCT7;B4GALT1;VDAC2"
"Tissue Migration","GOBP_TISSUE_MIGRATION",0.377751655374246,1.19493377584614,0.187657430730479,0.412217024354955,78,"DAAM2;KANK1;FAT2;TGFB2;JUN;KANK2;ANLN;DAB2IP;HBEGF;BMPR2;TESK1;GRHL2;SASH1;DOCK1;SOX9;PKN2;CLASP1;SMAD4"
"Establishment of Mitochondrion Localization","GOBP_ESTABLISHMENT_OF_MITOCHONDRION_LOCALIZATION",-0.375871387497671,-1.19511546131113,0.187943262411348,0.412463770502602,32,"UCHL1;LRPPRC;TRAK2;RHOT1;AGTPBP1;ARMCX3;KIF1B;UXT;SYBU"
"Negative Regulation of Striated Muscle Cell Differentiation","GOBP_NEGATIVE_REGULATION_OF_STRIATED_MUSCLE_CELL_DIFFERENTIATION",0.464709731857247,1.2227776843576,0.188046647230321,0.412463770502602,26,"MYOCD;FOXP1;HDAC5;PAK1;SOX6;GSK3A"
"Positive Regulation of Stress Fiber Assembly","GOBP_POSITIVE_REGULATION_OF_STRESS_FIBER_ASSEMBLY",0.408631481622649,1.20290772344966,0.188157894736842,0.412463770502602,45,"LIMCH1;ARHGEF10L;NRP1;SORBS3;PAK1;TESK1;LIMK1;CD47;TGFB3;FERMT2;AMOT;SYNPO2L;WNT4;ROCK2;ARHGEF5;SFRP1;EPHA1;BRAF;EVL"
"Regulation of Dendrite Morphogenesis","GOBP_REGULATION_OF_DENDRITE_MORPHOGENESIS",0.404715868185505,1.21469973418963,0.188874514877102,0.413775750853339,51,"DBN1;CDKL5;FZD4;KNDC1;LZTS1;PTPRD;MAPRE3;STAU2;PARP6;HECW2;EFHC2;CHRNB2;SS18L1;ANAPC2;DPYSL5"
"Acrosome Reaction","GOBP_ACROSOME_REACTION",0.493765443079481,1.26007916620928,0.189349112426035,0.413817676031515,21,"RIMS1;RAB3A;SPESP1;SERPINA10;ADCY3"
"Branched Chain Amino Acid Metabolic Process","GOBP_BRANCHED_CHAIN_AMINO_ACID_METABOLIC_PROCESS",-0.394554176587102,-1.21247068746917,0.18960244648318,0.413817676031515,25,"HMGCL;PCCA;MCCC2;BCAT1;ECHS1;DLD;IVD;DBT;HIBADH;HSD17B10;PCCB"
"Exocytic Process","GOBP_EXOCYTIC_PROCESS",0.37761348323936,1.18841474492062,0.189393939393939,0.413817676031515,76,"RIMS1;SYT2;SYT11;RIMS2;SNPH;RAB3A;RIMS3;ERC2;BRSK1;SYT1;SYT5;GRIK5;EXOC2;SYT7;RPH3AL;EXOC6;STX19"
"Intermediate Filament Based Process","GOBP_INTERMEDIATE_FILAMENT_BASED_PROCESS",0.431041111319505,1.20356804408039,0.189115646258503,0.413817676031515,34,"KLHL24;KRT18;AGFG2;DSP;VIM;KRT19;ATXN3;DES"
"Positive Regulation of d Glucose Import","GOBP_POSITIVE_REGULATION_OF_D_GLUCOSE_IMPORT",0.462843667096486,1.21786756048757,0.189504373177843,0.413817676031515,26,"IRS1;IGF1;SORBS1;INSR;PIK3R1;CREBL2"
"Steroid Hormone Receptor Signaling Pathway","GOBP_STEROID_HORMONE_RECEPTOR_SIGNALING_PATHWAY",0.351206740592922,1.17116374903118,0.189473684210526,0.413817676031515,111,"FSHR;CALCOCO1;NR4A3;IGF1;ESR2;KANK2;HEYL;NR3C2;BRCA1;FOXP1;TADA3;PAK1"
"Positive Regulation of Cellular Component Biogenesis","GOBP_POSITIVE_REGULATION_OF_CELLULAR_COMPONENT_BIOGENESIS",0.307898712897398,1.13081419002486,0.189886480908153,0.414179540860062,397,"HOPX;LIMCH1;CASR;GRID2;CLSTN2;ARHGEF10L;FSCN1;HIP1R;IQSEC2;NRP1;FCHSD1;SEMA4A;NRG1;PPP2R5B;ANLN;EPS8;DAB2IP;NUMA1;LINGO2;PIK3CA;SORBS3;PIK3R1;DLG5;CEP120;BMF;PAK1;CDK2;SYNDIG1;ZDHHC1;PALM;KCNK6;KCTD17;TP53;WDR45;AMBRA1;PTPRD;NTRK2;PAN2;TESK1;AMIGO2;CDC42EP1;LRRC24;LIMK1;ZMYND8;STAU2;SOX9;SPAG5;CD47;SLITRK4;SLITRK2;ULK1;AKAP9;TGFB3;LDB2;MAVS;PLK4;FERMT2;AVIL;FLNA;SRF;NCK2;CLASP1;CROCC;SMPD3;SMAD4;DZIP1;CLU;AKIRIN1;MNS1;CLSTN3;AMOT;SLX4;ATAT1;SYNPO2L;EFNA5;BAIAP2L1;CCDC15;MARK4;AGT;WNT4;ROCK2;DCTN1;AGRN;FLRT2;TAL1;PRKD1;ARHGEF5;KDR;LRRN1;STIL;CCP110;SFRP1;LRRTM3;AMIGO3;CLSTN1;EPHA1;HGS;NR1H2;FNBP1L;BRAF;EPS8L1;TPPP3;TPR;CBLN2;PLEK2;BCL2L11;EVL;CREB1;TTBK2;EPHB2;TSC1;CDK5R1;ABI2;TRIM32;PLEKHM1"
"Cholesterol Efflux","GOBP_CHOLESTEROL_EFFLUX",-0.341036098664534,-1.15315359522197,0.190082644628099,0.414349411407736,45,"APOC1;APOA1;SCARB1;APOE;PLTP;LIPA;ABCA1"
"Nadpplus Metabolic Process","GOBP_NADPPLUS_METABOLIC_PROCESS",-0.371721419856283,-1.18159689986631,0.19047619047619,0.414844307270863,33,"IDH1;ACO1;MDH1;NUDT12;TKT;PGD;RPE"
"Positive Regulation of Myeloid Leukocyte Cytokine Production Involved in Immune Response","GOBP_POSITIVE_REGULATION_OF_MYELOID_LEUKOCYTE_CYTOKINE_PRODUCTION_INVOLVED_IN_IMMUNE_RESPONSE",0.473559199573369,1.21826303682097,0.190546528803545,0.414844307270863,23,"WNT5A;NR4A3;SEMA7A"
"Body Morphogenesis","GOBP_BODY_MORPHOGENESIS",0.429769269866314,1.21752037871992,0.190735694822888,0.414998222959365,38,"PRICKLE1;TGFB2;CSRNP1;MAB21L2;TGFB3;PLEKHA1;DLX5;OFD1;RRAS"
"Regulation of Receptor Signaling Pathway via Jak Stat","GOBP_REGULATION_OF_RECEPTOR_SIGNALING_PATHWAY_VIA_JAK_STAT",0.395664050251613,1.20300178053808,0.191763191763192,0.416974835969249,57,"SOCS2;HES1;PRLR;CISH;SOCS3;IL10;PTPRD;MST1;F2R"
"Digestive System Process","GOBP_DIGESTIVE_SYSTEM_PROCESS",-0.317843272839318,-1.13723266674788,0.191964285714286,0.417153159340659,58,"STATH;ACO1;APOA1;SCARB1;PTGER3;LPCAT3;SLC46A1;LIPA;CLDN15;SLC26A6;GCNT3;AKR1C1;PPP3CA;F11R;PLS1"
"Positive Regulation of Cold Induced Thermogenesis","GOBP_POSITIVE_REGULATION_OF_COLD_INDUCED_THERMOGENESIS",-0.309515906344933,-1.15550662931782,0.192660550458716,0.418406638720943,72,"ELOVL6;DECR1;SCD;UCP2;LPIN1;CCR2;FABP5;ACSL1"
"Negative Regulation of Tor Signaling","GOBP_NEGATIVE_REGULATION_OF_TOR_SIGNALING",-0.314843956093084,-1.15156656699707,0.192982456140351,0.41884606187091,64,"DEPTOR;MTM1;MAPKAPK5;PELI1;FNIP1;EPM2A;PRKAA1;FNIP2;TBC1D7;PDCD6;NPRL2;GSK3B;OTUD7B;USP7;SAR1A"
"Muscle Hypertrophy","GOBP_MUSCLE_HYPERTROPHY",0.380743176832179,1.18897093093401,0.193384223918575,0.41893268674239,70,"FOXO1;NR4A3;CAMK2D;IGF1;IGFBP5;HAND2;FOXP1;PAK1;PDE9A;GSK3A;NPPA;APLNR;LMNA;GATA6;SMAD4;JUND;AGT;ROCK2;HEY2;COL14A1;CAMTA2;MEF2A;TNFRSF1A;KDM4A;CTDP1;MTPN"
"Pyrimidine Nucleotide Metabolic Process","GOBP_PYRIMIDINE_NUCLEOTIDE_METABOLIC_PROCESS",-0.342623517351999,-1.15990715157165,0.19327731092437,0.41893268674239,46,"ENPP3;NME1;ENTPD7;UNG;NME4;UPP1;DCTD;TBPL1;DTYMK;DHODH;NME3;NME7;DCTPP1;NME2;CMPK2;CMPK1;CDA;ENTPD5"
"Regulation of Vesicle Fusion","GOBP_REGULATION_OF_VESICLE_FUSION",0.496265100957412,1.25469294147016,0.193500738552437,0.41893268674239,20,"SYT2;SYT11;RAB3A;ERC2;SYT1;SYT5;GRIK5;SYT7;RPH3AL"
"Toll Like Receptor 2 Signaling Pathway","GOBP_TOLL_LIKE_RECEPTOR_2_SIGNALING_PATHWAY",-0.450078524575063,-1.24597144744373,0.193452380952381,0.41893268674239,17,"IRAK1;LYN;TNIP2;PJA2"
"Mrna Modification","GOBP_MRNA_MODIFICATION",-0.405569288835067,-1.20526980049983,0.193846153846154,0.419421295196465,23,"DKC1;BAG4;TRUB2;PUS7;PUS7L;PUS1;RPUSD2;SYNCRIP;FBL;ADARB1"
"Hippocampus Development","GOBP_HIPPOCAMPUS_DEVELOPMENT",0.382068649391579,1.19057154321678,0.194373401534527,0.420302484923116,68,"NR4A3;BTG2;FBXO41;PTPRS;SMO;TMEM108;FEZ1;KIF14;CAPS2;CDK6;MDK;TUBA1A;SRF;KIRREL3;FXR2;PPP1R9B;XRCC1;ATAT1;PHLPP2;SEMA6B;TSKU;POMGNT1;BBS1;TSC1;CDK5R1;BBS2;PROX1"
"Regulation of Hormone Secretion","GOBP_REGULATION_OF_HORMONE_SECRETION",0.331491277947438,1.1506974054346,0.195259593679458,0.421958270610205,168,"SOX4;SYTL4;NOS2;FOXO1;CASR;TNFSF11;LRP5;CRHBP;IRS1;ADRA2A;PICK1;ABAT;C1QTNF1;FGFR1;MYRIP;PAX8;ABCA12;CPT1A;C2CD2L;TACR2;FOXL2;INHBB;GABBR1;GDF9;TCF7L2;PLA2G6;NNAT;GNAO1"
"Arf Protein Signal Transduction","GOBP_ARF_PROTEIN_SIGNAL_TRANSDUCTION",0.500601154297315,1.24523504196005,0.195488721804511,0.421993464127513,19,"CYTH2;IQSEC2;CYTH1;PSD;CYTH3;ARFGAP1;GIT1"
"Memory","GOBP_MEMORY",0.371245012194498,1.18420803624966,0.195516811955168,0.421993464127513,82,"S100B;CPEB3;FOS;SYT11;CCND2;INSR;ITGA3;ADCY1;CRTC1;EGR1;SGK1;CHST10;MDK;PLK2;SLITRK4;TUBA1A;CTNS;SRF;CHRNA7;CHRNB2"
"Negative Regulation of Cell Matrix Adhesion","GOBP_NEGATIVE_REGULATION_OF_CELL_MATRIX_ADHESION",0.449705704636594,1.21796963743799,0.195744680851064,0.421999616343756,29,"ARHGAP6;RCC2;PIK3R1;JAG1;THBS1;MMP14"
"Protein Localization to Chromosome","GOBP_PROTEIN_LOCALIZATION_TO_CHROMOSOME",0.370162920104455,1.17917218534811,0.195760598503741,0.421999616343756,81,"TTK;BUB1B;CENPA;RCC2;PLK1;CDK2;CDK1;MCM8;MDC1;CDK9;MIS18A;ZMYND8;ATRX;TONSL;ACD;ESR1;BRD2;CTCF;TNRC18;IK;TNKS;SPIN1;RB1;RAD21;PRKACA;TERF2IP"
"Developmental Pigmentation","GOBP_DEVELOPMENTAL_PIGMENTATION",-0.35569305277933,-1.16035748725792,0.196363636363636,0.423039248574304,37,"HPS5;SOD2;KITLG;RAB38;TYRP1;CD63;GABRB3"
"Positive Regulation of Carbohydrate Metabolic Process","GOBP_POSITIVE_REGULATION_OF_CARBOHYDRATE_METABOLIC_PROCESS",0.391331572676837,1.19596942819217,0.197435897435897,0.425087860306053,59,"NNMT;FOXO1;IRS1;IGF1;PMAIP1;SORBS1;PDGFB;INSR"
"Regulation of Dna Replication","GOBP_REGULATION_OF_DNA_REPLICATION",0.351024142163126,1.16810204470079,0.197647058823529,0.425281109986992,107,"ID3;DACH1;MCM5;CCNA2;MCM7;TSPYL2;CDK2;FGFR1;CDK1;E2F8;FBXO5;TNFAIP1;AGER;EGFR;ATRX;CIZ1;EHMT2;INO80E;DTL;ING5;DBF4B;CDC6;USP37;E2F7;ACTR8;RBBP6;CDC7;GLI1;BRPF3;KAT7;ZBTB38;KCTD13"
"Peptidyl Tyrosine Modification","GOBP_PEPTIDYL_TYROSINE_MODIFICATION",0.353371589482667,1.16942251481299,0.198102016607355,0.425998381937117,103,"HES1;PRLR;PDGFB;NRG1;ERBB2;CTF1;ARHGEF2;DDR1;CSPG4;IL10;FGFR1;FYN;CADM4;EGFR;SOCS5;PDGFA;IL18;FGFR2;ZGPAT;RAP2B"
"Chondrocyte Proliferation","GOBP_CHONDROCYTE_PROLIFERATION",0.499663040497973,1.24290150324113,0.198496240601504,0.426334800689818,19,"MMP16;FOSL2;BMPR2;MMP14;SOX9;EXT1;SLC26A2;HMGA2;DDR2;SMAD7"
"Zymogen Activation","GOBP_ZYMOGEN_ACTIVATION",-0.363733354143951,-1.16496662135447,0.198501872659176,0.426334800689818,34,"PGK1;ENO1;S100A10;FGG;ANXA2;CTSZ"
"Bile Acid Biosynthetic Process","GOBP_BILE_ACID_BIOSYNTHETIC_PROCESS",-0.391221811527575,-1.20223028147583,0.198776758409786,0.426663593571985,25,"NR1H4;STAR;OSBPL6;ERRFI1;STARD4"
"Cholesterol Storage","GOBP_CHOLESTEROL_STORAGE",-0.424871745011749,-1.23772485635193,0.199386503067485,0.42718710718373,21,"SCARB1;STARD4;LIPA;ABCA1"
"Negative Regulation of Protein Containing Complex Assembly","GOBP_NEGATIVE_REGULATION_OF_PROTEIN_CONTAINING_COMPLEX_ASSEMBLY",0.349651359922706,1.16896815822627,0.199292452830189,0.42718710718373,116,"PRKCZ;STMN1;KANK1;HIP1R;KANK2;SSH3;BCL11A;EPS8;CLIP3;SVIP;DACT1;ZNF827;TMOD2;SPTBN2;KIF14;TMOD1;TRIM11;NLRC3;SOX9;ULK1;TMSB4X;CTNNBIP1;AVIL"
"Regulation of Er to Golgi Vesicle Mediated Transport","GOBP_REGULATION_OF_ER_TO_GOLGI_VESICLE_MEDIATED_TRANSPORT",-0.423802436203775,-1.23460977490374,0.199386503067485,0.42718710718373,21,"SCFD1;GAS1;SEC24D;SEC24A;SAR1A;TBC1D20;RINT1;SAR1B"
"Response to Interleukin 6","GOBP_RESPONSE_TO_INTERLEUKIN_6",0.440189727493312,1.20340374217506,0.19971870604782,0.427637302741756,30,"PTGIS;C1QTNF4;CITED1;MYB;SOCS3"
"Regulation of Endoplasmic Reticulum Unfolded Protein Response","GOBP_REGULATION_OF_ENDOPLASMIC_RETICULUM_UNFOLDED_PROTEIN_RESPONSE",0.431436162782909,1.18891268248922,0.2,0.427716727716728,32,"AKT3;DAB2IP;PIK3R1;ATF6B;PPP1R15A;BOK;NCK2;AKT2;AKT1"
"Regulation of Nitric Oxide Metabolic Process","GOBP_REGULATION_OF_NITRIC_OXIDE_METABOLIC_PROCESS",0.394894306325425,1.19065332666374,0.2,0.427716727716728,53,"PTGIS;IGF1;INSR;IL10;DDAH2;ASS1;KLF4;ACP5;CD47;CHRNA7;ESR1;CLU;CX3CR1;AKT1;PTGS2;ROCK2;KLF2"
"Positive Regulation of Lipid Localization","GOBP_POSITIVE_REGULATION_OF_LIPID_LOCALIZATION",-0.306471362326239,-1.14715487746221,0.200934579439252,0.429453222559915,73,"PLIN2;FABP3;APOA1;SCARB1;PTGES;DBI;LPCAT3;APOE;ANXA2;PLTP;ACSL1;ABCA1;NMB"
"Positive Regulation of Release of Cytochrome c from Mitochondria","GOBP_POSITIVE_REGULATION_OF_RELEASE_OF_CYTOCHROME_C_FROM_MITOCHONDRIA",-0.434541324655574,-1.24378208317258,0.201780415430267,0.430998045885503,19,"BNIP3;FAM162A"
"Lymphocyte Apoptotic Process","GOBP_LYMPHOCYTE_APOPTOTIC_PROCESS",0.380617608607071,1.18304885481203,0.202059202059202,0.431330520910046,67,"WNT5A;TGFB2;ARG2;LMBR1L;FOXP1;IL10;PRKCQ;TP53;PRKD2;CASP7;DFFA;NFKBIZ;AKT1;LGALS9;EFNA1;KDELR1;RAG1"
"Neuroepithelial Cell Differentiation","GOBP_NEUROEPITHELIAL_CELL_DIFFERENTIATION",0.467208699535708,1.20728626214893,0.202380952380952,0.431754248593469,24,"SOX4;HES1"
"Amyloid Beta Clearance","GOBP_AMYLOID_BETA_CLEARANCE",-0.355065367610354,-1.14501878674749,0.203007518796992,0.432771330456433,36,"LRP4;CYP51A1;APOE;HMGCR;IDE;CLTC"
"Er Nucleus Signaling Pathway","GOBP_ER_NUCLEUS_SIGNALING_PATHWAY",0.398657392239433,1.19651604113534,0.203104786545925,0.432771330456433,51,"AKT3;ARHGEF10L;CREBZF;ZBTB7B;MBTPS1;ATF6B;PPP1R15A;TP53;ARMC5;SCAP;BOK;PAQR3;DDIT3;NCK2;AKT2;AKT1"
"Decidualization","GOBP_DECIDUALIZATION",0.47564868043039,1.22024631445278,0.203566121842496,0.433227293325799,22,"NDP;PTGIS;JUNB"
"Insulin Secretion","GOBP_INSULIN_SECRETION",0.34153088267941,1.15858400898203,0.203508771929825,0.433227293325799,133,"SOX4;SYTL4;NOS2;FOXO1;CASR;LRP5;IRS1;ADRA2A;PICK1;ABAT;RIMS2;RAB3A;ILDR2;MYRIP;ABCA12;CPT1A;C2CD2L;INHBB;ACVR2B;TCF7L2;PLA2G6;NNAT;GNAO1"
"Regulation of Cardiac Muscle Contraction","GOBP_REGULATION_OF_CARDIAC_MUSCLE_CONTRACTION",0.388394587631184,1.18699355051986,0.203846153846154,0.433296769977595,59,"JUP;CAMK2D;ANK2;DSP;GJA5;KCNQ1;SCN5A;TNNI3;GSTM2;NPPA;AKAP9;TMEM38A;CTNNA3;CACNA1C"
"Regulation of Long Term Neuronal Synaptic Plasticity","GOBP_REGULATION_OF_LONG_TERM_NEURONAL_SYNAPTIC_PLASTICITY",0.491710441827462,1.24317752632184,0.20384047267356,0.433296769977595,20,"SYNGR1;DLG4;SYNGAP1;GRIK2;FXR2;EPHB2;KRAS;FMR1;SYP"
"Positive Regulation of Cell Adhesion","GOBP_POSITIVE_REGULATION_OF_CELL_ADHESION",0.305070226767126,1.1200932684738,0.204334365325077,0.433545294811476,393,"SOX4;WNT5A;VWC2;NPNT;VIT;ECM2;HES1;NPY2R;JUP;TNFSF11;NR4A3;NDNF;ZBTB16;TNFSF4;PRKCZ;CD24;IGF1;TGFB2;FBLN1;NRP1;PDGFB;NRG1;EGR3;ERBB2;ANK3;SMARCC2;EFNB1;LDB1;VCAM1;FSTL3;SELE;ZBTB7B;IL10;FN1;HPSE;FYN;HLA-DRB5;PRKCQ;SMARCA2;CDK6;IGFBP2;SOX13;PRKD2;AMBRA1;MDK;TESK1;GSK3A;AGER;DOCK1;CSPG5;CD47;SOCS5;BRD7;JAK1;TGM2;FERMT2;FLNA;CSF1;IL18;KIF26B;NCK2;CCDC80;ARID2;RRAS;NFKBIZ;ALOX5;BRD2;EFEMP2;AKT1;LGALS9;ARID1B;RIN2;SELP;DAG1;TJP1;RELA;ARID1A;EFNB3"
"Positive Regulation of Protein Localization to Nucleus","GOBP_POSITIVE_REGULATION_OF_PROTEIN_LOCALIZATION_TO_NUCLEUS",0.367534101469237,1.17237086629906,0.204234122042341,0.433545294811476,82,"JUP;TGFB2;SMO;PLK1;PIK3R1;CHP2;EFCAB7;CDK1;TRIM8;CDH1;FYN;TESK1;CDK5RAP3;TCF7L2;JAK1;MAVS;FERMT2;FLNA;TRIM28"
"Regulation of Endocrine Process","GOBP_REGULATION_OF_ENDOCRINE_PROCESS",0.44490700017728,1.20497296812687,0.204255319148936,0.433545294811476,29,"CRHBP;C1QTNF1;GJA5;FGFR1;TACR2;FOXL2;INHBB;GDF9;F2R;SMAD4;AGT;CRY2"
"Regulation of Exocytosis","GOBP_REGULATION_OF_EXOCYTOSIS",0.334577815208821,1.14868188261437,0.20501138952164,0.434455473378285,147,"SYTL4;ATP9A;RIMS1;RIMS4;MICAL1;SYT2;ADRA2A;SYT11;RIMS2;RAB15;GAB2;RAB3A;RIMS3;PRKCG;ADORA3;CSPG5;FCGR2B;SYT1;SPHK2;SYT5;CLASP1;SMPD3;DTNBP1;CEACAM1;LGALS9;FBXL20;SYN1;SYT7"
"Very Long Chain Fatty Acid Metabolic Process","GOBP_VERY_LONG_CHAIN_FATTY_ACID_METABOLIC_PROCESS",-0.387117947450306,-1.18961904784985,0.204892966360856,0.434455473378285,25,"ELOVL6;TECR;HSD17B4;ACSL1;ACOX1;ELOVL5;ACOT4"
"Nucleoside Metabolic Process","GOBP_NUCLEOSIDE_METABOLIC_PROCESS",-0.382190931664479,-1.19935014989548,0.205387205387205,0.434988742727558,29,"APRT;DGUOK;ERH;PNP;ENPP4;NME4;UPP1;PGM2;DCTD;DTYMK;HPRT1"
"Response to Forskolin","GOBP_RESPONSE_TO_FORSKOLIN",0.534139734698203,1.25669742777338,0.205792682926829,0.43558415002579,15,"FOS;ADCY1;ADCY3;ADCY2;JUND;EFNA5;ADCY6;CREB1;GNAI1;ADCY5"
"Negative Regulation of Rho Protein Signal Transduction","GOBP_NEGATIVE_REGULATION_OF_RHO_PROTEIN_SIGNAL_TRANSDUCTION",0.50453344986894,1.23954165759782,0.206896551724138,0.437656171914043,18,"KANK1;ITGA3;TNFAIP1;SCAI"
"Positive Regulation of Establishment of Protein Localization","GOBP_POSITIVE_REGULATION_OF_ESTABLISHMENT_OF_PROTEIN_LOCALIZATION",0.311963369908739,1.12390938303563,0.207226354941552,0.438089270585549,253,"SOX4;SYTL4;CASR;JUP;IGF1;FZD5;CAMK1;TGFB2;ABAT;ERBB2;SMO;APBB1;ANK3;ANG;PIK3R1;CEP120;CHP2;PAK1;APBB3;HUWE1;MYO1C;EFCAB7;FRMD4A;CDK1;MYRIP;CDH1;FYN;SEC31B;ATG13;C2CD2L;MICALL2;RNF31;GSK3A;PLK3;TCF7L2;TGFB3;PLA2G6;NNAT;GAS6;MAVS;C1QTNF3;FLNA;TRIM28"
"Embryonic Hemopoiesis","GOBP_EMBRYONIC_HEMOPOIESIS",-0.428421966636285,-1.22626672287643,0.207715133531157,0.438593196359038,19,"CCDC134;KITLG;SH2B3"
"Pyrimidine Ribonucleotide Biosynthetic Process","GOBP_PYRIMIDINE_RIBONUCLEOTIDE_BIOSYNTHETIC_PROCESS",-0.427195968460536,-1.22275756395764,0.207715133531157,0.438593196359038,19,"NME1;NME4;UPP1;DHODH;NME3;NME7;NME2;CMPK1;CDA"
"Organophosphate Ester Transport","GOBP_ORGANOPHOSPHATE_ESTER_TRANSPORT",-0.262394212589931,-1.09016611474316,0.208,0.438930120481928,141,"APOC1;PITPNA;OSBPL10;APOA1;SCARB1;PLEKHA8P1;DBI;APOE;PLTP;LRRC8D;ABCA1;PANX1;SLC33A1;SLC35E3;TNFAIP8L3;OSBP;SLC35D1;NME4;LRRC8B;SLC25A16;SLC25A33;SERINC3;VDAC2;LRRC8E;SLC25A36;ABCB1;SLC17A9;SCP2;MFSD2A;SLC25A4;PLSCR4;ABCC4;MTTP;EPG5"
"Integrin Activation","GOBP_INTEGRIN_ACTIVATION",0.490879923831394,1.24107775129147,0.208271787296898,0.438974771901946,20,"FARP2;FN1;KIF14;LRP12;FERMT2;SELP"
"Taxis","GOBP_TAXIS",0.306054255097962,1.11496724880414,0.2081589958159,0.438974771901946,331,"WNT5A;SEMA5A;PLEKHG5;CASR;TNFSF11;PGF;SEMA7A;NR4A1;ROBO3;TGFB2;NRP1;SEMA4A;PDGFB;C5;SEMA6C;SEMA3C;NRG1;EGR3;DUSP1;ITGA9;HMGB2;CXCL6;VCAM1;F3;UNC5C;IL10;FGFR1;PDGFD;FGF18;CMKLR1;THBS1;PRKCQ;EDNRB;C3;GPR35;SEMA3A;PRKD2;HBEGF;BMPR2;MDK;SEMA4C;RYK;SEMA3B;AGER;CYP7B1;NRP2;PLA2G6;TMSB4X;GAS6;CCR9;PDGFA;GPNMB;CSF1;ALOX5;CX3CR1;CMTM3;AKIRIN1;AMOT;SEMA6A;FOLR2;LGALS9;BLVRA;GAB1;C3AR1;EFNA5;IL17RC;SAA1;SEMA4F;TSC2;CORO1B;FLRT2;PRKD1;ARHGEF5;SEMA6B;KDR;GREM1;TMEM102;FPR3"
"Phosphate Ion Transport","GOBP_PHOSPHATE_ION_TRANSPORT",0.509166283354175,1.23671229708102,0.208708708708709,0.439631152499463,17,"SFRP4;SLC37A1;FGFR1;CEBPB;CRY2;SLC20A2;SLC37A4;SLC20A1;XPR1"
"Podosome Assembly","GOBP_PODOSOME_ASSEMBLY",0.533013033302345,1.25404658071208,0.208841463414634,0.439646422080206,15,"FSCN1;FARP2;KIF9;DIAPH3;SH3PXD2B"
"Myd88 Dependent Toll Like Receptor Signaling Pathway","GOBP_MYD88_DEPENDENT_TOLL_LIKE_RECEPTOR_SIGNALING_PATHWAY",-0.42826450988472,-1.23609429113556,0.209230769230769,0.440201432201432,20,"IRAK1;CCDC134;IRAK2;IRAK3;MAP3K7"
"Amine Metabolic Process","GOBP_AMINE_METABOLIC_PROCESS",0.385580888901231,1.18268617737401,0.209450830140485,0.440220198015201,60,"FSHR;MAOB;TGFB2;ABAT;HAND2;VCAM1;MAOA;PNMT;NR4A2;MDGA1;CHRNB2;AZIN1;INMT;SMOX"
"Negative Regulation of Response to Cytokine Stimulus","GOBP_NEGATIVE_REGULATION_OF_RESPONSE_TO_CYTOKINE_STIMULUS",-0.307606891310244,-1.15916933292433,0.20952380952381,0.440220198015201,76,"NR1H4;APOA1;NOL3;IL1RAP;ROBO1;TNFRSF11B;TTLL12;SH2B3;IRAK3;CARD16;SLIT2;GSTP1;USP18;RABGEF1;NR1H3;DNAJA3;TANK;OAS3;EIF4E2;XIAP;DICER1"
"Regulation of Cell Substrate Junction Organization","GOBP_REGULATION_OF_CELL_SUBSTRATE_JUNCTION_ORGANIZATION",0.377399933042531,1.17602326547303,0.209718670076726,0.440220198015201,68,"LIMCH1;ARHGAP6;NRP1;GPM6B;RCC2;LDB1;PIK3R1;ACTG1;THBS1;MMP14;VCL;FERMT2;CLASP1;RAB40A;EFNA5;WNT4;ROCK2;KDR;GREM1;SFRP1"
"Regulation of Cytokinesis","GOBP_REGULATION_OF_CYTOKINESIS",0.370042096397911,1.17288783440913,0.209798994974874,0.440220198015201,79,"KIF23;BIRC5;PRC1;PLK1;KIF20A;KLHL13;CSPP1;KIF14;E2F8;UVRAG;MAP9;PLK3;CIT;CDC25B;PKN2;BRCA2;CDC14A;CDC6;CENPV;E2F7;CHMP4C;INCENP"
"Response to Nutrient Levels","GOBP_RESPONSE_TO_NUTRIENT_LEVELS",-0.224610491469828,-1.05515906717691,0.209868036164826,0.440220198015201,386,"MLXIPL;BNIP3;MT3;WNT2B;SLC2A1;FADS1;UCP2;PLIN2;NR1H4;PCSK9;HSPA5;KL;SLC7A5;STC2;NQO1;SOD2;CAT;FNIP1;STC1;AGL;PIK3C3;EIF2AK1;APOE;BBS4;FASN;TBL2;EIF2AK3;ACSL1;LIPA;GCLM;ABCA1;PRKAA1;ALAD;MKKS;EIF2AK4;TBL1XR1;ULK3;MAPK1;YME1L1;SLC16A1;SUV39H1;FIS1;TFAM;CADPS2;FBP1;RRAGC;UPP1;TBC1D7;TFRC;GSTP1;RICTOR;GPX1;PRKAG2;RARRES2;TRIM24;DGAT2;LAMTOR1;PSPH;GABARAPL2;MLYCD;NPRL2;PTER;PIK3C2B;VGF"
"Polarized Epithelial Cell Differentiation","GOBP_POLARIZED_EPITHELIAL_CELL_DIFFERENTIATION",0.506027386664309,1.22908824132059,0.21021021021021,0.44041050619998,17,"WNT5A;DLG5;TTC8;PTK7"
"Response to Interleukin 17","GOBP_RESPONSE_TO_INTERLEUKIN_17",0.50632629412047,1.22981425664959,0.21021021021021,0.44041050619998,17,"SOCS3;TRAF2;NFKBIZ;IL17RC;TRAF6;IL17RB;TRIM32"
"l Amino Acid Catabolic Process","GOBP_L_AMINO_ACID_CATABOLIC_PROCESS",-0.315879531588283,-1.13176926245338,0.211009174311927,0.441820165938242,61,"DDO;GOT2;ALDH8A1;HAL;FAH;HMGCL;GLS;MCCC2;ECHS1;DLD;GOT1;GCAT;IVD;GPT2;HDC;FTCD"
"Negative Regulation of Receptor Signaling Pathway via Stat","GOBP_NEGATIVE_REGULATION_OF_RECEPTOR_SIGNALING_PATHWAY_VIA_STAT",0.468164219326578,1.2043840856255,0.21122599704579,0.442009956781006,23,"SOCS2;CISH;SOCS3;PTPRD"
"Insulin Metabolic Process","GOBP_INSULIN_METABOLIC_PROCESS",-0.44253688116534,-1.20405771792876,0.211764705882353,0.442079526140705,16,"P4HB;CELA2A;IDE;ERN1;JAGN1"
"Keratinocyte Migration","GOBP_KERATINOCYTE_MIGRATION",-0.443473498969088,-1.20660607478522,0.211764705882353,0.442079526140705,16,"EPB41L4B;PTEN;HAS2"
"Lymph Node Development","GOBP_LYMPH_NODE_DEVELOPMENT",-0.443572651966326,-1.20687585101554,0.211764705882353,0.442079526140705,16,"PDPN;FADD;IL7R;TNFRSF11A;RCBTB2;CXCR5;TGFB1"
"Negative Regulation of Glial Cell Differentiation","GOBP_NEGATIVE_REGULATION_OF_GLIAL_CELL_DIFFERENTIATION",0.531717621946572,1.25099880123987,0.211890243902439,0.442079526140705,15,"HES1;DAAM2;TMEM98;LIN28A"
"Relaxation of Cardiac Muscle","GOBP_RELAXATION_OF_CARDIAC_MUSCLE",0.531570548582258,1.25065277433601,0.211890243902439,0.442079526140705,15,"CAMK2D;PIK3CA;GSTM2"
"Cell Chemotaxis","GOBP_CELL_CHEMOTAXIS",0.313379404480381,1.12104123885989,0.212218649517685,0.44248431460966,230,"WNT5A;SEMA5A;PLEKHG5;TNFSF11;PGF;NR4A1;TGFB2;NRP1;PDGFB;C5;EGR3;DUSP1;ITGA9;HMGB2;CXCL6;VCAM1;IL10;FGFR1;PDGFD;FGF18;CMKLR1;THBS1;PRKCQ;EDNRB;C3;GPR35;PRKD2;HBEGF;MDK"
"Intrinsic Apoptotic Signaling Pathway in Response to Dna Damage","GOBP_INTRINSIC_APOPTOTIC_SIGNALING_PATHWAY_IN_RESPONSE_TO_DNA_DAMAGE",0.350033487626289,1.1583756406902,0.212336892052195,0.44248431460966,103,"DDIT4;SKIL;IER3;BRCA1;ING2;PIK3R1;BCL2;TRAF2;SNAI2;TP53;MSH6;TOPORS;HIC1;BOK;USP28;BRCA2;KDM1A;BAG6;CRIP1;CLU;E2F1;SIRT1;BCL3"
"Cell Recognition","GOBP_CELL_RECOGNITION",0.349356067877711,1.15988008153833,0.21301775147929,0.44273022281321,105,"SEMA5A;CLEC4M;PLA2G5;ROBO3;NRP1;CLGN;CNTN4;ST6GALNAC6;VCAN;TUB;SPESP1;CFB;CADM1;C3;FOXG1;EXT1;CNTN2;NCK2;COLEC12;MYO18A;MASP2;FOLR2;C2;EFNB3;EFNA5;NEXN"
"Metanephric Nephron Epithelium Development","GOBP_METANEPHRIC_NEPHRON_EPITHELIUM_DEVELOPMENT",0.504304164764936,1.22490271336396,0.213213213213213,0.44273022281321,17,"HES1;AQP1;PAX8;SOX9;PKD1;LAMB2;SLC22A1"
"Negative Regulation of Protein Polymerization","GOBP_NEGATIVE_REGULATION_OF_PROTEIN_POLYMERIZATION",0.393318992240785,1.18218228652359,0.212987012987013,0.44273022281321,52,"STMN1;KANK1;HIP1R;KANK2;SSH3;EPS8;CLIP3;TMOD2;SPTBN2;TMOD1"
"Regulation of Extracellular Matrix Disassembly","GOBP_REGULATION_OF_EXTRACELLULAR_MATRIX_DISASSEMBLY",0.513526892237107,1.22732863500787,0.212990936555891,0.44273022281321,16,"FSCN1;TGFB2;DDR1;HPSE;CLASP1;TIMP3;DDR2"
"Response to Radiation","GOBP_RESPONSE_TO_RADIATION",0.306166769760577,1.11560841546599,0.213166144200627,0.44273022281321,333,"SIK1;SCARA3;FOS;COL6A2;CCND2;MAPK10;DUSP1;XRRA1;BRCA1;VCAM1;PIK3R1;DNMT3A;BCL2;RHOB;CRTC1;EGR1;PITPNM1;FANCG;AQP1;MC1R;PTPRK;RAD54L;BRSK1;COL6A1;CDS1;SNAI2;TP53;DCT;MSH6;ROM1;PPM1D;OGG1;KDM4D;KCNC1;PLK3;EGFR;NDRG4;MAP2K7;SLC1A3;PLEKHB1;RBM4B;SYNGAP1;ELOVL4;EXT1;ERCC2;TUBA1A;CTNS;UBE4B;USP28;BRCA2;CASP7;KDM1A;CHRNB2;FANCD2;DTL;CRIP1;RFWD3;BARD1;AKT2;NR2E3;GNB5;AKT1;RELA;JUND;UIMC1;RPAIN;SIRT1;ATP8A2;XPC;RAG1;BCL3;GRK4;LRRN4;FKBPL;PER3;DYNLRB1;GNA11;SCN11A;SWI5;CLK2;CRY2;RAD9A;GRIN2A;SFRP1;CIRBP;POLD1;ZRANB3;BLM;PRPH2;PER2;CLOCK;BRAF;POLD3;CABP4;IFI16;CBL;RHBDD1;RAD51AP1;CREB1;PIAS1;KRAS;HMGN1;TRIM32;ERCC3;RBM4;COL3A1;SMC1A;POLB"
"Synaptic Vesicle Exocytosis","GOBP_SYNAPTIC_VESICLE_EXOCYTOSIS",0.362702497852384,1.16173671385403,0.212871287128713,0.44273022281321,84,"RIMS1;RIMS4;SYT2;SYT11;RIMS2;SNPH;RAB3A;RIMS3;PRKCG;ERC2;BRSK1;CSPG5;SYT1;SYT5;DTNBP1;FBXL20;GRIK5;SYN1;SYT7"
"Maturation of 5 8s Rrna","GOBP_MATURATION_OF_5_8S_RRNA",-0.348633875571514,-1.1448224188693,0.213740458015267,0.443562099779313,39,"MPHOSPH6;RCL1;EXOSC8;RPP40;EXOSC7;C1D;RPS21;FTSJ3;NOP14;UTP20;PRKDC;PES1;LAS1L;WDR12;FCF1;NSA2"
"Tubulin Deacetylation","GOBP_TUBULIN_DEACETYLATION",0.512907287031504,1.22584777933559,0.214501510574018,0.444877910918168,16,"TADA3;MBIP;FLNA;BEX4;KAT2B;YEATS2;TADA2A"
"Interleukin 12 Production","GOBP_INTERLEUKIN_12_PRODUCTION",0.396620937928265,1.18341427411548,0.216145833333333,0.447903847075935,49,"TNFSF4;FOXP1;IRF1;IL10;CMKLR1;THBS1;MDK;ACP5;AGER;TLR3;CD47;MAST2;LGALS9;RELA"
"Regulation of Neurotransmitter Receptor Localization to Postsynaptic Specialization Membrane","GOBP_REGULATION_OF_NEUROTRANSMITTER_RECEPTOR_LOCALIZATION_TO_POSTSYNAPTIC_SPECIALIZATION_MEMBRANE",0.501987079996053,1.21927475385301,0.216216216216216,0.447903847075935,17,"GPC4;IQSEC2;TMEM108;KIF2C"
"Positive Regulation of Regulatory t Cell Differentiation","GOBP_POSITIVE_REGULATION_OF_REGULATORY_T_CELL_DIFFERENTIATION",-0.424572713843028,-1.21524905577273,0.216617210682493,0.448469319752229,19,"HLA-G;DUSP10;CD46;IL2RG"
"Cytokine Production Involved in Immune Response","GOBP_CYTOKINE_PRODUCTION_INVOLVED_IN_IMMUNE_RESPONSE",0.364550470168316,1.16129345007531,0.216957605985037,0.448717889359601,81,"WNT5A;NR4A3;TNFSF4;SEMA7A;PRKCZ;FZD5;TGFB2;ARID5A;IL10;TRAF2;TRIM6;TLR3;TGFB3;SPHK2;MAVS;DENND1B;IL18"
"Embryonic Skeletal System Morphogenesis","GOBP_EMBRYONIC_SKELETAL_SYSTEM_MORPHOGENESIS",0.401696456464975,1.19144272864821,0.216993464052288,0.448717889359601,47,"HOXC4;ALX4;COL11A1;MMP16;MED12;GRHL2;MMP14;TULP3;MDFI;FGFR2"
"Cellular Response to Type Ii Interferon","GOBP_CELLULAR_RESPONSE_TO_TYPE_II_INTERFERON",0.360571580677359,1.15777156229999,0.217932752179328,0.448873418930662,89,"DAPK1;WNT5A;NOS2;PIM1;VIM;IRF1;MYO1C;ACTG1;ASS1;TP53;GBP4;CD47;JAK1"
"Epithelial Cell Differentiation Involved in Kidney Development","GOBP_EPITHELIAL_CELL_DIFFERENTIATION_INVOLVED_IN_KIDNEY_DEVELOPMENT",0.418094285540892,1.17859284995705,0.217391304347826,0.448873418930662,36,"CD24;PDGFB;SMO;JAG1;PAX8;EDNRB;EXT1;ASXL1;PROM1;WT1;LAMB2;GREM1"
"Glial Cell Activation","GOBP_GLIAL_CELL_ACTIVATION",0.401291175793777,1.17234511102584,0.217965653896962,0.448873418930662,43,"CALHM2;JUN;SYT11;KCNJ8;SMO"
"Regulation of Epithelial to Mesenchymal Transition","GOBP_REGULATION_OF_EPITHELIAL_TO_MESENCHYMAL_TRANSITION",0.370439837144581,1.17180445677851,0.217884130982368,0.448873418930662,78,"TNXB;TGFB2;DAB2IP;TGFB1I1;MARK1;JAG1;MDK;SPSB3;MAD2L2;TCF7L2;TGFB3;FERMT2;KDM1A;SMAD4;AXIN2;EFNA1;AGT;SPRED3;TRIM62;GREM1;SFRP1;SMAD7;ZNF750"
"Regulation of Meiotic Nuclear Division","GOBP_REGULATION_OF_MEIOTIC_NUCLEAR_DIVISION",0.500409565366587,1.22941006645532,0.217391304347826,0.448873418930662,18,"WNT5A;ZWINT;CDC20;FBXO5;FZR1;WNT4"
"Retina Homeostasis","GOBP_RETINA_HOMEOSTASIS",0.410209865784059,1.18465402412526,0.217914438502674,0.448873418930662,41,"NDP;CDH3;VSTM4;LCA5;TUB;NXNL2"
"Rrna Methylation","GOBP_RRNA_METHYLATION",-0.411507852385623,-1.19879352642667,0.217791411042945,0.448873418930662,21,"TRMT61B;TFB2M;NSUN4;METTL5;EMG1;FTSJ3;FBL"
"Glial Cell Proliferation","GOBP_GLIAL_CELL_PROLIFERATION",0.424848400711687,1.17727707264507,0.218106995884774,0.448900591412669,33,"SOX4;NDP;HES1"
"d Glucose Import","GOBP_D_GLUCOSE_IMPORT",0.39270050569452,1.18947772539412,0.218508997429306,0.449147307640661,55,"SLC25A27;IRS1;IGF1;SORBS1;ENPP1;INSR;PIK3R1;GRB10;RTN2;CREBL2;GSK3A"
"Fc Epsilon Receptor Signaling Pathway","GOBP_FC_EPSILON_RECEPTOR_SIGNALING_PATHWAY",0.464847070613588,1.19585049643894,0.218611521418021,0.449147307640661,23,"NR4A3;MAPK10;PRKCQ;MAP2K7"
"Regulation of Leukocyte Adhesion to Vascular Endothelial Cell","GOBP_REGULATION_OF_LEUKOCYTE_ADHESION_TO_VASCULAR_ENDOTHELIAL_CELL",-0.39625954390822,-1.17760312375782,0.218461538461538,0.449147307640661,23,"IRAK1;ETS1;CCR2;RHOA;EPHA4"
"Hormone Mediated Signaling Pathway","GOBP_HORMONE_MEDIATED_SIGNALING_PATHWAY",0.325922649835664,1.13310026768328,0.218855218855219,0.449384426523934,169,"FSHR;CALCOCO1;PIM1;NR4A3;PRLR;CRHBP;IGF1;ESR2;KANK2;HEYL;NR3C2;GREB1L;ALDH1A2;BRCA1;FOXP1;TADA3;PAK1;MN1;SNAI2;TRIM68;RARG;CYP7B1;TCF7L2;PAQR8;ASXL1;SSTR2;KDM1A;ESR1;NR2E3;DDX54;SLC27A1;RELA;SIRT1;HMGA2;KLF2;CTBP2;DAXX;CRY2;SFRP1;RXRB;EGLN2;NR1H2;GHSR;CLOCK;APPL2;ZDHHC7;UBR5;NR5A1"
"Response to Epidermal Growth Factor","GOBP_RESPONSE_TO_EPIDERMAL_GROWTH_FACTOR",0.403412205461004,1.17412375991274,0.21957671957672,0.4506017859855,42,"FOS;ERBB2;MCM7;DAB2IP;ZFP36;ZFP36L2;INPP5K;SNAI2;EGFR;SOX9"
"Hydrogen Peroxide Biosynthetic Process","GOBP_HYDROGEN_PEROXIDE_BIOSYNTHETIC_PROCESS",-0.43265170688165,-1.17716206042332,0.220588235294118,0.45188338493292,16,"DUOXA2;DUOX2;SOD2;ACOX1"
"Nuclear Transcribed Mrna Catabolic Process Deadenylation Dependent Decay","GOBP_NUCLEAR_TRANSCRIBED_MRNA_CATABOLIC_PROCESS_DEADENYLATION_DEPENDENT_DECAY",0.383896200419225,1.17324578786204,0.22051282051282,0.45188338493292,59,"CPEB3;BTG2;TOB1;DCP1B;ZFP36;ZFP36L2;CNOT10;EIF4ENIF1;PAN2;TNRC6B;PATL2;DIS3;SAMD4B;CNOT3;TNRC6C;TNRC6A;HNRNPU"
"Rab Protein Signal Transduction","GOBP_RAB_PROTEIN_SIGNAL_TRANSDUCTION",0.481981523929705,1.23000684902904,0.220414201183432,0.45188338493292,21,"RAB15;GDI1;DENND3;RAB9B;MICALL2;MADD;RAB39B"
"Respiratory System Process","GOBP_RESPIRATORY_SYSTEM_PROCESS",0.425951909498942,1.17379967424894,0.220833333333333,0.452121079290863,32,"CC2D1A;ECEL1;TSHZ3;RAB3A;PBX3;COL6A1"
"Microtubule Depolymerization","GOBP_MICROTUBULE_DEPOLYMERIZATION",0.411729622755922,1.17640159511909,0.221621621621622,0.453163939027813,39,"STMN1;KIF2C;ARHGEF2;KIF18A;KIF14;APC2;KIF24;DIAPH3;CLASP1;CKAP2;NCKAP5L;STMN3;MID1;KIF18B;TTBK2;MID1IP1;MAP1S;MAP6D1;WDR47;CKAP5"
"Negative Regulation of Cellular Senescence","GOBP_NEGATIVE_REGULATION_OF_CELLULAR_SENESCENCE",0.498040033952963,1.22358858346557,0.221889055472264,0.453163939027813,18,"AKT3;CDK6;PLK2;FBXO5;FZR1;SIRT1;HMGA2"
"Organic Hydroxy Compound Transport","GOBP_ORGANIC_HYDROXY_COMPOUND_TRANSPORT",-0.256294864738657,-1.09772707800335,0.221492097606061,0.453163939027813,171,"APOC1;NR1H4;PCSK9;SLC16A3;APOA1;SCARB1;SLC19A3;SLC16A7;STAR;PARK7;OSBPL6;APOE;ANXA2;VAPB;PTPN11;PLTP;STARD4;LIPA;ABCA1;NMB;SLC2A13;ARL8B;SLC26A6;SLC16A1;OSBP;NUS1;SDHD;TMEM97;AKR1C1;SEC24A"
"Protein Localization to Cell Periphery","GOBP_PROTEIN_LOCALIZATION_TO_CELL_PERIPHERY",0.307460070557243,1.11262702821026,0.221987315010571,0.453163939027813,299,"VWC2;CACNB3;DCHS1;JUP;CAMK2D;PRKCZ;GPC4;IQSEC2;SORBS1;PACS1;ANK2;KRT18;ERBB2;TMEM108;ANK3;CLIP3;KIF2C;NUMA1;CACNB2;PLK1;TMEM88;LRP6;PIK3R1;ITGA3;MEST;TUB;TTC8;ARHGAP44;WNK3;EFCAB7;PALM;KCNIP4;INPP5K;CDH1;ABCA12;MMP14;PACS2;DLG4;EGFR;GRIPAP1;GPC6;GAS6;ZFYVE27;FLNA;WDR24;TSPAN14;YPEL4;RAMP1;PPP1R9B;MAP7;AKT2;PTCH1;KCNIP3;SCN3B;AKT1;OPTN"
"Wound Healing","GOBP_WOUND_HEALING",0.304014825206433,1.10843980211295,0.221989528795812,0.453163939027813,340,"WNT5A;SYTL4;NDNF;KANK1;VANGL2;PLAT;IGF1;DGKA;TGFB2;ADRA2A;ADAMTS18;FBLN1;SYT11;PDGFB;ITGB5;MERTK;NRG1;ERBB2;DSP;C1QTNF1;PIK3CA;RAB3A;F3;F5;HMOX1;PAK1;DDR1;ACTG1;DGKQ;FN1;SERPINA10;HPSE;AQP1;GP1BA;MCAM;THBS1;AXL;PRKCQ;REG3G;SERPING1;ANO5;DGKZ;PROZ;HBEGF;TNFAIP3;TSPAN9;CNN2;CADM4;CSRP1;PTK7;AGER;VCL;GAS6;EXT1;FERMT2;TYRO3;AK3;FLNA;PDGFA;SRF;CASP7;ARHGEF19;F2R;FUT10;CLASP1;ADAMTS13;MYL9;PLA2G4A;DTNBP1;ALOX5;CHMP4C;RAP2B;CEACAM1;CLDN4;SELP;DAG1"
"Negative Regulation of Androgen Receptor Signaling Pathway","GOBP_NEGATIVE_REGULATION_OF_ANDROGEN_RECEPTOR_SIGNALING_PATHWAY",0.528716139486091,1.24393706244277,0.222560975609756,0.45380157017519,15,"IGF1;HEYL;FOXP1;TCF7L2;SIRT1;SFRP1;DAB2"
"Trophectodermal Cell Differentiation","GOBP_TROPHECTODERMAL_CELL_DIFFERENTIATION",0.527389047277514,1.24081474583421,0.222560975609756,0.45380157017519,15,"HOPX;JUNB;RBM46;SRF;TEAD4"
"Secretion by Tissue","GOBP_SECRETION_BY_TISSUE",0.456845689775612,1.18050782388288,0.223214285714286,0.454868902185656,24,"PRICKLE1;WNK3;AQP1;FOSL2;CELSR2"
"Positive Regulation of Fatty Acid Biosynthetic Process","GOBP_POSITIVE_REGULATION_OF_FATTY_ACID_BIOSYNTHETIC_PROCESS",-0.432606038573045,-1.17703780574133,0.223529411764706,0.455246238030096,16,"MLXIPL;LPGAT1;ELOVL5;PLAA;NR1H3;SLC45A3"
"Disruption of Anatomical Structure in Another Organism","GOBP_DISRUPTION_OF_ANATOMICAL_STRUCTURE_IN_ANOTHER_ORGANISM",-0.32458779351708,-1.14757110461989,0.224137931034483,0.45578600898332,53,"CXCL14;GAPDH;STATH;PCYOX1L;NTS;MICA"
"Regulation of P38mapk Cascade","GOBP_REGULATION_OF_P38MAPK_CASCADE",0.41611881211979,1.17302406097832,0.224184782608696,0.45578600898332,36,"ULK4;HAND2;DAB2IP;DUSP1;SASH1;AGER;GADD45G;LGALS9;GDF6;GADD45B;RELL2;SPHK1;RELL1;MAP3K4;PER1"
"Regulation of Protein Polymerization","GOBP_REGULATION_OF_PROTEIN_POLYMERIZATION",0.327484645905064,1.12789510282674,0.224118316268487,0.45578600898332,157,"ARHGAP28;PAK3;STMN1;DAAM2;KANK1;HIP1R;FCHSD1;KANK2;PLEKHG2;SSH3;EPS8;CLIP3;NUMA1;PAK1;TMOD2;SPTBN2;TMOD1;AMBRA1;CDC42EP1;MAPRE3;GBA2;AKAP9;TMSB4X;AVIL;NCK2;CLASP1"
"Response to Iron Ion","GOBP_RESPONSE_TO_IRON_ION",0.466704890357641,1.19730159217659,0.224368499257058,0.455894926274637,22,"TF;MAP1LC3A;ABAT;CYBRD1;BCL2"
"Neural Tube Patterning","GOBP_NEURAL_TUBE_PATTERNING",0.483135755172532,1.22149838990764,0.224519940915805,0.455938175668444,20,"HES1;SMO;GPR161;TULP3;PTCH1;ARL13B;KDM2B;DZIP1L;IFT140"
"Positive Regulation of Cell Morphogenesis","GOBP_POSITIVE_REGULATION_OF_CELL_MORPHOGENESIS",0.429697716641383,1.18071051334227,0.224860335195531,0.456100610416876,31,"DBN1;CDKL5;FZD4;PTPRD;MAPRE3;STAU2;PARP6;SS18L1;ANAPC2"
"Regulation of Steroid Biosynthetic Process","GOBP_REGULATION_OF_STEROID_BIOSYNTHETIC_PROCESS",-0.314953184940025,-1.12845024188373,0.224770642201835,0.456100610416876,61,"NR1H4;SEC14L2;STAR;NR3C1;LPCAT3;APOE;STARD4;PRKAA1;INSIG2;MAPK1;ERLIN2;INSIG1;ERLIN1;LHCGR;ASAH1;GPR146;BMP2;ADM;SREBF1;POR;GFI1;CLCN2"
"Positive Regulation of Peptidyl Tyrosine Phosphorylation","GOBP_POSITIVE_REGULATION_OF_PEPTIDYL_TYROSINE_PHOSPHORYLATION",0.409497873683217,1.17713028659164,0.225201072386059,0.456527405421507,40,"HES1;NRG1;CTF1;ARHGEF2;CSPG4;IL10"
"Negative Regulation of d Glucose Transmembrane Transport","GOBP_NEGATIVE_REGULATION_OF_D_GLUCOSE_TRANSMEMBRANE_TRANSPORT",0.526612505076188,1.23898773592731,0.225609756097561,0.456827153531651,15,"ENPP1;GRB10;INPP5K;GSK3A"
"Tissue Homeostasis","GOBP_TISSUE_HOMEOSTASIS",0.316792465385335,1.1171082926892,0.225522552255226,0.456827153531651,196,"FSHR;PRICKLE1;NDP;CDH3;AKT3;TNFSF11;VSTM4;LCA5;SMO;LDB1;ILDR2;TUB;NXNL2;BCL2;LTBP3;WNK3;ACTG1;FOSL2;TNFAIP3;TJP2;ACP5;SOX9;TSPAN12;CLDN18;VCL;NR1I2;LDB2;EXT1;SLC22A5;TUBA1A;SRF;CSF1;F2R;CROCC;BARD1;NFKBIZ;GPR137;PROM1;IL20RB"
"Regulation of Epithelial Cell Apoptotic Process","GOBP_REGULATION_OF_EPITHELIAL_CELL_APOPTOTIC_PROCESS",0.44728328173437,1.17692395488509,0.225947521865889,0.457246775907689,26,"SFRP4;ZFP36;MDK;BOK;TCF7L2"
"Detection of Chemical Stimulus Involved in Sensory Perception of Taste","GOBP_DETECTION_OF_CHEMICAL_STIMULUS_INVOLVED_IN_SENSORY_PERCEPTION_OF_TASTE",0.495042645830874,1.2162245772886,0.226386806596702,0.457343127744086,18,"AZGP1;PKD1L3;TAS2R50;TAS2R20;TAS2R46;PIGR"
"Response to Gonadotropin","GOBP_RESPONSE_TO_GONADOTROPIN",0.477969459305698,1.21976814334995,0.226331360946746,0.457343127744086,21,"FSHR;CCNA2;PAX8;INHBB;GATA6;WT1;EFNA5"
"Rho Protein Signal Transduction","GOBP_RHO_PROTEIN_SIGNAL_TRANSDUCTION",0.342211298831715,1.15329058045005,0.226260257913247,0.457343127744086,124,"MCF2L;KANK1;VANGL2;ARHGAP6;ADRA2A;NRP1;KANK2;ERBB2;EPS8;ITGA3;ARHGEF2;RHOB;PLXNB1;PHACTR4;ARHGEF18;CDC42EP1;LIMK1;TNFAIP1;DOCK6;SCAI;FERMT2;F2R;CELSR1;SYNPO2L;RTKN;CDC42SE1;ROCK2;TAX1BP3;KCTD13;SH3BP4;FLOT1;ARHGAP29;ABRA;ARHGAP1;EPS8L1;ARHGDIA;APOC3;ARHGEF1;PIN1;COL3A1;AGTR1;ARHGEF12;ARHGEF11"
"Regulation of Neurotransmitter Receptor Activity","GOBP_REGULATION_OF_NEUROTRANSMITTER_RECEPTOR_ACTIVITY",0.451881039772633,1.17782221813094,0.226666666666667,0.457644572526417,25,"DAPK1;CRHBP;PRRT1"
"Cellular Response to Fluid Shear Stress","GOBP_CELLULAR_RESPONSE_TO_FLUID_SHEAR_STRESS",0.400557209542196,1.16581434711523,0.227513227513228,0.458560895269756,42,"ADCY1;ASS1;KLF4;ADCY3;SOCS5;ADCY2;PRKAR1B;PKN2;AKT1;PTGS2;ADCY6;KLF2;CAPN2;PRKACA;MTSS1;ABL1;ADCY5"
"Nk t Cell Activation","GOBP_NK_T_CELL_ACTIVATION",0.482684476258044,1.22035743426206,0.227474150664697,0.458560895269756,20,"ZBTB7B;ELF4;BAG6;IL18;LGALS9"
"Regulation of Small Molecule Metabolic Process","GOBP_REGULATION_OF_SMALL_MOLECULE_METABOLIC_PROCESS",-0.244370161810028,-1.11725653654751,0.227498939685878,0.458560895269756,244,"PGK1;MLXIPL;APOC1;NR1H4;SLC2A6;UCHL1;FABP3;PDK1;ENO1;NME1;SEC14L2;APOA1;MAP2K1;IGF2;STAR;TPK1;PARK7;NR3C1;LPCAT3;RORA;APOE;FABP5;STARD4;SLC4A4;PRKAA1;PDK3;CD320;INSIG2;LPGAT1;MAPK1"
"Head Morphogenesis","GOBP_HEAD_MORPHOGENESIS",0.428948706912065,1.17865240684612,0.227653631284916,0.458580028977034,31,"PRICKLE1;TGFB2;CSRNP1;TGFB3;PLEKHA1;DLX5;RRAS"
"Positive Regulation of Map Kinase Activity","GOBP_POSITIVE_REGULATION_OF_MAP_KINASE_ACTIVITY",0.441948441546074,1.18731343984064,0.227793696275072,0.458598458650331,28,"PDGFB;ERBB2;FGFR1;TRAF2;FGF18;SASH1;MAP3K10;DIRAS1;ARHGEF5;TRAF6"
"Smoothened Signaling Pathway","GOBP_SMOOTHENED_SIGNALING_PATHWAY",0.34287032716932,1.14735299317616,0.228028503562945,0.458807494532451,120,"NDP;HES1;KIF7;TTC23;ENPP1;SMO;GAS8;DHH;DLG5;EFCAB7;GPR161;SUFU;GPC2;EVC2;HHIP;SLITRK4;TULP3;EXT1;DISP1;KCTD11;TUBA1A;STK36;MAP3K10;FGFR2;DZIP1;IFT27;PTCH1;CHSY1;AKT1;ARL13B;GLI1;DZIP1L;STIL;SFRP1;IFT140;TUBD1;RB1;CC2D2A;MGRN1;UBR5;TTBK2;PRKACA"
"Cardiac Epithelial to Mesenchymal Transition","GOBP_CARDIAC_EPITHELIAL_TO_MESENCHYMAL_TRANSITION",0.446349207795128,1.17446615232546,0.228862973760933,0.460222156764953,26,"TGFB2;HEYL;TBX3;JAG1;SNAI2;TGFB3;SMAD4;EFNA1;HEY2"
"Polysaccharide Metabolic Process","GOBP_POLYSACCHARIDE_METABOLIC_PROCESS",0.359075724392408,1.15337645063061,0.22962962962963,0.461235502797107,87,"CHST7;CHST1;PPP1R1A;IRS1;IGF1;PYGM;SORBS1;PDGFB;ENPP1;INSR;GRB10;INPP5K;WDR45;GSK3A"
"Regulation of Nucleocytoplasmic Transport","GOBP_REGULATION_OF_NUCLEOCYTOPLASMIC_TRANSPORT",0.346746560178028,1.1439716634626,0.229761904761905,0.461235502797107,102,"JUP;CAMK1;SMO;IER3;PIK3R1;CHP2;EFCAB7;CDK1;SUFU;CDH1;PKIA;FRAT2;AKAP8L;RANGAP1;NUP214;GAS6;MAVS;FLNA;TRIM28;BARD1;FRAT1;RBM10;FAM76B;NFKBIA"
"Striated Muscle Cell Apoptotic Process","GOBP_STRIATED_MUSCLE_CELL_APOPTOTIC_PROCESS",0.413139830878686,1.16350940378157,0.229711141678129,0.461235502797107,37,"CAMK2D;HAND2;NRG1;MYOCD;PAX8;GPR35;AMBRA1;MDK"
"Positive Regulation of Protein Containing Complex Disassembly","GOBP_POSITIVE_REGULATION_OF_PROTEIN_CONTAINING_COMPLEX_DISASSEMBLY",-0.363403908324271,-1.15547403709179,0.230496453900709,0.461958626262831,32,"BNIP3;DSTN;CFL2;EIF5A;ACTN2"
"Protein Localization to Membrane","GOBP_PROTEIN_LOCALIZATION_TO_MEMBRANE",0.300347545221077,1.10121635604794,0.230290456431535,0.461958626262831,375,"VWC2;CACNB3;DCHS1;JUP;CAMK2D;PRKCZ;CD24;COLQ;GPC4;IQSEC2;SORBS1;PICK1;PACS1;ANK2;KRT18;ERBB2;TMEM108;ANK3;CLIP3;KIF2C;CACNB2;PIK3CA;TMEM88;LRP6;PIK3R1;ITGA3;MEST;ARL5B;TUB;TTC8;RFTN1;ARHGAP44;WNK3;EFCAB7;PALM;CAPN3;KCNIP4;DLG3;INPP5K;CDH1;FYN;ABCA12;GPC2;ZDHHC15;GPC5;MMP14;PACS2;DLG4;ZMYND8;AGER;EGFR;GRIPAP1;GPC6;SYNGAP1;GAS6;GRIK2;FERMT2;ZFYVE27;FLNA;WDR24;TSPAN14;SH3PXD2B;YPEL4;RAMP1;PPP1R9B;MAP7;AKT2;PTCH1;NECAB2;KCNIP3;SCN3B;AKT1;OPTN;GAK;DAG1;SHISA6"
"Viral Process","GOBP_VIRAL_PROCESS",-0.227787301485108,-1.04446898532291,0.230517750130582,0.461958626262831,312,"CLDN1;PPIA;STOM;APOBEC3G;P4HB;MGAT4A;MGAT5;SCARB1;CXADR;SPCS1;SRPK2;APOE;ITGA5;VAPB;CANX;RAN;MAN2A1;RCC1;IFIH1;EIF3B;EIF2AK4;PPIE;CD46;PPID;ARL8B;GALNT1;VPS37A;IDE;HSP90AB1;SLC1A5;SSB;NUP153;UBP1;APOBEC3C;STAU1;LRRC15;ITGAV;TFRC;NMT2"
"Interleukin 17 Production","GOBP_INTERLEUKIN_17_PRODUCTION",0.440111722124702,1.18237901435295,0.230659025787966,0.461977454165377,28,"TNFSF4;ARG2;ARID5A;RFTN1;ZBTB7B;PRKCQ;DDIT3;IL18"
"Animal Organ Formation","GOBP_ANIMAL_ORGAN_FORMATION",0.412358957118938,1.16131025982418,0.232462173314993,0.463997147078303,37,"WNT5A;HES1;PIM1;HAND2;FGFR1;PAX8"
"Anterior Posterior Axis Specification","GOBP_ANTERIOR_POSTERIOR_AXIS_SPECIFICATION",0.42982061652482,1.17505635884658,0.232067510548523,0.463997147078303,30,"WNT5A;PRICKLE1;FZD5;LDB1;TBX3"
"Negative Regulation of Cold Induced Thermogenesis","GOBP_NEGATIVE_REGULATION_OF_COLD_INDUCED_THERMOGENESIS",0.405351195376443,1.15817703286062,0.232432432432432,0.463997147078303,39,"ID1;PLCL1;ADAMTS5;NPR3;ZNF423;ARRDC3;ACVR2B;DDIT3"
"Peroxisome Proliferator Activated Receptor Signaling Pathway","GOBP_PEROXISOME_PROLIFERATOR_ACTIVATED_RECEPTOR_SIGNALING_PATHWAY",0.455820486651017,1.17785865735523,0.232142857142857,0.463997147078303,24,"PTGIS;PLIN5;HUWE1;PAQR3;ASXL1;JUND;SIRT1"
"Relaxation of Muscle","GOBP_RELAXATION_OF_MUSCLE",0.474697931123602,1.21141927130614,0.232248520710059,0.463997147078303,21,"CAMK2D;PIK3CA;NPR3;GSTM2"
"Trophoblast Cell Migration","GOBP_TROPHOBLAST_CELL_MIGRATION",-0.428284256458181,-1.18563745168775,0.232142857142857,0.463997147078303,17,"C1QBP;CALR;FBN2"
"Positive Regulation of Protein Exit from Endoplasmic Reticulum","GOBP_POSITIVE_REGULATION_OF_PROTEIN_EXIT_FROM_ENDOPLASMIC_RETICULUM",-0.427927597785225,-1.19657625936223,0.232835820895522,0.463999090950656,18,"BCAP31;SEC24D;SEC24A;TM9SF4;SAR1A;TMEM30A;EDEM1;SAR1B"
"Positive Regulation of Reproductive Process","GOBP_POSITIVE_REGULATION_OF_REPRODUCTIVE_PROCESS",0.398381258618772,1.15948128221286,0.232804232804233,0.463999090950656,42,"WNT5A;ZFPM2;INSR;EDNRB;TACR2;RBM46;INHBB;SOX9;CDC25B"
"Regulation of Myeloid Leukocyte Differentiation","GOBP_REGULATION_OF_MYELOID_LEUKOCYTE_DIFFERENTIATION",0.348103822198742,1.14890198398979,0.232860520094563,0.463999090950656,100,"FSHR;TNFSF11;LRRC17;FOS;CD101;FSTL3;PIK3R1;FOXP1;KLF10;CDK6;TLR3;CLDN18;IRF7;C1QC;CTNNBIP1;CSF1;GPR137;CEACAM1;CEBPB;TAL1;HLA-DRB1;ZNF675;TOB2;SFRP1;NDFIP1;RB1;TRAF6;ACIN1"
"Membrane Depolarization","GOBP_MEMBRANE_DEPOLARIZATION",0.378031718574586,1.16817147609349,0.233463035019455,0.464935197085362,65,"CAMK2D;ANK2;ANK3;GJA5;CACNB2;SCN5A;BCL2;SCN9A;COL6A1;BOK;CHRNA7;CACNA1G;CHRNB2;CHRNA10;SCN3B;CACNA1C;SCN4A;ALB;SCN11A;CHRNE;KDR;MLLT11;SMAD7"
"Neurotransmitter Secretion","GOBP_NEUROTRANSMITTER_SECRETION",0.3418193074816,1.13930350728463,0.234042553191489,0.465824468085106,113,"RIMS1;RIMS4;SYT2;SYT11;KCNJ8;RIMS2;SNPH;LIN7B;RAB3A;RIMS3;PRKCG;ERC2;BRSK1;TACR2;CSPG5;SYT1;SYT5;SNCG;DTNBP1;FBXL20;GRIK5;SYN3;SYN1;SLC38A2;SYT7"
"Muscle Cell Apoptotic Process","GOBP_MUSCLE_CELL_APOPTOTIC_PROCESS",0.377302485061828,1.16425663008726,0.234314980793854,0.465837331283128,62,"FOXO1;CAMK2D;IGF1;HAND2;NRG1;MYOCD;LRP6;PAX8;COL6A1;GPR35;AMBRA1;MDK;SMAD4;ESR1;RBM10;BAG1;DAG1;SIRT1;RGL2;HEY2;DNMT1;CAPN2"
"Negative Regulation of Interleukin 1 Production","GOBP_NEGATIVE_REGULATION_OF_INTERLEUKIN_1_PRODUCTION",-0.37113460794719,-1.16946750730418,0.234265734265734,0.465837331283128,31,"NR1H4;SERPINB1;APOA1;IL1RAP;ERRFI1"
"Intermediate Filament Organization","GOBP_INTERMEDIATE_FILAMENT_ORGANIZATION",0.505691099674107,1.20860110050884,0.235649546827795,0.467959389193744,16,"KLHL24;AGFG2;DSP;VIM;KRT19;DES"
"Regulation of Steroid Metabolic Process","GOBP_REGULATION_OF_STEROID_METABOLIC_PROCESS",-0.29912202594189,-1.13695762055214,0.235576923076923,0.467959389193744,78,"NR1H4;SEC14L2;APOA1;STAR;NR3C1;LPCAT3;RORA;APOE;STARD4;PRKAA1;INSIG2;MAPK1;ERLIN2;INSIG1;DGAT2;ERLIN1;LHCGR;SCP2;ASAH1;GPR146;BMP2;ADM;ARV1;SREBF1;POR;GFI1;CLCN2;STAT5B"
"Regulation of Skeletal Muscle Cell Differentiation","GOBP_REGULATION_OF_SKELETAL_MUSCLE_CELL_DIFFERENTIATION",0.520923116682125,1.22560202560478,0.236280487804878,0.468946486561183,15,"S100B;MYOCD;AKIRIN1;GPC1;RBM24"
"Keratan Sulfate Proteoglycan Metabolic Process","GOBP_KERATAN_SULFATE_PROTEOGLYCAN_METABOLIC_PROCESS",0.504613648556884,1.20602599367611,0.237160120845921,0.469194910246478,16,"B3GNT7;CHST1;ST3GAL3;B3GNT4"
"Long Chain Fatty Acid Metabolic Process","GOBP_LONG_CHAIN_FATTY_ACID_METABOLIC_PROCESS",-0.303341058168786,-1.12326778809538,0.237209302325581,0.469194910246478,71,"FADS2;PNPLA3;ELOVL6;FADS1;SIGMAR1;PTGES;ACSL1;ACSL3;ABHD6;ACOT7;ELOVL5;ACSL4;ACOT4;GSTP1;GPX1;ACOT9"
"Negative Regulation of Fibroblast Proliferation","GOBP_NEGATIVE_REGULATION_OF_FIBROBLAST_PROLIFERATION",0.441486378573898,1.17524317797357,0.236728837876614,0.469194910246478,27,"DACH1;PAWR;DAB2IP;TP53;NLRC3"
"Positive Regulation of Macroautophagy","GOBP_POSITIVE_REGULATION_OF_MACROAUTOPHAGY",-0.291756739716303,-1.11689268251108,0.237113402061856,0.469194910246478,84,"BNIP3;VDAC1;HK2;RALB;HSPB8;EIF2AK1;SPTLC2;EPM2A;PIM2;RAB3GAP1;GNAI3;MAP3K7"
"Regulation of Oligodendrocyte Differentiation","GOBP_REGULATION_OF_OLIGODENDROCYTE_DIFFERENTIATION",0.452780183017963,1.1700023892408,0.236607142857143,0.469194910246478,24,"PTPRZ1;HES1;DAAM2"
"Sensory Perception of Temperature Stimulus","GOBP_SENSORY_PERCEPTION_OF_TEMPERATURE_STIMULUS",0.503823106915927,1.20413660013552,0.237160120845921,0.469194910246478,16,"ADRA2A;SCN9A;GRIK2;MMP24;SCN11A;DISC1;TRPV1;LXN;WDR47"
"Cortical Actin Cytoskeleton Organization","GOBP_CORTICAL_ACTIN_CYTOSKELETON_ORGANIZATION",0.409367886057102,1.15399344165813,0.237771739130435,0.46951206435959,36,"IQGAP3;LLGL2;ANLN"
"Positive Regulation of P38mapk Cascade","GOBP_POSITIVE_REGULATION_OF_P38MAPK_CASCADE",0.464107297987452,1.19063763483457,0.237741456166419,0.46951206435959,22,"HAND2;SASH1;AGER;GADD45G;GDF6;GADD45B;RELL2;SPHK1;RELL1;MAP3K4"
"Regulation of Triglyceride Metabolic Process","GOBP_REGULATION_OF_TRIGLYCERIDE_METABOLIC_PROCESS",-0.354039047097218,-1.13339337657554,0.237735849056604,0.46951206435959,35,"APOC1;SCARB1;ABHD5;TMX1;APOE;FBXW7;TBL1XR1"
"Microtubule Based Movement","GOBP_MICROTUBULE_BASED_MOVEMENT",0.304531315152084,1.10534121305552,0.238195173137461,0.46986728220367,311,"KIFC1;KIF11;KIF23;KIF7;KLC3;SYNE2;KIF3C;CENPE;RPGR;LCA5;TMEM108;CLIP3;KIF2C;KIF15;KIF20A;KIF4A;IQCA1;DLGAP5;ING2;GAS8;QRICH2;KIF13B;HYDIN;TUB;KIF18A;DNAAF2;FEZ1;CCDC159;KIF14;DNAH14;KIF1A;HOOK1;ARMCX2;KIF9;CELSR2;KIF24;FSIP2;CATSPERG;ADCY3;TACR2;SLC9B1;INPP5B;STAU2;TTC21A;TTLL3;HOOK2;EFHC2;ARHGAP21;TUBA1A;STK36;IGBP1;KIF26B;SUN1;OFD1;KIF22;CYB5D1;CEP70;DZIP1;IFT27;RSPH4A;DTNBP1;FBXL13;DNAH1;APOB;KLC2;MNS1;MYCBPAP;TSSK4"
"Negative Regulation of Organelle Assembly","GOBP_NEGATIVE_REGULATION_OF_ORGANELLE_ASSEMBLY",0.394803649909973,1.16698460094598,0.238219895287958,0.46986728220367,46,"BRCA1;WDR44;FEZ1;TCHP;PHF23;KIF24;TESK1;EHMT2;SMAD4;EVI5L;AKT1;CEP97;PATL2;CCP110;MPHOSPH9;TRIM32;KAT2B;NUPR1;MAP4"
"Negative Regulation of Interleukin 1 Beta Production","GOBP_NEGATIVE_REGULATION_OF_INTERLEUKIN_1_BETA_PRODUCTION",-0.379847841567272,-1.16727790739045,0.238532110091743,0.469953870445093,25,"SERPINB1;APOA1;IL1RAP;ERRFI1;CARD16;GSTP1"
"Negative Regulation of Molecular Function","GOBP_NEGATIVE_REGULATION_OF_MOLECULAR_FUNCTION",0.310019014195957,1.10604000606454,0.238403451995685,0.469953870445093,223,"DAPK1;SIK1;ID3;ID1;PIM1;CRHBP;TCEAL7;JUN;PLIN5;HEYL;SMO;DAB2IP;ANK3;RCC2;KCNQ1;HIPK3;ZFP36;IL10;TNNI3;CMKLR1;EDNRB;PKIA;GOPC;GPR35;TP53;NLRC3;ADORA3;GSK3A;FBXO5;NPPA;MAD2L2;CDK5RAP3;SOCS5;PAQR3;FLNA;MAP3K10;APBA3;RWDD3;USP44;ESR1;ZGPAT;GRM3;XRCC1;CEACAM1;MAPK8IP1;CTTNBP2NL;E2F1;SIRT1;AGT;ECM1;IL11;BCL3;HMGA2;DDX11;RBCK1;SH3BP4;GOLGA2;RASA4"
"Response to Lectin","GOBP_RESPONSE_TO_LECTIN",0.503282363463105,1.2028442239545,0.238670694864048,0.469962588031906,16,"PAK3;PAK1;FYN"
"Angiogenesis Involved in Wound Healing","GOBP_ANGIOGENESIS_INVOLVED_IN_WOUND_HEALING",0.458084391322931,1.17845304704486,0.239290989660266,0.470285943641699,23,"NDNF;HPSE;MCAM;TNFAIP3;SRF;ALOX5;DAG1;KDR"
"Cell Cycle Dna Replication","GOBP_CELL_CYCLE_DNA_REPLICATION",0.399688531255777,1.15426923251555,0.239304812834225,0.470285943641699,41,"DACH1;FGFR1;E2F8;TK1;FBXO5;ATRX;BRCA2;DBF4B;E2F7;CDC7;LIG1;MCM4;BLM"
"Positive Regulation of Hydrolase Activity","GOBP_POSITIVE_REGULATION_OF_HYDROLASE_ACTIVITY",0.35847234390269,1.14445740183335,0.239401496259352,0.470285943641699,83,"PLA2G5;PLIN5;DAB2IP;ABR;SRGAP2;RALGAPA2;CHP2;PLXNB1;ARHGAP11A;FGFR1;APC2;RANGAP1;ASAP3;TGM2;FGFR2;EVI5L;RGS10"
"Positive Regulation of Plasma Membrane Bounded Cell Projection Assembly","GOBP_POSITIVE_REGULATION_OF_PLASMA_MEMBRANE_BOUNDED_CELL_PROJECTION_ASSEMBLY",0.356164530718654,1.14402549204878,0.239506172839506,0.470285943641699,87,"FSCN1;NRP1;ANLN;EPS8;PIK3CA;PIK3R1;CEP120;PALM;KCTD17;CDC42EP1;ZMYND8;TGFB3;AVIL;SRF;CROCC;DZIP1;AKIRIN1;MNS1;MARK4;CCP110;FNBP1L;EPS8L1;PLEK2;TTBK2;ABI2;PLEKHM1;RAPGEF2;WRAP73;FMR1;C15orf62;IFT88;RHOQ;CYFIP1"
"Regulation of Osteoclast Differentiation","GOBP_REGULATION_OF_OSTEOCLAST_DIFFERENTIATION",0.382282191464144,1.16231473824046,0.239382239382239,0.470285943641699,57,"FSHR;TNFSF11;LRRC17;FOS;FSTL3;PIK3R1;KLF10;TLR3;CLDN18"
"Chronic Inflammatory Response","GOBP_CHRONIC_INFLAMMATORY_RESPONSE",0.492869259275876,1.19712850934338,0.24024024024024,0.47071021819344,17,"VCAM1;IL10;THBS1;TNFAIP3;NFKBIZ;CEBPB;SCN11A"
"Detection of Chemical Stimulus","GOBP_DETECTION_OF_CHEMICAL_STIMULUS",0.38462218003979,1.15604264532634,0.24025974025974,0.47071021819344,52,"CASR;NR4A1;AZGP1;KCNMB2;PKD1L3;KCNMB3;TAS2R50;TAS2R20;OR2F2;TGFB3;SYT1;KCNIP2;TAS2R46;STIM1"
"Hindbrain Morphogenesis","GOBP_HINDBRAIN_MORPHOGENESIS",0.424790616349936,1.16722693016333,0.240223463687151,0.47071021819344,31,"HES1;GRID2;SMO;LDB1;SPTBN2;KNDC1;KIF14;FOXP2"
"Regulated Exocytosis","GOBP_REGULATED_EXOCYTOSIS",0.320957304202119,1.1205099589957,0.240223463687151,0.47071021819344,180,"RIMS1;NR4A3;RIMS4;CRHBP;MICAL1;SYT2;ADRA2A;SYT11;RIMS2;SNPH;RAB15;GAB2;RAB3A;RIMS3;SYNGR1;PRKCG;ERC2;BRSK1;ABCA12;ADORA3;CSPG5;FCGR2B;SYT1;SPHK2;SYT5;DTNBP1;CEACAM1;LGALS9;FBXL20;GRIK5;SYN1;RAB11B;SYT7"
"Endoplasmic Reticulum Calcium Ion Homeostasis","GOBP_ENDOPLASMIC_RETICULUM_CALCIUM_ION_HOMEOSTASIS",0.462828146790062,1.18735605412498,0.240713224368499,0.4713350614661,22,"CAMK2D;TMTC4;BCL2;KCTD17;PACS2;TGM2"
"Positive Regulation of Inflammasome Mediated Signaling Pathway","GOBP_POSITIVE_REGULATION_OF_INFLAMMASOME_MEDIATED_SIGNALING_PATHWAY",0.441060870145554,1.17411046833211,0.24103299856528,0.471697538533059,27,"CASR;ZDHHC1;KCNK6;MAVS;ATAT1;MARK4;PRKD1;ZDHHC5;NEK7;DDX3X"
"Bile Acid Metabolic Process","GOBP_BILE_ACID_METABOLIC_PROCESS",-0.352749746380216,-1.12926590841901,0.241509433962264,0.472102425876011,35,"NR1H4;STAR;OSBPL6;ERRFI1;STARD4;OSBP;AKR1C1;SCP2;NR1H3;ABCD3;ARV1;HSD17B10;ABCC2"
"Blastocyst Growth","GOBP_BLASTOCYST_GROWTH",0.490678758075859,1.20550334431024,0.241379310344828,0.472102425876011,18,"IGF1;CHEK1;INTS1;RAD51B;BRCA2;TAF8;NCAPG2;SBDS"
"Positive Regulation of Dna Binding","GOBP_POSITIVE_REGULATION_OF_DNA_BINDING",0.518485030271129,1.21986581703921,0.242378048780488,0.473439935944922,15,"HES1;IGF1;TRIM6"
"Regulation of Inflammasome Mediated Signaling Pathway","GOBP_REGULATION_OF_INFLAMMASOME_MEDIATED_SIGNALING_PATHWAY",0.393549280893006,1.15485940286067,0.242463958060288,0.473439935944922,44,"CASR;ZDHHC1;KCNK6;TRIM11;NLRC3;MAVS;ATAT1;MARK4;PRKD1;IFI16;ZDHHC12;ZDHHC5;NEK7;DDX3X"
"Transcription Initiation at Rna Polymerase Iii Promoter","GOBP_TRANSCRIPTION_INITIATION_AT_RNA_POLYMERASE_III_PROMOTER",-0.378395684545438,-1.16930057878506,0.242622950819672,0.473486460568976,27,"POLR1C;POLR2H;GTF3C4;POLR2L;POLR3G;GTF3C6;POLR2F;POLR2K;POLR3B;POLR3H;CRCP"
"Positive Regulation of Actin Filament Bundle Assembly","GOBP_POSITIVE_REGULATION_OF_ACTIN_FILAMENT_BUNDLE_ASSEMBLY",0.38372186728538,1.1569670934188,0.242857142857143,0.473679605472479,53,"LIMCH1;ARHGEF10L;NRP1;SORBS3;PAK1;TESK1;LIMK1;CD47;TGFB3;FERMT2;FLNA;AMOT;SYNPO2L;WNT4;ROCK2;ARHGEF5;SFRP1;EPHA1;BRAF;EVL;FHOD3;MTSS1;ABL1;TACR1;SWAP70"
"Bicarbonate Transport","GOBP_BICARBONATE_TRANSPORT",-0.395724682300477,-1.16304557607249,0.243161094224924,0.473825398479008,22,"CYB5R4;SLC4A4;SLC39A6;SLC26A6;SLC39A14"
"Positive Regulation of Protein Targeting to Membrane","GOBP_POSITIVE_REGULATION_OF_PROTEIN_TARGETING_TO_MEMBRANE",0.50161871430954,1.19886810454256,0.243202416918429,0.473825398479008,16,"ERBB2;ANK3;PAK1;MYO1C;FYN"
"Regulation of Calcium Ion Dependent Exocytosis","GOBP_REGULATION_OF_CALCIUM_ION_DEPENDENT_EXOCYTOSIS",0.439198343746558,1.1691523958967,0.24390243902439,0.474925093886848,27,"SYT2;ADRA2A;SYT11;RAB3A;SYT1;SYT5"
"Aggrephagy","GOBP_AGGREPHAGY",-0.425365126095311,-1.17755629943341,0.244047619047619,0.474943783068783,17,"HSPB8;ATG4A;ATG4C;UBQLN1;LYPLA1"
"Macroautophagy","GOBP_MACROAUTOPHAGY",-0.227452224155896,-1.05792216970935,0.24435909104549,0.475285894465492,342,"BNIP3;UCHL1;GAPDH;MTM1;VDAC1;HK2;RALB;HSPB8;CASP3;PIK3C3;EIF2AK1;SCFD1;NIPSNAP1;MFSD8;RBX1;FBXW7;SPTLC2;EPM2A;VTA1;YOD1;TBC1D14;ULK3;ARL8B;VPS37A;VPS26A;PSMD14;ACBD5;PGAM5;TCIRG1;ERN1;ATP6V1E1;PIM2;RAB3GAP1;GNAI3;PSEN1;MAP3K7;RAB1A;ATG4A;LGALS8;GABARAPL2;TIMM23;ARHGAP26;PIK3C2B;ATG4C;UFM1;SNX7;SPTLC1;SKP1;PLAA;SLC25A4;TEX264;UBQLN1;CALM1;VTI1A;USP33;GAA;PARL;SEC22B;EPG5;IFT20;ATP6V1G1;SREBF1;ATP6V1B2;LYPLA1;NOD2;VPS39;CCPG1;ATP6V1H;FEZ2;VPS35"
"Response to Chemokine","GOBP_RESPONSE_TO_CHEMOKINE",-0.321852455088382,-1.11568983251976,0.244541484716157,0.475376704195726,51,"CCR2;ROBO1;LOX;MAPK1;CIB1;SH2B3;RHOA;SLIT2;SLC12A2;LYN;PTK2B;CXCR6;CCL26;OXSR1;CCR1"
"Negative Regulation of Viral Transcription","GOBP_NEGATIVE_REGULATION_OF_VIRAL_TRANSCRIPTION",0.517377599404911,1.21726030872255,0.245426829268293,0.47683315747467,15,"ZFP36;TRIM8;TRIM11"
"Vitamin Transmembrane Transport","GOBP_VITAMIN_TRANSMEMBRANE_TRANSPORT",-0.43243191083361,-1.16469033839864,0.245664739884393,0.4770308114274,15,"SCARB1;SLC19A3;SLC46A1"
"Retrograde Transport Endosome to Golgi","GOBP_RETROGRADE_TRANSPORT_ENDOSOME_TO_GOLGI",-0.278484356016188,-1.0821973462702,0.246153846153846,0.477715746857021,88,"SNX8;AP1S1;TMED9;LMAN1;CLN5;TBC1D14;ARL8B;EHD3;VPS26A;EVI5;CLTC;SNX3;RAB6A;ARL1;ARFIP1;SNX2;GOLT1B;TBC1D23;VPS29;PREPL;VAMP3;VTI1A;USP7"
"Sodium Ion Homeostasis","GOBP_SODIUM_ION_HOMEOSTASIS",0.449641028984728,1.16189068767604,0.24702380952381,0.479138651584665,24,"FXYD6;CHP2;MLLT6;EDNRB;SLC1A3;EXT1"
"Homeostasis of Number of Cells Within a Tissue","GOBP_HOMEOSTASIS_OF_NUMBER_OF_CELLS_WITHIN_A_TISSUE",0.422389227749524,1.16062846650546,0.247206703910615,0.479228048588203,31,"AKT3;SMO;ILDR2;BCL2;FOSL2;SOX9;TUBA1A;CSF1;F2R;NFKBIZ;IL20RB"
"Embryonic Axis Specification","GOBP_EMBRYONIC_AXIS_SPECIFICATION",0.460832227505129,1.18223565066001,0.2481426448737,0.480776374442793,22,"WNT5A;FZD5;SMAD6;TBX3"
"Positive Regulation of Blood Vessel Endothelial Cell Migration","GOBP_POSITIVE_REGULATION_OF_BLOOD_VESSEL_ENDOTHELIAL_CELL_MIGRATION",0.386358326656895,1.15005012609061,0.248697916666667,0.481585849686751,48,"AKT3;NRP1;PDGFB;HMOX1;FGFR1;FGF18;THBS1;PRKD2;PLK2;TMSB4X;AKT2;AKT1;AMOT;GAB1;PTGS2;SIRT1;PLCG1;PRKD1;KDR;GREM1"
"Negative Regulation of Proteolysis","GOBP_NEGATIVE_REGULATION_OF_PROTEOLYSIS",-0.269783687359551,-1.08065765109035,0.25,0.483572611816676,108,"SPOCK3;SERPINB1;GAPDH;MTM1;PARK7;PTPN3;UCHL5;CTSZ;GAS1;ALAD;IDE;HSP90AB1;RYBP;USP14;DNAJC1;EPHA4;PSEN1;RPL5;GABARAPL2;CSTA;PDCL3;NR1H3;SGTA;USP7;USP38"
"Negative Regulation of t Cell Proliferation","GOBP_NEGATIVE_REGULATION_OF_T_CELL_PROLIFERATION",0.384403690641766,1.14696116877827,0.25,0.483572611816676,49,"PLA2G5;PAWR;ERBB2;ARG2;DLG5;ZBTB7B;IL10;CBLB;GPNMB;MAD1L1;IL20RB;LGALS9;CEBPB;TWSG1;HLA-DRB1"
"Interleukin 8 Production","GOBP_INTERLEUKIN_8_PRODUCTION",0.374156050572978,1.15793990548819,0.250645994832041,0.484554591554438,64,"WNT5A;NOS2;F3;IL10;KLF4;PRKD2;TLR3;MAPKBP1;MAVS;DDIT3;F2R;LGALS9;RELA;SSC5D;BCL3"
"Meiotic Spindle Organization","GOBP_MEIOTIC_SPINDLE_ORGANIZATION",0.475833370001293,1.20303597715169,0.251107828655835,0.48517966011108,20,"ASPM;SKA2;ESPL1;SKA3;FBXO5;ATRX"
"Positive Regulation of Vesicle Fusion","GOBP_POSITIVE_REGULATION_OF_VESICLE_FUSION",0.514329991972329,1.21009004938292,0.251524390243902,0.485716614677172,15,"SYT2;SYT11;ERC2;SYT1;SYT5;SYT7;RPH3AL"
"Primary Alcohol Metabolic Process","GOBP_PRIMARY_ALCOHOL_METABOLIC_PROCESS",-0.301584951874664,-1.1151886898339,0.252293577981651,0.486933555740895,69,"CYP11A1;TPK1;AKR1B1;RDH11;PARK7;DHRS3;ALDH1B1;ACSS2;HSD17B6;AKR1C2;DHRS9;RETSAT;ALDH1A3;ALDH3A2"
"Lung Morphogenesis","GOBP_LUNG_MORPHOGENESIS",0.388418846469146,1.14811201124928,0.25261780104712,0.487049213567766,46,"ID1;VANGL2;IGF1;DLG5;COL6A1;FOXP2;GRHL2;ESRP2;HHIP;SOX9;EXT1;SRF;FGFR2;DAG1;CELSR1"
"Regulation of Mitochondrial Outer Membrane Permeabilization Involved in Apoptotic Signaling Pathway","GOBP_REGULATION_OF_MITOCHONDRIAL_OUTER_MEMBRANE_PERMEABILIZATION_INVOLVED_IN_APOPTOTIC_SIGNALING_PATHWAY",0.479034288492025,1.19158790827796,0.252631578947368,0.487049213567766,19,"HIP1R;IER3;GSK3A;BOK;TMEM102;ZNF205;TMEM14A"
"Adenylate Cyclase Modulating g Protein Coupled Receptor Signaling Pathway","GOBP_ADENYLATE_CYCLASE_MODULATING_G_PROTEIN_COUPLED_RECEPTOR_SIGNALING_PATHWAY",0.328574624710605,1.12341436340201,0.253424657534247,0.488040997989261,142,"FSHR;NPY2R;CASR;AKAP12;ADRA2A;RIMS2;GPR157;ADCY1;S1PR3;DGKQ;PALM;MC1R;CRTC3;GPR161;OPRL1;GPR35;PTGER2;ADCY3;TACR2;ADORA3;GSK3A;GABBR1;APLNR;ARRDC3;GNAO1;ADCY2;PRKAR1B;FLNA;SSTR2;RAMP1"
"Fatty Acid Beta Oxidation","GOBP_FATTY_ACID_BETA_OXIDATION",-0.308328339038166,-1.11359872381102,0.253393665158371,0.488040997989261,62,"CROT;DECR1;HSD17B4;ACOX1;ETFB;ETFA;ECH1;ECHS1;HADH;IVD;MLYCD;SCP2;DECR2;ETFDH;MFSD2A;ABCD3;ECI2;ECHDC1;HSD17B10;GCDH"
"Positive Regulation of Cell Activation","GOBP_POSITIVE_REGULATION_OF_CELL_ACTIVATION",0.302128731385365,1.09631567686028,0.253934942287513,0.48875500155668,307,"SOX4;WNT5A;HES1;TNFSF11;NR4A3;ZBTB16;TNFSF4;PRKCZ;CD24;PRLR;IGF1;EGR3;SMARCC2;EFNB1;VCAM1;BCL2;ZBTB7B;IL10;CAPN3;GP1BA;FYN;THBS1;AXL;HLA-DRB5;PRKCQ;SMARCA2;IGFBP2;SOX13;AMBRA1;MDK;MMP14;AGER;MAD2L2;CD47;SOCS5;BRD7;GAS6;SPHK2;SOX15;FLNA;IL18;NCK2;CHRNB2;ARID2;PLA2G4A;NFKBIZ;BRD2;AKT1;LGALS9;ARID1B;SELP;ARID1A;EFNB3;JUND"
"Response to Bacterium","GOBP_RESPONSE_TO_BACTERIUM",0.293825807336178,1.0868106660741,0.254081632653061,0.488768785932824,446,"WNT5A;NOS2;LRAT;TNFSF4;CD24;TF;PRLR;NR4A1;FOS;AKAP12;FZD5;B3GALT5;FAM20A;SYT11;C1QTNF4;SMAD6;KCNJ8;DAB2IP;CITED1;ADAMTS4;ARG2;HPGD;ANG;ARID5A;HMGB2;CXCL6;VCAM1;PLSCR3;FOXP1;HDAC5;ZFP36;ADAMTS5;SELE;CYP2E1;VIM;RNASE4;LEAP2;IL10;HERC6;AQP1;CFB;ASS1;CDH1;COL6A1;LPL;AXL;EDNRB;FOSL2;REG3G;C3;TRIM6;CEP192;TNFAIP3;RNF31;PTGER2;PAF1;PPM1D;MGST2;GSK3A;ACP5;SASH1;MAP2K7;GBP4;TLR3;FCGR2B;NR1I2;PLA2G6;IKBKG;MAPKBP1;SLC22A5;MAVS;CASP7;HNRNPA0;F2R;CHD7;IL18;MMRN2;CCDC80;NAALADL2;ADAMTS13;COLEC12;FGFR2;NFKBIZ;TAB3;CX3CR1;AKT1;OPTN;LGALS9;BLVRA;SELP;CEBPB;RELA;C2;PPP1R11;JUND;NFKBIA"
"Dendritic Cell Chemotaxis","GOBP_DENDRITIC_CELL_CHEMOTAXIS",-0.399782574402998,-1.16463576428522,0.254601226993865,0.488962773113766,21,"CCR2;C1QBP;CALR"
"Negative Regulation of Interferon Beta Production","GOBP_NEGATIVE_REGULATION_OF_INTERFERON_BETA_PRODUCTION",0.512704188486611,1.2062649397237,0.254573170731707,0.488962773113766,15,"PTPRS;PPM1B;NLRC3"
"Positive Regulation of Non Canonical Nf Kappab Signal Transduction","GOBP_POSITIVE_REGULATION_OF_NON_CANONICAL_NF_KAPPAB_SIGNAL_TRANSDUCTION",0.385272561502085,1.15396354540341,0.254498714652956,0.488962773113766,50,"TNFSF11;C1QTNF4;NR3C2;RTKN2;TRIM26;IFI35;SASH1;AGER;TRIP6;IL18"
"Multicellular Organismal Level Iron Ion Homeostasis","GOBP_MULTICELLULAR_ORGANISMAL_LEVEL_IRON_ION_HOMEOSTASIS",0.458183677026594,1.17544096354525,0.2555720653789,0.489378878916005,22,"SLC40A1;TF;CYBRD1;HMOX1;NEO1;HEPH"
"Pallium Development","GOBP_PALLIUM_DEVELOPMENT",0.327457778672004,1.11836471510425,0.255416191562144,0.489378878916005,141,"ASPM;NR4A3;FOS;BTG2;SYNE2;FBXO41;PTPRS;SMO;TMEM108;DAB2IP;SRGAP2;CEP120;FILIP1;FEZ1;KIF14;CAPS2;CDK6;FOXP2;MDK;NTRK2;FOXG1;MDGA1;EGFR;TUBA1A;FLNA;SRF;KDM1A;KIRREL3;FAT4;FXR2;SUN1;XAB2;PPP1R9B"
"Photoreceptor Cell Maintenance","GOBP_PHOTORECEPTOR_CELL_MAINTENANCE",-0.361684292837405,-1.13968899509318,0.255244755244755,0.489378878916005,31,"SLC2A1;CDHR1;BBS4;SPATA7;MKKS"
"Regulation of Cell Projection Assembly","GOBP_REGULATION_OF_CELL_PROJECTION_ASSEMBLY",0.31525337869809,1.10510140935936,0.255295429208473,0.489378878916005,187,"DAAM2;KANK1;CDKL5;RAB3IP;FSCN1;SYNE2;NRP1;ANLN;EPS8;RCC2;PIK3CA;WDR44;PIK3R1;CEP120;ARHGAP44;PALM;KCTD17;TCHP;KIF24;TESK1;CDC42EP1;ZMYND8;STAU2;TGFB3;AVIL;SRF;CROCC;EVI5L;DZIP1;AKIRIN1;AKT1;MNS1;CEP97;ATP8B1;CNTROB;RAB11B;RAP1GAP;MARK4;TBC1D17"
"Regulation of Myeloid Cell Differentiation","GOBP_REGULATION_OF_MYELOID_CELL_DIFFERENTIATION",0.319676989318007,1.10849325135939,0.255656108597285,0.489378878916005,163,"FSHR;TNFSF11;ZBTB16;LRRC17;FOS;CD101;MYB;LDB1;HMGB2;FSTL3;PIK3R1;FOXP1;ZFP36;JAG1;KLF10;CDK6;PAF1;RARG;TLR3;CLDN18;IRF7;C1QC;BRD1;CTNNBIP1;L3MBTL1;CSF1;YPEL4;GPR137;CEACAM1;CEBPB;NFKBIA;HMGB3;TAL1;HLA-DRB1;KAT7;ZNF675;TOB2;SFRP1;NDFIP1;KLF13;RB1;TRAF6;ACIN1"
"Telencephalon Glial Cell Migration","GOBP_TELENCEPHALON_GLIAL_CELL_MIGRATION",0.474061350188222,1.19855582985277,0.255539143279173,0.489378878916005,20,"SYNE2;DAB2IP;SRGAP2;FOXG1;SUN1;DISC1;CDK5R1;COL3A1;WDR47;SUN2;RTN4;SOCS7"
"Purine Nucleoside Metabolic Process","GOBP_PURINE_NUCLEOSIDE_METABOLIC_PROCESS",-0.417937479707782,-1.15699403126185,0.255952380952381,0.489678421887597,17,"APRT;DGUOK;PNP;ENPP4;PGM2;HPRT1"
"Dopaminergic Neuron Differentiation","GOBP_DOPAMINERGIC_NEURON_DIFFERENTIATION",0.48777935017698,1.18476564601283,0.256756756756757,0.49068135238348,17,"WNT5A;LRP6;NR4A2;RYK"
"Respiratory Chain Complex Iv Assembly","GOBP_RESPIRATORY_CHAIN_COMPLEX_IV_ASSEMBLY",-0.417729499672045,-1.16806021562952,0.256716417910448,0.49068135238348,18,"COA5;TACO1;CMC1;COX16;FASTKD3;SLC25A46;COX11;SCO1;COX10;SURF1"
"Sensory Perception","GOBP_SENSORY_PERCEPTION",0.302479580294764,1.09215839294128,0.257415254237288,0.491671557030109,290,"HOMER2;SOBP;NDP;COL4A3;RIMS1;CDH3;LRAT;ADRA2A;BIRC5;ABLIM1;RPGR;COL11A1;TMC7;AZGP1;KCNQ1;CACNB2;TMTC4;SFRP5;RAB3A;PKD1L3;TUB;FZD4;NXNL2;IKZF2;TTC8;GJC1;FGFR1;AQP1;MC1R;TECTA;OPRL1;SCN9A;COL6A1;FYN;SNAI2;TAS2R50;CCDC50;ROM1;ADCY3;AXIN1;TAS2R20;SLC1A3;DIAPH3;OR2F2;RDH5;KCND2;GRIK2;ESPNL;CHRNA7;TAS2R46;CDC14A;DDIT3;CHD7;CHRNB2;CHRNA10;NR2E3;STRC;MMP24;BLVRA;PKHD1L1;ATP8B1;PIGR;ZNF513;TIMP3;ATP8A2"
"Establishment of Pigment Granule Localization","GOBP_ESTABLISHMENT_OF_PIGMENT_GRANULE_LOCALIZATION",-0.410145999695347,-1.17395565614,0.258160237388724,0.492825782873406,19,"BBS7;MAP2K1;BBS4;MKKS"
"Positive Regulation of Translation","GOBP_POSITIVE_REGULATION_OF_TRANSLATION",-0.279637713934523,-1.14113145549473,0.25872778106695,0.493103056081352,117,"RBM3;PRR16;C1QBP;TACO1;EIF2AK4;NPM1;RMND1;EIF5A;POLR2G;CNBP;HBS1L;SSB;HABP4;CDK5RAP1;GUF1;TRUB2;DHX36;LARP1B;RPL5;FASTKD3;SAMD4A;CD28;METTL5;RBMS3;SYNCRIP;PRKDC;OTUD6B;UPF3A;DHX9;NAT10;EIF2B4;RPL26;NCK1;PRMT1;MIF4GD;DNAJC3;RPS27L"
"Protein Sumoylation","GOBP_PROTEIN_SUMOYLATION",0.376711187386378,1.1453763082247,0.258687258687259,0.493103056081352,57,"EGR2;CBX4;BCL11A;EGR1;CAPN3;SMC6;TOPORS;RANGAP1;TRIM28;RWDD3;ZBED1;RELA"
"Response to Growth Hormone","GOBP_RESPONSE_TO_GROWTH_HORMONE",0.411439201343729,1.14883490649738,0.258503401360544,0.493103056081352,34,"SOCS2;IGF1;IGFBP5;PIK3R1;ASS1;A1BG;JAK1;LEPROTL1;PHEX;AKT1"
"Organism Emergence from Protective Structure","GOBP_ORGANISM_EMERGENCE_FROM_PROTECTIVE_STRUCTURE",0.466011637723423,1.18925203077006,0.25887573964497,0.493116756920245,21,"FBLL1;PPP4R4;BCOR;ZFP14;NECAB1;ASF1B;CMTM3;RBBP8;STMN3;HCFC1;PHF6;SLC25A34"
"Sterol Homeostasis","GOBP_STEROL_HOMEOSTASIS",-0.300878812662966,-1.11231866973591,0.259259259259259,0.493310801295592,70,"NR1H4;PCSK9;FABP3;APOA1;SCARB1;ANGPTL3;RORA;APOE;ERRFI1;ABCA1;ACOX1;CNBP;NUS1;TMEM97;AKR1C1;SEC24A;INSIG1;DGAT2;LAMTOR1"
"Tooth Mineralization","GOBP_TOOTH_MINERALIZATION",0.511832526870343,1.20421413758356,0.259146341463415,0.493310801295592,15,"FAM20A;FGFR1;BCOR;STIM1"
"Dna Replication","GOBP_DNA_REPLICATION",0.303074761106657,1.09131222718898,0.259893048128342,0.494248288595865,273,"ID3;DACH1;ADRA2A;MCM5;POLQ;CCNA2;MCM7;SAMHD1;RECQL4;TSPYL2;BRCA1;GINS2;NASP;CDK2;FGFR1;CDK1;E2F8;CHEK1;NAP1L1;MCM8;TK1;CHTF18;ORC1;CDK9;PHIP;FBXO5;TNFAIP1;AGER;EGFR;MAD2L2;EXO1;PTMS;ATRX;MUS81;POLG2;RMI2;MCM10;CIZ1;EHMT2;TONSL;BRCA2;HELB;INO80E;DTL;ING5;DBF4B;RFWD3;CDC6;BARD1;USP37;E2F7;RBBP8;SLX4;ACTR8;EME1;POLE;RBBP6;CDK2AP1;CDC7;LIG1;GLI1;DDX11;BRPF3;KAT7;ZBTB38;KCTD13;CHAF1A;MCM4;SIN3A;POLD1;ZRANB3;BLM;POLD4"
"Endoplasmic Reticulum Membrane Organization","GOBP_ENDOPLASMIC_RETICULUM_MEMBRANE_ORGANIZATION",-0.429684678383943,-1.15729108082467,0.260115606936416,0.494403131360969,15,"LPCAT3;VAPB;TMED2;VCPIP1;ATL3;REEP5"
"Cell Projection Assembly","GOBP_CELL_PROJECTION_ASSEMBLY",0.292008129210255,1.08112178160293,0.26046986721144,0.494807996118045,465,"PRICKLE1;DAAM2;KANK1;VANGL2;CDKL5;FGD6;RAB3IP;FSCN1;KLC3;SYNE2;NRP1;ABLIM1;RPGR;ANLN;EPS8;RCC2;STON1;KCNQ1;PIK3CA;WDR44;SRGAP2;GAS8;QRICH2;PIK3R1;ARHGEF6;HYDIN;CEP120;FBF1;FGD4;TTC8;DNAAF2;POC1A;ARHGAP44;CSPG4;FGFR1;CCDC159;PALM;KCTD17;INPP5K;TCHP;CELSR2;KIF24;FSIP2;TESK1;CDC42EP1;DNM3;ZMYND8;STAU2;FMNL3;VCL;TGFB3;TTLL3;PLK4;AVIL;STK36;FLNA;TSGA10;PDGFA;SRF;CDC14A;PARVB;WASF3;NEK1;OFD1;NCK2;CROCC;PPP1R9B;CEP70;EVI5L;DZIP1;IFT27;RSPH4A;DTNBP1;DNAH1;AKIRIN1;AKT1;MNS1;MYCBPAP;PCNT;SH2B1;CEP97;ATP8B1;ATAT1;CNTROB;RAB11B;RAP1GAP;CCDC15;MARK4;TBC1D17;ARL13B;DCTN1;AGRN;DZIP1L;HYLS1;SPAG1;AIF1L;CEP164;CCP110;IFT140;TEKT2;MPHOSPH9;FNBP1L;INPPL1;CC2D2A;TBC1D8;EPS8L1;BBS1;PLEK2;TMEM138;EVL;CEP128;FGD1;LAMA5;TTBK2;KIAA0753;NUDCD3;RSPH9;EPHB2;PARVA;DISC1;BBS2;SPATA6;ABI2;TRIM32;PLEKHM1;PTPN23;RILPL1"
"Negative Regulation of Double Strand Break Repair via Homologous Recombination","GOBP_NEGATIVE_REGULATION_OF_DOUBLE_STRAND_BREAK_REPAIR_VIA_HOMOLOGOUS_RECOMBINATION",0.4843744167114,1.19001478998943,0.260869565217391,0.49496348726346,18,"POLQ;PLK1;MAD2L2;RMI2;HELB"
"Pigment Granule Localization","GOBP_PIGMENT_GRANULE_LOCALIZATION",-0.397812633475063,-1.15889698574634,0.260736196319018,0.49496348726346,21,"BBS7;MAP2K1;BBS4;MKKS"
"Response to Interleukin 1","GOBP_RESPONSE_TO_INTERLEUKIN_1",0.348138694607225,1.12679645687591,0.260975609756098,0.49496348726346,92,"HES1;PTGIS;AKAP12;ADAMTS12;DAB2IP;CITED1;SELE;RPS6KA5;EGR1;INHBB;SOX9;MAP2K7;CD47;RBMX;IGBP1;LGALS9;CEBPB;RELA;NFKBIA;RPS6KA4;ADAMTS7"
"Amino Acid Betaine Metabolic Process","GOBP_AMINO_ACID_BETAINE_METABOLIC_PROCESS",-0.427918325266397,-1.15253367426269,0.263005780346821,0.495860736574227,15,"CROT;BHMT2;TMLHE;POR"
"Blastocyst Formation","GOBP_BLASTOCYST_FORMATION",0.398016120681426,1.12756488647832,0.262942779291553,0.495860736574227,38,"HOPX;CCNB1IP1;JUNB;SKIL"
"Endothelial Cell Differentiation","GOBP_ENDOTHELIAL_CELL_DIFFERENTIATION",0.344526131427159,1.12257707518022,0.262650602409639,0.495860736574227,94,"ATOH8;NDP;ID1;NRP1;PTPRS;NRG1;AMOTL2;NOTCH4;ZDHHC21;FZD4;S1PR3;JAG1;HPSE;EDNRB;BMPR2;TJP2;ACVR2B;VCL;FSTL1;SMAD4;NR2F2;RAP2B;CEACAM1;TJP1"
"Host Mediated Perturbation of Viral Transcription","GOBP_HOST_MEDIATED_PERTURBATION_OF_VIRAL_TRANSCRIPTION",0.430020198104658,1.1552677023285,0.262177650429799,0.495860736574227,28,"JUN;INPP5K;TAF11;CDK9;CCNT1"
"Microtubule Polymerization or Depolymerization","GOBP_MICROTUBULE_POLYMERIZATION_OR_DEPOLYMERIZATION",0.332281604760518,1.11955059817934,0.262910798122066,0.495860736574227,125,"STMN1;CLIP3;KIF2C;NUMA1;ARHGEF2;KIF18A;PAK1;SKA2;KIF14;APC2;SKA3;CEP192;KIF24;MAPRE3;GBA2;FBXO5;DIAPH3;AKAP9;MZT1;TUBA1A;CLASP1;CKAP2;PCNT;NCKAP5L;STMN3;DCTN1;MID1;GOLGA2;KIF18B;HAUS4;TPPP3;TTBK2;PIN1;CDK5R1;TUBGCP6;TUBGCP2;MID1IP1;MAP1S;HAUS7;HAUS1;MAP4;MAP6D1;ABL1;WDR47;GIT1;CKAP5;HAUS5;MECP2;ACTB;CLASP2;ANKRD53;PSRC1;TUBB1"
"Monoatomic Anion Transport","GOBP_MONOATOMIC_ANION_TRANSPORT",-0.27785764452965,-1.09040420564043,0.261780104712042,0.495860736574227,90,"UCP2;VDAC1;STC1;KCNK1;SLC17A5;SLC1A2;MFSD8;LRRC8D;SLC4A4;PANX1;GABRB3;TG;SLC26A6;VDAC3;SLC39A14;LRRC8B;SLC12A2;GPR89A;VDAC2;LRRC8E;ABCB1;CLIC4;ANO10"
"Oocyte Differentiation","GOBP_OOCYTE_DIFFERENTIATION",0.397852239527352,1.12710061725583,0.262942779291553,0.495860736574227,38,"IGF1;ANG;BCL2;FOXL2;INHBB;FBXO5;GDF9;CDC25B;BRCA2;CCNB1;WNT4"
"Regulation of Cytosolic Calcium Ion Concentration","GOBP_REGULATION_OF_CYTOSOLIC_CALCIUM_ION_CONCENTRATION",-0.357913895517802,-1.12780824600515,0.262237762237762,0.495860736574227,31,"TRPC3;TRPC4;CALB2;RYR2;ASPH;ITPR1;CALB1;ATP2B1"
"Regulation of Morphogenesis of a Branching Structure","GOBP_REGULATION_OF_MORPHOGENESIS_OF_A_BRANCHING_STRUCTURE",0.397828832321706,1.12703430551164,0.262942779291553,0.495860736574227,38,"WNT5A;SMO;NTN4;FGFR1;PAX8;SNAI2;MDK;SOX9;PDGFA;FGFR2;ESR1;AGT;FKBPL;GREM1;SFRP1"
"Regulation of Perk Mediated Unfolded Protein Response","GOBP_REGULATION_OF_PERK_MEDIATED_UNFOLDED_PROTEIN_RESPONSE",0.508593815683091,1.19659425882539,0.26219512195122,0.495860736574227,15,"AKT3;PPP1R15A;BOK;NCK2;AKT2;AKT1"
"Viral Release from Host Cell","GOBP_VIRAL_RELEASE_FROM_HOST_CELL",-0.371676517241882,-1.14656170061568,0.262658227848101,0.495860736574227,26,"PPIA;VAPB;PPID;ARL8B"
"Exocytosis","GOBP_EXOCYTOSIS",0.30117574002597,1.08792832288898,0.263492063492063,0.495984801416731,292,"SYTL5;SYTL4;ATP9A;RIMS1;NR4A3;RIMS4;CRHBP;MICAL1;SYT2;LLGL2;ADRA2A;SYT11;RIMS2;SNPH;RAB15;GAB2;LIN7B;RAB3A;RIMS3;PAK1;ARHGAP44;SYNGR1;WASH3P;PRKCG;ERC2;BRSK1;ABCA12;WIPF3;ADORA3;CSPG5;FCGR2B;SYT1;SPHK2;SYT5;EXOC3L1;CLASP1;SMPD3;DTNBP1;SCRN1;CEACAM1;LGALS9;PRSS12;FBXL20;SCAMP4;RAB40A;GRIK5;SYN1;EXOC2;RAB11B;SYT7"
"Lipid Oxidation","GOBP_LIPID_OXIDATION",-0.278021452645098,-1.08959380622503,0.263736263736264,0.495984801416731,92,"CROT;DECR1;FABP3;HSD17B4;PRKAA1;ACOX1;ETFB;ETFA;ECH1;ECHS1;ADH5;HADH;IVD;PRKAG2;DGAT2;MLYCD;SCP2;DECR2;ETFDH;MFSD2A;ABCD3;ECI2;POR;PHYH;ECHDC1;HSD17B10;GCDH"
"Pyrimidine Ribonucleotide Metabolic Process","GOBP_PYRIMIDINE_RIBONUCLEOTIDE_METABOLIC_PROCESS",-0.376453416267453,-1.13981787991274,0.263636363636364,0.495984801416731,24,"NME1;ENTPD7;NME4;UPP1;DHODH;NME3;NME7;NME2;CMPK1;CDA;ENTPD5"
"Regulation of Glycolytic Process","GOBP_REGULATION_OF_GLYCOLYTIC_PROCESS",-0.333154675107131,-1.10562144924225,0.263779527559055,0.495984801416731,41,"MLXIPL;SLC2A6;UCHL1;SLC4A4;PRKAA1;FBP1;PSEN1;MTCH2;PRKAG2"
"Response to Light Stimulus","GOBP_RESPONSE_TO_LIGHT_STIMULUS",0.305538227283974,1.09260667196947,0.263498920086393,0.495984801416731,240,"SIK1;SCARA3;FOS;COL6A2;MAPK10;DUSP1;PIK3R1;BCL2;CRTC1;PITPNM1;AQP1;MC1R;PTPRK;BRSK1;COL6A1;CDS1;TP53;DCT;MSH6;ROM1;KCNC1;EGFR;NDRG4;MAP2K7;SLC1A3;PLEKHB1;RBM4B;SYNGAP1;ELOVL4;EXT1;ERCC2;TUBA1A;CTNS;UBE4B;USP28;BRCA2;CASP7;KDM1A;CHRNB2;DTL;CRIP1;AKT2;NR2E3;GNB5;AKT1;RELA;JUND;RPAIN;SIRT1;ATP8A2;XPC;RAG1;BCL3;GRK4;LRRN4;PER3;DYNLRB1;GNA11;SCN11A;CRY2;GRIN2A;CIRBP;POLD1;ZRANB3;PRPH2;PER2;CLOCK;BRAF;POLD3;CABP4;RHBDD1;CREB1;PIAS1;KRAS;HMGN1;TRIM32;ERCC3;RBM4"
"Positive Regulation of Locomotion","GOBP_POSITIVE_REGULATION_OF_LOCOMOTION",0.293337967501866,1.08365057438296,0.264073694984647,0.496271541594001,438,"ATOH8;WNT5A;SEMA5A;CASR;AKT3;PGF;NR4A3;SEMA7A;AKAP12;DAAM2;IGF1;TGFB2;JUN;SYNE2;ADRA2A;FBLN1;NRP1;SEMA4A;PDGFB;IGFBP5;SEMA6C;SEMA3C;INSR;SMO;BCAS3;DAB2IP;PIK3R1;FOXP1;F3;ARHGEF2;HMOX1;FZD4;BCL2;SELE;PAK1;RHOB;MYO1C;FAM89B;ACTG1;FGFR1;FN1;HPSE;AQP1;MCAM;PDGFD;FGF18;CMKLR1;THBS1;SNAI2;SEMA3A;PRKD2;HBEGF;BMPR2;MDK;SEMA4C;MMP14;TACR2;PLK2;FBXO5;SEMA3B;SASH1;AGER;EGFR;DOCK1;SOX9;CD47;NRP2;TMSB4X;GAS6;FERMT2;TRIP6;FLNA;PDGFA;GPNMB;CSF1;F2R;CLASP1;FOXO4;ZNF304;AKT2;PDGFC;RRAS;CX3CR1;AKIRIN1;AKT1;AMOT;SEMA6A;LGALS9;ATP8A1;CLDN4;RIN2;SELP;TJP1;GAB1;XG;PTGS2"
"Ruffle Organization","GOBP_RUFFLE_ORGANIZATION",0.379394004109204,1.12931983643072,0.265625,0.498919235924933,48,"KANK1;EPS8;RCC2;STON1;CSPG4;INPP5K"
"Positive Regulation of Type i Interferon Production","GOBP_POSITIVE_REGULATION_OF_TYPE_I_INTERFERON_PRODUCTION",-0.299303799199031,-1.10675353533485,0.26605504587156,0.499459177753523,69,"IRAK1;GAPDH;PTPN11;IFIH1;NMB;G3BP1;DHX36;ARRDC4;POLR3G;GSK3B;HSP90AA1;PTPN22;HSPD1;POLR3B;TRIM65;TANK;TLR2;OAS3;XIAP;PLCG2;DHX9"
"Glycosphingolipid Biosynthetic Process","GOBP_GLYCOSPHINGOLIPID_BIOSYNTHETIC_PROCESS",0.397965934813967,1.12185174856292,0.266304347826087,0.499659416408561,36,"ST8SIA1;ST6GALNAC6;B3GALT4;B3GALNT1;ST3GAL3;B4GALT3"
"Fibroblast Growth Factor Receptor Signaling Pathway","GOBP_FIBROBLAST_GROWTH_FACTOR_RECEPTOR_SIGNALING_PATHWAY",0.378265647312007,1.14055007784189,0.266579973992198,0.499803816657749,54,"WNT5A;FGF12;CEP57;FRS3;FGFR1;FGF18;THBS1;PRKD2;HHIP;EXT1;OFD1;KLB;FGFR2;SPRY4;SHISA2;WNT4;FLRT2;GPC1;SULF2;FAM20C;KIF16B"
"Regulation of Response to Nutrient Levels","GOBP_REGULATION_OF_RESPONSE_TO_NUTRIENT_LEVELS",-0.375514780233797,-1.13697589711312,0.266666666666667,0.499803816657749,24,"MT3;NR1H4;BBS4;MKKS"
"Positive Regulation of Mrna Processing","GOBP_POSITIVE_REGULATION_OF_MRNA_PROCESSING",-0.396155185224191,-1.1540685524078,0.266871165644172,0.499919622059644,21,"PRDX6;PRMT5;NCBP2;DHX36;CDC73;WDR77;UPF3A"
"Cellular Response to External Stimulus","GOBP_CELLULAR_RESPONSE_TO_EXTERNAL_STIMULUS",-0.303382103375028,-1.11728872352038,0.268181818181818,0.501509748288518,68,"BNIP3;SLC2A1;TNFRSF10A;TEK;PTPN11;HABP4;FADD;TNFRSF10B;FGF2;GOT1;F11R"
"Negative Regulation of Mirna Metabolic Process","GOBP_NEGATIVE_REGULATION_OF_MIRNA_METABOLIC_PROCESS",0.436404266972325,1.14829830845057,0.268221574344023,0.501509748288518,26,"PDGFB;SOX9;ZNF512B;SRF;ESR1;RELA"
"Regulation of Macrophage Derived Foam Cell Differentiation","GOBP_REGULATION_OF_MACROPHAGE_DERIVED_FOAM_CELL_DIFFERENTIATION",0.434158470982043,1.15573618110094,0.268292682926829,0.501509748288518,27,"PLA2G5;LPL;CSF1;IL18;APOB;NFKBIA;AGT;ABCA5;NR1H2;CRP;AGTR1;MAPK9;PRKCH"
"Regulation of Neuron Migration","GOBP_REGULATION_OF_NEURON_MIGRATION",0.410450148571775,1.13108132618942,0.268055555555556,0.501509748288518,32,"ULK4;DAB2IP;UNC5D;SRGAP2;ARHGEF2;MDK;GPR173;FLNA;SEMA6A;FLRT2;ZNF609;PLXNB2;COL3A1;RAPGEF2"
"Cell Cycle G1 s Phase Transition","GOBP_CELL_CYCLE_G1_S_PHASE_TRANSITION",0.306794823746987,1.09453721604057,0.268608414239482,0.501596695256791,223,"IQGAP3;DPF3;KANK2;CCND2;CCNA2;APBB1;SMARCC2;PHF8;MYB;SUSD2;CDKN2C;DACT1;BCL2;BCL7A;CCNG1;CDK2;MN1;KIF14;CDK1;CCNF;DPF2;SMARCA2;CDK6;KLF4;TP53;DGKZ;AMBRA1;FAM83D;PAF1;PLK2;CTDSP2;PLK3;EGFR;TMSB4X;BRD7;GPNMB;ARID2;RFWD3;CDC6;USP37;E2F7;AKT1;RBBP8;ARID1B;FBXO31;MEPCE;ARID1A;PKD1;NPAT;E2F1;CCNB1;POLE;CDC7;TRIM39;GLI1;CCNH;DDR2;STIL;ZNF324;SMARCC1;CTDSP1;CDK2AP2;CTDSPL;FBXO7"
"Fluid Transport","GOBP_FLUID_TRANSPORT",0.482289669324508,1.1714317783958,0.268768768768769,0.501596695256791,17,"AQP1;MLLT6;INPP5K;EDNRB;CLDN18;EXT1"
"Purine Containing Compound Salvage","GOBP_PURINE_CONTAINING_COMPOUND_SALVAGE",-0.412144654703684,-1.15244380543315,0.26865671641791,0.501596695256791,18,"APRT;DGUOK;PNP;AMPD3;PGM2;HPRT1;NAMPT"
"Amino Acid Catabolic Process","GOBP_AMINO_ACID_CATABOLIC_PROCESS",-0.290370022792831,-1.10369140873078,0.269230769230769,0.501657119476268,78,"DDO;GOT2;ALDH8A1;GCSH;HAL;FAH;HMGCL;ETFB;GLS;MCCC2;ETFA;BCAT1;ECHS1;SARDH;DLD;GOT1;GCAT;IVD;GPT2;HDC;FTCD"
"Negative Regulation of Stem Cell Population Maintenance","GOBP_NEGATIVE_REGULATION_OF_STEM_CELL_POPULATION_MAINTENANCE",0.463344989045272,1.18244679867042,0.269230769230769,0.501657119476268,21,"ING1;ING2;SAP30L;PAX8"
"Ventricular System Development","GOBP_VENTRICULAR_SYSTEM_DEVELOPMENT",-0.35642381270051,-1.12311290528322,0.269230769230769,0.501657119476268,31,"CCDC134;DPCD;BBS4;UCHL5;WDR89;SEMA6D"
"Regulation of Systemic Arterial Blood Pressure Mediated by a Chemical Signal","GOBP_REGULATION_OF_SYSTEMIC_ARTERIAL_BLOOD_PRESSURE_MEDIATED_BY_A_CHEMICAL_SIGNAL",0.408765909679483,1.14137044815432,0.269387755102041,0.501682778374508,34,"ACE;GJA5;HSD11B2;AVPR1A;PCSK5;OXTR;EDNRB"
"Regulation of Protein Polyubiquitination","GOBP_REGULATION_OF_PROTEIN_POLYUBIQUITINATION",-0.374514827546628,-1.13394826101619,0.26969696969697,0.501725164550443,24,"PPIA;NMI;PLAA;FBXO4;UBE2V2;PTPN22;UBE2V1;IP6K2;NOD2;XIAP"
"Response to Atp","GOBP_RESPONSE_TO_ATP",-0.37227486944782,-1.12716616214035,0.26969696969697,0.501725164550443,24,"TRPC3;HSP90B1;ASPH;PANX1;P2RX6;SSH1;P2RX4;P2RX1;SOD1;RYR3;P2RX7"
"Regulation of Monoatomic Ion Transport","GOBP_REGULATION_OF_MONOATOMIC_ION_TRANSPORT",0.303517404827206,1.09169835637696,0.270788912579957,0.503489151150526,251,"HOMER2;SIK1;CACNB3;HES1;CASR;CAMK2D;FGF12;FXYD6;CNTN1;ADRA2A;PDGFB;ANK2;ANK3;KCNQ1;CACNB2;SCN5A;BCL2;WNK3;NRBP2;CAPN3;KCNIP4;SESTD1;MLLT6;INPP5K;FYN;GOPC;TRPC1;GPR35;HEPH;TACR2;GSTM2;HOMER1;KCNC1;NPPA;APLNR;CACNB1;KCNIP2;SPHK2;FLNA;VMP1;F2R;CHD7;STIM1;TOR2A;TMEM38A;KCNIP3;KCNG1;SCN3B;AKT1"
"Cellular Response to Estrogen Stimulus","GOBP_CELLULAR_RESPONSE_TO_ESTROGEN_STIMULUS",0.493003733799921,1.17827831181831,0.27190332326284,0.505050115104808,16,"CRHBP;BCAS3;ARID5A;CLDN18;ESR1"
"Positive Regulation of Osteoclast Differentiation","GOBP_POSITIVE_REGULATION_OF_OSTEOCLAST_DIFFERENTIATION",0.455191178597221,1.16776389992732,0.271916790490342,0.505050115104808,22,"TNFSF11;FOS;KLF10;CSF1"
"Negative Regulation of Hormone Secretion","GOBP_NEGATIVE_REGULATION_OF_HORMONE_SECRETION",0.383496988779369,1.11616089023953,0.272486772486772,0.505840574468025,42,"SYTL4;FOXO1;CRHBP;IRS1;ADRA2A"
"Cd8 Positive Alpha Beta t Cell Activation","GOBP_CD8_POSITIVE_ALPHA_BETA_T_CELL_ACTIVATION",-0.337543164992521,-1.10114812676647,0.272727272727273,0.506018875192604,37,"PSMA2;PSMA1;HLA-A;GPR18;PSMB1;PSMA5;PSMA6;PSMB3;PSMA4;PSMB9;PSMB4;TNFSF8"
"Ketone Biosynthetic Process","GOBP_KETONE_BIOSYNTHETIC_PROCESS",-0.332742590043803,-1.09491288242264,0.2734375,0.507068058496559,40,"TPI1;PDSS1;NDUFA9;PDSS2;HSD17B1;COQ5;HSD3B1;SCP2;COQ3;BMP2;ADM;RTN4IP1;COQ2;CLCN2;FDXR"
"Positive Regulation of Cell Cycle G2 m Phase Transition","GOBP_POSITIVE_REGULATION_OF_CELL_CYCLE_G2_M_PHASE_TRANSITION",0.431392320290344,1.14837264762077,0.27403156384505,0.507710989678203,27,"RCC2;CDK1;HSPA2;FBXO5;RAD51B;CDC25B;DTL;DBF4B;CCNB1;CDC7;SIN3A"
"Sensory Perception of Taste","GOBP_SENSORY_PERCEPTION_OF_TASTE",0.436617275864041,1.13803741044596,0.274074074074074,0.507710989678203,25,"AZGP1;PKD1L3;TAS2R50;TAS2R20;TAS2R46;PIGR;TAS1R3;TRPV1;TAS2R31"
"Negative Regulation of Nucleotide Catabolic Process","GOBP_NEGATIVE_REGULATION_OF_NUCLEOTIDE_CATABOLIC_PROCESS",0.501977143788346,1.18102688195678,0.274390243902439,0.507759653666267,15,"DDIT4;IER3"
"t Cell Cytokine Production","GOBP_T_CELL_CYTOKINE_PRODUCTION",0.416843470252018,1.13957905119477,0.274261603375527,0.507759653666267,30,"TNFSF4;PRKCZ;FZD5;ARID5A;TRAF2;DENND1B;IL18"
"Protein Dna Complex Organization","GOBP_PROTEIN_DNA_COMPLEX_ORGANIZATION",0.322404052097605,1.10653601854014,0.274800456100342,0.508250262787486,149,"ATAD2;SMARCC2;TSPYL2;HMGB2;TSPYL4;NAP1L3;NASP;ZNF827;TCF4;NAP1L1;TAF11;TP53;MED14;UBTF;SOX9;ATRX;TSPYL1;RAD52;ASF1B;ARID2;ESR1;NFKBIZ;BRD2;SHPRH;TAF3;ARID1A;TBP;SWI5;DRAP1;DAXX;CHAF1A;MED29;TAF8;SMARCC1;HEY2;GTF2A1"
"Centrosome Duplication","GOBP_CENTROSOME_DUPLICATION",0.357967853002602,1.12027968809853,0.275380710659898,0.508757113810205,73,"BRCA1;CEP120;POC1A;CDK2;BRSK1;CCNF;CEP192;PLK2;CEP152;PLK4;BRCA2;OFD1;FBXL13;CHMP4C;NDC80;CNTROB;SIRT1;CCDC15;ROCK2;CHMP1B;STIL;CCP110;CEP76"
"Negative Regulation of Cytokine Production Involved in Inflammatory Response","GOBP_NEGATIVE_REGULATION_OF_CYTOKINE_PRODUCTION_INVOLVED_IN_INFLAMMATORY_RESPONSE",0.432678062888598,1.13849365214881,0.275510204081633,0.508757113810205,26,"ZFP36;HMOX1;NLRC3;CHRNA7;RELA;NFKBIA;APPL2;EPHB2"
"Plasma Membrane Repair","GOBP_PLASMA_MEMBRANE_REPAIR",0.432225251437085,1.13730218207583,0.275510204081633,0.508757113810205,26,"SYTL4;SYT11;RAB3A;ANO5;CASP7;CHMP4C;SYT7;CHMP1B"
"Actin Filament Depolymerization","GOBP_ACTIN_FILAMENT_DEPOLYMERIZATION",0.381234242155775,1.12225718026333,0.276315789473684,0.509439058171745,45,"SEMA5A;PLEKHH2;MICAL1;EPS8;PIK3CA;TMOD2;SPTBN2;TMOD1"
"Endoplasmic Reticulum Tubular Network Organization","GOBP_ENDOPLASMIC_RETICULUM_TUBULAR_NETWORK_ORGANIZATION",0.468334996403372,1.18407805243027,0.276218611521418,0.509439058171745,20,"RTN2;REEP1;REEP4;ATL1;ZFYVE27"
"Viral Gene Expression","GOBP_VIRAL_GENE_EXPRESSION",-0.291024761071622,-1.09668212151858,0.276190476190476,0.509439058171745,76,"MGAT4A;MGAT5;SPCS1;CANX;MAN2A1;EIF3B;EIF2AK4;GALNT1;SSB;UBP1"
"Regulation of Tyrosine Phosphorylation of Stat Protein","GOBP_REGULATION_OF_TYROSINE_PHOSPHORYLATION_OF_STAT_PROTEIN",0.452112741679656,1.15986636660601,0.277860326894502,0.512017214682505,22,"HES1;CTF1;IL10"
"Substrate Adhesion Dependent Cell Spreading","GOBP_SUBSTRATE_ADHESION_DEPENDENT_CELL_SPREADING",0.342578045512119,1.11223100909598,0.278113663845224,0.512214597502533,93,"KANK1;FBLN1;NRP1;MERTK;RCC2;TGFB1I1;SRGAP2;PIK3R1;NTN4;FZD4;FN1;HPSE;KIF14;AXL;MICALL2;MDK;TESK1;GSK3A;DOCK1;CSPG5;ANTXR1;FERMT2;TYRO3;FLNA;PARVB;MEGF11;SPRY4;LPXN"
"Positive Regulation of Organic Acid Transport","GOBP_POSITIVE_REGULATION_OF_ORGANIC_ACID_TRANSPORT",-0.36406802247489,-1.12309072977279,0.278481012658228,0.512621643374552,26,"FABP3;SLC7A5;PTGES;ACSL1;RAB3GAP1;SLC12A2;PSEN1;MIF;P2RX4;ADORA2A"
"Biological Process Involved in Interaction with Symbiont","GOBP_BIOLOGICAL_PROCESS_INVOLVED_IN_INTERACTION_WITH_SYMBIONT",-0.405386453611189,-1.16033246817692,0.27893175074184,0.513181682168416,19,"GAPDH;PCYOX1L;ROMO1;GPX1;HSPD1;NCF1"
"Macrophage Chemotaxis","GOBP_MACROPHAGE_CHEMOTAXIS",0.405874504719549,1.12469941743234,0.281207133058985,0.516825071933696,33,"C5;CMKLR1;THBS1;EDNRB;MDK;CSF1;AKIRIN1;C3AR1;SAA1"
"Negative Regulation of Ossification","GOBP_NEGATIVE_REGULATION_OF_OSSIFICATION",0.405604661921607,1.12395166896794,0.281207133058985,0.516825071933696,33,"BMP3;SMAD6;ENPP1;BCL2;LTBP3;MDK;BCOR;SOX9;ACVR2B;CHSY1;ECM1;GREM1;SFRP1;SMAD7"
"Spinal Cord Motor Neuron Differentiation","GOBP_SPINAL_CORD_MOTOR_NEURON_DIFFERENTIATION",0.478171114670164,1.1614282346543,0.282282282282282,0.518529016693673,17,"LONRF2;LHX4;NFE2L1;PTCH1;AKT1;ZC4H2"
"Gamma Delta t Cell Activation","GOBP_GAMMA_DELTA_T_CELL_ACTIVATION",0.443334384872653,1.14050765887072,0.283604135893648,0.518600951501526,23,"SOX4;EGR3;SOX13;TCF7;CCR9"
"Positive Regulation of Dna Biosynthetic Process","GOBP_POSITIVE_REGULATION_OF_DNA_BIOSYNTHETIC_PROCESS",-0.328438932737304,-1.08997158357098,0.283464566929134,0.518600951501526,41,"RFC3;DKC1;CCT5;CCT8;CCT3;CTNNB1;PTGES3;CCT7;ATR;FGF2;POT1;FBXO4;HSP90AA1"
"Receptor Recycling","GOBP_RECEPTOR_RECYCLING",-0.329143370999953,-1.09230936271997,0.283464566929134,0.518600951501526,41,"PCSK9;ANXA2;EHD3;PSEN1;LAMTOR1;LMTK2;AP1AR;VAMP3;SNX16"
"Regulation of Alcohol Biosynthetic Process","GOBP_REGULATION_OF_ALCOHOL_BIOSYNTHETIC_PROCESS",-0.341170409076278,-1.09219670852984,0.283018867924528,0.518600951501526,35,"SEC14L2;LPCAT3;APOE;PRKAA1;MAPK1;ERLIN2;INSIG1;ERLIN1;LHCGR;GPR146;BMP2;SREBF1;CLCN2"
"Regulation of Kidney Development","GOBP_REGULATION_OF_KIDNEY_DEVELOPMENT",-0.392840768228027,-1.13385120579495,0.283076923076923,0.518600951501526,20,"WNT2B;MAGED1;BASP1;RET;PPP3CA;LGR4;BMI1"
"Ribosome Associated Ubiquitin Dependent Protein Catabolic Process","GOBP_RIBOSOME_ASSOCIATED_UBIQUITIN_DEPENDENT_PROTEIN_CATABOLIC_PROCESS",-0.421803231778562,-1.13606358931925,0.283236994219653,0.518600951501526,15,"CUL2;RBX1;LTN1;KLHDC10;VCP"
"Specification of Symmetry","GOBP_SPECIFICATION_OF_SYMMETRY",0.347942813999232,1.1151897291456,0.282527881040892,0.518600951501526,86,"WNT5A;DAAM2;VANGL2;BICC1;HAND2;SMO;ALDH1A2;GAS8;DNAAF2;TBX3;SUFU;NDRG4;APLNR;ACVR2B;DVL2;DISP1;SRF;DDIT3;OFD1"
"t Cell Differentiation in Thymus","GOBP_T_CELL_DIFFERENTIATION_IN_THYMUS",-0.285728638107466,-1.08604958622933,0.283653846153846,0.518600951501526,78,"PSMA2;PSMA1;B2M;PSMB1;PSMA5;FADD;IL2RG;CTNNB1;PSMA6;PSMB3;PSMA4;CLPTM1;BMI1;PSMB9;PSMB4;CD28;RASGRP1;MAFB;VNN1;DNAJA3;PRKDC;SOD1;STAT5B;RABL3;PSMA3;CD3D;BCL11B;IL7R;CAMK4;CD3G;CCR7;IL1B;NKAP;ZFP36L1;GLI2;SOS1"
"t Cell Proliferation","GOBP_T_CELL_PROLIFERATION",0.316139916673312,1.09323413658816,0.283295711060948,0.518600951501526,161,"HES1;PLA2G5;TNFSF4;CD24;IGF1;PAWR;ERBB2;ARG2;EFNB1;LMBR1L;VCAM1;DLG5;ZBTB7B;IRF1;IL10;CADM1;FYN;PRKCQ;IGFBP2;ARMC5;CBLB;AGER;ELF4;GPNMB;IL18;NCK2;MAD1L1;IL20RB;LGALS9;MAPK8IP1;CEBPB;SH3RF1;TWSG1;WNT4"
"Negative Regulation of Blood Pressure","GOBP_NEGATIVE_REGULATION_OF_BLOOD_PRESSURE",0.439692762190425,1.13618396208448,0.28422619047619,0.519376288595772,24,"NOS2;ABAT;GJA5;IER3;KCNK6;BMPR2;NPPA"
"Negative Regulation of Erk1 and Erk2 Cascade","GOBP_NEGATIVE_REGULATION_OF_ERK1_AND_ERK2_CASCADE",0.364873718050096,1.12318849077064,0.284438775510204,0.519493759443298,61,"NDRG2;IGF1;FBLN1;DAB2IP;DUSP1;ATF3;RPS6KA6"
"Axoneme Assembly","GOBP_AXONEME_ASSEMBLY",0.393722720631282,1.10989027941708,0.285326086956522,0.520842773636631,36,"GAS8;HYDIN;DNAAF2;FSIP2;TTLL3;STK36;OFD1;RSPH4A;DNAH1;MNS1;SPAG1;TEKT2;CC2D2A;RSPH9;BBS2"
"Negative Regulation of Calcium Ion Transmembrane Transport","GOBP_NEGATIVE_REGULATION_OF_CALCIUM_ION_TRANSMEMBRANE_TRANSPORT",-0.383154700194214,-1.1261020576773,0.285714285714286,0.521279761904762,22,"UCP2;VDAC1;PPP3R1;PPP3CA;UBQLN1;CALM1;YWHAE;TMBIM6"
"Protein Acetylation","GOBP_PROTEIN_ACETYLATION",0.423900118008774,1.13882584470972,0.286532951289398,0.522410647649059,28,"FOXO1;DIP2B;BAG6;ING5;ATAT1;SIRT1;KAT7;CLOCK;SPHK1;KAT2B;KAT5;CREBBP;HAT1"
"Vascular Endothelial Growth Factor Receptor Signaling Pathway","GOBP_VASCULAR_ENDOTHELIAL_GROWTH_FACTOR_RECEPTOR_SIGNALING_PATHWAY",0.374368181999691,1.12130288464432,0.286632390745501,0.522410647649059,50,"PGF;NRP1;DAB2IP;GRB10;FZD4;FGF18;FYN;AXL;PRKD2;CADM4"
"Regulation of Glycoprotein Metabolic Process","GOBP_REGULATION_OF_GLYCOPROTEIN_METABOLIC_PROCESS",0.403074597404535,1.12547896726508,0.287074829931973,0.522944945008685,34,"IGF1;PAWR;MEST;BCL2;HBEGF;TCF7L2;AATF;NECAB1;RAMP1;NECAB2;NECAB3"
"Positive Regulation of Cytosolic Calcium Ion Concentration","GOBP_POSITIVE_REGULATION_OF_CYTOSOLIC_CALCIUM_ION_CONCENTRATION",0.34640652055985,1.11341242313146,0.287484510532838,0.52341904386514,88,"CACNB3;NPY2R;CD24;C1QTNF1;AVPR1A;LRP6;BCL2;S1PR3;CMKLR1;EDNRB;GPR35;PTGER2;DLG4;CCR9;F2R;SPPL3;CHRNA10;ESR1;CX3CR1;CACNA1C;PKD1;C3AR1;SAA1"
"Polysaccharide Biosynthetic Process","GOBP_POLYSACCHARIDE_BIOSYNTHETIC_PROCESS",0.375002479170823,1.10845509814488,0.287958115183246,0.52346511545766,46,"IRS1;IGF1;SORBS1;PDGFB;ENPP1;INSR;GRB10;INPP5K;GSK3A;EXT1;SMPD3;AKT2;AKT1;PPP1R3D;PPP1R3F"
"Regulation of Striated Muscle Contraction","GOBP_REGULATION_OF_STRIATED_MUSCLE_CONTRACTION",0.358761474153208,1.11794360152159,0.28772378516624,0.52346511545766,68,"JUP;CAMK2D;ANK2;DSP;GJA5;KCNQ1;SCN5A;TNNI3;GSTM2;NPPA;AKAP9;TMEM38A;CTNNA3;CACNA1C;SCN4A;PRKD1;PKP2;SMAD7"
"Somite Development","GOBP_SOMITE_DEVELOPMENT",0.375218540244589,1.10909374458598,0.287958115183246,0.52346511545766,46,"WNT5A;SEMA3C;SMO;NKD1;MED12;RAD51B;SMAD4;PTCH1;AXIN2;RBBP6;WNT4;SFRP1;LOXL3"
"3 Utr Mediated Mrna Destabilization","GOBP_3_UTR_MEDIATED_MRNA_DESTABILIZATION",0.457607011286924,1.16780359848134,0.288461538461538,0.524108282796042,21,"CPEB3;ZFP36;ZFP36L2;DND1"
"Tetrahydrofolate Metabolic Process","GOBP_TETRAHYDROFOLATE_METABOLIC_PROCESS",-0.405296806154302,-1.12200031913359,0.288690476190476,0.524252326643462,17,"MTHFD1L;SLC46A1;MTHFD1;ATIC;MTHFD2;MTHFD2L;SHMT2;MTHFS"
"Lens Fiber Cell Differentiation","GOBP_LENS_FIBER_CELL_DIFFERENTIATION",0.416775608281153,1.12878273786053,0.28936170212766,0.525198985778856,29,"CDKN1C;SKIL;VIM;TMOD1;FZR1;EFNA5;SPRED3"
"Positive Regulation of Substrate Adhesion Dependent Cell Spreading","GOBP_POSITIVE_REGULATION_OF_SUBSTRATE_ADHESION_DEPENDENT_CELL_SPREADING",-0.329792804524012,-1.08295327177242,0.290076335877863,0.526223409932756,39,"P4HB;APOA1;S100A10;FGG;C1QBP;CALR;CIB1;HAS2;CRKL;UNC13D;NEDD9"
"Cellular Component Disassembly","GOBP_CELLULAR_COMPONENT_DISASSEMBLY",0.293166808960519,1.07446532045736,0.290758047767394,0.527187081433323,377,"SEMA5A;PRICKLE1;PLEKHH2;ATAD2;DDIT4;STMN1;ADAMTS15;MICAL1;VANGL2;MAP1LC3A;MMP19;FSCN1;TGFB2;INSR;EPS8;KIF2C;ADAMTS4;SMARCC2;STON1;DNAJC17;PLK1;PIK3CA;PIK3R1;ARHGEF2;NGEF;ADAMTS5;KIF18A;TMOD2;DDR1;SPTBN2;HPSE;KIF14;CDK1;TRAF2;COL6A1;TMOD1;TOP2A;SNAI2;C3;APC2;HSPA2;KIF9;PHF23;KIF24;UVRAG;MMP14;FOXL2;PLK3;AKAP8L;DIAPH3;CDK5RAP3;BOK;TGFB3;C1QC;MMP11;AVIL;VMP1;SH3PXD2B;CLASP1;ARID2;PPP1R9B;DFFA;GTPBP2;CLEC16A;PRR3;CKAP2;CX3CR1;CHMP4C;BLVRA;GAK;NCKAP5L;ARID1A;RAB40A;VILL;TIMP3;TCF25;STMN3"
"Regulation of Catalytic Activity","GOBP_REGULATION_OF_CATALYTIC_ACTIVITY",0.290339593951316,1.07248076889083,0.290983606557377,0.527323111107342,428,"DAPK1;WNT5A;PLA2G5;PIM1;PRLR;UBE2C;FGD6;IGF1;PLIN5;TRAF4;CENPE;PDGFB;NRG1;ERBB2;BCAS3;DAB2IP;RCC2;PIK3CA;LDB1;TSPYL2;HIPK3;ABR;SRGAP2;RALGAPA2;CHP2;FGD4;UBE2S;ZFP36;NGEF;PLXNB1;ARHGAP44;CCNG1;ARHGAP11A;FGFR1;KIF14;TRAF2;FGF18;CDC20;SGK1;EDNRB;PKIA;PHACTR4;CHTF18;APC2;TP53;NTRK2;UVRAG;ADORA3;GSK3A;FBXO5;SASH1;NPPA;MAD2L2;TLR3;ARRDC3;CDK5RAP3;RANGAP1;SOCS5;ASAP3;MST1;POLG2;CCNT1;LDB2;GAS6;PRKAR1B;STRADA;TGM2;PAQR3;PROM2;PILRB;MAP3K10;CAPN1;STIM1;APBA3;USP44;FGFR2;FZR1;EVI5L;CDC6;ESR1;ZGPAT;DIRAS3;RGS10;AKT1;GRM3;XRCC1;RAP2B;CEACAM1;DIRAS1;MAPK8IP1;CACNA1C"
"Negative Regulation of Secretion","GOBP_NEGATIVE_REGULATION_OF_SECRETION",0.329697808614055,1.0994382423638,0.291228070175439,0.527493241894809,111,"SYTL4;ATP9A;NPY2R;FOXO1;CRHBP;IRS1;ADRA2A;ABAT;SYT11;NRG1;WNK3;FRMD4A;NEO1;TACR2;INHBB;GABBR1;FCGR2B;SYT1;GNAO1;RHBDF1;F2R"
"Chaperone Mediated Protein Complex Assembly","GOBP_CHAPERONE_MEDIATED_PROTEIN_COMPLEX_ASSEMBLY",-0.389354600455515,-1.12378912504326,0.292307692307692,0.528628728009213,20,"NDUFAF1;MKKS;HSP90AB1;PFDN6;PTGES3;HSPA4;LONP1;HSP90AA1;HSPD1"
"Negative Regulation of Transmembrane Receptor Protein Serine Threonine Kinase Signaling Pathway","GOBP_NEGATIVE_REGULATION_OF_TRANSMEMBRANE_RECEPTOR_PROTEIN_SERINE_THREONINE_KINASE_SIGNALING_PATHWAY",0.330119777563642,1.10452922228915,0.292108362779741,0.528628728009213,117,"WNT5A;VWC2;CDH3;HTRA1;CRIM1;SMAD6;SKIL;ING1;TOB1;ING2;FSTL3;FAM89B;SAP30L;PEG10;CILP;GPR155"
"Positive Regulation of Small Molecule Metabolic Process","GOBP_POSITIVE_REGULATION_OF_SMALL_MOLECULE_METABOLIC_PROCESS",-0.261825296890398,-1.06314638012451,0.292207792207792,0.528628728009213,116,"MLXIPL;NR1H4;UCHL1;ENO1;APOA1;MAP2K1;IGF2;STAR;PARK7;APOE;STARD4;SLC4A4;PRKAA1;LPGAT1;MAPK1;ELOVL5;NDUFC2;PSEN1;PHKA1;PPP1R3G;PRKAG2;DGAT2;LHCGR;MLYCD"
"Skeletal Muscle Organ Development","GOBP_SKELETAL_MUSCLE_ORGAN_DEVELOPMENT",0.327125290554325,1.09717555069265,0.293491124260355,0.53049505071415,122,"S100B;EGR2;NR4A1;FOS;BTG2;HEYL;SKIL;SMO;ATF3;MYOCD;TLL2;BCL2;EGR1;ASS1;COL6A1;FOXP2;HOMER1;FOXL2;HLF;DISP1;ARRDC2;DES;GPCPD1;AKIRIN1;NR2F2;BCL9;USP19;DAG1;WT1"
"Metanephros Morphogenesis","GOBP_METANEPHROS_MORPHOGENESIS",0.475562737780024,1.16836618946224,0.293853073463268,0.530645907847675,18,"HES1;SMO;PAX8;SOX9;KIF26B;PKD1;WT1;WNT4;GREM1"
"Regulation of Hippo Signaling","GOBP_REGULATION_OF_HIPPO_SIGNALING",0.400443549572547,1.11813246362571,0.293877551020408,0.530645907847675,34,"DLG5;WTIP;VGLL4;STRN4;WWC3;ARRDC3;WWC2;CIT;LIMD1"
"Antigen Processing and Presentation of Exogenous Peptide Antigen","GOBP_ANTIGEN_PROCESSING_AND_PRESENTATION_OF_EXOGENOUS_PEPTIDE_ANTIGEN",-0.329411604854859,-1.0767008229364,0.294776119402985,0.531446601270539,38,"HLA-G;B2M;TAP2;HLA-A;HLA-B"
"Regulation of Amine Metabolic Process","GOBP_REGULATION_OF_AMINE_METABOLIC_PROCESS",0.486138722567548,1.16187094349444,0.294561933534743,0.531446601270539,16,"FSHR;ABAT;NR4A2;CHRNB2"
"Regulation of Type 2 Immune Response","GOBP_REGULATION_OF_TYPE_2_IMMUNE_RESPONSE",0.437479871836656,1.13046576350127,0.294642857142857,0.531446601270539,24,"TNFSF4;PRKCZ;ARG2;SOCS5;DENND1B;IL18"
"Astrocyte Development","GOBP_ASTROCYTE_DEVELOPMENT",0.411939095839332,1.12617132685995,0.29535864978903,0.532078492223719,30,"SMO;PLP1;VIM;CDK6;AGER"
"Calcium Ion Transport","GOBP_CALCIUM_ION_TRANSPORT",0.300821451208685,1.08376843002671,0.295430393198725,0.532078492223719,253,"HOMER2;CACNB3;HES1;CASR;CAMK2D;PLCL1;CALHM2;CACHD1;ADRA2A;PDGFB;ANK2;KCNJ8;CACNB2;MYB;SLC25A25;PKD1L3;BCL2;WNK3;CAPN3;GP1BA;SESTD1;PLCB4;INPP5K;FYN;EDNRB;TRPC1;GPR35;GSTM2;HOMER1;NPPA;APLNR;PLCB3;CACNB1;GAS6;FLNA;CHRNA7;CACNA1G;DDIT3;F2R;CHD7;STIM1;RAMP1;CHRNB2;TOR2A;TMEM38A;PKDREJ;CHRNA10"
"Interleukin 1 Mediated Signaling Pathway","GOBP_INTERLEUKIN_1_MEDIATED_SIGNALING_PATHWAY",-0.359273527096567,-1.12438118498199,0.296052631578947,0.532925163628496,28,"IRAK1;IL1RAP;IRAK2;IRAK3;TNIP2;MAP3K7"
"Dna Templated Dna Replication","GOBP_DNA_TEMPLATED_DNA_REPLICATION",0.317519557474078,1.0882185757978,0.296551724137931,0.533275508036536,151,"DACH1;MCM5;POLQ;MCM7;SAMHD1;BRCA1;CDK2;FGFR1;E2F8;MCM8;TK1;ORC1;CDK9;PHIP;FBXO5;AGER;EXO1;ATRX;MUS81;POLG2;MCM10;CIZ1;TONSL;BRCA2;HELB;DTL;DBF4B;RFWD3;CDC6;BARD1;E2F7;RBBP8;EME1;POLE;CDK2AP1;CDC7;LIG1;DDX11;KAT7;MCM4;POLD1;ZRANB3;BLM;POLD4"
"Glycerolipid Catabolic Process","GOBP_GLYCEROLIPID_CATABOLIC_PROCESS",-0.309763018310777,-1.10066196280931,0.29646017699115,0.533275508036536,56,"PNPLA3;APOC1;SCARB1;PRDX6;ABHD5;DDHD2;ABHD6"
"Ether Lipid Metabolic Process","GOBP_ETHER_LIPID_METABOLIC_PROCESS",-0.397733479215815,-1.13842745731635,0.29673590504451,0.533332927332437,19,"NCEH1;FASN;FAR1"
"Regulation of Chemotaxis","GOBP_REGULATION_OF_CHEMOTAXIS",0.316907516944096,1.08715684856201,0.297142857142857,0.533790476190476,150,"WNT5A;SEMA5A;CASR;PGF;ROBO3;NRP1;PDGFB;C5;DUSP1;F3;FGFR1;PDGFD;FGF18;CMKLR1;THBS1;PRKD2;BMPR2;MDK;RYK;AGER;TMSB4X;GAS6"
"Atp Transport","GOBP_ATP_TRANSPORT",0.471738655521651,1.14580445596057,0.297297297297297,0.533794173466137,17,"CALHM2;SLC25A25;CD47"
"Telomere Organization","GOBP_TELOMERE_ORGANIZATION",-0.248799712567955,-1.05085540130673,0.298387096774194,0.53547643442623,147,"PINX1;MAPKAPK5;INO80C;DKC1;RPA3;RPA1;RUVBL1;UCHL5;CCT5;NHP2;MAPK1;ACTR5;FEN1;HSP90AB1;CCT8;CCT3;ACTL6A;CTNNB1;PARP3;RPA2;PTGES3;CCT7;NOP10;ATR;DHX36;RUVBL2;TERC;POT1;FBXO4;SMG5;HSP90AA1;USP7"
"Vasoconstriction","GOBP_VASOCONSTRICTION",0.360433599566963,1.10555229353756,0.298850574712644,0.536033570516329,60,"CASR;ADRA2A;ACE;KCNMB2;GJA5;AVPR1A;ITGA9;ZDHHC21;OXTR;EDNRB;BMPR2;FAAH"
"Photoreceptor Cell Differentiation","GOBP_PHOTORECEPTOR_CELL_DIFFERENTIATION",0.37445742687267,1.11065101833843,0.299346405228758,0.53664813588349,47,"NDP;RPGR;NKD1;TTC8;PRDM1;NTRK2;ROM1;TOPORS;SOX9"
"Negative Regulation of Endoplasmic Reticulum Unfolded Protein Response","GOBP_NEGATIVE_REGULATION_OF_ENDOPLASMIC_RETICULUM_UNFOLDED_PROTEIN_RESPONSE",0.471895291192306,1.15935597849669,0.299850074962519,0.537276118973761,18,"AKT3;ATF6B;PPP1R15A;NCK2;AKT2;AKT1"
"Amine Biosynthetic Process","GOBP_AMINE_BIOSYNTHETIC_PROCESS",-0.35849564520703,-1.10590085077769,0.300632911392405,0.537853467113174,26,"KL;PARK7;AMD1;NT5DC2;SRM;AGMAT;SAT1"
"Trna Methylation","GOBP_TRNA_METHYLATION",-0.344047736549607,-1.09363011437493,0.3003663003663,0.537853467113174,33,"TRMT61B;TYW3;METTL2B;METTL2A;FTSJ1;THUMPD2;HSD17B10"
"White Fat Cell Differentiation","GOBP_WHITE_FAT_CELL_DIFFERENTIATION",-0.415439844647803,-1.11892476277798,0.300578034682081,0.537853467113174,15,"PNPLA3;TBL1XR1"
"Negative Regulation of Gliogenesis","GOBP_NEGATIVE_REGULATION_OF_GLIOGENESIS",0.443422205492563,1.13757135100054,0.301634472511144,0.539369860748616,22,"HES1;DAAM2;TMEM98;LIN28A"
"Negative Regulation of Cartilage Development","GOBP_NEGATIVE_REGULATION_OF_CARTILAGE_DEVELOPMENT",0.47079631726014,1.14351561368228,0.301801801801802,0.539393730465159,17,"TGFB2;ADAMTS12;LTBP3;SNAI2;RARG;SOX9"
"l Amino Acid Transport","GOBP_L_AMINO_ACID_TRANSPORT",-0.294658614681153,-1.0880685630014,0.302222222222222,0.539594518065466,67,"UCP2;SLC7A5;SFXN1;SLC15A4;SLC1A2;SLC38A5;EPM2A;SLC25A18;SLC7A6;SLC1A5;RAB3GAP1;SLC38A6;PSEN1"
"Regulation of Viral Genome Replication","GOBP_REGULATION_OF_VIRAL_GENOME_REPLICATION",-0.295169931702456,-1.08995667333956,0.302222222222222,0.539594518065466,67,"PPIA;APOBEC3G;SRPK2;VAPB;IFIH1;PPIE;PPID;APOBEC3C;STAU1"
"Negative Regulation of Dna Repair","GOBP_NEGATIVE_REGULATION_OF_DNA_REPAIR",0.418289465328473,1.12375258568816,0.303724928366762,0.541725266837458,28,"POLQ;PLK1;OGG1;MAD2L2;RMI2;HELB"
"Translational Elongation","GOBP_TRANSLATIONAL_ELONGATION",-0.302979970779624,-1.0840522659578,0.303571428571429,0.541725266837458,58,"CPEB2;MRPL44;EIF5A;HBS1L;GFM1;GFM2;EEF1A1;SEPSECS;EEF2K;LTN1;TSFM;SRP9;ABCE1;KLHDC10;VCP;RPLP2;EIF4E2;RNF14;METTL18;TUFM;UFSP2;SMYD5;RPLP1;EEFSEC;NPLOC4"
"Response to Molecule of Bacterial Origin","GOBP_RESPONSE_TO_MOLECULE_OF_BACTERIAL_ORIGIN",0.298003383448951,1.07401953186467,0.30457933972311,0.542848690122757,261,"WNT5A;NOS2;TNFSF4;CD24;NR4A1;FOS;AKAP12;FZD5;C1QTNF4;SMAD6;KCNJ8;DAB2IP;CITED1;HPGD;ARID5A;HMGB2;CXCL6;VCAM1;PLSCR3;FOXP1;HDAC5;ZFP36;SELE;VIM;IL10;ASS1;COL6A1;AXL;EDNRB;FOSL2;TRIM6;TNFAIP3;PTGER2;PAF1;MGST2;GSK3A;ACP5;SASH1;MAP2K7;FCGR2B;NR1I2;CASP7;HNRNPA0;F2R;IL18;ADAMTS13;FGFR2;NFKBIZ;CX3CR1;AKT1;LGALS9;BLVRA;SELP;CEBPB;RELA;JUND;NFKBIA"
"Tyrosine Phosphorylation of Stat Protein","GOBP_TYROSINE_PHOSPHORYLATION_OF_STAT_PROTEIN",0.424667789900927,1.11741644548952,0.30466472303207,0.542848690122757,26,"HES1;CTF1;IL10"
"Positive Regulation of Peptidyl Serine Phosphorylation","GOBP_POSITIVE_REGULATION_OF_PEPTIDYL_SERINE_PHOSPHORYLATION",0.467982618782486,1.14974329484655,0.305847076461769,0.544401579697956,18,"TRIM6;CREBL2;EGFR;MAD2L2;AKT1;IL11;ARAF;BRAF;STOX1"
"Reproductive Behavior","GOBP_REPRODUCTIVE_BEHAVIOR",-0.35938121936606,-1.10438368154515,0.305810397553517,0.544401579697956,25,"HEXB;DDO;NR3C1;PTEN;GABRB3"
"Lamellipodium Assembly","GOBP_LAMELLIPODIUM_ASSEMBLY",0.359316563703271,1.09812664051784,0.306410256410256,0.544850318885852,59,"FSCN1;ABLIM1;PIK3CA;SRGAP2;PIK3R1;ARHGEF6;VCL;AVIL;PARVB;WASF3;NCK2;AKIRIN1;SH2B1"
"Regulation of Cyclin Dependent Protein Serine Threonine Kinase Activity","GOBP_REGULATION_OF_CYCLIN_DEPENDENT_PROTEIN_SERINE_THREONINE_KINASE_ACTIVITY",0.413319526865166,1.11942238911292,0.306382978723404,0.544850318885852,29,"PIM1;CCNG1;CDK5RAP3;CCNT1;CDC6;DIRAS3;SERTAD1;BLM"
"Bone Resorption","GOBP_BONE_RESORPTION",0.371601822916123,1.10218121853021,0.30718954248366,0.545958887529306,47,"FSHR;TNFSF11;LTBP3;TNFAIP3;ACP5;CLDN18;EXT1"
"Pyrimidine Nucleobase Metabolic Process","GOBP_PYRIMIDINE_NUCLEOBASE_METABOLIC_PROCESS",-0.384188180809584,-1.1088773551381,0.307692307692308,0.546298101290499,20,"DPYSL4;MAPK1;CRMP1;DHODH"
"Single Fertilization","GOBP_SINGLE_FERTILIZATION",-0.272619813783809,-1.05303233713595,0.307692307692308,0.546298101290499,86,"HEXB;GNPDA1;TRPC3;WDR54;PARK7;IQCH;CD9;ITPR1;CCT5;ALDOA;CD46;SLIRP;CCT8;CRKL;CCT3;HYAL3;ZP3;CCT7;B4GALT1"
"Response to Xenobiotic Stimulus","GOBP_RESPONSE_TO_XENOBIOTIC_STIMULUS",0.295744521553657,1.06668989917426,0.307855626326964,0.546311174783867,278,"PRICKLE1;NOS2;AHRR;GSTM4;GSTA1;FOS;CRHBP;FMO5;FOSB;ACSM1;CYP3A4;AMH;JUN;ABAT;SULT1C4;SEMA3C;KCNJ8;PPP1R14A;MCM7;PTPRM;KCNQ1;HSD11B2;HDAC5;SLC10A1;DNMT3A;BCL2;CYP2E1;IL10;CYP3A5;SLC12A5;RAD54L;ASS1;SUFU;CDH1;COL6A1;FYN;THBS1;CPT1A;FOSL2;IGFBP2;TP53;MDK;GSTM2;KCNC1;SLC1A3;NR1I2;CYP3A7;GAS6;CENPF"
"Regulation of Synaptic Transmission Gabaergic","GOBP_REGULATION_OF_SYNAPTIC_TRANSMISSION_GABAERGIC",0.450578472820311,1.14986691414101,0.309171597633136,0.548368661523481,21,"GABRB1;PLCL1"
"Glial Cell Migration","GOBP_GLIAL_CELL_MIGRATION",0.374594977838502,1.09025175210443,0.30952380952381,0.548715538847118,42,"MATN2;TGFB2;SYNE2;DAB2IP;VCAN;SRGAP2;CSPG4;MMP14;FOXG1;CSF1;SUN1;CX3CR1"
"Execution Phase of Apoptosis","GOBP_EXECUTION_PHASE_OF_APOPTOSIS",0.357412636683391,1.10022109052989,0.309948979591837,0.549191338143755,61,"PTGIS;COL6A1;TOP2A;PLSCR2;TP53;FOXL2;CDK5RAP3;BOK;CASP7;FZD3;DFFA;NFKBIZ;MADD;AKT1;BLVRA"
"Cartilage Development Involved in Endochondral Bone Morphogenesis","GOBP_CARTILAGE_DEVELOPMENT_INVOLVED_IN_ENDOCHONDRAL_BONE_MORPHOGENESIS",0.411371409839921,1.11414616654678,0.31063829787234,0.549949399679733,29,"POC1A;FOSL2;THBS3;RARG;SOX9;EXT1;SERPINH1;SMPD3;AXIN2"
"Cellular Response to Insulin Stimulus","GOBP_CELLULAR_RESPONSE_TO_INSULIN_STIMULUS",0.309629586095471,1.07977783070151,0.310961968680089,0.549949399679733,178,"FOXO1;TBC1D4;AKT3;PRKCZ;KANK1;IRS1;IGF1;SORBS1;ENPP1;INSR;GRB14;IGFBP1;PIK3CA;PIK3R1;HDAC5;GRB10;SOCS3;PDK2;PAK1;ZBTB7B;MYO1C;WDTC1;INPP5K;COL6A1;PRKCQ;GSK3A;PHIP;INHBB"
"Negative Regulation of Canonical Nf Kappab Signal Transduction","GOBP_NEGATIVE_REGULATION_OF_CANONICAL_NF_KAPPAB_SIGNAL_TRANSDUCTION",-0.282448862451183,-1.07234764708443,0.311004784688995,0.549949399679733,77,"IRAK1;NR1H4;RORA;TGFBR3;HDAC1;RBX1;AZI2;IRAK2;SNIP1;IRAK3;NKIRAS1;GSTP1;TNIP2;TLE1;C15orf39;OTUD7B;SBNO1;STAT3;DNAJA3;TANK"
"Positive Regulation of Dendritic Spine Morphogenesis","GOBP_POSITIVE_REGULATION_OF_DENDRITIC_SPINE_MORPHOGENESIS",0.487015185973313,1.14582513103063,0.310975609756098,0.549949399679733,15,"DBN1;PTPRD;MAPRE3;STAU2"
"Regulation of Systemic Arterial Blood Pressure by Circulatory Renin Angiotensin","GOBP_REGULATION_OF_SYSTEMIC_ARTERIAL_BLOOD_PRESSURE_BY_CIRCULATORY_RENIN_ANGIOTENSIN",0.480444320847771,1.14826133045262,0.311178247734139,0.549978507473607,16,"ACE;GJA5;PCSK5;EDNRB;F2R"
"Nadph Regeneration","GOBP_NADPH_REGENERATION",-0.376008658113073,-1.10509964615072,0.31306990881459,0.552510652322324,22,"IDH1;ACO1;TKT;PGD;RPE"
"Regulation of Centrosome Cycle","GOBP_REGULATION_OF_CENTROSOME_CYCLE",0.36395955866538,1.09738138118124,0.312987012987013,0.552510652322324,53,"BRCA1;CEP120;POC1A;CCNF;CCNL1;PLK2;PLK4;FBXL13;CHMP4C;SIRT1;CCDC15;MARK4;ROCK2;CHMP1B;STIL;CEP76"
"Vascular Transport","GOBP_VASCULAR_TRANSPORT",-0.286260707890962,-1.07150425015352,0.313084112149533,0.552510652322324,73,"SLC2A1;SLC7A5;SLC16A7;APOE;SLC1A2;FABP5;SLC38A5;SLC4A4;SLC2A13;SLC1A5;SLC16A1;TFRC;SLC12A2;SLC16A12;ATP2A3;ABCB1;SLC5A3;MFSD2A;SLC3A2;ABCC4;SLC2A4;SLC7A2;ABCC2;ATP1B2;SLC5A6"
"Negative Regulation of Cell Substrate Junction Organization","GOBP_NEGATIVE_REGULATION_OF_CELL_SUBSTRATE_JUNCTION_ORGANIZATION",0.463898487559177,1.13970936986556,0.313343328335832,0.552689667250967,18,"ARHGAP6;RCC2;THBS1;MMP14"
"Positive Regulation of Transporter Activity","GOBP_POSITIVE_REGULATION_OF_TRANSPORTER_ACTIVITY",0.449415569003365,1.14689920772781,0.313609467455621,0.552880706843,21,"CACNB3;WNK3;SGK1;VMP1;STIM1"
"Cellular Response to Reactive Oxygen Species","GOBP_CELLULAR_RESPONSE_TO_REACTIVE_OXYGEN_SPECIES",-0.260416476366306,-1.05433273020366,0.31578947368421,0.556164166071287,114,"BNIP3;MT3;NQO1;SOD2;PRDX3;CAT;PARK7;PPIF;PRDX1;PRKAA1;AIFM1;TXN"
"Positive Regulation of Dna Binding Transcription Factor Activity","GOBP_POSITIVE_REGULATION_OF_DNA_BINDING_TRANSCRIPTION_FACTOR_ACTIVITY",0.337660545694378,1.0868407149811,0.315659679408138,0.556164166071287,90,"PRKCZ;ESR2;FANK1;RTKN2;CRTC2;ARHGEF2;ADCY1;RPS6KA5;CRTC1;TRAF2;PRKCQ;PRKD2;RNF31;AGER;IKBKG;SRF;IL18;ESR1;CLU;TSSK4;LGALS9;ERC1;RPS6KA4;PRKD1;ARHGEF5;RBCK1;DDR2"
"Protein Acylation","GOBP_PROTEIN_ACYLATION",0.360640865963727,1.08740767413282,0.315994798439532,0.556246120067176,54,"FOXO1;CLIP3;ZDHHC21;MBOAT4;PPM1B;ZDHHC15;ZDHHC14;DIP2B;BAG6;ING5;ATAT1;SIRT1;KAT7;CLOCK;ZDHHC7;SPHK1;ZDHHC12;KAT2B;ZDHHC5"
"Long Term Memory","GOBP_LONG_TERM_MEMORY",0.421619982754798,1.10939683602359,0.316326530612245,0.556550395145502,26,"CPEB3;CCND2;ADCY1;EGR1;SGK1;CHST10;CTNS;SRF"
"Bone Remodeling","GOBP_BONE_REMODELING",0.351664649894403,1.08833341285988,0.316537467700258,0.55664194244679,64,"FSHR;TNFSF11;LRP5;LTBP3;TNFAIP3;MDK;ACP5;CLDN18;EXT1"
"Positive Regulation of Organelle Organization","GOBP_POSITIVE_REGULATION_OF_ORGANELLE_ORGANIZATION",0.288154658805009,1.06265698247371,0.317622950819672,0.558270545269098,413,"WNT5A;SEMA5A;LIMCH1;PLA2G5;BUB1;LRP5;ARHGEF10L;UBE2C;SYT2;NCAPG;IGF1;FSCN1;HIP1R;DDHD1;PMAIP1;NRP1;FCHSD1;SYT11;PDGFB;INSR;NUMA1;PLK1;DLGAP5;SORBS3;CEP120;BMF;PAK1;CDK2;ESPL1;ERC2;KCTD17;CDK1;CDC20;PRKCQ;KLF4;TP53;SKA3;WDR45;PAN2;TESK1;UVRAG;CDC42EP1;GSK3A;PHIP;LIMK1;MAP2K7;SPAG5;CD47;ATRX;ULK1;BOK;AKAP9;TGFB3;SYT1;PLK4;FERMT2;SYT5;FLNA;NCAPH;WASF3;NUSAP1;NCK2;CLASP1;CROCC;SMPD3;NCAPD2;INO80E;ACD;DZIP1;NAF1;NCAPH2;MICU1;MAD1L1;MNS1;NCAPD3;AMOT;SH2B1;SLX4;NEK2;SYNPO2L;BAIAP2L1;ACTR8;SYT7;CCDC15;MARK4;WNT4;ROCK2;DCTN1;TAL1;DDX11;PRKD1;ARHGEF5;RPH3AL;KDR;STIL;CCP110;NCAPG2;TNKS;SFRP1;ZNF205;MLLT11;SPIRE1"
"Inorganic Anion Transport","GOBP_INORGANIC_ANION_TRANSPORT",0.3353595512995,1.08553295713256,0.318292682926829,0.558931864195022,91,"SFRP4;CASR;GABRB1;SLC25A27;ENPP1;KCNQ1;SLC37A1;SLC12A4;CLIC6;FGFR1;SLC12A5;ANO5"
"Phagolysosome Assembly","GOBP_PHAGOLYSOSOME_ASSEMBLY",0.467498763399866,1.1355061960468,0.318318318318318,0.558931864195022,17,"PLA2G5;SRPX"
"C21 Steroid Hormone Biosynthetic Process","GOBP_C21_STEROID_HORMONE_BIOSYNTHETIC_PROCESS",-0.395763418021922,-1.10663839579414,0.319402985074627,0.559399708098593,18,"CYP11A1;STAR;AKR1B1;HSD3B1;SCP2;BMP2;ADM;CLCN2"
"Cellular Senescence","GOBP_CELLULAR_SENESCENCE",0.339957039449245,1.08959456408081,0.319702602230483,0.559399708098593,86,"AKT3;PAWR;MAPK10;ARG2;MAP3K5;ING2;TBX3;CDK2;SMC6;CDK6;TP53;NUAK1;PLK2;FBXO5;MAP2K7;LMNA;YPEL3;SRF;BRCA2"
"Dna Recombination","GOBP_DNA_RECOMBINATION",0.29558359762132,1.06496101799548,0.319532908704883,0.559399708098593,258,"TNFSF4;CCNB1IP1;MCM5;POLQ;MCM7;SAMHD1;RECQL4;PLK1;NONO;BRCA1;HMGB2;GINS2;PGBD5;USP51;IL10;RAD54L;CHEK1;MCM8;SMC6;TOP2A;MSH6;PSMC3IP;KDM4D;ZMYND8;MAD2L2;EXO1;MUS81;RAD51B;RAD51D;RMI2;ERCC2;RAD52;TONSL;BRCA2;KDM1A;HELB;FANCD2;INO80E;ARID2;RFWD3;BARD1;KLHDC3;POLM;NFKBIZ;HUS1B;RBBP8;XRCC1;SLX4;TEP1;BRD8;ACTR8;EME1;CDC7;HMGB3;RAG1;LIG1"
"Oligosaccharide Metabolic Process","GOBP_OLIGOSACCHARIDE_METABOLIC_PROCESS",0.374282671512277,1.09344158695032,0.319682959048877,0.559399708098593,43,"ST8SIA1;ST6GAL2;B3GALT5;ST6GALNAC6;B3GALT4;B3GALNT1;ST3GAL3"
"Positive Regulation of Amyloid Precursor Protein Catabolic Process","GOBP_POSITIVE_REGULATION_OF_AMYLOID_PRECURSOR_PROTEIN_CATABOLIC_PROCESS",-0.37281271979163,-1.09570669672804,0.319148936170213,0.559399708098593,22,"SPON1;CASP3;APOE;SLC2A13;EPHA4;LYN"
"Postsynaptic Modulation of Chemical Synaptic Transmission","GOBP_POSTSYNAPTIC_MODULATION_OF_CHEMICAL_SYNAPTIC_TRANSMISSION",0.43489625890207,1.11880000969135,0.319054652880355,0.559399708098593,23,"WNT5A;IGF1;CDH1;GNAO1;GRM3;GHSR;BRAF;PRKACA"
"Regulation of Cell Cell Adhesion","GOBP_REGULATION_OF_CELL_CELL_ADHESION",0.288349051321075,1.05906948299293,0.318885448916409,0.559399708098593,398,"SOX4;WNT5A;DAPL1;HES1;PLA2G5;TNFSF11;NR4A3;ZBTB16;TNFSF4;PRKCZ;CD24;IGF1;ADAMTS18;PAWR;EGR3;ERBB2;C1QTNF1;ANK3;ARG2;SMARCC2;EFNB1;PAG1;VCAM1;FSTL3;ILDR2;DLG5;NOTCH4;ZDHHC21;SELE;JAG1;ZBTB7B;IRF1;IL10;ASS1;CDH1;FYN;ABCA12;HLA-DRB5;PRKCQ;SMARCA2;IGFBP2;KLF4;SOX13;CELSR2;AMBRA1;SPINT2;MDK;CBLB;MDGA1;AGER;MAD2L2;LRFN3;CD47;SOCS5;BRD7;JAK1;GPNMB;IL18;KIF26B;NCK2;ARID2;NFKBIZ;MAD1L1;ALOX5;BRD2;AKT1;IL20RB;CEACAM1;LGALS9;ARID1B;SELP;TJP1;CEBPB;RELA;ARID1A;EFNB3;EFNA5;RAP1GAP;TWSG1;LAG3;WNT4;RAG1;SART1;EPCAM"
"Modified Amino Acid Catabolic Process","GOBP_MODIFIED_AMINO_ACID_CATABOLIC_PROCESS",-0.386385096654102,-1.10594512686266,0.320474777448071,0.559911793217254,19,"GOT2;PCYOX1;PCYOX1L;ABHD12B;SARDH"
"Positive Regulation of Animal Organ Morphogenesis","GOBP_POSITIVE_REGULATION_OF_ANIMAL_ORGAN_MORPHOGENESIS",-0.387158871602556,-1.10815989301421,0.320474777448071,0.559911793217254,19,"WNT2B;ROBO1;CTNNB1;FGF2"
"Regulation of Arp2 3 Complex Mediated Actin Nucleation","GOBP_REGULATION_OF_ARP2_3_COMPLEX_MEDIATED_ACTIN_NUCLEATION",0.461097331320645,1.14697009742354,0.320300751879699,0.559911793217254,19,"HIP1R;PICK1;WASH3P"
"Glomerular Epithelium Development","GOBP_GLOMERULAR_EPITHELIUM_DEVELOPMENT",0.445399274616096,1.13664970778064,0.321005917159763,0.56056018335526,21,"CD24;JAG1;EDNRB;EXT1;ASXL1;PROM1;WT1;LAMB2"
"Import into Nucleus","GOBP_IMPORT_INTO_NUCLEUS",0.312275009602472,1.07380415175425,0.321550741163056,0.560906494773273,156,"PRICKLE1;JUP;NR4A1;FCHSD1;SMO;ING1;PIK3R1;CHP2;MBTPS1;EFCAB7;EIF4ENIF1;CDK1;BACH2;SUFU;CDH1;PKIA;CBLB;TMCO6;NUP93;NUP214;LMNA;MAVS;FLNA;FAM53C;TRIM28;ASF1B;AKT1;IPO13;NFKBIA;RPAIN;TSC2;BCL3;PTTG1IP;PRKD1;CRY2"
"Negative Regulation of Muscle Cell Differentiation","GOBP_NEGATIVE_REGULATION_OF_MUSCLE_CELL_DIFFERENTIATION",0.371116448330202,1.09247295441582,0.322368421052632,0.560906494773273,45,"PDGFB;PRDM6;MYOCD;FOXP1;HDAC5;PAK1;SOX6;NFATC1;GSK3A;SMAD4;FOXO4"
"Plasma Membrane Organization","GOBP_PLASMA_MEMBRANE_ORGANIZATION",0.321973465910579,1.08296586611122,0.321933962264151,0.560906494773273,123,"SYTL4;TGFB2;SYT11;ANK2;ANK3;PLSCR3;RAB3A;SERINC5;SPESP1;COL6A1;PLSCR2;ANO5;PRX;SYT1;SYPL2;VMP1;CASP7;COLEC12;AKT2;CLU;ATP10A;AKT1;CHMP4C;FOLR2;ATP8B1;BAIAP2L1;SYT7;UGCG"
"Presynaptic Modulation of Chemical Synaptic Transmission","GOBP_PRESYNAPTIC_MODULATION_OF_CHEMICAL_SYNAPTIC_TRANSMISSION",0.444553786459561,1.13449203954715,0.322485207100592,0.560906494773273,21,"ADRA2A;RAB3A;ADCY1;ADORA3;FXR2;FBXL20;HIP1"
"Purine Containing Compound Transmembrane Transport","GOBP_PURINE_CONTAINING_COMPOUND_TRANSMEMBRANE_TRANSPORT",-0.34314792861906,-1.08127979478493,0.321678321678322,0.560906494773273,31,"LRRC8D;SLC33A1;SLC43A3;LRRC8B;SLC25A16;LRRC8E;SLC17A9;SLC25A4;ABCC4"
"Regulation of Cell Cycle G1 s Phase Transition","GOBP_REGULATION_OF_CELL_CYCLE_G1_S_PHASE_TRANSITION",0.309894165212712,1.07432466557397,0.321956769055745,0.560906494773273,164,"DPF3;KANK2;CCND2;APBB1;SMARCC2;SUSD2;CDKN2C;DACT1;BCL2;BCL7A;CDK2;MN1;KIF14;DPF2;SMARCA2;KLF4;TP53;DGKZ;AMBRA1;FAM83D;PAF1;CTDSP2;PLK3;EGFR;TMSB4X;BRD7;GPNMB;ARID2;RFWD3;CDC6;E2F7;AKT1;ARID1B;FBXO31;MEPCE;ARID1A;PKD1;E2F1;TRIM39;GLI1;CCNH;DDR2;STIL;SMARCC1;CTDSP1;CDK2AP2;CTDSPL;FBXO7;RB1;SMARCD1;APPL2"
"Regulation of Transferase Activity","GOBP_REGULATION_OF_TRANSFERASE_ACTIVITY",0.296579733475675,1.06859251395794,0.322340425531915,0.560906494773273,254,"DAPK1;WNT5A;PIM1;PRLR;UBE2C;IGF1;TRAF4;CENPE;PDGFB;NRG1;ERBB2;PIK3CA;LDB1;TSPYL2;HIPK3;UBE2S;ZFP36;CCNG1;FGFR1;KIF14;TRAF2;FGF18;CDC20;PKIA;CHTF18;UVRAG;GSK3A;FBXO5;SASH1;NPPA;MAD2L2;TLR3;ARRDC3;CDK5RAP3;SOCS5;MST1;POLG2;CCNT1;LDB2;GAS6;PRKAR1B;STRADA;PAQR3;PILRB;MAP3K10;USP44;FZR1;CDC6;ZGPAT;DIRAS3;XRCC1;RAP2B;CEACAM1;DIRAS1;MAPK8IP1"
"Sensory Perception of Bitter Taste","GOBP_SENSORY_PERCEPTION_OF_BITTER_TASTE",0.459582657026841,1.12910620424125,0.322338830584708,0.560906494773273,18,"AZGP1;TAS2R50;TAS2R20;TAS2R46;PIGR"
"Regulation of b Cell Receptor Signaling Pathway","GOBP_REGULATION_OF_B_CELL_RECEPTOR_SIGNALING_PATHWAY",0.465979013332192,1.1318148801474,0.322822822822823,0.561028763357195,17,"FOXP1;FCGR2B;LPXN;CMTM3;CD22"
"Regulation of Release of Sequestered Calcium Ion into Cytosol","GOBP_REGULATION_OF_RELEASE_OF_SEQUESTERED_CALCIUM_ION_INTO_CYTOSOL",0.366420171966388,1.08681229941954,0.322875816993464,0.561028763357195,47,"CAMK2D;ANK2;CAPN3;TRPC1;GSTM2;APLNR;F2R;CHD7;TMEM38A;CACNA1C;PLCG1;PRKD1"
"Reticulophagy","GOBP_RETICULOPHAGY",-0.377767876467502,-1.09034651412413,0.323076923076923,0.56109988177415,20,"BNIP3;ULK3;UFM1;SNX7;TEX264;CCPG1"
"Photoperiodism","GOBP_PHOTOPERIODISM",0.436533815379832,1.11989962606278,0.323922734026746,0.562290058124723,22,"SIK1;CRTC1;TP53;RBM4B;PER3;CRY2;PER2;CLOCK;RBM4;PDE6B;PER1;MTA1"
"Negative Regulation of Leukocyte Apoptotic Process","GOBP_NEGATIVE_REGULATION_OF_LEUKOCYTE_APOPTOTIC_PROCESS",0.376144149028243,1.08125267162658,0.324396782841823,0.56283404175082,40,"MERTK;ARG2;FOXP1;AXL;PRKCQ;IRF7;GAS6"
"Epithelial Cell Apoptotic Process","GOBP_EPITHELIAL_CELL_APOPTOTIC_PROCESS",0.369022772078351,1.08630970110074,0.325,0.562934574885565,45,"SFRP4;KRT18;ZFP36;DNMT3A;KRT8;MDK;BOK;TCF7L2"
"Forebrain Cell Migration","GOBP_FOREBRAIN_CELL_MIGRATION",0.368928685947057,1.08261095277372,0.325032765399738,0.562934574885565,44,"SYNE2;DAB2IP;SRGAP2;AXL;FOXG1;MDGA1;EGFR;CNTN2;TYRO3;SRF;SUN1"
"Regulation of Rho Protein Signal Transduction","GOBP_REGULATION_OF_RHO_PROTEIN_SIGNAL_TRANSDUCTION",0.344677476904936,1.09031093065388,0.324937027707809,0.562934574885565,78,"MCF2L;KANK1;NRP1;KANK2;ERBB2;EPS8;ITGA3;ARHGEF2;PLXNB1;ARHGEF18;TNFAIP1;DOCK6;SCAI;FERMT2;F2R"
"Response to Axon Injury","GOBP_RESPONSE_TO_AXON_INJURY",0.358442752101418,1.08077990088781,0.325097529258778,0.562934574885565,54,"NDP;MATN2;JUN;PTPRS;BCL2;CDK1;NEO1;KLF4;MAG;CSPG5"
"Aminoglycan Metabolic Process","GOBP_AMINOGLYCAN_METABOLIC_PROCESS",-0.304848179273193,-1.08068805680552,0.325892857142857,0.563722864751547,55,"TNFAIP6;HEXB;GNS;LYVE1;ITIH5;TGDS;CLTC;HAS2;HYAL3;FGF2;UXS1"
"Positive Regulation of Phosphorus Metabolic Process","GOBP_POSITIVE_REGULATION_OF_PHOSPHORUS_METABOLIC_PROCESS",0.298547819901217,1.06710299981346,0.326133909287257,0.563722864751547,239,"WNT5A;LIMCH1;HES1;PIM1;PRLR;IGF1;TRAF4;FAM20A;NRP1;CENPE;PDGFB;NRG1;ERBB2;INSR;CLIP3;ANG;PIK3CA;CTF1;GRB10;CHP2;ARHGEF2;WNK3;CSPG4;IL10;FGFR1;KIF14;TRAF2;FGF18;THBS1;ZBTB20;C3;TRIM6;CREBL2;SASH1;EGFR;MAD2L2;TLR3;TMSB4X;GAS6;PRKAR1B;STRADA;PROM2;PILRB;MAP3K10;IL18;DHX34"
"Regulation of Non Canonical Nf Kappab Signal Transduction","GOBP_REGULATION_OF_NON_CANONICAL_NF_KAPPAB_SIGNAL_TRANSDUCTION",0.343730647609989,1.08731584568629,0.326196473551637,0.563722864751547,78,"TNFSF11;C1QTNF4;NR3C2;DAB2IP;RTKN2;TRIM26;IFI35;PPM1B;TRIM6;NLRC3;SASH1;AGER;TRIP6;C1QTNF3;IL18;LGALS9;RELA;BCL3;RBCK1;GREM1;AKIP1"
"Somitogenesis","GOBP_SOMITOGENESIS",0.384710134196787,1.08448412033128,0.326086956521739,0.563722864751547,36,"WNT5A;SEMA3C;NKD1;MED12"
"Xenobiotic Metabolic Process","GOBP_XENOBIOTIC_METABOLIC_PROCESS",-0.283499532419472,-1.06018742849664,0.326829268292683,0.564537932361572,75,"AOX1;CRYZ;CYB5B;NQO1;NCEH1;BPHL;RORA;ACSL1;AOC2;VKORC1;TPMT;ABHD10;GSTP1;AKR1C1;CYP2R1;CBR1"
"Blood Vessel Endothelial Cell Migration","GOBP_BLOOD_VESSEL_ENDOTHELIAL_CELL_MIGRATION",0.326973576859956,1.07916250041106,0.3274231678487,0.565285045329717,100,"ID1;JUP;AKT3;NR4A1;NRP1;PDGFB;EGR3;HDAC5;HMOX1;FGFR1;FGF18;THBS1;KLF4;PRKD2;PLK2;EPHB4;TMSB4X;SRF;MMRN2;AKT2;AKT1;AMOT;GAB1;PTGS2;SIRT1;EFNA1;PLCG1;PRKD1;KDR;GREM1"
"Vesicle Cytoskeletal Trafficking","GOBP_VESICLE_CYTOSKELETAL_TRAFFICKING",-0.318557751273058,-1.07843564489064,0.327731092436975,0.565537939313656,46,"MAP2K1;TRAK2;AP3M2;KIF13A;RAB1A;NDEL1;KIF1B;AP3S1;MAP2;RASGRP1;FBXW11;CLN3;AP3S2;BLOC1S1;KIF3B;BLOC1S2;KIF5B"
"Negative Regulation of Small Gtpase Mediated Signal Transduction","GOBP_NEGATIVE_REGULATION_OF_SMALL_GTPASE_MEDIATED_SIGNAL_TRANSDUCTION",0.358292803333097,1.08937589879493,0.328185328185328,0.56604293679626,57,"KANK1;TGFB2;DAB2IP;CGNL1;ITGA3;ARHGAP44;CSNK1E;TNFAIP1;SYNGAP1;SCAI;SPRY4;STMN3;WNT4;KCTD13;RASA4"
"Positive Regulation of Lipid Transport","GOBP_POSITIVE_REGULATION_OF_LIPID_TRANSPORT",-0.299895432635489,-1.0716950322812,0.328828828828829,0.566873714265447,59,"FABP3;APOA1;PTGES;DBI;LPCAT3;APOE;ANXA2;PLTP;ACSL1;ABCA1;NMB"
"Positive Regulation of Blood Circulation","GOBP_POSITIVE_REGULATION_OF_BLOOD_CIRCULATION",0.416560111884478,1.0960829397098,0.329446064139942,0.56762380357886,26,"TGFB2;KCNQ1;AVPR1A;GSK3A;NPPA"
"Spliceosomal Conformational Changes to Generate Catalytic Conformation","GOBP_SPLICEOSOMAL_CONFORMATIONAL_CHANGES_TO_GENERATE_CATALYTIC_CONFORMATION",-0.333341150132994,-1.06762635046981,0.329588014981273,0.56762380357886,34,"SNRNP40;SNRPD3;SF3B5;SNRPD2;USP39;SNRPD1;SNRPG;PHF5A;SNRPB;SNRNP25;SNRNP48;SNRNP200;SF3B3;SNRPE;ISY1;PRPF4;PRPF3"
"Barbed End Actin Filament Capping","GOBP_BARBED_END_ACTIN_FILAMENT_CAPPING",-0.392722689510498,-1.08719085931811,0.330357142857143,0.568668831168831,17,"ADD3;TWF1;CAPZA1;CAPZA2"
"Roof of Mouth Development","GOBP_ROOF_OF_MOUTH_DEVELOPMENT",0.350824047100927,1.07894312761454,0.33117723156533,0.569800511872962,63,"WNT5A;TGFB2;ALX4;HAND2;CSRNP1;TBX3;SNAI2;BCOR;ACVR2B;TGFB3;PLEKHA1;DLX5;TSHZ1;CHD7;SMAD4"
"Ceramide Metabolic Process","GOBP_CERAMIDE_METABOLIC_PROCESS",-0.282385599829508,-1.05602171676515,0.331707317073171,0.570386675511647,75,"HEXB;GALC;GM2A;SPTLC2;PRKAA1;SPTSSA;AGK;LCT;MECR;SGMS2;NEU1;ACER2;GLB1;KDSR;SGMS1;SPTLC1;ASAH1"
"Regulation of Protein Secretion","GOBP_REGULATION_OF_PROTEIN_SECRETION",0.305972033305755,1.06957019768887,0.331843575418994,0.570386675511647,185,"SOX4;SYTL4;NOS2;FOXO1;CASR;LRP5;IRS1;IGF1;TGFB2;ADRA2A;PICK1;ABAT;APBB1;GJA5;ANG;APBB3;FRMD4A;MYRIP;NEO1;ABCA12;CPT1A;C2CD2L;INHBB;TCF7L2;TGFB3;PLA2G6;NNAT;GNAO1;DISP1;C1QTNF3;RHBDF1;F2R;FUT10"
"Mitotic G1 s Transition Checkpoint Signaling","GOBP_MITOTIC_G1_S_TRANSITION_CHECKPOINT_SIGNALING",0.47244021111259,1.129131518121,0.332326283987915,0.570936229921367,16,"CDK2;TP53;DGKZ;PLK3;RFWD3;FBXO31"
"Cell Fate Commitment Involved in Formation of Primary Germ Layer","GOBP_CELL_FATE_COMMITMENT_INVOLVED_IN_FORMATION_OF_PRIMARY_GERM_LAYER",0.46290921574169,1.12435865896026,0.333333333333333,0.571825008161933,17,"FGFR1;SMAD1;KLF4;PAF1;GATA6"
"Cerebellar Cortex Morphogenesis","GOBP_CEREBELLAR_CORTEX_MORPHOGENESIS",0.420790549076881,1.09678524713416,0.333333333333333,0.571825008161933,25,"GRID2;SMO;LDB1;SPTBN2;KNDC1;KIF14;FOXP2"
"Regulation of Actin Nucleation","GOBP_REGULATION_OF_ACTIN_NUCLEATION",0.427517973724041,1.10472381402935,0.333333333333333,0.571825008161933,24,"HIP1R;PICK1;WASH3P"
"Aminoglycan Biosynthetic Process","GOBP_AMINOGLYCAN_BIOSYNTHETIC_PROCESS",0.39907840674815,1.09657569087963,0.333798882681564,0.572063349331468,31,"PDGFB;HS3ST3A1;B3GNT4;HS3ST1;EXT1;B4GALT5;SMPD3"
"Regulation of Cellular Senescence","GOBP_REGULATION_OF_CELLULAR_SENESCENCE",0.378924142682903,1.07347802193702,0.333787465940054,0.572063349331468,38,"AKT3;PAWR;ARG2;ING2;CDK6;TP53;NUAK1;PLK2;FBXO5;YPEL3;FZR1"
"Leukocyte Cell Cell Adhesion","GOBP_LEUKOCYTE_CELL_CELL_ADHESION",0.287661548999492,1.05277585578154,0.33402489626556,0.57217076362751,348,"SOX4;DAPL1;CLEC4M;HES1;PLA2G5;TNFSF11;NR4A3;ZBTB16;TNFSF4;PRKCZ;CD24;IGF1;PAWR;EGR3;ERBB2;ARG2;SMARCC2;EFNB1;PAG1;VCAM1;ILDR2;DLG5;ZDHHC21;SELE;ZBTB7B;IRF1;IL10;ASS1;FYN;HLA-DRB5;PRKCQ;SMARCA2;IGFBP2;KLF4;SOX13;GPR35;AMBRA1;MDK;CBLB;AGER;CD47;SOCS5;BRD7;EXT1;GPNMB;IL18;NCK2;ARID2;NFKBIZ;MAD1L1;ALOX5;BRD2;CX3CR1;AKT1;IL20RB;LGALS9;ARID1B;SELP;CEBPB;RELA;ARID1A;EFNB3"
"Mitochondrial Ribosome Assembly","GOBP_MITOCHONDRIAL_RIBOSOME_ASSEMBLY",-0.384467753880809,-1.07505332482667,0.334328358208955,0.572410673903211,18,"NDUFAB1;NSUN4;MTG1;MRPS2;FASTKD2;TUFM;NGRN;ERAL1"
"Cell Migration Involved in Sprouting Angiogenesis","GOBP_CELL_MIGRATION_INVOLVED_IN_SPROUTING_ANGIOGENESIS",0.359856646433177,1.07371913910751,0.334635416666667,0.572656504437388,49,"AKT3;NR4A1;NRP1;EGR3;HDAC5;HMOX1;THBS1;KLF4;PLK2;EPHB4;SRF;MMRN2;AKT1;PTGS2"
"Snrna Processing","GOBP_SNRNA_PROCESSING",-0.341174828044728,-1.0750624360129,0.335664335664336,0.574136800699301,31,"DKC1;EXOSC8;NHP2;INTS10;EXOSC7;NOP10;INTS2"
"Regulation of Erad Pathway","GOBP_REGULATION_OF_ERAD_PATHWAY",-0.361968388236005,-1.09596041115875,0.336363636363636,0.575052131860331,24,"BCAP31;TMX1;RNFT2;USP14;USP13;UBQLN1;SGTA"
"Modified Amino Acid Transport","GOBP_MODIFIED_AMINO_ACID_TRANSPORT",-0.333647148722843,-1.06056959734138,0.336996336996337,0.575151737386231,33,"SLC6A8;MGST1;PDPN;SLC46A1;SLC7A6;SLC25A20;SLC16A12;ABCC4;SLC19A2;SLC25A40;ABCC2;SLC5A6;SLC7A11;SLC19A1"
"Positive Regulation of Type i Interferon Mediated Signaling Pathway","GOBP_POSITIVE_REGULATION_OF_TYPE_I_INTERFERON_MEDIATED_SIGNALING_PATHWAY",0.471057721078731,1.12582736865616,0.336858006042296,0.575151737386231,16,"WNT5A;TRIM6;IRF7;MAVS;IRF3;TRIM41"
"Response to Interleukin 4","GOBP_RESPONSE_TO_INTERLEUKIN_4",-0.330283597261519,-1.0578336080729,0.337078651685393,0.575151737386231,34,"HSPA5;FASN;ALAD;IMPDH2;HSP90AB1;IL2RG;IL4R"
"Retinoic Acid Receptor Signaling Pathway","GOBP_RETINOIC_ACID_RECEPTOR_SIGNALING_PATHWAY",-0.343285569832648,-1.08015430019091,0.336769759450172,0.575151737386231,30,"TRIM16;DHRS3;CALR;CRKL;CNOT1"
"Cellular Response to Uv","GOBP_CELLULAR_RESPONSE_TO_UV",-0.280184115045498,-1.05583081168919,0.338095238095238,0.575404975895087,76,"CUL4B;RBX1;FBXW7;EIF2AK4;NPM1;PPID;ACTR5;HYAL3;MFAP4;ATR;DHX36;MMP1;ST20;RUVBL2"
"Inorganic Ion Import Across Plasma Membrane","GOBP_INORGANIC_ION_IMPORT_ACROSS_PLASMA_MEMBRANE",0.342986846418952,1.07339582061669,0.33756345177665,0.575404975895087,73,"KCNK5;FXYD6;ANK2;KCNJ8;SLC9A7;SLC39A4;KCNQ1;SLC12A4;SLC12A5;FYN;KCNJ16"
"Plasma Membrane Phospholipid Scrambling","GOBP_PLASMA_MEMBRANE_PHOSPHOLIPID_SCRAMBLING",0.427096600536385,1.0987348615635,0.338257016248154,0.575404975895087,23,"PLSCR3;SERINC5;PLSCR2;SYT1;VMP1"
"Positive Regulation of Epithelial Cell Differentiation","GOBP_POSITIVE_REGULATION_OF_EPITHELIAL_CELL_DIFFERENTIATION",0.384616862862062,1.0821413171829,0.337856173677069,0.575404975895087,35,"ATOH8;SFRP4;CD24;NUMA1;PAX8;SOX9"
"Regulation of Amyloid Beta Clearance","GOBP_REGULATION_OF_AMYLOID_BETA_CLEARANCE",-0.404395012059297,-1.0891771667223,0.338150289017341,0.575404975895087,15,"CYP51A1;APOE;HMGCR"
"Regulation of Membrane Depolarization","GOBP_REGULATION_OF_MEMBRANE_DEPOLARIZATION",0.381520006771741,1.07445974082338,0.33837689133425,0.575404975895087,37,"CAMK2D;ANK3;GJA5;SCN5A;BCL2;BOK;CACNA1G;SCN3B;ALB;KDR;MLLT11;SMAD7"
"Response to Antibiotic","GOBP_RESPONSE_TO_ANTIBIOTIC",0.389103846542118,1.08646934881282,0.337414965986395,0.575404975895087,34,"ID1;SKIL;HPSE;TP53;SLC1A3;JAK1;SLC29A1;KDM1A;PLA2G4A;CRIP1"
"Fibroblast Apoptotic Process","GOBP_FIBROBLAST_APOPTOTIC_PROCESS",0.452592439573372,1.11193258427315,0.338830584707646,0.575836140134044,18,"PIK3CA;PRDM11;GAS6;SFRP1;BCL2L11;CHD8"
"Regulation of Spindle Assembly","GOBP_REGULATION_OF_SPINDLE_ASSEMBLY",0.3986414279536,1.0898177677094,0.338959212376934,0.575836140134044,30,"NUMA1;PLK1;SPAG5;CHMP4C;CEP97;CHMP1B;STIL;HNRNPU;EML3;TPR"
"Response to Amyloid Beta","GOBP_RESPONSE_TO_AMYLOID_BETA",0.372095620305002,1.0696148925744,0.339142091152815,0.575867544987063,40,"IGF1;VCAM1;FYN;AGER;FCGR2B;CACNB1;CHRNA7"
"Fear Response","GOBP_FEAR_RESPONSE",0.397449964828237,1.09210110695529,0.339385474860335,0.576001607769261,31,"NPY2R;ADRA2A;MAPK8IP2;BCL2;MDK;SLITRK4;EXT1;PRKAR1B;GRIK2;FBXL20;RAG1;GNG7"
"Angiotensin Activated Signaling Pathway","GOBP_ANGIOTENSIN_ACTIVATED_SIGNALING_PATHWAY",-0.387887635182059,-1.07380577358054,0.342261904761905,0.580602156116684,17,"AGTRAP;RAP1GDS1;SLC26A6;ACTN2;PPP3CA"
"Axonal Fasciculation","GOBP_AXONAL_FASCICULATION",0.456358617585381,1.13518264478522,0.342857142857143,0.580894862628738,19,"SEMA5A;NRP1;CNTN4"
"Interleukin 10 Production","GOBP_INTERLEUKIN_10_PRODUCTION",0.362643957370185,1.07192502899509,0.342931937172775,0.580894862628738,46,"TNFSF4;PRKCZ;THBS1;AGER;CD47;FCGR2B;IL20RB;LGALS9;BCL3;HLA-DRB1"
"Neurotransmitter Transport","GOBP_NEUROTRANSMITTER_TRANSPORT",0.31018934247383,1.06304950816149,0.342792281498297,0.580894862628738,144,"RIMS1;RIMS4;SLC6A13;SYT2;SYT11;KCNJ8;GPM6B;RIMS2;SNPH;LIN7B;RAB3A;RIMS3;PRKCG;ERC2;BRSK1;TACR2;SLC1A3;CSPG5;SYT1;SYT5;SLC29A1;SNCG;DTNBP1;FBXL20;GRIK5;SYN3;SLC29A3;SYN1;SLC6A17;SLC38A2;SYT7;SLC22A1;RPH3AL;STX19;ICA1;FLOT1;GGCX"
"Negative Regulation of Cytokine Production","GOBP_NEGATIVE_REGULATION_OF_CYTOKINE_PRODUCTION",0.295808907891206,1.0582907349787,0.344086021505376,0.582543732703684,234,"HOMER2;NDRG2;TNFSF4;CD24;IGF1;TGFB2;FBLN1;SYT11;PTPRS;MERTK;ARG2;ZFP36;HMOX1;RPS6KA5;IL10;FGFR1;FN1;MC1R;PPM1B;CMKLR1;THBS1;AXL;TIA1;KLF4;TNFAIP3;NLRC3;INHBB;ACP5;AGER;FCGR2B;SOCS5;TGFB3;MAPKBP1;GAS6;ELF4;C1QTNF3;GPNMB;GATA6;CHRNA7;DDIT3;CX3CR1;IL20RB;CEACAM1;LGALS9;RELA;PPP1R11;NFKBIA;RPS6KA4;SSC5D;TWSG1;LAG3;BCL3;KLF2;HLA-DRB1"
"Neurotrophin Trk Receptor Signaling Pathway","GOBP_NEUROTROPHIN_TRK_RECEPTOR_SIGNALING_PATHWAY",0.431488457729664,1.10695608321065,0.344725111441308,0.582543732703684,22,"DDIT4;PPP2R5B;TMEM108"
"Positive Regulation of Protein Catabolic Process","GOBP_POSITIVE_REGULATION_OF_PROTEIN_CATABOLIC_PROCESS",0.304078204613337,1.05811999604544,0.344519015659955,0.582543732703684,173,"WNT5A;PRICKLE1;FOXO1;TF;ADRA2A;DAB2IP;IER3;NKD1;PLK1;DACT1;SH3D19;DDA1;VGLL4;TNFSF12;CDC20;TNFAIP3;CSNK1E;PLK2;CBLB;GSK3A;AXIN1;PLK3;SOX9;SOCS5;OSBPL7;ATXN3;PAQR3;BAG6;DTL;FZR1;BARD1;CLU;AXIN2;AKT1"
"Regulation of Animal Organ Morphogenesis","GOBP_REGULATION_OF_ANIMAL_ORGAN_MORPHOGENESIS",0.363876529974504,1.07116046602743,0.344736842105263,0.582543732703684,45,"WNT5A;VANGL2;SMO;NTN4;FGFR1;PAX8;SNAI2;SOX9;PDGFA;CSF1;WT1;AGT;WNT4;GREM1;SFRP1"
"Response to Protozoan","GOBP_RESPONSE_TO_PROTOZOAN",0.430807733893578,1.10520972968057,0.344725111441308,0.582543732703684,22,"IER3;IL10;GBP4;BCL3;GBP6"
"Regulation of t Cell Activation","GOBP_REGULATION_OF_T_CELL_ACTIVATION",0.288997424915407,1.05028926742988,0.345225603357817,0.583088374427403,318,"SOX4;DAPL1;HES1;PLA2G5;TNFSF11;ZBTB16;TNFSF4;PRKCZ;CD24;IGF1;JUNB;PAWR;EGR3;ERBB2;ARG2;SMARCC2;EFNB1;PAG1;VCAM1;ILDR2;DLG5;ZBTB7B;IRF1;IL10;FYN;HLA-DRB5;PRKCQ;SMARCA2;IGFBP2;SOX13;PRDM1;TCF7;AMBRA1;MDK;CBLB;AGER;CD47;SOCS5;BRD7;GPNMB;IL18;NCK2;FANCD2;ARID2;NFKBIZ;MAD1L1;BRD2;AKT1;IL20RB;LGALS9;ARID1B;MAPK8IP1;CEBPB;ARID1A;EFNB3"
"t Cell Activation","GOBP_T_CELL_ACTIVATION",0.282328817592625,1.04652864681158,0.34560327198364,0.583444945425875,486,"SOX4;DAPL1;CEACAM21;HES1;PLA2G5;TNFSF11;ZBTB16;TNFSF4;PRKCZ;CD24;IGF1;FZD5;JUNB;SEMA4A;PAWR;EGR3;ERBB2;ARG2;SMARCC2;EFNB1;LMBR1L;PAG1;MYB;VCAM1;PIK3R1;FOXP1;ILDR2;KIF13B;DLG5;SOCS3;BCL2;ZFP36L2;ZBTB7B;EGR1;IRF1;IL10;TRAF2;CADM1;FYN;HLA-DRB5;PRKCQ;SMARCA2;CDK6;FOSL2;IGFBP2;SOX13;PRDM1;ARMC5;TCF7;AMBRA1;MDK;NLRC3;CBLB;AGER;CD47;FCGR2B;TMEM98;SOCS5;BRD7;JAK1;PATZ1;ELF4;CCR9;GPNMB;SRF;BAG6;CHD7;IL18;NCK2;FANCD2;ARID2;USP44;NCAPH2;NFKBIZ;MAD1L1;BRD2;AKT1;IL20RB;CEACAM1;LGALS9;ARID1B;MAPK8IP1;CEBPB;ARID1A;EFNB3;SH3RF1;TWSG1;LAG3;WNT4;KDELR1;RAG1;BCL3;SART1"
"Positive Regulation of Macrophage Chemotaxis","GOBP_POSITIVE_REGULATION_OF_MACROPHAGE_CHEMOTAXIS",0.467232796816144,1.11668580441644,0.345921450151057,0.583700789922521,16,"CMKLR1;THBS1;MDK;CSF1;AKIRIN1;C3AR1"
"Golgi to Plasma Membrane Protein Transport","GOBP_GOLGI_TO_PLASMA_MEMBRANE_PROTEIN_TRANSPORT",-0.321285534310892,-1.05721263516861,0.34765625,0.586345615671642,40,"CSK;GOLGA7;ACSL3;KIF13A;VAMP4;PREPL;SPTBN1;VAMP3;GOLPH3L;PKDCC;LYPLA1;CLN3"
"Neutrophil Chemotaxis","GOBP_NEUTROPHIL_CHEMOTAXIS",-0.29052330079396,-1.04929173234859,0.34841628959276,0.587344688375091,62,"TNFAIP6;PPIA;CXADR;C1QBP;CAMK1D;PPIB;SLIT2;MPP1;BST1;MOSPD2;CXCL5;BSG;DNM1L;DPP4;RAC1;CXCL3;CCR7;IL1B;PIKFYVE;SRP54;S100A8;TREM1;CSF3R;GBF1;S100A9;PDE4B;CXCR1;TIRAP"
"Leukocyte Homeostasis","GOBP_LEUKOCYTE_HOMEOSTASIS",-0.261588567464457,-1.04783091088632,0.348684210526316,0.587513607250449,108,"CCR2;PSMA2;PSMA1;CASP3;PSMB8;SLC15A4;BBS4;TSC22D3;PSMB1;WDR37;PSMA5;SH2B3;GPAM;MTHFD1;FADD;IL2RG;PSMA6;TCIRG1;LYN;PSMB3;PSMA4;HCAR2;PSMB9;MIF;PSMB4;LAT"
"Insulin Secretion Involved in Cellular Response to Glucose Stimulus","GOBP_INSULIN_SECRETION_INVOLVED_IN_CELLULAR_RESPONSE_TO_GLUCOSE_STIMULUS",-0.306824141911694,-1.06359473134507,0.349344978165939,0.588061248685864,51,"MLXIPL;UCP2;NR1H4;ALDOA;KLF7;OSBP;GNAS;NDUFAF2;JAGN1;SLC9B2;RAB11FIP2;GCG;PTPRN2;ZBED6"
"Regulation of Carbohydrate Catabolic Process","GOBP_REGULATION_OF_CARBOHYDRATE_CATABOLIC_PROCESS",-0.306531631003963,-1.06258075291956,0.349344978165939,0.588061248685864,51,"MLXIPL;SLC2A6;UCHL1;SLC4A4;PRKAA1;FBP1;PSEN1;PHKA1;MTCH2;PRKAG2"
"Protein Transmembrane Import into Intracellular Organelle","GOBP_PROTEIN_TRANSMEMBRANE_IMPORT_INTO_INTRACELLULAR_ORGANELLE",-0.399462378743934,-1.07589186047792,0.34971098265896,0.588394607230709,15,"PEX5L;PEX7;PEX5;USP9X;PEX1;PEX2;LONP2;PEX13;PEX10"
"Cellular Response to Amyloid Beta","GOBP_CELLULAR_RESPONSE_TO_AMYLOID_BETA",0.382811673225487,1.07706231394692,0.350067842605156,0.588665188150232,35,"IGF1;VCAM1;FYN;AGER;FCGR2B;CACNB1"
"Mitotic Intra s Dna Damage Checkpoint Signaling","GOBP_MITOTIC_INTRA_S_DNA_DAMAGE_CHECKPOINT_SIGNALING",0.452767733390783,1.12625039444511,0.350375939849624,0.588665188150232,19,"MDC1;MUS81;FANCD2;HUS1B;EME1;XPC;CDC7;RAD9A"
"Negative Regulation of Calcium Mediated Signaling","GOBP_NEGATIVE_REGULATION_OF_CALCIUM_MEDIATED_SIGNALING",0.452430717719843,1.12541207491759,0.350375939849624,0.588665188150232,19,"HOMER2;INPP5A"
"Export Across Plasma Membrane","GOBP_EXPORT_ACROSS_PLASMA_MEMBRANE",0.357411949031482,1.07425800297542,0.350649350649351,0.588842126234264,52,"KCNK5;SLC40A1;FXYD6;KCNQ1;HEPH;KCNT2;NPPA;KCNIP2;SLC22A5"
"Bone Growth","GOBP_BONE_GROWTH",0.408398736449084,1.09718071841958,0.351002865329513,0.589153347987199,28,"POC1A;FOSL2;THBS3;RARG;SOX9;EXT1;SMPD3;FGFR2;ECM1;DDR2;TSKU"
"Axonal Transport of Mitochondrion","GOBP_AXONAL_TRANSPORT_OF_MITOCHONDRION",-0.393549280152189,-1.07077187985946,0.352941176470588,0.591419087359698,16,"UCHL1;AGTPBP1;ARMCX3;SYBU"
"Cell Communication by Electrical Coupling Involved in Cardiac Conduction","GOBP_CELL_COMMUNICATION_BY_ELECTRICAL_COUPLING_INVOLVED_IN_CARDIAC_CONDUCTION",0.441039238322689,1.11506696353879,0.353028064992614,0.591419087359698,20,"CAMK2D;GJA5;GJC1"
"Regulation of Cellular Response to Vascular Endothelial Growth Factor Stimulus","GOBP_REGULATION_OF_CELLULAR_RESPONSE_TO_VASCULAR_ENDOTHELIAL_GROWTH_FACTOR_STIMULUS",0.415352894284862,1.08261206865385,0.352592592592593,0.591419087359698,25,"TNXB;ADAMTS12;DAB2IP;CADM4;PTP4A3;NR2F2;SEMA6A;GREM1;ADAMTS3"
"Regulation of Macrophage Chemotaxis","GOBP_REGULATION_OF_MACROPHAGE_CHEMOTAXIS",0.423068832253698,1.08837315552105,0.353028064992614,0.591419087359698,23,"C5;CMKLR1;THBS1;MDK;CSF1;AKIRIN1;C3AR1"
"Prostanoid Metabolic Process","GOBP_PROSTANOID_METABOLIC_PROCESS",-0.327328687628656,-1.05557322951168,0.353383458646617,0.591731479751003,36,"SIGMAR1;PTGES;AKR1B1;FABP5;AKR1C2;ACOX1;PTGES3;GSTP1;AKR1C1;CBR1;MIF;PLAA;PNPLA8;PTGR1"
"Trna Modification","GOBP_TRNA_MODIFICATION",-0.272861904455502,-1.03682001257896,0.354368932038835,0.593098121802216,79,"TRMT61B;TPRKB;TYW3;TRIT1;METTL2B;DTWD1;SSB;CDK5RAP1;TRUB2;ADAT2;TRMU;PUS7;METTL2A;PUS1;SEPSECS;FTSJ1;THUMPD2;HSD17B10;ELP3;NAT10;OSGEP;MTFMT"
"Vascular Process in Circulatory System","GOBP_VASCULAR_PROCESS_IN_CIRCULATORY_SYSTEM",-0.245026346638069,-1.05995788278749,0.355310210972664,0.594389526760861,199,"SLC2A1;ADD3;SLC7A5;SOD2;SCARB1;MAP2K1;SLC16A7;TEK;PIK3C2A;ANGPT1;APOE;FGG;SLC1A2;C2CD4A;PTPN11;MANF;FABP5;SLC38A5;SLC4A4;GCLM;SCPEP1;PRKAA1;NTS;MKKS;RAP1GDS1;SLC2A13;RGS2;SLC1A5;RHOA;ADORA2B;ATP2B1;SLC16A1"
"Epigenetic Programming of Gene Expression","GOBP_EPIGENETIC_PROGRAMMING_OF_GENE_EXPRESSION",0.406860538952736,1.08306868795232,0.355810616929699,0.594942525586986,27,"ZDBF2;CDKN1C;PIK3CA;DNMT3A;GSK3A;AXIN1;TRIM28;DIRAS3;PRMT7;CTCF"
"Locomotory Behavior","GOBP_LOCOMOTORY_BEHAVIOR",0.309655083524996,1.05292297923504,0.35614849187935,0.595064275349416,136,"FSHR;SOBP;NPY2R;FGF12;CNTN1;ABAT;CCND2;EPS8;ASTN1;FZD4;EGR1;PBX3;CHL1;TMOD1;NR4A2;DLG4;ARRDC3;GNAO1;CNTN2;KCND2;TUBA1A;CTNS;CHD7;CHRNB2;SNCG"
"Macrophage Differentiation","GOBP_MACROPHAGE_DIFFERENTIATION",-0.299185628307071,-1.063917327256,0.356223175965665,0.595064275349416,54,"UCP2;INHA;NR3C1;EIF2AK1;MFSD8;IL33;NPM1;FADD;CCDC39;GAB3;LIF;IL1RL1;CDC42;TLR2;CEBPA"
"Morphogenesis of an Epithelial Sheet","GOBP_MORPHOGENESIS_OF_AN_EPITHELIAL_SHEET",0.355320516195451,1.05766169966888,0.356770833333333,0.595695056800127,48,"WNT5A;VANGL2;ITGB5;JAG1;DDR1;PHACTR4;HBEGF;DVL2;FERMT2;FLNA;SRF;CLASP1;CEACAM1;DAG1"
"Intrinsic Apoptotic Signaling Pathway in Response to Endoplasmic Reticulum Stress","GOBP_INTRINSIC_APOPTOTIC_SIGNALING_PATHWAY_IN_RESPONSE_TO_ENDOPLASMIC_RETICULUM_STRESS",0.352660027122688,1.06819635018661,0.3573264781491,0.595770896219085,55,"PMAIP1;DAB2IP;MAP3K5;BCL2;TRAF2;PPP1R15A;TP53;TMEM117;FCGR2B;BOK;IKBKG;DDIT3;BAG6;NCK2"
"Maintenance of Protein Location","GOBP_MAINTENANCE_OF_PROTEIN_LOCATION",-0.296963343111875,-1.06252497212427,0.357142857142857,0.595770896219085,58,"HSPA5;HK2;PARK7;SRGN;SYNE1;BBS4;KDELR2;INSIG2;FBN2"
"Response to Fluid Shear Stress","GOBP_RESPONSE_TO_FLUID_SHEAR_STRESS",0.352613466690479,1.06805532007283,0.3573264781491,0.595770896219085,55,"SMAD6;ADCY1;ASS1;KLF4;ADCY3;SOCS5;ADCY2;PRKAR1B;PKN2;AKT1;PKD1;PTGS2;ADCY6;KLF2;SMAD7;CAPN2"
"Cerebellar Cortex Development","GOBP_CEREBELLAR_CORTEX_DEVELOPMENT",0.365399528302578,1.05036650765127,0.357908847184987,0.596367329447057,40,"GRID2;SMO;LDB1;NAV2;SPTBN2;KNDC1;KIF14;FOXP2;MDK"
"Sarcomere Organization","GOBP_SARCOMERE_ORGANIZATION",0.384850770087706,1.06644155245749,0.358024691358025,0.596367329447057,33,"KRT8;ACTG1;CAPN3;CSRP2;CSRP1;FLNC;KRT19;SRF;SYNPO2L;PRKD1;WDR1;PROX1;FHOD3;TNNT1"
"Lipid Export from Cell","GOBP_LIPID_EXPORT_FROM_CELL",0.380748534687555,1.07125755687424,0.358208955223881,0.596390670223029,35,"NOS2;TNFSF11;C1QTNF1;KCNQ1;FZD4"
"Protein K48 Linked Deubiquitination","GOBP_PROTEIN_K48_LINKED_DEUBIQUITINATION",-0.363359074130699,-1.06792217568228,0.358662613981763,0.59656327647338,22,"PARK7;YOD1;USP14;USP27X;VCPIP1;OTUD7B;USP33"
"Regulation of Cilium Movement","GOBP_REGULATION_OF_CILIUM_MOVEMENT",-0.389016776532352,-1.05843980947781,0.358823529411765,0.59656327647338,16,"PGAM4;BBS4;DNAH11;MKKS;CCDC39"
"Vitamin Metabolic Process","GOBP_VITAMIN_METABOLIC_PROCESS",-0.340861901107916,-1.06676022411169,0.358552631578947,0.59656327647338,28,"SLC19A3;TPK1;PLTP;PSAT1;CD320;PDXK;CYP2R1;SLC19A2;GFI1;CYP4F3;MTHFS"
"Positive Regulation of Response to Wounding","GOBP_POSITIVE_REGULATION_OF_RESPONSE_TO_WOUNDING",0.351697487919694,1.06528084861435,0.359897172236504,0.598064418569484,55,"KANK1;PLAT;ADRA2A;F3;ACTG1;HPSE;THBS1;REG3G;HBEGF;MDK"
"Regulation of Granulocyte Chemotaxis","GOBP_REGULATION_OF_GRANULOCYTE_CHEMOTAXIS",-0.325118379991173,-1.04844540460878,0.360902255639098,0.599450261500123,36,"TNFAIP6;C1QBP;CAMK1D;MAPK1;SLIT2;RARRES2;MPP1;BST1;MOSPD2"
"Pyrimidine Ribonucleoside Triphosphate Metabolic Process","GOBP_PYRIMIDINE_RIBONUCLEOSIDE_TRIPHOSPHATE_METABOLIC_PROCESS",-0.395665400391273,-1.06566527013697,0.361271676300578,0.599779470180533,15,"NME1;ENTPD7;NME4;NME3;NME7;NME2"
"Brain Morphogenesis","GOBP_BRAIN_MORPHOGENESIS",0.405189186785923,1.07861952411088,0.36154949784792,0.599956367106235,27,"WNT5A;AKT3;SMO;TUBA1A;GDF7;FZD3;FANCD2"
"Adherens Junction Organization","GOBP_ADHERENS_JUNCTION_ORGANIZATION",0.356426392024183,1.05717047347804,0.362091503267974,0.600067176837426,47,"CDH4;CDH3;DSP;DLG5;CDH12;CDH1;VCL;FERMT2;TJP1;CDH2;FLOT1;SMAD7;NUMBL;CDHR3;ABI2;PTPN23;MTSS1;ADD1"
"Erbb Signaling Pathway","GOBP_ERBB_SIGNALING_PATHWAY",0.31582094631957,1.05684082993497,0.362130177514793,0.600067176837426,119,"PRICKLE1;REPS2;SHC3;HIP1R;ADRA2A;NRG1;ERBB2;DAB2IP;PIK3CA;DGKQ;HBEGF;CBLB;NPPA;EGFR;SOX9;SOCS5;ANTXR1;RHBDF1;NCK2;SPRY4;ZGPAT;AKT1;CEACAM1;GAB1;PIGR;HIP1;ERBB3;AGT;SHKBP1;PLCG1;DGKD"
"Negative Regulation of Vasculature Development","GOBP_NEGATIVE_REGULATION_OF_VASCULATURE_DEVELOPMENT",0.337291215673415,1.0638212832748,0.361916771752837,0.600067176837426,77,"COL4A3;TGFB2;SEMA4A;PTPRM;DAB2IP;FYN;THBS1;ISM1;KLF4;PLK2;EPN1;FOXO4;ALOX5;CX3CR1;AMOT;SEMA6A;RELA;FOXJ2;WNT4;ROCK2;KLF2;YJEFN3;EPN2;HGS;ZNF354C;CTNND1"
"Regulation of Embryonic Development","GOBP_REGULATION_OF_EMBRYONIC_DEVELOPMENT",-0.280908691536336,-1.04870815570136,0.362385321100917,0.600206042466437,72,"WNT2B;INO80C;CUL4B;RUVBL1;HDAC1;RBX1;UCHL5;POGLUT1;ACTR5;ACTL6A;CTNNB1;LAMA1;LAMB1;DHX36;RUVBL2"
"Regulation of Receptor Internalization","GOBP_REGULATION_OF_RECEPTOR_INTERNALIZATION",0.345469993226522,1.05965465988425,0.362707535121328,0.600455810741972,60,"SFRP4;IQSEC2;PICK1;NRG1;INSR;SUSD4;SELE;USP6;MTMR2;CBLB;DLG4;APLNR;ANKRD13B"
"Response to Oxygen Levels","GOBP_RESPONSE_TO_OXYGEN_LEVELS",0.289638281585308,1.04387127420527,0.363152289669862,0.60090811087082,261,"NDP;NOS2;S100B;FOXO1;CASR;HIF3A;PGF;DDIT4;NDNF;CD24;PTGIS;FOS;MAP1LC3A;PLAT;TGFB2;PMAIP1;PICK1;ARNT2;ABAT;CCNA2;KCNJ8;HSD11B2;MYOCD;ANG;NONO;PDLIM1;VCAM1;WTIP;DNMT3A;FZD4;BCL2;PAK1;EGR1;AQP1;COL6A1;THBS1;CPT1A;FOSL2;TP53;NR4A2;SCAP;MMP14;AGER;NPPA;ADO;TGFB3;LMNA;KCND2;SLC29A1;LIMD1;SRF;GATA6;CHRNA7;CHRNB2;RWDD3;FGFR2;KCNMA1;SMAD4"
"Response to Estradiol","GOBP_RESPONSE_TO_ESTRADIOL",0.335289198683674,1.06645187790739,0.36375,0.601612960339943,80,"SOCS2;CRHBP;ESR2;ARNT2;CCNA2;DUSP1;HPGD;ALDH1A2;DHH;DNMT3A;KIF18A;IL10;ASS1;IGFBP2"
"Hair Cell Differentiation","GOBP_HAIR_CELL_DIFFERENTIATION",0.382096372522826,1.05880897317356,0.364883401920439,0.602801992789359,33,"HES1;KCNQ1;JAG1;FGFR1;TECTA"
"Positive Regulation of Triglyceride Metabolic Process","GOBP_POSITIVE_REGULATION_OF_TRIGLYCERIDE_METABOLIC_PROCESS",-0.370207880665021,-1.05964128816843,0.364985163204748,0.602801992789359,19,"SCARB1;ABHD5;DGAT2;MFSD2A;NR1H3;AADAC;SREBF1"
"Regulation of Establishment of Protein Localization","GOBP_REGULATION_OF_ESTABLISHMENT_OF_PROTEIN_LOCALIZATION",0.283116039207784,1.04168586728312,0.364948453608247,0.602801992789359,406,"SOX4;SYTL4;NOS2;FOXO1;CASR;JUP;LRP5;IRS1;IGF1;FZD5;CAMK1;TGFB2;ADRA2A;PICK1;ABAT;ERBB2;SMO;APBB1;ANK3;GJA5;ANG;SVIP;PIK3R1;CEP120;CHP2;PAK1;ARHGAP44;APBB3;HUWE1;MYO1C;EFCAB7;GDI1;FRMD4A;CDK1;MYRIP;NEO1;INPP5K;SUFU;CDH1;FYN;ABCA12;SEC31B;CPT1A;PKIA;FRAT2;ATG13;C2CD2L;MICALL2;RNF31;GSK3A;INHBB;PLK3;GRIPAP1;RANGAP1;TCF7L2;TGFB3;PLA2G6;NNAT;GNAO1;GAS6;DISP1;MAVS;C1QTNF3;FLNA;RHBDF1;TRIM28;F2R;FUT10;ACD;BARD1;AKT2;FRAT1;MYO18A"
"Negative Regulation of Anoikis","GOBP_NEGATIVE_REGULATION_OF_ANOIKIS",0.460552373258725,1.10071960040659,0.365558912386707,0.603465066018207,16,"PIK3CA;BCL2;SNAI2;NTRK2;ZNF304"
"Sensory Perception of Chemical Stimulus","GOBP_SENSORY_PERCEPTION_OF_CHEMICAL_STIMULUS",0.362065304198834,1.05774937216093,0.365918097754293,0.603489216776501,43,"AZGP1;PKD1L3;NXNL2;TTC8;TAS2R50;ADCY3;TAS2R20;OR2F2;TAS2R46"
"Transcription Initiation at Rna Polymerase Ii Promoter","GOBP_TRANSCRIPTION_INITIATION_AT_RNA_POLYMERASE_II_PROMOTER",0.300439036388222,1.04479762614658,0.365881032547699,0.603489216776501,170,"ATAD2;FOXO1;L3MBTL3;PHF2;KDM5A;MYOCD;MED12;EGR1;TAF11;TP53;ARMC5;MED14;CDK9;PPM1D;OGG1;SAMD1;INTS1;BRD7;ERCC2;SPHK2;USP21;CTNNBIP1;SRF;KDM1A;POLR2A;ASH2L;ESR1;ARID1B;TAF3;ARID1A;NFKBIA;APOBEC3A;CCNH;KAT7;TBP;DRAP1;MED29;TAF8;HEY2;TET1;GTF2A1"
"Protein Depolymerization","GOBP_PROTEIN_DEPOLYMERIZATION",0.325909788887209,1.05811501383983,0.366384522370012,0.603974109111601,93,"SEMA5A;PLEKHH2;STMN1;MICAL1;EPS8;KIF2C;PIK3CA;ARHGEF2;KIF18A;TMOD2;SPTBN2;KIF14;TMOD1;APC2;KIF24;DIAPH3;AVIL;CLASP1;PPP1R9B;CKAP2;GAK;NCKAP5L;VILL;STMN3"
"Positive Regulation of Secretion","GOBP_POSITIVE_REGULATION_OF_SECRETION",0.294440327595649,1.04878657844763,0.36767895878525,0.605822856361585,219,"SOX4;SYTL4;NPY2R;CASR;TNFSF11;IGF1;TGFB2;ABAT;C1QTNF1;APBB1;ANG;AVPR1A;RAB15;GAB2;RAB3A;APBB3;FGFR1;FRMD4A;AQP1;MYRIP;C2CD2L;TACR2;ADORA3;FOXL2;INHBB;GABBR1;TCF7L2;TGFB3;PLA2G6;SYT1;NNAT;SPHK2;C1QTNF3;FUT10;CHRNB2;CLASP1;SMPD3;SMAD4;PLA2G4A;MYO18A;DTNBP1"
"Cellular Response to Metal Ion","GOBP_CELLULAR_RESPONSE_TO_METAL_ION",0.309828494740762,1.05311956161019,0.368055555555556,0.60612191994933,131,"WNT5A;CAMK2D;TF;FOS;CRHBP;MAP1LC3A;FOSB;JUN;JUNB;ANK3;SCN5A;CHP2;ADCY1;HMOX1;CAPN3;AQP1;CDH1;NFE2L1;DLG4;GSK3A;INHBB;CPNE2;SYT1"
"Neuron Recognition","GOBP_NEURON_RECOGNITION",0.374869098594817,1.05674259264776,0.36820652173913,0.60612191994933,36,"SEMA5A;ROBO3;NRP1;CNTN4;FOXG1;EXT1;CNTN2;EFNB3;EFNA5;NEXN"
"Cellular Response to Sterol","GOBP_CELLULAR_RESPONSE_TO_STEROL",0.44776179619137,1.10006462248282,0.368815592203898,0.606839370357095,18,"SMO;LRP6;NFE2L1;INHBB;GPR155;OSBPL7;PTCH1;DAG1"
"Multicellular Organism Growth","GOBP_MULTICELLULAR_ORGANISM_GROWTH",0.308516570681597,1.04888680117482,0.369640787949015,0.607911586941502,135,"PRICKLE1;SOCS2;IGF1;LLGL2;CDKN1C;ETNK2;SMO;PIK3CA;SLC25A25;BCL2;TTC8;SPTBN2;WDTC1;SLC12A5;FOSL2;GRHL2;PPP1R13L;RARG;ATRX;EXT1;ERCC2;PLEKHA1;CSF1;CHD7;SMPD3"
"Regulation of Calcium Ion Import","GOBP_REGULATION_OF_CALCIUM_ION_IMPORT",0.395822241395507,1.06339342515305,0.371060171919771,0.609959541170792,28,"HES1;CASR;PDGFB;WNK3;FYN;HOMER1"
"Peripheral Nervous System Axon Ensheathment","GOBP_PERIPHERAL_NERVOUS_SYSTEM_AXON_ENSHEATHMENT",0.446292338099231,1.11014298227004,0.371428571428571,0.610270280766873,19,"COL6A1;NTRK2;PRX;AKT2;AKT1;DAG1"
"Regulation of Protein Serine Threonine Kinase Activity","GOBP_REGULATION_OF_PROTEIN_SERINE_THREONINE_KINASE_ACTIVITY",0.317389508739918,1.05321548600143,0.371597633136095,0.610270280766873,106,"WNT5A;PIM1;PDGFB;ERBB2;HIPK3;CCNG1;FGFR1;TRAF2;FGF18;PKIA;UVRAG;SASH1;NPPA;CDK5RAP3;MST1;CCNT1;PAQR3;MAP3K10;CDC6;DIRAS3;DIRAS1;MAPK8IP1;SIRT1;AGT;HMGA2;ARHGEF5;SERTAD1;BLM;HGS;TRAF6"
"Regulation of Behavior","GOBP_REGULATION_OF_BEHAVIOR",0.362549351372011,1.04217347466446,0.372654155495979,0.611602038804877,40,"NPY2R;NR4A3;MC1R;MDK;DLG4;ARRDC3;CHRNB2;RAG1;PER3;ZFHX3;GHSR;MGRN1;EPHB2;ADRB1"
"Response to Salt","GOBP_RESPONSE_TO_SALT",0.445249148173722,1.10754806885541,0.372932330827068,0.611602038804877,19,"FGFR1;EDNRB;PHEX;DAXX;DAB2"
"Transcription by Rna Polymerase i","GOBP_TRANSCRIPTION_BY_RNA_POLYMERASE_I",-0.284657626377322,-1.04115768854064,0.37280701754386,0.611602038804877,64,"WDR43;POLR1C;POLR1B;EIF2AK3;GTF2H1;RRN3;NOL11;POLR2H;CARM1;BAZ1B;IPPK;POLR2L;ZMPSTE24;POLR2F;POLR2K;DDX21;CEBPA;ATF4"
"Negative Regulation of Organic Acid Transport","GOBP_NEGATIVE_REGULATION_OF_ORGANIC_ACID_TRANSPORT",0.464470056045629,1.09278206954608,0.373475609756098,0.611920047229004,15,"ABAT;THBS1;GABBR1;SLC43A1;AKT2;AKT1"
"Response to Misfolded Protein","GOBP_RESPONSE_TO_MISFOLDED_PROTEIN",0.446966322945032,1.09811029769702,0.373313343328336,0.611920047229004,18,"DNAJC18;ATXN3;DNAJB12;CLU;RNF126;UBR5"
"Histone Mrna Catabolic Process","GOBP_HISTONE_MRNA_CATABOLIC_PROCESS",-0.359314121077506,-1.05603394893183,0.373860182370821,0.612021964003439,22,"LSM11;SSB;SNRPD3;LSM1;SNRPG;SNRPB;SNRPE"
"Regulation of Glial Cell Proliferation","GOBP_REGULATION_OF_GLIAL_CELL_PROLIFERATION",-0.367573434059442,-1.05210074529902,0.373887240356083,0.612021964003439,19,"SLC7A5;PPP1CC;PLAG1;LYN;ATXN1"
"Protein o Linked Glycosylation","GOBP_PROTEIN_O_LINKED_GLYCOSYLATION",0.315073154129995,1.04860884432824,0.374117647058824,0.612113086243372,108,"CHST7;UST;CSGALNACT1;VANGL2;IGF1;HS3ST3A1;ST6GAL1;TMTC4;GALNT13;CHST14;ST3GAL3;CHST10;B3GNT4;CHST12;HS6ST1;HS3ST1;TCF7L2;EXT1;B4GALT5;FUT10"
"Phospholipid Transport","GOBP_PHOSPHOLIPID_TRANSPORT",-0.266656624789662,-1.03163766159322,0.375,0.613270308123249,87,"APOC1;PITPNA;OSBPL10;APOA1;SCARB1;PLEKHA8P1;DBI;APOE;PLTP;ABCA1;TNFAIP8L3;OSBP;NME4;SERINC3;VDAC2;ABCB1;SCP2;MFSD2A;PLSCR4"
"Cytokine Production Involved in Inflammatory Response","GOBP_CYTOKINE_PRODUCTION_INVOLVED_IN_INFLAMMATORY_RESPONSE",0.348743205194654,1.05153373735656,0.375812743823147,0.614312665241476,54,"NOS2;ZFP36;HMOX1;NLRC3;TLR3;CHRNA7;ALOX5;RELA;NFKBIA;IL17RC;IRF3;CARD9;APPL2;EPHB2;MAPK9;PLD3;PER1"
"Response to Nerve Growth Factor","GOBP_RESPONSE_TO_NERVE_GROWTH_FACTOR",0.36812849663394,1.04289435766026,0.376021798365123,0.614367705071373,38,"HES1;TMEM108;KIDINS220;NTRK2;KCNC1;AKT1;E2F1;SORT1"
"Entrainment of Circadian Clock by Photoperiod","GOBP_ENTRAINMENT_OF_CIRCADIAN_CLOCK_BY_PHOTOPERIOD",0.427958777558361,1.09214192114064,0.377218934911243,0.615749267937597,21,"SIK1;CRTC1;TP53;RBM4B;PER3;CRY2;PER2;RBM4;PDE6B;PER1;MTA1"
"Response to Vitamin d","GOBP_RESPONSE_TO_VITAMIN_D",0.386974782709771,1.06331771533497,0.377094972067039,0.615749267937597,31,"CASR;PIM1;KANK2;MN1;SNAI2"
"Biomineral Tissue Development","GOBP_BIOMINERAL_TISSUE_DEVELOPMENT",0.312103457151947,1.04307166372177,0.378378378378378,0.616718015821091,115,"PRICKLE1;IGF1;FAM20A;ENPP1;GPM6B;LTBP3;FGFR1;COL6A1;KLF10;FOSL2;BMPR2;BCOR;FBXO5;SOX9;ACVR2B;MEPE;GAS6;ERCC2;STIM1;SMPD3;FGFR2;PHEX;ALOX5;AXIN2;CEBPB;CEMP1;ECM1;WNT4;ROCK2;DDR2;GREM1;SLC20A2;FAM20C;HEY2;RXRB"
"Glucan Biosynthetic Process","GOBP_GLUCAN_BIOSYNTHETIC_PROCESS",0.379309399944029,1.0591209529746,0.378231292517007,0.616718015821091,34,"IRS1;IGF1;SORBS1;ENPP1;INSR;GRB10;INPP5K;GSK3A;AKT2;AKT1;PPP1R3D;PPP1R3F"
"Glycosyl Compound Biosynthetic Process","GOBP_GLYCOSYL_COMPOUND_BIOSYNTHETIC_PROCESS",-0.365281155949563,-1.05430625491287,0.378461538461538,0.616718015821091,20,"APRT;TYW3;PNP;PGM2;DCTD;DTYMK;HPRT1"
"Negative Regulation of Myeloid Cell Differentiation","GOBP_NEGATIVE_REGULATION_OF_MYELOID_CELL_DIFFERENTIATION",0.335167460466003,1.04442183696177,0.378516624040921,0.616718015821091,68,"ZBTB16;LRRC17;MYB;LDB1;FSTL3;PIK3R1;ZFP36;CDK6;PAF1;TLR3;CLDN18;C1QC;YPEL4;GPR137;CEACAM1;NFKBIA;HMGB3;ZNF675;TOB2;SFRP1;KLF13"
"Regulation of Smooth Muscle Cell Differentiation","GOBP_REGULATION_OF_SMOOTH_MUSCLE_CELL_DIFFERENTIATION",0.396309702497932,1.07335348359573,0.378723404255319,0.616768054442763,29,"PDGFB;PRDM6;MYOCD;NOTCH4;NFATC1;SRF;FGFR2;FOXO4;EFEMP2;SIRT1;HEY2;DNMT1;PIAS1;CTH"
"Cellular Response to Ionizing Radiation","GOBP_CELLULAR_RESPONSE_TO_IONIZING_RADIATION",0.339571868783127,1.0443375737279,0.379042690815006,0.616822590561065,63,"CCND2;BRCA1;RHOB;EGR1;SNAI2;TP53;KDM4D;BRCA2;KDM1A;BARD1;SIRT1;SWI5;RAD9A;SFRP1;BLM;CLOCK;IFI16;RAD51AP1"
"Regulation of Autophagy","GOBP_REGULATION_OF_AUTOPHAGY",-0.22464133524931,-1.03731605294998,0.379285144181711,0.616822590561065,334,"BNIP3;DEPTOR;UCHL1;GAPDH;SLC7A5;MTM1;VDAC1;HK2;MAP2K1;RALB;HSPB8;PARK7;PIK3C2A;CASP3;PIK3C3;EIF2AK1;SCFD1;CUL4B;ITPR1;MFSD8;RBX1;FBXW7;SPTLC2;EPM2A;PRKAA1;TBC1D14;CISD2;ULK3;PSAP;VPS26A;PSMD14;TRIM22;ACER2;ERN1;ATP6V1E1;RRAGC;PIM2;RAB3GAP1;GNAI3;DCAF12;MAP3K7;EEF1A1;VPS29;GSK3B;USP13;PLEKHF1;SNX7;SPTLC1;RRAGD;SKP1;SLC25A4;UBQLN1;PTPN22;TRIB3;PIK3R2;USP33;ZMPSTE24;PARL;SEC22B;TAB2;MET;STAT3;EIF4E;ATP6V1G1;SREBF1;ATP6V1B2;RASIP1;LYPLA1;NOD2;RRAGB;CISD1;TRIM65;FOXO3;ATP6V1H;FEZ2;VPS35"
"Response to Auditory Stimulus","GOBP_RESPONSE_TO_AUDITORY_STIMULUS",0.454680684782984,1.08668627223807,0.379154078549849,0.616822590561065,16,"FOXP2;MDK;KCNC1;SLC1A3;CHRNA10;ATP8A2;XPC;SCN11A"
"Negative Regulation of Establishment of Protein Localization","GOBP_NEGATIVE_REGULATION_OF_ESTABLISHMENT_OF_PROTEIN_LOCALIZATION",-0.264325007917409,-1.03200396932328,0.38,0.61769837587007,99,"UCP2;CYP51A1;CSK;PARK7;ANGPT1;APOE;PTPN11;LMAN1;YOD1;HMGCR;BAG4;ERP29;KLF7;SNX3;DERL2;RAB11FIP1;UBE2J1;HADH;INSIG1;DNAJA1;UBAC2;UFM1;NDUFAF2;JAGN1;NR1H3;PKDCC;ITGB1BP1;SREBF1;YWHAE;LYPLA1"
"Positive Regulation of Macrophage Migration","GOBP_POSITIVE_REGULATION_OF_MACROPHAGE_MIGRATION",0.426820192291133,1.08923627516177,0.380177514792899,0.617700294211283,21,"CMKLR1;THBS1;MDK;MMP14;CSF1;AKIRIN1;C3AR1"
"Chemokine c x c Motif Ligand 2 Production","GOBP_CHEMOKINE_C_X_C_MOTIF_LIGAND_2_PRODUCTION",0.462102164104125,1.08721101104055,0.38109756097561,0.618334764287893,15,"FOXP1;LPL;KLF4"
"Positive Regulation of Leukocyte Degranulation","GOBP_POSITIVE_REGULATION_OF_LEUKOCYTE_DEGRANULATION",0.427581005536815,1.08104089632488,0.38109305760709,0.618334764287893,20,"GAB2;ADORA3;SPHK2"
"Positive Regulation of Response to Cytokine Stimulus","GOBP_POSITIVE_REGULATION_OF_RESPONSE_TO_CYTOKINE_STIMULUS",0.342134652351532,1.04561607881175,0.380769230769231,0.618334764287893,59,"WNT5A;C1QTNF4;TRAF2;AXL;TRIM6;AGPAT1;IRF7;GAS6;MAVS;CSF1"
"Calcium Ion Import","GOBP_CALCIUM_ION_IMPORT",0.350112749976983,1.05081588779838,0.381630012936611,0.618912007091179,51,"HES1;CASR;CALHM2;PDGFB;CACNB2;WNK3;FYN;HOMER1;CACNA1G;DDIT3;MICU1;CACNA1C"
"Cellular Response to Interleukin 1","GOBP_CELLULAR_RESPONSE_TO_INTERLEUKIN_1",0.335294775876844,1.04932307130285,0.381979695431472,0.619192444746158,73,"HES1;PTGIS;AKAP12;ADAMTS12;DAB2IP;RPS6KA5;EGR1;INHBB;SOX9;MAP2K7;CD47;RBMX;CEBPB;RELA;NFKBIA;RPS6KA4;ADAMTS7;KLF2;ZNF675;SFRP1"
"Negative Regulation of Actin Filament Polymerization","GOBP_NEGATIVE_REGULATION_OF_ACTIN_FILAMENT_POLYMERIZATION",0.357080660352899,1.03122103222903,0.382352941176471,0.61951080154541,41,"KANK1;HIP1R;KANK2;SSH3;EPS8;TMOD2;SPTBN2;TMOD1"
"Hepaticobiliary System Development","GOBP_HEPATICOBILIARY_SYSTEM_DEVELOPMENT",-0.246614977461784,-1.02252861818914,0.383116883116883,0.620461600350643,123,"CLDN1;UCP2;PCSK9;SLC7A5;SOD2;RAP1A;TGFBR3;ERRFI1;FBXW7;LIPA;PRMT5;MAN2A1"
"Male Meiosis i","GOBP_MALE_MEIOSIS_I",0.441560284247462,1.09837209595449,0.383458646616541,0.62055100299904,19,"ING2;HSPA2;MOV10L1;BRCA2;FOXJ2;ZSCAN21"
"Positive Regulation of Peptide Secretion","GOBP_POSITIVE_REGULATION_OF_PEPTIDE_SECRETION",0.33463296843778,1.04011780101681,0.383526383526384,0.62055100299904,67,"SOX4;NPY2R;CASR;TNFSF11;ABAT;MYRIP;C2CD2L;GABBR1;TCF7L2;PLA2G6;NNAT"
"Alpha Beta t Cell Activation","GOBP_ALPHA_BETA_T_CELL_ACTIVATION",0.299048955569321,1.0435594519688,0.384787472035794,0.622165979222863,179,"DAPL1;ZBTB16;TNFSF4;PRKCZ;JUNB;SEMA4A;ARG2;MYB;PIK3R1;FOXP1;SOCS3;BCL2;ZBTB7B;IRF1;IL10;PRKCQ;FOSL2;PRDM1;ARMC5;CBLB;AGER;TMEM98;SOCS5;JAK1;ELF4;BAG6;IL18;NFKBIZ;BRD2;LGALS9;MAPK8IP1;CEBPB;SH3RF1;TWSG1;BCL3;HLA-DRB1"
"Response to Dexamethasone","GOBP_RESPONSE_TO_DEXAMETHASONE",-0.336379373938687,-1.05842382897868,0.384879725085911,0.622165979222863,30,"CLDN1;UCP2;NR3C1;ERRFI1"
"Protein Deacylation","GOBP_PROTEIN_DEACYLATION",0.391446342924032,1.05163738626221,0.385386819484241,0.622698352699859,28,"NNMT;TADA3;MBIP;FLNA;BEX4;SIRT1"
"Regulation of g Protein Coupled Receptor Signaling Pathway","GOBP_REGULATION_OF_G_PROTEIN_COUPLED_RECEPTOR_SIGNALING_PATHWAY",0.314556886169026,1.04434501165122,0.385798816568047,0.623076650271033,105,"HOMER2;ULK4;RGS12;INPP5A;KCTD8;TUB;TMOD2;PALM;CRTC3;C3;GPRASP1;GSK3A;RGS3;APLNR;ARRDC3;TULP3;CNTN2;RAMP1;PPP1R9B;NECAB2;DTNBP1;RGS10;ROCK2;GNG7;GRK4;BICD1;RPH3AL;PDE2A;MGLL;GNG4;ZDHHC7;MGRN1"
"Homologous Chromosome Pairing at Meiosis","GOBP_HOMOLOGOUS_CHROMOSOME_PAIRING_AT_MEIOSIS",0.425288287613355,1.08532688620768,0.386094674556213,0.623267117497887,21,"CCNB1IP1;PSMC3IP;EHMT2;BAG6;SUN1;FANCD2"
"Oocyte Maturation","GOBP_OOCYTE_MATURATION",0.419037000923359,1.07501266593108,0.386329866270431,0.623359521669885,22,"ANG;FBXO5;CDC25B;BRCA2;CCNB1;PABPC1L;EDNRA;AURKA;LSM14B"
"Cytoplasmic Translational Initiation","GOBP_CYTOPLASMIC_TRANSLATIONAL_INITIATION",-0.309139512581192,-1.04655142836536,0.38655462184874,0.623435009362861,46,"GAPDH;EIF3I;EIF3B;EIF4A1;NCBP2;EIF2S2;RPS3;SYNCRIP;RPL13A;IMPACT;EIF2B4;NCK1;MIF4GD;EIF3K;EIF3H"
"Platelet Morphogenesis","GOBP_PLATELET_MORPHOGENESIS",-0.350343515542105,-1.04114998523856,0.387692307692308,0.624893548091657,23,"C1GALT1C1;CASP3;PTPN11;CIB1"
"Response to Mineralocorticoid","GOBP_RESPONSE_TO_MINERALOCORTICOID",0.418781954039279,1.07435835943741,0.387815750371471,0.624893548091657,22,"FOS;FOSB;AVPR1A;SGK1"
"Negative Regulation of Actin Filament Depolymerization","GOBP_NEGATIVE_REGULATION_OF_ACTIN_FILAMENT_DEPOLYMERIZATION",0.379585166275345,1.04602640483018,0.388888888888889,0.626312861232647,32,"PLEKHH2;EPS8;PIK3CA;TMOD2;SPTBN2;TMOD1"
"Positive Regulation of Protein Secretion","GOBP_POSITIVE_REGULATION_OF_PROTEIN_SECRETION",0.313478635200171,1.04316196741011,0.389411764705882,0.626312861232647,107,"SOX4;SYTL4;CASR;IGF1;TGFB2;ABAT;APBB1;ANG;APBB3;FRMD4A;MYRIP;C2CD2L;TCF7L2;TGFB3;PLA2G6;NNAT"
"Reactive Nitrogen Species Metabolic Process","GOBP_REACTIVE_NITROGEN_SPECIES_METABOLIC_PROCESS",0.334638718343755,1.04499760648662,0.389312977099237,0.626312861232647,70,"NOS2;PTGIS;IGF1;INSR;ARG2;ZDHHC21;IL10;DDAH2;ASS1;KLF4;ACP5;CD47;CHRNA7;ESR1;CLU;CX3CR1;AKT1;PTGS2;ROCK2;KLF2"
"t Cell Selection","GOBP_T_CELL_SELECTION",-0.284639410315713,-1.04710970201839,0.389380530973451,0.626312861232647,66,"PSMA2;PSMA1;IL6R;PSMB1;PSMA5;RHOA;PSMA6;PSMB3;PSMA4;PSMB9;PSMB4;CD28"
"Cellular Response to Acid Chemical","GOBP_CELLULAR_RESPONSE_TO_ACID_CHEMICAL",0.333424223533641,1.04145876515308,0.39030612244898,0.626735810053867,69,"STAMBPL1;CPEB3;AVPR1A;PIK3CA;DNMT3A;PDGFD;ASS1;COL6A1;FYN;NTRK2;UBR1;EGFR;PDGFC;SESN3;CEBPB;MAT2A;KLF2;CPEB4;SH3BP4;DNMT1;CAPN2"
"Hepatocyte Apoptotic Process","GOBP_HEPATOCYTE_APOPTOTIC_PROCESS",0.448840638899791,1.09018753932487,0.39039039039039,0.626735810053867,17,"KRT18;DNMT3A;KRT8"
"Interstrand Cross Link Repair","GOBP_INTERSTRAND_CROSS_LINK_REPAIR",0.37925158070049,1.0451071399311,0.390277777777778,0.626735810053867,32,"FANCE;FANCG;MCM8;RAD51D;FANCD2;RFWD3;DCLRE1B;FANCL;RAD51AP1;FANCI;FANCC"
"Positive Regulation of Stress Activated Protein Kinase Signaling Cascade","GOBP_POSITIVE_REGULATION_OF_STRESS_ACTIVATED_PROTEIN_KINASE_SIGNALING_CASCADE",0.448149843299305,1.08850966818174,0.39039039039039,0.626735810053867,17,"TGFB2;MAPK8IP2;SEMA4C"
"Regulation of Viral Transcription","GOBP_REGULATION_OF_VIRAL_TRANSCRIPTION",0.438423226082861,1.09056872849979,0.390977443609023,0.627103472968135,19,"ZFP36;TRIM8;TRIM11"
"U2 Type Prespliceosome Assembly","GOBP_U2_TYPE_PRESPLICEOSOME_ASSEMBLY",-0.351283044853614,-1.06360754912069,0.390909090909091,0.627103472968135,24,"SNIP1;SNRPD3;SF3B5;SNRPD2;SNRPD1;SNRPA1;SNRPG;SNRPB2;PHF5A;SNRPB;SF3B3;SNRPE"
"Cd4 Positive Alpha Beta t Cell Activation","GOBP_CD4_POSITIVE_ALPHA_BETA_T_CELL_ACTIVATION",0.310472559224395,1.03798405307666,0.391509433962264,0.62738222651867,116,"TNFSF4;PRKCZ;JUNB;SEMA4A;ARG2;MYB;PIK3R1;FOXP1;SOCS3;ZBTB7B;IL10;PRKCQ;ARMC5;AGER;TMEM98;SOCS5;JAK1;IL18;NFKBIZ;BRD2;LGALS9;CEBPB;SH3RF1;TWSG1;BCL3;HLA-DRB1"
"Hematopoietic Stem Cell Homeostasis","GOBP_HEMATOPOIETIC_STEM_CELL_HOMEOSTASIS",0.426286515951448,1.07776807512018,0.391432791728213,0.62738222651867,20,"SOX4;ZNF251;EXT1;FSTL1;GPRASP2"
"Associative Learning","GOBP_ASSOCIATIVE_LEARNING",0.336924479938925,1.03966068377025,0.391805377720871,0.627558469710406,62,"CLSTN2;FOS;BTG2;NPTX2;BRSK1;SPECC1;ADCY3;NDRG4;SYNGAP1;TUBA1A;CTNS;SRF;CHRNB2;RAG1;LRRN4;GRIN2A;BRAF;CREB1;PIAS1;TSC1;KRAS;GABRA5"
"Cerebral Cortex Radially Oriented Cell Migration","GOBP_CEREBRAL_CORTEX_RADIALLY_ORIENTED_CELL_MIGRATION",0.397348392271714,1.04553168069756,0.392128279883382,0.627558469710406,26,"SYNE2;DAB2IP;SRGAP2;FOXG1;MDGA1;SUN1;DISC1;CDK5R1;COL3A1;WDR47;SUN2;RTN4;SOCS7"
"Lysosomal Transport","GOBP_LYSOSOMAL_TRANSPORT",-0.249401972719102,-1.01774697027756,0.392156862745098,0.627558469710406,117,"PCSK9;MTM1;NCOA4;TRAK2;PIK3C3;SNX27;HOOK3;LIPA;UEVLD;ARL8B;EHD3;PSAP;AKTIP;KIF13A"
"Heparin Proteoglycan Metabolic Process","GOBP_HEPARIN_PROTEOGLYCAN_METABOLIC_PROCESS",0.437652396946428,1.08865130692813,0.392481203007519,0.627754926035959,19,"CSGALNACT1;HPSE;EDNRB;EXT1;IDUA;B3GALT6"
"Negative Regulation of Dna Replication","GOBP_NEGATIVE_REGULATION_OF_DNA_REPLICATION",-0.360179975117798,-1.04926654501629,0.392638036809816,0.627754926035959,21,"CUL2;RBX1;S100A11;GTPBP4;ATR"
"Positive Regulation of Stem Cell Population Maintenance","GOBP_POSITIVE_REGULATION_OF_STEM_CELL_POPULATION_MAINTENANCE",0.355180517487044,1.03374632446502,0.392857142857143,0.627818691345151,42,"ING1;ING2;BCL7A;SAP30L;DPF2;SMARCA2;TEAD4;SS18;ARID1A;KDM2B;SMARCC1;SIN3A;TET1;SMARCD1"
"Ectoderm Development","GOBP_ECTODERM_DEVELOPMENT",0.448339344465564,1.07153047675092,0.394259818731118,0.628626374608605,16,"ZBTB7B;VPS52;ZBTB17;L3MBTL2;SMURF1"
"Hypersensitivity","GOBP_HYPERSENSITIVITY",0.448525680832465,1.07197582043651,0.394259818731118,0.628626374608605,16,"C3;FCGR2B;EXT1;IL20RB"
"Regulation of Dna Metabolic Process","GOBP_REGULATION_OF_DNA_METABOLIC_PROCESS",0.278897380253283,1.02616390171703,0.393814432989691,0.628626374608605,406,"ID3;TNFSF4;DACH1;DPF3;MCM5;PDGFB;POLQ;CCNA2;MCM7;DUSP1;SMARCC2;IER3;PLK1;TSPYL2;BRCA1;TADA3;USP51;BCL7A;FOXM1;CDK2;IL10;PRKCG;FGFR1;CDK1;E2F8;CHEK1;DPF2;SMC6;PRKCQ;SMARCA2;CHTF18;KLF4;TP53;PRKD2;MSH6;CDK9;OGG1;KDM4D;FBXO5;TNFAIP1;AGER;EGFR;MAD2L2;MAP2K7;ATRX;POLG2;BRD7;LMNA;RMI2;ERCC2;CIZ1;EHMT2;RAD52;PDGFA;TRIM28;KDM1A;ATXN7L3;HELB;INO80E;ARID2;DTL;ING5;DBF4B;DFFA;ACD;CDC6;BARD1;NAF1;TADA1;AXIN2;USP37;E2F7;AKT1;XRCC1;ARID1B;SH2B1;SLX4;NEK2;ARID1A;UIMC1;BRD8;ACTR8;SIRT1;RBBP6;CDC7;GLI1;HMGA2;ZCWPW1;DDX11;BRPF3;KAT7;ZBTB38;KCTD13;SMG6;TNKS;SMARCC1;MCM4;NDFIP1;FAM168A;BLM;SPIRE1"
"Regulation of Ketone Biosynthetic Process","GOBP_REGULATION_OF_KETONE_BIOSYNTHETIC_PROCESS",0.44875729298192,1.07252937318621,0.394259818731118,0.628626374608605,16,"EGR1;DGKQ;ADCK2;WNT4;GGCX;CREB1;DAB2"
"v d j Recombination","GOBP_V_D_J_RECOMBINATION",0.44922437843012,1.07364570682762,0.394259818731118,0.628626374608605,16,"HMGB2;RAG1;LIG1;POLB;LIG3;HMGB1"
"Negative Regulation of Response to External Stimulus","GOBP_NEGATIVE_REGULATION_OF_RESPONSE_TO_EXTERNAL_STIMULUS",0.28389461115838,1.03008541247028,0.396642182581322,0.63213719999198,312,"WNT5A;SEMA5A;GRID2;PIM1;NR4A3;PTGIS;ROBO3;PLAT;IGF1;ADAMTS18;NRP1;SYT11;PDGFB;C5;PTPRS;SAMHD1;C1QTNF1;DTX4;DUSP1;SUSD4;ARG2;IER3;SOCS3;IL10;GP1BA;PPM1B;NEO1;FYN;THBS1;KLF4;SERPING1;TNFAIP3;MDK;NLRC3;PPP1R13L;PLK2;RYK;NFATC1;MDGA1;ACP5;FCGR2B;SOCS5;TMSB4X;MAPKBP1;PRKAR1B;ELF4;TYRO3;C1QTNF3;PDGFA"
"Calcium Ion Import Across Plasma Membrane","GOBP_CALCIUM_ION_IMPORT_ACROSS_PLASMA_MEMBRANE",-0.348118808215738,-1.05402693877085,0.396969696969697,0.632191245791246,24,"AKAP5;CACNA2D1;PPP3R1;PPP3CA;CACNA1E;P2RX1;MS4A1"
"Negative Regulation of Intrinsic Apoptotic Signaling Pathway in Response to Dna Damage","GOBP_NEGATIVE_REGULATION_OF_INTRINSIC_APOPTOTIC_SIGNALING_PATHWAY_IN_RESPONSE_TO_DNA_DAMAGE",0.40168984590574,1.04699950576246,0.397037037037037,0.632191245791246,25,"ING2;BCL2;SNAI2;KDM1A;CLU;SIRT1"
"Circadian Regulation of Gene Expression","GOBP_CIRCADIAN_REGULATION_OF_GENE_EXPRESSION",-0.300513450380522,-1.03906412128864,0.397321428571429,0.632356639839034,50,"PPP1CC;MAGED1;NPAS2;RORA;HDAC1;NUDT12;PRMT5;GFPT1"
"Negative Regulation of Cell Cell Adhesion","GOBP_NEGATIVE_REGULATION_OF_CELL_CELL_ADHESION",0.300013471275296,1.03544510911916,0.398190045248869,0.632589446034824,159,"DAPL1;PLA2G5;TNFSF4;ADAMTS18;PAWR;ERBB2;C1QTNF1;ARG2;PAG1;ILDR2;DLG5;NOTCH4;JAG1;ZBTB7B;IRF1;IL10;ASS1;CDH1;FYN;ABCA12;KLF4;SPINT2;MDK;CBLB;MAD2L2;SOCS5"
"Negative Regulation of Coagulation","GOBP_NEGATIVE_REGULATION_OF_COAGULATION",0.368221670934729,1.0380037316259,0.398097826086957,0.632589446034824,36,"PLAT;ADAMTS18;PDGFB;C1QTNF1;GP1BA;THBS1;SERPING1"
"Regulation of Intracellular Steroid Hormone Receptor Signaling Pathway","GOBP_REGULATION_OF_INTRACELLULAR_STEROID_HORMONE_RECEPTOR_SIGNALING_PATHWAY",0.333615254296599,1.03247405845245,0.397932816537468,0.632589446034824,64,"FSHR;IGF1;KANK2;HEYL;BRCA1;FOXP1;PAK1;TRIM68;CYP7B1;TCF7L2"
"Regulation of Microtubule Based Process","GOBP_REGULATION_OF_MICROTUBULE_BASED_PROCESS",0.293083460988364,1.03905167069245,0.39803707742639,0.632589446034824,209,"STMN1;ERBB2;CLIP3;NUMA1;PLK1;BRCA1;CEP120;ARHGEF2;KIF18A;PAK1;POC1A;FEZ1;SKA2;CCNF;CCNL1;APC2;SKA3;KIF9;TACR2;PLK2;MAPRE3;MAP9;GBA2;GSK3A;SPAG5;DIAPH3;AKAP9;PLK4;IGBP1;CLASP1;CYB5D1;CEP70;RSPH4A;CKAP2;FBXL13;CHMP4C;CEP97;PKD1;ATAT1;EFNA5;SIRT1;STMN3;CCDC15;MARK4;ROCK2;DCTN1;CHMP1B;BICD1;MID1;STIL;CEP76;CDK2AP2;HNRNPU;EML3;HAUS4;ATF5;BBS1;TPR;PRKAA2;TTBK2;PRKACA;CDK5R1;BBS2;KAT2B;MID1IP1;GNAI1;MAP1S;HAUS7;HAUS1;MAP6D1;ABL1;WDR47;AURKA;GIT1;TACR1;CKAP5"
"Adrenal Gland Development","GOBP_ADRENAL_GLAND_DEVELOPMENT",0.435629528835009,1.08361946424063,0.398496240601504,0.632788907899849,19,"CDKN1C;INSR;ARMC5;MDK;SMAD4;WT1;WNT4;HMGA2"
"Phosphatidylinositol Mediated Signaling","GOBP_PHOSPHATIDYLINOSITOL_MEDIATED_SIGNALING",0.419973506723163,1.07176367564574,0.399408284023669,0.633949804682787,21,"PLCL1;PIK3CA;FGFR1;PLCB4;PLCB3"
"Positive Regulation of Steroid Biosynthetic Process","GOBP_POSITIVE_REGULATION_OF_STEROID_BIOSYNTHETIC_PROCESS",-0.348723861894161,-1.03633670256929,0.4,0.634601449275362,23,"STAR;STARD4;PRKAA1;MAPK1;ADM;SREBF1;POR"
"Defense Response to Gram Negative Bacterium","GOBP_DEFENSE_RESPONSE_TO_GRAM_NEGATIVE_BACTERIUM",0.356995998013955,1.02620997192118,0.400804289544236,0.63501466588578,40,"NOS2;HMGB2;CXCL6;AQP1;NFKBIZ;OPTN;SELP;SSC5D;PRKD1"
"Negative Regulation of Protein Localization to Membrane","GOBP_NEGATIVE_REGULATION_OF_PROTEIN_LOCALIZATION_TO_MEMBRANE",-0.337891773197689,-1.06033533309698,0.400673400673401,0.63501466588578,29,"MRAP;CSK;CLTC;TMED2;LRRC15;TMBIM1;PKDCC;LYPLA1;PPP2R5A;PID1"
"Recombinational Repair","GOBP_RECOMBINATIONAL_REPAIR",0.300829790633795,1.03609268978862,0.400455062571104,0.63501466588578,157,"MCM5;POLQ;MCM7;SAMHD1;RECQL4;PLK1;BRCA1;GINS2;USP51;RAD54L;CHEK1;MCM8;SMC6;KDM4D;ZMYND8;MAD2L2;MUS81;RAD51B;RAD51D;RMI2;RAD52;TONSL;BRCA2;KDM1A;HELB;ARID2;RFWD3;HUS1B;RBBP8;SLX4;BRD8;CDC7;SWI5;MCM4;BLM;RNF126;RAD51AP1;POLL;RAD21;MORF4L2;WRAP53;TERF2IP;HELLS;MCM3;ABL1;LIG3;BRD9;KAT5;NUCKS1;RNF138;ANKLE1;YEATS4;ACTB;MCM2;ING3;CHD4;CREBBP;FANCB;TOPBP1;RTEL1;POGZ;SETD2;INTS3;GEN1"
"Histone Mrna Metabolic Process","GOBP_HISTONE_MRNA_METABOLIC_PROCESS",-0.334149575357418,-1.04575335271117,0.401315789473684,0.635537617778624,28,"LSM11;SSB;NCBP2;SNRPD3;LSM1;SNRPG;SNRPB;SNRPE;CPSF3;ERI1;SLBP"
"Positive Regulation of Reactive Oxygen Species Metabolic Process","GOBP_POSITIVE_REGULATION_OF_REACTIVE_OXYGEN_SPECIES_METABOLIC_PROCESS",-0.29029000201219,-1.04089810668953,0.401826484018265,0.636058822194298,60,"DUOXA2;SOD2;PARK7;ROMO1;GSTP1;AKR1C1;CBR1;SLC5A3;FOXO3;SOD1;PLCG2;PID1;GRB2;TSPO;CLEC7A;DUOXA1;PRKCD;CD177;SNCA;FAS;TLR4;APP;RAB27A"
"Negative Regulation of Epithelial to Mesenchymal Transition","GOBP_NEGATIVE_REGULATION_OF_EPITHELIAL_TO_MESENCHYMAL_TRANSITION",0.380016043715826,1.03889913946511,0.40225035161744,0.636442177830123,30,"TGFB2;DAB2IP;MARK1;SPSB3;MAD2L2;EFNA1;SPRED3;TRIM62;SFRP1;SMAD7;ZNF750;VASN"
"Cellular Response to Ketone","GOBP_CELLULAR_RESPONSE_TO_KETONE",0.322943194677846,1.03731622699671,0.402469135802469,0.636500849984672,87,"DDIT4;TNFSF4;FOS;BTG2;IGFBP7;ADCY1;AQP1;ASS1;SGK1;PTGER2;ADCY3;MMP14;INHBB;GAS6;ADCY2;SPHK2;FBXO32;AXIN2;AKT1;EFNA5;SIRT1;ADCY6"
"Sphingomyelin Metabolic Process","GOBP_SPHINGOMYELIN_METABOLIC_PROCESS",-0.37612826928568,-1.02337266076453,0.402941176470588,0.636959811000212,16,"SMPDL3A;SPTLC2;OSBP;SGMS2;SGMS1;SPTLC1"
"Regulation of Endothelial Cell Development","GOBP_REGULATION_OF_ENDOTHELIAL_CELL_DEVELOPMENT",0.444931049232676,1.06338465537502,0.403323262839879,0.63716153482791,16,"ZDHHC21;S1PR3;VCL;ROCK2;TNFRSF1A;ADD1;IKBKB;CDH5"
"Sodium Ion Transmembrane Transport","GOBP_SODIUM_ION_TRANSMEMBRANE_TRANSPORT",0.317286387044483,1.03382121665915,0.403614457831325,0.63716153482791,94,"SLC38A4;CAMK2D;FGF12;FXYD6;SLC6A13;SHROOM2;SLC9A7;SCN5A;WNK3;SCN9A"
"Vitamin Biosynthetic Process","GOBP_VITAMIN_BIOSYNTHETIC_PROCESS",-0.356181165977567,-1.01949280188152,0.403560830860534,0.63716153482791,19,"SLC19A3;TPK1;PLTP;PSAT1;PDXK;CYP2R1"
"Leukocyte Proliferation","GOBP_LEUKOCYTE_PROLIFERATION",0.28390627752585,1.0235391009106,0.404029692470838,0.637529735461867,256,"NDP;HES1;PLA2G5;TNFSF11;TNFSF4;CD24;PRLR;IGF1;ACE;PAWR;ERBB2;ARG2;EFNB1;LMBR1L;VCAM1;DLG5;BCL2;ZBTB7B;IRF1;IL10;NPR3;CADM1;FYN;PRKCQ;FOSL2;IGFBP2;ARMC5;TNFAIP3;CBLB;AGER;FCGR2B;ELF4;GPNMB;CSF1;IL18;NCK2;CHRNB2;NFKBIZ;MAD1L1;CLU;IL20RB;LGALS9;MAPK8IP1;CD22;CEBPB"
"Prostanoid Biosynthetic Process","GOBP_PROSTANOID_BIOSYNTHETIC_PROCESS",-0.349647176924567,-1.02762253783193,0.404255319148936,0.637598551543775,22,"SIGMAR1;PTGES;FABP5;PTGES3;CBR1;MIF;PLAA;PNPLA8"
"Neuromuscular Junction Development","GOBP_NEUROMUSCULAR_JUNCTION_DEVELOPMENT",0.346066409513626,1.03867134622822,0.404915912031048,0.637778974750342,51,"COLQ;PPFIBP1;KCNJ8;ERBB2;ANK3;CACNB2;LIN7B;COL4A5;F2R;DAG1;ZC4H2;ERBB3;LAMB2;DCTN1;AGRN"
"Positive Regulation of Mrna Splicing via Spliceosome","GOBP_POSITIVE_REGULATION_OF_MRNA_SPLICING_VIA_SPLICEOSOME",-0.368700976407594,-1.0206905332402,0.404761904761905,0.637778974750342,17,"PRDX6;PRMT5"
"Regulation of Fatty Acid Transport","GOBP_REGULATION_OF_FATTY_ACID_TRANSPORT",-0.354383736852991,-1.032381100743,0.404907975460123,0.637778974750342,21,"FABP3;PTGES;ACSL1;ACSL4;FIS1;MIF;P2RX4"
"Alpha Beta t Cell Differentiation","GOBP_ALPHA_BETA_T_CELL_DIFFERENTIATION",0.305462040479921,1.03096358146309,0.405627198124267,0.638111889225399,127,"ZBTB16;TNFSF4;PRKCZ;JUNB;SEMA4A;MYB;PIK3R1;FOXP1;SOCS3;BCL2;ZBTB7B;IRF1;IL10;FOSL2;PRDM1;ARMC5;TMEM98;SOCS5;JAK1"
"Positive Regulation of Vasoconstriction","GOBP_POSITIVE_REGULATION_OF_VASOCONSTRICTION",0.418291657038386,1.06747163014481,0.405325443786982,0.638111889225399,21,"CASR;GJA5;AVPR1A;OXTR;FAAH;F2R"
"Regulation of Vascular Endothelial Growth Factor Receptor Signaling Pathway","GOBP_REGULATION_OF_VASCULAR_ENDOTHELIAL_GROWTH_FACTOR_RECEPTOR_SIGNALING_PATHWAY",0.386366706956887,1.04642416838066,0.405673758865248,0.638111889225399,29,"NRP1;DAB2IP;GRB10;FZD4;FGF18;PRKD2;CADM4"
"Programmed Necrotic Cell Death","GOBP_PROGRAMMED_NECROTIC_CELL_DEATH",-0.298549988801444,-1.03519858351977,0.405982905982906,0.63831154383219,49,"PELI1;NOL3;PYGL;PPIF;AIFM1;FADD;PGAM5;CASP6;IPMK;ASAH1;SLC25A4;MLKL;TRPM7"
"Cytokinetic Process","GOBP_CYTOKINETIC_PROCESS",0.344843483092713,1.02647533092897,0.40625,0.638444930462091,48,"IQGAP3;ANLN;PLK1;KIF20A;CEP55;CHMP4C;CNTROB;RTKN;ANXA11;CHMP1B;SPIRE1"
"Striated Muscle Adaptation","GOBP_STRIATED_MUSCLE_ADAPTATION",0.385698933118336,1.03619672335886,0.406876790830946,0.639143227928611,28,"FOXO1;IGFBP5;NPPA;APLNR;LMNA;GATA6;SMAD4"
"Negative Regulation of Intracellular Steroid Hormone Receptor Signaling Pathway","GOBP_NEGATIVE_REGULATION_OF_INTRACELLULAR_STEROID_HORMONE_RECEPTOR_SIGNALING_PATHWAY",0.370269750115681,1.02603678576874,0.407407407407407,0.639532682222288,33,"IGF1;KANK2;HEYL;BRCA1;FOXP1;CYP7B1;TCF7L2"
"Positive Regulation of Blood Pressure","GOBP_POSITIVE_REGULATION_OF_BLOOD_PRESSURE",0.41951039671822,1.06063620556882,0.40768094534712,0.639532682222288,20,"ACE;HSD11B2;AVPR1A;OXTR"
"Positive Regulation of Lamellipodium Assembly","GOBP_POSITIVE_REGULATION_OF_LAMELLIPODIUM_ASSEMBLY",0.404385287011163,1.04030847303519,0.40768094534712,0.639532682222288,23,"FSCN1;PIK3CA;PIK3R1;AVIL;AKIRIN1"
"Regulation of Exosomal Secretion","GOBP_REGULATION_OF_EXOSOMAL_SECRETION",0.44190790703566,1.05615934927676,0.40785498489426,0.639532682222288,16,"ATP9A"
"Positive Regulation of Protein Transport","GOBP_POSITIVE_REGULATION_OF_PROTEIN_TRANSPORT",0.29394151704016,1.03652877555594,0.408140814081408,0.63969452873699,196,"SOX4;SYTL4;CASR;JUP;IGF1;CAMK1;TGFB2;ABAT;SMO;APBB1;ANG;PIK3R1;CHP2;APBB3;EFCAB7;FRMD4A;CDK1;MYRIP;CDH1;SEC31B;C2CD2L;PLK3;TCF7L2;TGFB3;PLA2G6;NNAT;GAS6;MAVS;C1QTNF3;FLNA;TRIM28"
"Prostaglandin Transport","GOBP_PROSTAGLANDIN_TRANSPORT",0.44162981820493,1.0726732008525,0.408408408408408,0.639827663083477,17,"NOS2;TNFSF11"
"Cellular Response to Oxidative Stress","GOBP_CELLULAR_RESPONSE_TO_OXIDATIVE_STRESS",-0.227821060650646,-1.00671134193025,0.409090909090909,0.640610395415939,213,"BNIP3;FADS2;MT3;PPIA;NQO1;SOD2;PRDX3;MGST1;CAT;PARK7;BRF2;PYCR1;PPIF;PRDX1;RBX1;PRKAA1;DHRS2;AIFM1;TXN;NUDT2;SRXN1;NCOA7;STAU1;ERN1;ROMO1;PAM"
"t Cell Differentiation","GOBP_T_CELL_DIFFERENTIATION",0.283827651273844,1.0252548648493,0.409714889123548,0.641300829579888,281,"SOX4;ZBTB16;TNFSF4;PRKCZ;FZD5;JUNB;SEMA4A;EGR3;ERBB2;SMARCC2;LMBR1L;MYB;PIK3R1;FOXP1;SOCS3;BCL2;ZFP36L2;ZBTB7B;EGR1;IRF1;IL10;SMARCA2;CDK6;FOSL2;SOX13;PRDM1;ARMC5;TCF7;AMBRA1;MDK;TMEM98;SOCS5;BRD7;JAK1;PATZ1;CCR9;SRF;CHD7;IL18;FANCD2;ARID2;USP44;NCAPH2;NFKBIZ;BRD2;LGALS9;ARID1B;ARID1A;SH3RF1;LAG3;WNT4;KDELR1;RAG1;BCL3;SART1;HLA-DRB1;KAT7"
"Positive Regulation of Tumor Necrosis Factor Superfamily Cytokine Production","GOBP_POSITIVE_REGULATION_OF_TUMOR_NECROSIS_FACTOR_SUPERFAMILY_CYTOKINE_PRODUCTION",0.31044022358932,1.02770788337086,0.410011918951132,0.641479121074505,104,"WNT5A;AKAP12;FZD5;C1QTNF4;ARID5A;PIK3R1;ARHGEF2;TMEM106A;THBS1;LPL;ZBTB20;AGER;TLR3;FCGR2B;SPHK2;MAVS"
"Negative Regulation of Interleukin 12 Production","GOBP_NEGATIVE_REGULATION_OF_INTERLEUKIN_12_PRODUCTION",0.449725489184053,1.05809178525363,0.411585365853659,0.643653364547038,15,"IL10;CMKLR1;THBS1;ACP5"
"Oogenesis","GOBP_OOGENESIS",0.331089179651846,1.02311239165549,0.412451361867704,0.64422090949621,65,"ASPM;IGF1;AMH;ANG;BCL2;MDK;RBM46;FOXL2;INHBB;FBXO5;GDF9;CDC25B;PAQR8;BRCA2"
"Peptidyl Amino Acid Modification","GOBP_PEPTIDYL_AMINO_ACID_MODIFICATION",0.282445570682987,1.02846700973625,0.412133891213389,0.64422090949621,327,"NOS2;HES1;EGR2;SENP7;CBX4;PRLR;PDGFB;NRG1;ERBB2;BCL11A;CLIP3;JMJD7;STK33;CTF1;HIPK3;ARHGEF2;ZDHHC21;DDR1;CDK2;WNK3;EGR1;CSPG4;IL10;MBOAT4;FGFR1;CAPN3;CDK1;BRSK1;CHEK1;FYN;SMC6;TRIM6;CREBL2;ZDHHC15;AGBL5;TOPORS;CADM4;EGFR;MAD2L2;ZDHHC14;RANGAP1;ULK1;SOCS5;NNAT;TTLL3;PAQR3;EHMT2;PDGFA;TRIM28;VKORC1L1;DIP2B;BAG6;MAP3K10;IL18;RWDD3;FGFR2;ZGPAT;AKT1;ZBED1;RAP2B;NLK"
"Regulation of Cell Migration Involved in Sprouting Angiogenesis","GOBP_REGULATION_OF_CELL_MIGRATION_INVOLVED_IN_SPROUTING_ANGIOGENESIS",0.373281784476442,1.02865611645438,0.4125,0.64422090949621,32,"AKT3;NRP1;HDAC5;HMOX1;THBS1;KLF4;PLK2"
"Skeletal Muscle Contraction","GOBP_SKELETAL_MUSCLE_CONTRACTION",0.373056174748173,1.02803440160901,0.413888888888889,0.646101950881363,32,"TNNI3;GSTM2;HOMER1;DDIT3;SCN4A;ATP8A2;TNNC2;PRKD1;CHRNE;STAC2;CHRNB1;DMPK;TNNT1;DMD;STAC3;MYH3"
"Antigen Processing and Presentation of Exogenous Antigen","GOBP_ANTIGEN_PROCESSING_AND_PRESENTATION_OF_EXOGENOUS_ANTIGEN",-0.307463418736442,-1.02652393046183,0.414225941422594,0.646291155227303,44,"HLA-G;B2M;TAP2;HLA-A;HLA-B"
"Positive Regulation of Cell Matrix Adhesion","GOBP_POSITIVE_REGULATION_OF_CELL_MATRIX_ADHESION",0.343539581126161,1.01894783821999,0.41437908496732,0.646291155227303,47,"JUP;NRP1;HPSE;CDK6;FERMT2;CSF1;RRAS;EFEMP2;RIN2;DAG1;WNT4;KDR;SFRP1;EPHA1;TSC1;DISC1"
"Protein Heterooligomerization","GOBP_PROTEIN_HETEROOLIGOMERIZATION",0.40240250708599,1.03520763771161,0.416543574593796,0.649377900223439,23,"ROM1;ZNF777;SYT1;PKD1;MAT2A;CPSF7;PRPH2;CPSF6;NUDT21;COL1A2;TMEM120B;ZNF746;RRM2"
"Leukotriene Metabolic Process","GOBP_LEUKOTRIENE_METABOLIC_PROCESS",0.435787835653372,1.0584836288069,0.417417417417417,0.650450717621536,17,"PLA2G5;MGST2;PLA2G4A;ABCC10;ALOX5"
"Regulation of Receptor Signaling Pathway via Stat","GOBP_REGULATION_OF_RECEPTOR_SIGNALING_PATHWAY_VIA_STAT",0.330423828890932,1.02105636370253,0.417639429312581,0.650507301414838,65,"SOCS2;HES1;PRLR;CISH;SOCS3;IL10;PTPRD;MST1;F2R"
"Walking Behavior","GOBP_WALKING_BEHAVIOR",-0.340249293113105,-1.01115200021324,0.418461538461538,0.65149811965812,23,"UCHL1;AGTPBP1;RNF170;EPHA4"
"Dna Templated Transcription Termination","GOBP_DNA_TEMPLATED_TRANSCRIPTION_TERMINATION",-0.310283417483384,-1.0291365523973,0.41869918699187,0.651578521560427,42,"POLR1C;POLR1B;PRMT5;POLR2H;POLR2L;POLR3G;ZMPSTE24;POLR2F;POLR2K;POLR3B;POLR3H;CRCP;DHX9"
"Immune Response Regulating Cell Surface Receptor Signaling Pathway","GOBP_IMMUNE_RESPONSE_REGULATING_CELL_SURFACE_RECEPTOR_SIGNALING_PATHWAY",0.282203965635903,1.02149690534739,0.41921858500528,0.651807680103638,301,"CACNB3;NOS2;NR4A3;PAK3;CD24;BTNL9;C1QTNF4;EIF2B2;PAWR;MAPK10;DAB2IP;PIK3CA;PIK3R1;FOXP1;BCL2;RFTN1;PAK1;IFI35;CMKLR1;FYN;PRKCQ;FOSL2;C3;DGKZ;PRKD2;TNFAIP3;RNF31;CBLB;LIMK1;MAP2K7;CD47;FCGR2B;PLA2G6;IKBKG;PLEKHA1;DENND1B;BAG6;SPPL3;MASP2;LPXN;NFKBIZ;CMTM3;AKT1;ERMAP;CEACAM1;LGALS9;BLVRA;CD22;RELA;PIGR;NFKBIA;C3AR1"
"Negative Regulation of Gene Expression via Chromosomal Cpg Island Methylation","GOBP_NEGATIVE_REGULATION_OF_GENE_EXPRESSION_VIA_CHROMOSOMAL_CPG_ISLAND_METHYLATION",0.448641595531241,1.05554165412317,0.419207317073171,0.651807680103638,15,"BRCA1;DNMT3A;EHMT2;WT1;CTCF;DNMT1;HELLS;MPHOSPH8;MECP2;UHRF2"
"Cellular Response to Heat","GOBP_CELLULAR_RESPONSE_TO_HEAT",-0.292083222038614,-1.0378414254414,0.420353982300885,0.653283052351375,56,"IRAK1;DNAJA4;HSP90AB1;HSPA6;DNAJA2;LYN;ATR;DHX36;DNAJC2;DNAJC7;PDCD6;GSK3B;RBBP7;HSP90AA1"
"Cell Proliferation in Forebrain","GOBP_CELL_PROLIFERATION_IN_FOREBRAIN",0.431796120150743,1.06084002687036,0.421289355322339,0.653287566044335,18,"CEP120;FGFR1;KIF14;DCT;FGFR2;HMGA2;NUMBL;DISC1"
"Lung Cell Differentiation","GOBP_LUNG_CELL_DIFFERENTIATION",0.425071828995022,1.0573574037352,0.421052631578947,0.653287566044335,19,"SAV1;IGF1;COL6A1;GRHL2;SOX9;GATA6"
"Regulation of Homotypic Cell Cell Adhesion","GOBP_REGULATION_OF_HOMOTYPIC_CELL_CELL_ADHESION",-0.320379770387639,-1.01839636687139,0.421245421245421,0.653287566044335,33,"MAP2K1;CELA2A;TMX1;PDPN;CD9;IL6R;SH2B3;CTNNB1;LYN;F11R"
"Regulation of Monoatomic Ion Transmembrane Transport","GOBP_REGULATION_OF_MONOATOMIC_ION_TRANSMEMBRANE_TRANSPORT",0.29387862200949,1.02423073114862,0.421052631578947,0.653287566044335,176,"CACNB3;CAMK2D;FGF12;FXYD6;ANK2;ANK3;KCNQ1;CACNB2;SCN5A;BCL2;WNK3;NRBP2;CAPN3;KCNIP4;SESTD1;FYN;GOPC;TRPC1;GPR35;HEPH;GSTM2;KCNC1;NPPA;APLNR;CACNB1;KCNIP2;SPHK2;FLNA;VMP1;F2R;CHD7;STIM1;TOR2A;TMEM38A"
"t Helper 1 Cell Differentiation","GOBP_T_HELPER_1_CELL_DIFFERENTIATION",-0.315092397244948,-1.0161135028035,0.421052631578947,0.653287566044335,36,"PSMA2;PSMA1;PSMB8;PSMB1;PSMA5;PSMA6;PSMB3;IL18R1;PSMA4;PSMB9;PSMB4"
"Negative Regulation of Nucleotide Metabolic Process","GOBP_NEGATIVE_REGULATION_OF_NUCLEOTIDE_METABOLIC_PROCESS",0.410014421299006,1.04634829627206,0.421597633136095,0.653476331360947,21,"DDIT4;IER3;TP53"
"Negative Regulation of Vascular Associated Smooth Muscle Cell Proliferation","GOBP_NEGATIVE_REGULATION_OF_VASCULAR_ASSOCIATED_SMOOTH_MUSCLE_CELL_PROLIFERATION",-0.370413491725394,-0.997653050611865,0.421965317919075,0.653756969779089,15,"SOD2;GNA12;PTEN"
"Regulation of Lymphocyte Activation","GOBP_REGULATION_OF_LYMPHOCYTE_ACTIVATION",0.275601484017272,1.01667404653843,0.422722620266121,0.654062428795151,415,"SOX4;DAPL1;HES1;PLA2G5;TNFSF11;ZBTB16;TNFSF4;PRKCZ;CD24;PRLR;IGF1;JUNB;MERTK;PAWR;EGR3;ERBB2;ARG2;SMARCC2;EFNB1;PAG1;VCAM1;ILDR2;DLG5;BCL2;ZFP36L2;ZBTB7B;IRF1;IL10;DDA1;FYN;AXL;HLA-DRB5;PRKCQ;SMARCA2;IGFBP2;SOX13;PRDM1;TCF7;AMBRA1;TNFAIP3;MDK;MMP14;DCAF15;CBLB;AGER;MAD2L2;CD47;FCGR2B;SOCS5;BRD7;GAS6;TYRO3;GPNMB;IL18;NCK2;CHRNB2;FANCD2;ARID2;NFKBIZ;MAD1L1;BRD2;AKT1;IL20RB;LGALS9;ARID1B;MAPK8IP1;CD22;CEBPB;ARID1A;EFNB3;SH3RF1;TWSG1;LAG3;HMGB3;RAG1;SART1;ZNF335"
"Secretory Granule Organization","GOBP_SECRETORY_GRANULE_ORGANIZATION",-0.292640483862626,-1.02600757160967,0.422413793103448,0.654062428795151,52,"HPS5;AP1S1;SRGN;RAB38;AGFG1;ABCA1"
"Viral Transcription","GOBP_VIRAL_TRANSCRIPTION",0.402184260509574,1.03926046978204,0.422619047619048,0.654062428795151,24,"ZFP36;TRIM8;TRIM11;TRIM62;USF2;TRIM32;TRIM21"
"Lung Epithelium Development","GOBP_LUNG_EPITHELIUM_DEVELOPMENT",0.371796571215951,1.02456330033483,0.423611111111111,0.654980930341967,32,"SAV1;IGF1;COL6A1;FOSL2;FOXP2;GRHL2;SOX9;GATA6;FGFR2;PKD1;HMGA2;KLF2"
"Regulation of Calcium Ion Transport","GOBP_REGULATION_OF_CALCIUM_ION_TRANSPORT",0.300285902464966,1.02769251505092,0.42369020501139,0.654980930341967,143,"HOMER2;HES1;CASR;CAMK2D;ADRA2A;PDGFB;ANK2;CACNB2;BCL2;WNK3;CAPN3;SESTD1;INPP5K;FYN;TRPC1;GPR35;GSTM2;HOMER1;NPPA;APLNR;CACNB1;F2R;CHD7;STIM1;TOR2A;TMEM38A"
"3 Utr Mediated Mrna Stabilization","GOBP_3_UTR_MEDIATED_MRNA_STABILIZATION",0.430452941980699,1.05754009641822,0.424287856071964,0.655037620017669,18,"ARID5A;ZFP36;HNRNPA0;ANGEL2;RBM10;RBM24"
"Adipose Tissue Development","GOBP_ADIPOSE_TISSUE_DEVELOPMENT",-0.276557457841123,-1.01567981321262,0.424242424242424,0.655037620017669,65,"NR1H4;CUL4B;BBS4;ERRFI1;RBX1;SPTLC2;LIPA;PRKAA1;TBL1XR1;KLF7;CCDC18;HSD17B1;ARL15"
"Steroid Hormone Secretion","GOBP_STEROID_HORMONE_SECRETION",0.42366309374058,1.05385320385748,0.42406015037594,0.655037620017669,19,"C1QTNF1;KCNQ1;FZD4;GDF9;AGT;CRY2;DAB2;AGTR1"
"Intracellular Mrna Localization","GOBP_INTRACELLULAR_MRNA_LOCALIZATION",0.429987857136517,1.04439608022189,0.424924924924925,0.65532370633706,17,"ZFP36;CASC3;STAU2;MEX3D;KIF5C;BICD1"
"Positive Regulation of Gliogenesis","GOBP_POSITIVE_REGULATION_OF_GLIOGENESIS",0.364254377947174,1.02583523164241,0.425034387895461,0.65532370633706,37,"PTPRZ1;HES1;EGR2;SPINT1;MDK;MAG"
"Positive Regulation of Kinase Activity","GOBP_POSITIVE_REGULATION_OF_KINASE_ACTIVITY",0.307074046176374,1.02509704761188,0.424705882352941,0.65532370633706,114,"WNT5A;PIM1;PRLR;IGF1;TRAF4;CENPE;PDGFB;NRG1;ERBB2;PIK3CA;FGFR1;KIF14;TRAF2;FGF18;SASH1;TLR3;GAS6;PRKAR1B;STRADA;PILRB;MAP3K10"
"Tight Junction Organization","GOBP_TIGHT_JUNCTION_ORGANIZATION",0.334418541531638,1.01860536420139,0.425449871465296,0.655675714801113,58,"FZD5;MYO1C;ACTG1;MPDZ;SNAI2;MICALL2;GRHL2;CLDN11;CLDN18;TGFB3;EXT1;SRF"
"Endosome to Lysosome Transport","GOBP_ENDOSOME_TO_LYSOSOME_TRANSPORT",-0.288136336368357,-1.03236777406229,0.426605504587156,0.655870365772923,61,"MTM1;TRAK2;SNX27;HOOK3;LIPA;UEVLD;ARL8B;AKTIP;KIF13A"
"Negative Regulation of Leukocyte Cell Cell Adhesion","GOBP_NEGATIVE_REGULATION_OF_LEUKOCYTE_CELL_CELL_ADHESION",0.305155394104814,1.02020749782976,0.42688679245283,0.655870365772923,116,"DAPL1;PLA2G5;TNFSF4;PAWR;ERBB2;ARG2;PAG1;ILDR2;DLG5;ZBTB7B;IRF1;IL10;ASS1;FYN;KLF4;MDK;CBLB;SOCS5;GPNMB;MAD1L1;AKT1;IL20RB;LGALS9;CEBPB;TWSG1;LAG3"
"Peptidyl Lysine Modification","GOBP_PEPTIDYL_LYSINE_MODIFICATION",0.308805411715334,1.0191992375883,0.426713947990544,0.655870365772923,100,"EGR2;SENP7;CBX4;BCL11A;JMJD7;EGR1;CAPN3;SMC6;TOPORS;RANGAP1;NNAT;EHMT2;TRIM28;DIP2B;BAG6;RWDD3;ZBED1;RELA;ATAT1;SIRT1"
"Pigment Cell Differentiation","GOBP_PIGMENT_CELL_DIFFERENTIATION",-0.331352184853471,-1.02392896471929,0.426229508196721,0.655870365772923,27,"SOD2;KITLG;RAB38;TYRP1;CD63"
"Regulation of Gtpase Activity","GOBP_REGULATION_OF_GTPASE_ACTIVITY",0.309953120656365,1.02258429571914,0.426190476190476,0.655870365772923,102,"FGD6;DAB2IP;RCC2;ABR;SRGAP2;RALGAPA2;FGD4;NGEF;PLXNB1;ARHGAP44;ARHGAP11A;APC2;NTRK2;RANGAP1;ASAP3;TGM2;PROM2;EVI5L;RGS10"
"Regulation of Macrophage Activation","GOBP_REGULATION_OF_MACROPHAGE_ACTIVATION",0.346842846556427,1.01327798860864,0.42668428005284,0.655870365772923,43,"WNT5A;CALHM2;SYT11;IL10;THBS1;FCGR2B;PLA2G4A;MYO18A;FAM76B;JUND"
"Response to Muscle Stretch","GOBP_RESPONSE_TO_MUSCLE_STRETCH",0.406539342109423,1.04295072035143,0.426448736998514,0.655870365772923,22,"FOS;JUN;PIK3CA;NPPA;RELA;NFKBIA;CDH2;DDR2"
"Positive Regulation of Natural Killer Cell Activation","GOBP_POSITIVE_REGULATION_OF_NATURAL_KILLER_CELL_ACTIVATION",0.420623600065804,1.04629252605808,0.428571428571429,0.657881557530988,19,"AXL;GAS6;IL18"
"Regulation of Stem Cell Population Maintenance","GOBP_REGULATION_OF_STEM_CELL_POPULATION_MAINTENANCE",0.326867691893709,1.01598149908275,0.428571428571429,0.657881557530988,67,"SAV1;SMO;ING1;ING2;BCL7A;SAP30L;PAX8;DPF2;SMARCA2;TEAD4;SS18;DCAF5;ARID1A;KDM2B;HMGA2;TAL1;CNOT3;SMARCC1;SIN3A;TET1"
"Amyloid Beta Metabolic Process","GOBP_AMYLOID_BETA_METABOLIC_PROCESS",-0.288394323390942,-1.02554296967426,0.429184549356223,0.658534155232085,54,"LRP4;APOA1;SPON1;CASP3;APOE;SLC2A13;IDE;EPHA4;PSEN1;BACE2;PSENEN"
"Epithelial Cell Morphogenesis","GOBP_EPITHELIAL_CELL_MORPHOGENESIS",0.369083938923281,1.01415779073406,0.430167597765363,0.65948058149893,31,"ID1;AMOTL2;NOTCH4;SPINT2;GRHL2"
"Negative Regulation of Dna Recombination","GOBP_NEGATIVE_REGULATION_OF_DNA_RECOMBINATION",0.373835671639042,1.02200305484363,0.430379746835443,0.65948058149893,30,"POLQ;PLK1;MSH6;MAD2L2;RMI2;HELB;NDFIP1;BLM;TERF2IP;MSH3;ABL1;KAT5;ANKLE1;FANCB;RTEL1"
"Negative Regulation of Phagocytosis","GOBP_NEGATIVE_REGULATION_OF_PHAGOCYTOSIS",0.428747608792454,1.04138364513206,0.430930930930931,0.65948058149893,17,"SYT11;CNN2;CD47;FCGR2B"
"Pigment Biosynthetic Process","GOBP_PIGMENT_BIOSYNTHETIC_PROCESS",0.340386873486248,1.01952249546546,0.430591259640103,0.65948058149893,50,"WNT5A;CDH3;CITED1;MC1R;TRPC1;DCT;NFE2L1;PMEL"
"Regulation of Dephosphorylation","GOBP_REGULATION_OF_DEPHOSPHORYLATION",0.431252336508011,1.0306925489424,0.430513595166163,0.65948058149893,16,"CHP2;MTMR2;INPP5K;CDK5RAP3;IGBP1;SMG6;MTMR1"
"Regulation of Double Strand Break Repair","GOBP_REGULATION_OF_DOUBLE_STRAND_BREAK_REPAIR",0.304310723584259,1.01996115953121,0.43075117370892,0.65948058149893,118,"DPF3;POLQ;SMARCC2;PLK1;USP51;BCL7A;FOXM1;CHEK1;DPF2;SMARCA2;OGG1;KDM4D;AGER;MAD2L2;BRD7;RMI2;KDM1A;HELB;ARID2;ARID1B;ARID1A;BRD8;SIRT1;HMGA2;ZCWPW1;DDX11;SMARCC1;SPIRE1;SMARCD1;RNF126;MGMT;RAD51AP1;MORF4L2;WRAP53;TERF2IP"
"Cellular Response to Alkaloid","GOBP_CELLULAR_RESPONSE_TO_ALKALOID",0.400201918536757,1.03413801758232,0.431547619047619,0.660082370729029,24,"CRHBP;CCNA2;GSTM2;SLC1A3;TGM2;EHMT2;CASP7;TMEM38A;PPP1R9B"
"Regulation of Gliogenesis","GOBP_REGULATION_OF_GLIOGENESIS",0.334238359429643,1.01364125996109,0.431701030927835,0.660082370729029,56,"PTPRZ1;HES1;EGR2;DAAM2;SPINT1;MDK;MAG;TMEM98;LIN28A"
"Mitophagy","GOBP_MITOPHAGY",-0.259562395142708,-1.00419159874157,0.432291666666667,0.660623990759185,87,"BNIP3;VDAC1;HK2;EIF2AK1;NIPSNAP1;RBX1;FBXW7;ULK3;ATG4A;GABARAPL2;TIMM23;ARHGAP26;ATG4C;SNX7;SKP1;SLC25A4;PARL;SREBF1;NOD2"
"t Cell Migration","GOBP_T_CELL_MIGRATION",-0.286538889171616,-1.02396459119749,0.432432432432432,0.660623990759185,59,"P4HB;CCR2;S1PR1;RHOA;FADD;CRKL;SLC12A2;CD99L2;F11R;CCL20;CCL26;OXSR1;CRK"
"Regulation of Protein Localization to Cell Periphery","GOBP_REGULATION_OF_PROTEIN_LOCALIZATION_TO_CELL_PERIPHERY",0.300779745092985,1.02236249625324,0.43287037037037,0.661004754754755,131,"CAMK2D;GPC4;IQSEC2;SORBS1;TMEM108;CLIP3;KIF2C;NUMA1;PLK1;PIK3R1;ITGA3;MEST;ARHGAP44;WNK3;EFCAB7"
"Synaptic Vesicle Localization","GOBP_SYNAPTIC_VESICLE_LOCALIZATION",0.339037351878576,1.01548042526737,0.433161953727506,0.661161796909566,50,"PCDH17;LIN7B;RAB3A;SYNDIG1;BRSK1;BSN;DNM3;BTBD8;DTNBP1;KIF5C;SYN3;KIFC2;SYN1;CDH2"
"Cerebellar Cortex Formation","GOBP_CEREBELLAR_CORTEX_FORMATION",-0.358213878091242,-0.991658654678467,0.43452380952381,0.661511040748329,17,"CCDC134;MAP2K1;RORA;PTPN11;AGTPBP1"
"Myeloid Leukocyte Activation","GOBP_MYELOID_LEUKOCYTE_ACTIVATION",0.290086909888457,1.02277451618189,0.434399117971334,0.661511040748329,198,"WNT5A;NR4A3;NR4A1;CALHM2;JUN;SYT11;C1QTNF4;KCNJ8;GAB2;CXCL6;FOXP1;TMEM106A;IFI35;IL10;FN1;CRTC3;THBS1;ADORA3;AGER;FCGR2B;DNASE1;SPHK2;CSF1;IL18;PLA2G4A;MYO18A;NFKBIZ;CLU;CX3CR1;LGALS9;FAM76B;JUND"
"Positive Regulation of Lymphocyte Migration","GOBP_POSITIVE_REGULATION_OF_LYMPHOCYTE_MIGRATION",-0.317407324940198,-1.01659343229327,0.434456928838951,0.661511040748329,34,"P4HB;CCR2;RHOA;FADD;NEDD9;CD99L2;CCL20;PTK2B;OXSR1"
"Regulation of Mitochondrial Membrane Permeability Involved in Apoptotic Process","GOBP_REGULATION_OF_MITOCHONDRIAL_MEMBRANE_PERMEABILITY_INVOLVED_IN_APOPTOTIC_PROCESS",-0.317331997414713,-1.01635217299753,0.434456928838951,0.661511040748329,34,"BNIP3;NOL3;RHOT1;CASP6;MTCH2;VDAC2;GSK3B"
"Regulation of Protein Localization to Nucleus","GOBP_REGULATION_OF_PROTEIN_LOCALIZATION_TO_NUCLEUS",0.3017050069937,1.02147500951994,0.434225844004657,0.661511040748329,129,"JUP;TGFB2;SMO;PLK1;PIK3R1;CHP2;EFCAB7;CDK1;TRIM8;SUFU;CDH1;FYN;PKIA;TESK1;CDK5RAP3;CLDN18;TCF7L2;TMEM98;LMNA;JAK1;MAVS;FERMT2;FLNA;TRIM28"
"Tertiary Alcohol Metabolic Process","GOBP_TERTIARY_ALCOHOL_METABOLIC_PROCESS",-0.359017149730586,-0.993882385588776,0.43452380952381,0.661511040748329,17,"CYP11A1;AKR1B1;AKR1C2;AKR1C1;AKR1A1;BMP2;AKR7A2;CBR4"
"Cell Cell Adhesion Mediated by Integrin","GOBP_CELL_CELL_ADHESION_MEDIATED_BY_INTEGRIN",0.396899510395628,1.0256044607698,0.436011904761905,0.66331917505444,24,"NPNT;VCAM1"
"Proteoglycan Catabolic Process","GOBP_PROTEOGLYCAN_CATABOLIC_PROCESS",0.417957329712366,1.03966023356946,0.43609022556391,0.66331917505444,19,"ADAMTS12;ADAMTS4;IDS;HPSE;IDUA;GPC1;SULF2;HGSNAT"
"Negative Regulation of Endothelial Cell Migration","GOBP_NEGATIVE_REGULATION_OF_ENDOTHELIAL_CELL_MIGRATION",0.344941649368384,1.00394628824898,0.436507936507937,0.663666363536155,42,"JUP;PTPRM;DAB2IP;HDAC5;THBS1;KLF4;PATZ1;MMRN2;NR2F2"
"Negative Regulation of Smooth Muscle Cell Migration","GOBP_NEGATIVE_REGULATION_OF_SMOOTH_MUSCLE_CELL_MIGRATION",0.417577538562823,1.03871551092155,0.437593984962406,0.664740559116786,19,"IGFBP3;IGFBP5;MYOCD"
"Neutrophil Migration","GOBP_NEUTROPHIL_MIGRATION",-0.266027519568025,-1.01116597715278,0.4375,0.664740559116786,78,"TNFAIP6;PPIA;CXADR;C1QBP;CAMK1D;PPIB;SLIT2;CD99L2;MPP1;BST1;JAGN1;MOSPD2;CXCL5;BSG;RAC3;DNM1L;DPP4;RAC1;CXCL3;CCR7;IL1B;PIKFYVE;SRP54;CD177;IL1R1;S100A8;TREM1;CSF3R;GBF1;S100A9;PDE4B;ADAM8;CXCR1;TIRAP"
"Regulation of Cellular Response to Heat","GOBP_REGULATION_OF_CELLULAR_RESPONSE_TO_HEAT",-0.36702363317091,-0.99860069745595,0.438235294117647,0.665426196486397,16,"ATR;DNAJC2;DNAJC7;GSK3B"
"Negative Regulation of Phosphorus Metabolic Process","GOBP_NEGATIVE_REGULATION_OF_PHOSPHORUS_METABOLIC_PROCESS",-0.238437357910348,-0.993570099862351,0.438461538461538,0.665481269164111,139,"PGK1;APOC1;DEPTOR;PPIA;INHA;PRDX3;LPIN1;PTEN;ERRFI1;EPM2A;NT5DC2;NPM1;CIB1;CDK5RAP1;IL2RG;FIS1;SLIT2;FBP1;LYN;MTCH2;DUSP7;DNAJA1;NPRL2;AIDA"
"Positive Regulation of Myeloid Leukocyte Differentiation","GOBP_POSITIVE_REGULATION_OF_MYELOID_LEUKOCYTE_DIFFERENTIATION",0.339820757940892,1.01152448013677,0.438802083333333,0.665709700267071,48,"TNFSF11;FOS;CD101;KLF10;CTNNBIP1;CSF1;HLA-DRB1;RB1;TRAF6;ACIN1;CREB1;RUNX1"
"Xenobiotic Catabolic Process","GOBP_XENOBIOTIC_CATABOLIC_PROCESS",0.42374274961438,1.04105444423657,0.43928035982009,0.666146796731504,18,"GSTM4;CYP3A4;CYP3A5;GSTM2;NR1I2"
"Negative Regulation of Extrinsic Apoptotic Signaling Pathway via Death Domain Receptors","GOBP_NEGATIVE_REGULATION_OF_EXTRINSIC_APOPTOTIC_SIGNALING_PATHWAY_VIA_DEATH_DOMAIN_RECEPTORS",0.391695388448929,1.02094907873698,0.44,0.666660899653979,25,"BRCA1;HMGB2;ARHGEF2;HMOX1;TNFAIP3"
"Regulation of Muscle Organ Development","GOBP_REGULATION_OF_MUSCLE_ORGAN_DEVELOPMENT",-0.337028604718455,-1.00158076647895,0.44,0.666660899653979,23,"MTM1;IGF2;PRKAA1;LOX;CTNNB1;NACA"
"Intracellular Receptor Signaling Pathway","GOBP_INTRACELLULAR_RECEPTOR_SIGNALING_PATHWAY",0.27659243314833,1.0098803099763,0.440290758047767,0.666813024401785,337,"FSHR;CALCOCO1;AHRR;CASR;PIM1;NR4A3;PTGIS;NR4A1;IGF1;PLIN5;ESR2;KANK2;PTPRS;HEYL;NR3C2;KCNJ8;GREB1L;ALDH1A2;BRCA1;FOXP1;TADA3;RFTN1;PAK1;MN1;HUWE1;IRF1;ZDHHC1;GRAMD4;KCNK6;TRIM11;ZCCHC3;SNAI2;NR4A2;TNFAIP3;SPSB3;TSPAN6;NLRC3;TRIM68;RARG;CYP7B1;TLR3;TCF7L2;NR1I2;IRF7;MAVS;PAQR3;PAQR8"
"Positive Regulation of Alpha Beta t Cell Activation","GOBP_POSITIVE_REGULATION_OF_ALPHA_BETA_T_CELL_ACTIVATION",0.327576056768495,1.01081389879546,0.441741357234315,0.668528598472217,62,"ZBTB16;TNFSF4;PRKCZ;ZBTB7B;PRKCQ;SOCS5;IL18;NFKBIZ;BRD2;LGALS9"
"Regeneration","GOBP_REGENERATION",0.302715306206018,1.0129815418066,0.441805225653207,0.668528598472217,120,"HOPX;MATN2;IGF1;JUN;PTPRS;CCNA2;IGFBP1;BCL2;IL10;CAPN3;NEO1;COL6A1;CPT1A;KLF4;MDK;MAG;CSPG5;ULK1;GAS6;SOX15;PTCH1;AKIRIN1;BCL9;DAG1;CEBPB;CCNB1;IFRD1;TAT;LAMB2;GLI1;PTGFRN;OMG;SULF2"
"Negative Regulation of Lymphocyte Differentiation","GOBP_NEGATIVE_REGULATION_OF_LYMPHOCYTE_DIFFERENTIATION",-0.286910667525461,-1.02026702379443,0.44206008583691,0.668625423439851,54,"INHA;PSMA2;PSMA1;PSMB8;PSMB1;PSMA5;PSMA6;PSMB3;PSMA4;PSMB9;PRDX2;PSMB4"
"Neuroinflammatory Response","GOBP_NEUROINFLAMMATORY_RESPONSE",0.321568854848017,1.00442822939623,0.442602040816327,0.668867536229332,69,"CALHM2;IGF1;JUN;SYT11;KCNJ8;SMO;ADCY1"
"Positive Regulation of Proteasomal Ubiquitin Dependent Protein Catabolic Process","GOBP_POSITIVE_REGULATION_OF_PROTEASOMAL_UBIQUITIN_DEPENDENT_PROTEIN_CATABOLIC_PROCESS",0.32355451004307,1.00823449647113,0.442455242966752,0.668867536229332,68,"PRICKLE1;TF;PLK1;DDA1;CDC20;CSNK1E;GSK3A;AXIN1;PLK3;SOCS5;PAQR3;FZR1;CLU;AXIN2;AKT1;RNF180;SIRT1"
"Regulation of Jun Kinase Activity","GOBP_REGULATION_OF_JUN_KINASE_ACTIVITY",0.416579733694358,1.03623349189985,0.443609022556391,0.670100218203983,19,"HIPK3;TRAF2;SASH1;NPPA;MAP3K10;MAPK8IP1;ARHGEF5;TRAF6;MAP3K4;MAP4K2"
"Lymphocyte Differentiation","GOBP_LYMPHOCYTE_DIFFERENTIATION",0.276411686769274,1.01138370968808,0.443866943866944,0.670200820847373,365,"SOX4;ZBTB16;TNFSF4;PRKCZ;FZD5;JUNB;SEMA4A;IRF2BP2;MERTK;EGR3;ERBB2;SMARCC2;LMBR1L;MYB;VCAM1;PIK3R1;FOXP1;HDAC5;SOCS3;BCL2;ZFP36L2;ZBTB7B;EGR1;IRF1;IL10;CFB;AXL;SMARCA2;CDK6;FOSL2;SOX13;PRDM1;ARMC5;TCF7;AMBRA1;MDK;MMP14;FCGR2B;TMEM98;SOCS5;BRD7;GAS6;JAK1;PATZ1;TYRO3;CCR9;SRF;CHD7;IL18;FANCD2;ARID2;USP44;KLF6;NCAPH2;POLM;NFKBIZ;BRD2;LGALS9;ARID1B;ARID1A;SH3RF1;LAG3;WNT4;KDELR1;HMGB3;IL11;RAG1;BCL3;SART1;HLA-DRB1;KAT7"
"Cellular Response to Fatty Acid","GOBP_CELLULAR_RESPONSE_TO_FATTY_ACID",0.378721520765803,1.01745160586848,0.444126074498567,0.670303161985559,28,"ID3;HES1;IRS1;ASS1;LPL;CPT1A"
"Energy Homeostasis","GOBP_ENERGY_HOMEOSTASIS",0.322294067189065,0.999846205867996,0.444587628865979,0.670422067979994,66,"FOXO1;NR4A3;C1QTNF4;PIK3CA;SLC25A25;BCL7A;CRTC1;CRTC3;COL6A1"
"Neurotrophin Signaling Pathway","GOBP_NEUROTROPHIN_SIGNALING_PATHWAY",0.365396668872614,1.00692702938895,0.444444444444444,0.670422067979994,32,"DDIT4;PPP2R5B;TMEM108;KIDINS220;NTRK2;ZFYVE27;SORT1;AGT"
"Developmental Induction","GOBP_DEVELOPMENTAL_INDUCTION",-0.346092765613666,-0.990616902378893,0.445103857566766,0.670514916032225,19,"WNT2B;ROBO1;CTNNB1;FGF2"
"Negative Regulation of Rna Splicing","GOBP_NEGATIVE_REGULATION_OF_RNA_SPLICING",-0.315190993117457,-1.00902820433108,0.445283018867925,0.670514916032225,35,"C1QBP;NPM1;RPS13;SAP18;SNRPD3;SNRPD2;HNRNPK;SNRPD1;SNRPG;TMBIM6;SNRPB;SNRNP200"
"Regulation of Lymphocyte Migration","GOBP_REGULATION_OF_LYMPHOCYTE_MIGRATION",-0.294393239157574,-1.02050345895442,0.445414847161572,0.670514916032225,51,"P4HB;CCR2;MIA3;RHOA;FADD;CRKL;NEDD9;CD99L2;CCL20;PTK2B"
"Response to Muscle Activity","GOBP_RESPONSE_TO_MUSCLE_ACTIVITY",-0.347173595342236,-0.993710547505558,0.445103857566766,0.670514916032225,19,"SLC7A5;RYR2;ITGA5;FIS1"
"Basic Amino Acid Transport","GOBP_BASIC_AMINO_ACID_TRANSPORT",-0.363684337063977,-0.989515115166367,0.447058823529412,0.672358707914264,16,"SLC7A5;SLC15A4;SLC7A4;SLC7A6;SLC3A2;SLC7A2;CLN3;SLC7A1;SLC11A1;SLC38A9"
"Epithelial Structure Maintenance","GOBP_EPITHELIAL_STRUCTURE_MAINTENANCE",0.389789772663984,1.0159821152816,0.447407407407407,0.672358707914264,25,"LDB1;SOX9;NR1I2;LDB2;SLC22A5;SRF;CROCC"
"Icosanoid Biosynthetic Process","GOBP_ICOSANOID_BIOSYNTHETIC_PROCESS",-0.310163412527885,-1.01182869664727,0.447272727272727,0.672358707914264,37,"FADS1;SIGMAR1;PTGES;LTA4H;FABP5"
"Response to Ketone","GOBP_RESPONSE_TO_KETONE",0.294214239725528,1.01330796517561,0.447098976109215,0.672358707914264,157,"GABRB1;DDIT4;TNFSF4;FOS;FOSB;BTG2;TGFB2;IGFBP7;DUSP1;AVPR1A;PIK3CA;FOXP1;F5;NASP;ADCY1;AQP1;ASS1;SGK1;THBS1;PTGER2;ADCY3;MMP14;INHBB;TGFB3;GAS6;ADCY2;SPHK2;FBXO32;PPP1R9B;AXIN2;AKT1;CLDN4;JUND;SH3RF1;EFNA5;SIRT1;ADCY6;TAT;PRKD1;SCN11A;CPS1;SFRP1;SIN3A;UCP3"
"Negative Regulation of Endothelial Cell Apoptotic Process","GOBP_NEGATIVE_REGULATION_OF_ENDOTHELIAL_CELL_APOPTOTIC_PROCESS",0.379165342842821,1.0093436720278,0.447632711621234,0.672408828820404,27,"SEMA5A;NDNF;IL10;TNFAIP3;GAS6"
"Fibrinolysis","GOBP_FIBRINOLYSIS",0.420538571748109,1.03318239542667,0.449775112443778,0.675208318071936,18,"PLAT;GP1BA;THBS1;SERPING1"
"Negative Regulation of Protein Secretion","GOBP_NEGATIVE_REGULATION_OF_PROTEIN_SECRETION",0.341336244998519,1.0048075683537,0.45,0.675208318071936,45,"SYTL4;FOXO1;IRS1;ADRA2A;FRMD4A;NEO1;INHBB;GNAO1;RHBDF1;F2R"
"Positive Regulation of Cell Cell Adhesion","GOBP_POSITIVE_REGULATION_OF_CELL_CELL_ADHESION",0.278909235506439,1.00431522145882,0.450267379679144,0.675208318071936,265,"SOX4;WNT5A;HES1;TNFSF11;NR4A3;ZBTB16;TNFSF4;PRKCZ;CD24;IGF1;EGR3;ANK3;SMARCC2;EFNB1;VCAM1;FSTL3;SELE;ZBTB7B;IL10;FYN;HLA-DRB5;PRKCQ;SMARCA2;IGFBP2;SOX13;AMBRA1;MDK;AGER;CD47;SOCS5;BRD7;JAK1;IL18;KIF26B;NCK2;ARID2;NFKBIZ;ALOX5;BRD2;AKT1;LGALS9;ARID1B;SELP;TJP1;RELA;ARID1A;EFNB3"
"Regulation of Calcium Mediated Signaling","GOBP_REGULATION_OF_CALCIUM_MEDIATED_SIGNALING",0.322282682604894,1.00661057085723,0.450255102040816,0.675208318071936,72,"HOMER2;IGF1;INPP5A;CHP2;PDK2;CMKLR1;CAMTA1"
"Entrainment of Circadian Clock","GOBP_ENTRAINMENT_OF_CIRCADIAN_CLOCK",0.391665938907875,1.01208069940701,0.450892857142857,0.675856944189743,24,"SIK1;CRTC1;TP53;RBM4B;PER3;GNA11;CRY2;PER2;RBM4;PDE6B;PER1;MTA1"
"Antibacterial Humoral Response","GOBP_ANTIBACTERIAL_HUMORAL_RESPONSE",0.423967953236013,1.0132828819644,0.45166163141994,0.676719715510714,16,"TF;ANG;RNASE4;PLA2G6"
"Positive Regulation of Intracellular Protein Transport","GOBP_POSITIVE_REGULATION_OF_INTRACELLULAR_PROTEIN_TRANSPORT",0.317365671889382,1.01234216416699,0.452054794520548,0.677019215564549,82,"JUP;CAMK1;SMO;PIK3R1;CHP2;EFCAB7;CDK1;CDH1;SEC31B;PLK3;GAS6;MAVS;FLNA;TRIM28"
"Regulation of Circadian Rhythm","GOBP_REGULATION_OF_CIRCADIAN_RHYTHM",0.314318384346609,1.01027542260036,0.452292441140025,0.677085650133977,88,"SIK1;NPY2R;MAPK10;NONO;ADCY1;CRTC1;PRKCG;CDK1;TOP2A;KLF10;TP53;CSNK1E;RBM4B"
"Regulation of Potassium Ion Transmembrane Transport","GOBP_REGULATION_OF_POTASSIUM_ION_TRANSMEMBRANE_TRANSPORT",0.340651725136894,1.0027925150222,0.452631578947368,0.677303896220688,45,"ANK2;ANK3;KCNQ1;KCNIP4;KCNC1;NPPA;KCNIP2;FLNA;KCNIP3;KCNG1"
"Calcium Ion Transport into Cytosol","GOBP_CALCIUM_ION_TRANSPORT_INTO_CYTOSOL",-0.361671650069105,-0.984038981056216,0.452941176470588,0.677477771638117,16,"TRPC3;RYR2;ASPH;CACNA2D1"
"Host Mediated Perturbation of Viral Process","GOBP_HOST_MEDIATED_PERTURBATION_OF_VIRAL_PROCESS",-0.271277247188807,-1.00172956030184,0.453333333333333,0.67777493242282,67,"STOM;PIK3C3;APOE;FASN;VAPB;HDAC1;EIF2AK4;PPIB;EEA1;EEF1A1;PTX3;ZDHHC9"
"Melanocyte Differentiation","GOBP_MELANOCYTE_DIFFERENTIATION",0.419493700263726,1.03061534713271,0.454272863568216,0.678311100204373,18,"ENPP1;CITED1;BCL2;EDNRB"
"Regulation of Hormone Metabolic Process","GOBP_REGULATION_OF_HORMONE_METABOLIC_PROCESS",-0.316215613376403,-1.00515969351279,0.454212454212454,0.678311100204373,33,"DUOXA2;STC2;DUOX2;NR3C1"
"Regulation of Keratinocyte Proliferation","GOBP_REGULATION_OF_KERATINOCYTE_PROLIFERATION",0.36467906560813,1.00205421179538,0.45391061452514,0.678311100204373,31,"CDH3;ZFP36;PTPRK;SNAI2;REG3G;MDK"
"Negative Regulation of Inflammatory Response","GOBP_NEGATIVE_REGULATION_OF_INFLAMMATORY_RESPONSE",-0.240465840835822,-0.994914657931479,0.454545454545455,0.678428942169888,144,"ENPP3;TNFAIP6;NR1H4;MVK;APOA1;PSMA1;TEK;LPCAT3;RORA;DSG2;APOE;IL1RAP;IL33;DUSP10"
"Negative Regulation of Mrna Catabolic Process","GOBP_NEGATIVE_REGULATION_OF_MRNA_CATABOLIC_PROCESS",0.324121930317932,1.003094074743,0.454780361757106,0.678490463047335,64,"FBLL1;ARID5A;TOB1;ZFP36;EIF4ENIF1;TRAF2;DND1;RBM46;SECISBP2;HNRNPA0;DHX34;ANGEL2;AXIN2;RBM10;FAM76B;E2F1"
"Antimicrobial Humoral Response","GOBP_ANTIMICROBIAL_HUMORAL_RESPONSE",-0.287005534558639,-1.01743580747008,0.455357142857143,0.678772796352584,55,"CXCL14;GAPDH;STATH;B2M;HLA-A;NTS"
"Glucan Metabolic Process","GOBP_GLUCAN_METABOLIC_PROCESS",0.321436754319622,1.00396841724457,0.455357142857143,0.678772796352584,72,"PPP1R1A;IRS1;IGF1;PYGM;SORBS1;ENPP1;INSR;GRB10;INPP5K;WDR45;GSK3A"
"Response to Hydrogen Peroxide","GOBP_RESPONSE_TO_HYDROGEN_PEROXIDE",0.315222633557498,1.0055062387505,0.455790784557908,0.679130207701553,82,"NR4A3;MAP1LC3A;FCHSD1;DUSP1;MAP3K5;HMOX1;BCL2;RHOB;AQP1;CDK1;PDGFD;FYN;KLF4;TNFAIP3;NPPA"
"Response to Sterol","GOBP_RESPONSE_TO_STEROL",0.383111511608443,1.00807057589062,0.456268221574344,0.679552542591381,26,"SMO;LRP6;NFE2L1;INHBB;GPR155;OSBPL7;PTCH1;DAG1"
"Regulation of Organic Acid Transport","GOBP_REGULATION_OF_ORGANIC_ACID_TRANSPORT",-0.297688818559244,-1.00658239031947,0.458677685950413,0.682850800630811,45,"FABP3;SLC7A5;PTGES;ACSL1;RGS2;ACSL4;FIS1;RAB3GAP1;SLC12A2;PSEN1;MIF;P2RX4;ADORA2A"
"Negative Regulation of Leukocyte Mediated Immunity","GOBP_NEGATIVE_REGULATION_OF_LEUKOCYTE_MEDIATED_IMMUNITY",-0.283549917294398,-1.00518562997104,0.459821428571429,0.684262729093337,55,"HLA-G;CCR2;HLA-A;HLA-B;CD46;MICA;PARP3"
"Collagen Metabolic Process","GOBP_COLLAGEN_METABOLIC_PROCESS",0.319531222412017,0.99569745169833,0.460358056265985,0.684464705885582,68,"ID1;TNXB;MMP19;LARP6;MRC2;MMP16;VIM;COL6A1;FOSL2;MMP14;TGFB3;SERPINH1;MMP11;F2R;SMPD3"
"Regulation of Peptidyl Tyrosine Phosphorylation","GOBP_REGULATION_OF_PEPTIDYL_TYROSINE_PHOSPHORYLATION",0.324177991388107,0.996994415925717,0.460543337645537,0.684464705885582,63,"HES1;NRG1;CTF1;ARHGEF2;CSPG4;IL10;CADM4;EGFR;SOCS5;IL18;ZGPAT;RAP2B"
"Regulation of Plasma Membrane Organization","GOBP_REGULATION_OF_PLASMA_MEMBRANE_ORGANIZATION",0.433802077148675,1.02062797261003,0.460365853658537,0.684464705885582,15,"SYTL4;RAB3A;CASP7;ATP10A;ATP8B1"
"Positive Regulation of Ubiquitin Dependent Protein Catabolic Process","GOBP_POSITIVE_REGULATION_OF_UBIQUITIN_DEPENDENT_PROTEIN_CATABOLIC_PROCESS",0.312293492596141,1.00519082583117,0.461159062885327,0.684487396132165,90,"PRICKLE1;TF;L3MBTL3;TGFB1I1;PLK1;DDA1;CDK1;CDC20;CSNK1E;GSK3A;AXIN1;PLK3;CDK5RAP3;SOCS5;IKBKG;ATXN3;PAQR3;FZR1;CLU;AXIN2;AKT1;RNF180;SIRT1"
"Regulation of Camp Pka Signal Transduction","GOBP_REGULATION_OF_CAMP_PKA_SIGNAL_TRANSDUCTION",0.355116628337329,0.991569051221133,0.461224489795918,0.684487396132165,34,"NPY2R;MC1R;PDE9A;PKIA;PDE4C;PRKAR1B"
"Response to Vitamin","GOBP_RESPONSE_TO_VITAMIN",0.319819682531755,0.99216997362132,0.461340206185567,0.684487396132165,66,"CASR;PIM1;LRAT;KANK2;ALDH1A2;F5;DNMT3A;MN1;SNAI2;SCAP"
"Scf Dependent Proteasomal Ubiquitin Dependent Protein Catabolic Process","GOBP_SCF_DEPENDENT_PROTEASOMAL_UBIQUITIN_DEPENDENT_PROTEIN_CATABOLIC_PROCESS",0.320668230670165,1.00122139820296,0.461245235069886,0.684487396132165,71,"FBXO40;FBXO41;FBXO42;FBXO44;FBXO46;KIF14;CCNF;LMO7;FBXO5;FBXL19;FBXO32;FBXW4;TSPAN17;FBXL13;FBXL14;FBXL20;FBXO31;FBXO25;FBXO6;KDM2B"
"Response to Monoamine","GOBP_RESPONSE_TO_MONOAMINE",0.345677520059665,0.993674215194826,0.463806970509383,0.687855977008624,40,"NR4A3;PALM;GSK3A;GNAO1;TGM2;FLNA;CHRNA10;DTNBP1;GNB5;AKT1;ADCY6;PRKD1;GNA11;SIN3A"
"Hematopoietic or Lymphoid Organ Development","GOBP_HEMATOPOIETIC_OR_LYMPHOID_ORGAN_DEVELOPMENT",0.313921227161049,0.995006762430769,0.464824120603015,0.68809131772999,79,"HES1;SLC40A1;LRRC17;LRP5;HAND2;MYB;BCL2"
"Maintenance of Blood Brain Barrier","GOBP_MAINTENANCE_OF_BLOOD_BRAIN_BARRIER",-0.317480263798741,-1.00039943668044,0.465034965034965,0.68809131772999,31,"CLDN1;ANGPT1;CLDN3;CLDN12;SLC12A2;F11R;MFSD2A"
"Negative Regulation of Response to Wounding","GOBP_NEGATIVE_REGULATION_OF_RESPONSE_TO_WOUNDING",-0.27022770443685,-0.994093020204526,0.464601769911504,0.68809131772999,66,"CASK;TMX1;DSG2;APOE;FGG;ANXA2;CD9;PTEN;IL33;PHLDB2;SH2B3;EPHA4;SLC12A2;FGF2;TSPAN8;CD109"
"Positive Regulation of Activated t Cell Proliferation","GOBP_POSITIVE_REGULATION_OF_ACTIVATED_T_CELL_PROLIFERATION",0.412529690267929,1.01350611384806,0.464767616191904,0.68809131772999,18,"CD24;IGF1;IGFBP2;AGER;IL18"
"Positive Regulation of Production of Molecular Mediator of Immune Response","GOBP_POSITIVE_REGULATION_OF_PRODUCTION_OF_MOLECULAR_MEDIATOR_OF_IMMUNE_RESPONSE",0.305590626202485,0.998081813117147,0.465144230769231,0.68809131772999,95,"WNT5A;NR4A3;TNFSF4;SEMA7A;PRKCZ;FZD5;ARID5A;IL10;TRAF2;TRIM6;MAD2L2;SPHK2;MAVS;DENND1B;IL18"
"Regulation of Potassium Ion Transport","GOBP_REGULATION_OF_POTASSIUM_ION_TRANSPORT",0.332763864305805,1.00017429551593,0.464935064935065,0.68809131772999,52,"ADRA2A;ANK2;ANK3;KCNQ1;KCNIP4;KCNC1;NPPA;KCNIP2;FLNA;KCNIP3;KCNG1"
"Peptidyl Cysteine Modification","GOBP_PEPTIDYL_CYSTEINE_MODIFICATION",0.402531690468334,1.01770942541457,0.466765140324963,0.689906450024618,20,"NOS2;CLIP3;ZDHHC21;ZDHHC15;ZDHHC14"
"Positive Regulation of Morphogenesis of an Epithelium","GOBP_POSITIVE_REGULATION_OF_MORPHOGENESIS_OF_AN_EPITHELIUM",-0.328517695501525,-0.994679094462881,0.466666666666667,0.689906450024618,24,"WNT2B;MAGED1;CTNNB1;FGF2;LGR4;ITGAX;LIF"
"Negative Regulation of Type Ii Interferon Production","GOBP_NEGATIVE_REGULATION_OF_TYPE_II_INTERFERON_PRODUCTION",-0.31590099705511,-0.988642665314846,0.467105263157895,0.690117982641124,28,"NR1H4;INHA;C1QBP;IL33"
"Regulation of Calcineurin Mediated Signaling","GOBP_REGULATION_OF_CALCINEURIN_MEDIATED_SIGNALING",0.359034994563865,0.989396103796742,0.468055555555556,0.691230443132846,32,"HOMER2;IGF1;CHP2;CAMTA1"
"Cellular Response to Xenobiotic Stimulus","GOBP_CELLULAR_RESPONSE_TO_XENOBIOTIC_STIMULUS",0.297613185173179,1.0027428985328,0.46830985915493,0.69131455399061,125,"NOS2;AHRR;GSTM4;GSTA1;CRHBP;FMO5;ACSM1;CYP3A4;SULT1C4;PPP1R14A;MCM7;KCNQ1;SLC10A1;CYP2E1;CYP3A5;SUFU;TP53;GSTM2;KCNC1;NR1I2;CYP3A7;GAS6"
"Protein Autoubiquitination","GOBP_PROTEIN_AUTOUBIQUITINATION",0.320415075193065,0.991622082064076,0.468992248062016,0.692030263252418,64,"RNF122;KLHL24;BRCA1;TRAF2;TRIM11;TRIM17;TRIM68;SASH1;UBE4B;RNF11;RNF146;SH3RF1;RAG1;WWP2;UBE2T;TRAF6;CBL"
"Acrosome Assembly","GOBP_ACROSOME_ASSEMBLY",0.40956846918802,1.01879311611007,0.470676691729323,0.694223347843292,19,"AGFG2;CCDC136;CEP70;CHN2;MYCBPAP"
"Excretion","GOBP_EXCRETION",0.415880164916531,0.993953077920174,0.471299093655589,0.694556468269049,16,"MLLT6;EDNRB;MDK;CHRNA7;CHRNB2;KCNMA1;AGT;SCN11A;AGTR1;TRPV1;TACR1"
"t Helper 17 Type Immune Response","GOBP_T_HELPER_17_TYPE_IMMUNE_RESPONSE",-0.283769315712481,-1.01143693207795,0.471111111111111,0.694556468269049,57,"PSMA2;PSMA1;PSMB8;RORA;IL6R;PSMB1;PSMA5;ENTPD7;PSMA6;PSMB3;PSMA4;PSMB9;PSMB4"
"Cerebral Cortex Development","GOBP_CEREBRAL_CORTEX_DEVELOPMENT",0.305654681854313,0.99830397279404,0.472289156626506,0.69572284090103,96,"ASPM;FOS;SYNE2;PTPRS;SMO;DAB2IP;SRGAP2;CEP120;FILIP1;KIF14;FOXP2;MDK;NTRK2;FOXG1;MDGA1;EGFR;TUBA1A;FLNA;KDM1A;FAT4;SUN1;XAB2;PPP1R9B"
"Store Operated Calcium Entry","GOBP_STORE_OPERATED_CALCIUM_ENTRY",0.427442209024479,1.00566479089285,0.472560975609756,0.695830642102133,15,"HOMER2;HOMER1;STIM1"
"Epithelial Tube Branching Involved in Lung Morphogenesis","GOBP_EPITHELIAL_TUBE_BRANCHING_INVOLVED_IN_LUNG_MORPHOGENESIS",0.392919283925077,1.00272186037969,0.473372781065089,0.696440509059641,21,"VANGL2;DLG5;ESRP2;HHIP;SOX9;EXT1;FGFR2;DAG1;CELSR1;HMGA2"
"Regulation of Macrophage Migration","GOBP_REGULATION_OF_MACROPHAGE_MIGRATION",0.356322703996432,0.987388793685425,0.473251028806584,0.696440509059641,33,"C5;CMKLR1;THBS1;MDK;MMP14;CSF1;CX3CR1;AKIRIN1;C3AR1"
"Positive Regulation of g Protein Coupled Receptor Signaling Pathway","GOBP_POSITIVE_REGULATION_OF_G_PROTEIN_COUPLED_RECEPTOR_SIGNALING_PATHWAY",-0.333757788970643,-0.963320770333479,0.473846153846154,0.696551857710062,20,"MRAP;PRMT5;SLC39A14;RGS2"
"Regulation of Translation","GOBP_REGULATION_OF_TRANSLATION",-0.219891611250378,-1.01499121954297,0.4737321429197,0.696551857710062,304,"GAPDH;ACO1;MAPKAPK5;RBM3;LRPPRC;BZW2;CPEB2;PRR16;MRPL13;EIF2AK1;C1QBP;EIF2AK3;MSI2;TACO1;CALR;METAP1;RPS6KA3;EIF3B;EIF2AK4;NPM1;RMND1;EIF5A;POLR2G;CNBP;RPL38;HBS1L;RGS2;SSB;HABP4;CDK5RAP1;DDX1;GUF1;TRUB2;CNOT1;DNAJC1;PAIP2;EPHA4;GSPT1;BANK1;PUS7;NCBP2;DHX36;MAGOH;EIF2S2;LARP1B;RPL5;RPS3;FASTKD3;SAMD4A;PTCD3;CD28;METTL5;SEPSECS;ALKBH3;TRAP1;EIF4EBP1;EEF2K;RBMS3;IREB2;MTG1;EIF4E;SYNCRIP;RPL13A;PRKDC;FOXO3;SHMT2;EIF5B;OTUD6B;ATF4;SRP9;ABCE1;MRPS27;BZW1;PAIP2B;ELP3;EIF4E2;UPF3A;KBTBD8;DHX9;NAT10;CAPRIN1;SERBP1;IMPACT;EIF2B4;CNOT6;RPL26;NCK1;PRMT1;MIF4GD;METTL18;DNAJC3"
"Glycoprotein Catabolic Process","GOBP_GLYCOPROTEIN_CATABOLIC_PROCESS",0.355999248878765,0.986492482687382,0.474622770919067,0.697400824886532,33,"ADAMTS12;ADAMTS4;FBXO44;IDS;HPSE;MAN2B1;IDUA;FBXO6;MAN2B2;GPC1;SULF2;HGSNAT"
"Positive Regulation of Notch Signaling Pathway","GOBP_POSITIVE_REGULATION_OF_NOTCH_SIGNALING_PATHWAY",0.37009486801898,0.994275733336133,0.475644699140401,0.698609384104329,28,"HES1;TGFB2;JAG1"
"Calcium Ion Transmembrane Import into Cytosol","GOBP_CALCIUM_ION_TRANSMEMBRANE_IMPORT_INTO_CYTOSOL",0.298386410344437,0.996677552925395,0.476023391812866,0.698872565599525,112,"CACNB3;CAMK2D;PLCL1;ANK2;BCL2;CAPN3;GP1BA;PLCB4;FYN;TRPC1;GSTM2;APLNR;PLCB3;FLNA;CACNA1G;DDIT3;F2R;CHD7;TMEM38A"
"Liver Morphogenesis","GOBP_LIVER_MORPHOGENESIS",0.392188789780228,1.00085765447816,0.476331360946746,0.698898068001438,21,"LIMS2;TNFAIP3;MDK;CEACAM1;CEBPB;GLI1;SULF2;FGL1;PROX1"
"Regulation of Myeloid Leukocyte Mediated Immunity","GOBP_REGULATION_OF_MYELOID_LEUKOCYTE_MEDIATED_IMMUNITY",0.333794126175664,0.986648946183867,0.476439790575916,0.698898068001438,46,"GAB2;CXCL6;C3;ADORA3;FCGR2B;DNASE1;SPHK2;MAVS;CX3CR1;LGALS9"
"Regulation of Microtubule Cytoskeleton Organization","GOBP_REGULATION_OF_MICROTUBULE_CYTOSKELETON_ORGANIZATION",0.292095757026597,0.995477181032272,0.478211009174312,0.701202664352287,139,"STMN1;CLIP3;NUMA1;PLK1;ARHGEF2;KIF18A;PAK1;SKA2;APC2;SKA3;MAPRE3;MAP9;GBA2;GSK3A;SPAG5;DIAPH3;AKAP9;CLASP1;CEP70;CKAP2;CHMP4C;CEP97;PKD1;ATAT1;EFNA5;STMN3;DCTN1;CHMP1B;BICD1;MID1;STIL;CDK2AP2;HNRNPU;EML3;HAUS4;TPR;PRKAA2;TTBK2;PRKACA;CDK5R1;MID1IP1;GNAI1;MAP1S;HAUS7;HAUS1;MAP6D1;ABL1;WDR47;GIT1;CKAP5"
"Positive Regulation of Establishment of Protein Localization to Mitochondrion","GOBP_POSITIVE_REGULATION_OF_ESTABLISHMENT_OF_PROTEIN_LOCALIZATION_TO_MITOCHONDRION",0.350439916455192,0.985982543678251,0.478968792401628,0.70175975032422,35,"FZD5;HUWE1;ATG13;MICALL2;RNF31;GSK3A"
"Regulation of Lipid Catabolic Process","GOBP_REGULATION_OF_LIPID_CATABOLIC_PROCESS",-0.296243566981414,-1.00289388949276,0.478991596638655,0.70175975032422,46,"IDH1;APOC1;SCARB1;ABHD5;ANGPTL3;PRKAA1;HCAR3"
"Activated t Cell Proliferation","GOBP_ACTIVATED_T_CELL_PROLIFERATION",0.348852018717981,0.981514903502232,0.480325644504749,0.702179025082655,35,"CD24;IGF1;CADM1;FYN;IGFBP2;AGER;IL18;LGALS9"
"Glutamate Secretion","GOBP_GLUTAMATE_SECRETION",0.407384115993325,1.01335958260999,0.479699248120301,0.702179025082655,19,"KCNJ8;AVPR1A;NTRK2;GABBR1;DTNBP1;SLC38A2"
"Intracellular Iron Ion Homeostasis","GOBP_INTRACELLULAR_IRON_ION_HOMEOSTASIS",-0.273222836470247,-0.995703344842239,0.480349344978166,0.702179025082655,63,"BOLA3;ABCB6;ACO1;NCOA4;B2M;SLC46A1;RBX1;SLC39A14;ATP6AP1;MECR;GLRX3;TFRC;HEPHL1;GLRX5;SKP1;IREB2;SLC11A2;BMP2;ATP6V1G1;CISD1;SOD1;FBXL5;ABCB7"
"Neuron Fate Commitment","GOBP_NEURON_FATE_COMMITMENT",0.408441619393774,0.992062494822746,0.48048048048048,0.702179025082655,17,"TGFB2;FOXG1;NOTCH3;EHMT2;SMAD4"
"n Glycan Processing","GOBP_N_GLYCAN_PROCESSING",-0.330514954505154,-0.971392417143032,0.480243161094225,0.702179025082655,22,"HEXB;MGAT4A;MAN2A1;GANAB"
"Sulfur Compound Catabolic Process","GOBP_SULFUR_COMPOUND_CATABOLIC_PROCESS",-0.319983140435568,-0.983312815538808,0.480122324159021,0.702179025082655,25,"NME1;FITM2;ACOT7;SUCLG1;MLYCD;NUDT8;VNN1;TXN2;MTRR"
"Amino Sugar Metabolic Process","GOBP_AMINO_SUGAR_METABOLIC_PROCESS",0.350743768362179,0.979358998887104,0.481632653061224,0.70268377368215,34,"CHST7;CSGALNACT1;CHST1;ST6GAL1"
"Positive Regulation of Receptor Internalization","GOBP_POSITIVE_REGULATION_OF_RECEPTOR_INTERNALIZATION",0.389504102152532,0.999247900121996,0.481426448736999,0.70268377368215,22,"SFRP4;PICK1;INSR;SELE"
"Protein Deglycosylation","GOBP_PROTEIN_DEGLYCOSYLATION",0.422327863488952,0.993632012835494,0.481707317073171,0.70268377368215,15,"RNF103"
"Regulation of Hydrolase Activity","GOBP_REGULATION_OF_HYDROLASE_ACTIVITY",0.294060860456029,0.992483509203145,0.481828839390387,0.70268377368215,127,"PLA2G5;FGD6;PLIN5;DAB2IP;RCC2;ABR;SRGAP2;RALGAPA2;CHP2;FGD4;NGEF;PLXNB1;ARHGAP44;ARHGAP11A;FGFR1;APC2;NTRK2;CDK5RAP3;RANGAP1;ASAP3;TGM2;PROM2;FGFR2;EVI5L"
"Regulation of Lymphocyte Differentiation","GOBP_REGULATION_OF_LYMPHOCYTE_DIFFERENTIATION",0.283975433389049,1.00032127979425,0.481318681318681,0.70268377368215,193,"SOX4;ZBTB16;TNFSF4;PRKCZ;JUNB;EGR3;ERBB2;SMARCC2;ZFP36L2;ZBTB7B;IRF1;IL10;AXL;SMARCA2;SOX13;PRDM1;TCF7;AMBRA1;MDK;MMP14;SOCS5;BRD7;GAS6;IL18;FANCD2;ARID2;NFKBIZ;BRD2;LGALS9;ARID1B;ARID1A;SH3RF1;LAG3;HMGB3;RAG1;SART1;HLA-DRB1;SOX12;SFRP1;SMARCC1;NDFIP1;SMAD7;FBXO7;LOXL3;SMARCD1;BRAF"
"Regulation of Organelle Assembly","GOBP_REGULATION_OF_ORGANELLE_ASSEMBLY",0.280532836873111,0.99966644072118,0.482123510292524,0.70282091408852,220,"PRICKLE1;GRID2;CDKL5;FSCN1;SYNE2;PTPRS;NUMA1;PLK1;BRCA1;WDR44;CEP120;SPTBN2;FEZ1;FGFR1;KCTD17;TCHP;KIF9;WDR45;PHF23;KIF24;PTPRD;PAN2;TESK1;PLK2;SPAG5;ULK1;TBC1D12;PLK4;EHMT2;ARHGEF9;CROCC;SMAD4;EVI5L;DZIP1;AKT1;MNS1;CHMP4C;CEP97;CNTROB;RAB11B;CCDC15;MARK4;TBC1D17;PATL2;CHMP1B;ARHGEF5;STIL;CCP110;CEP76;HNRNPU;IFT140;EML3;MPHOSPH9;TBC1D8;TPR;PRKAA2;TTBK2;TRIM32;KAT2B;MAPK9;NUPR1;WRAP73;MAP4;LRFN4;ATG2A;TSG101;ABL1;SNX18"
"Interferon Mediated Signaling Pathway","GOBP_INTERFERON_MEDIATED_SIGNALING_PATHWAY",-0.260110682986265,-0.990775224729607,0.482412060301508,0.702949021312887,82,"IRAK1;IFNE;PTPN11;AZI2;RBM47;TTLL12;IFIH1;FADD;IFNGR2;USP27X;USP18;IFITM1;NR1H3;IFNGR1;EPG5;DNAJA3;TRIM65;TANK;IFNAR1;IL10RB;RNF185;OAS3;EIF4E2"
"Monocyte Differentiation","GOBP_MONOCYTE_DIFFERENTIATION",0.350614106160633,0.978996951559813,0.482993197278912,0.703339929259013,34,"JUN;FOXP1;CDK6;IRF7;CTNNBIP1;CSF1;HLA-DRB1;PDE2A;ACIN1;IFI16;ZBTB46;PDE1B;CD74;MYH9;THOC5"
"Motor Behavior","GOBP_MOTOR_BEHAVIOR",-0.329652113638251,-0.968856504428991,0.483282674772036,0.703339929259013,22,"NR3C1;MFSD8;PRKAA1;GABRB3"
"Pyrimidine Containing Compound Catabolic Process","GOBP_PYRIMIDINE_CONTAINING_COMPOUND_CATABOLIC_PROCESS",-0.319073789333427,-0.980518366458326,0.483180428134557,0.703339929259013,25,"DPYSL4;ENTPD7;UNG;UPP1;CRMP1"
"Positive Regulation of Apoptotic Signaling Pathway","GOBP_POSITIVE_REGULATION_OF_APOPTOTIC_SIGNALING_PATHWAY",0.295525799559662,0.994008473875994,0.483490566037736,0.703350271108882,123,"WNT5A;TNFSF11;TGFB2;PMAIP1;SKIL;DAB2IP;ATF3;SRPX;TRAF2;TNFSF12;THBS1;TP53;INHBB;BOK;DDIT3;NCK2;WWOX;ING5;CLU;SIRT1;TRIM39;AGT;RBCK1;PPP2R1B;RAD9A;SFRP1"
"Chloride Transport","GOBP_CHLORIDE_TRANSPORT",0.321471230351195,0.989582883562923,0.48469387755102,0.703680872127826,61,"CASR;GABRB1;SLC25A27;SLC12A4;CLIC6;SLC12A5;ANO5;SLC1A3;SLC26A2"
"Erythrocyte Development","GOBP_ERYTHROCYTE_DEVELOPMENT",0.347827291774736,0.978631776236663,0.484396200814111,0.703680872127826,35,"L3MBTL3;DIAPH3;ERCC2;BRD1;SRF;TAL1;KLF2"
"Establishment of Protein Localization to Plasma Membrane","GOBP_ESTABLISHMENT_OF_PROTEIN_LOCALIZATION_TO_PLASMA_MEMBRANE",-0.278368055516492,-0.998149367671971,0.484018264840183,0.703680872127826,60,"CSK;AKAP5;GOLGA7;ACSL3;ATP6AP1;KIF13A;VAMP4;RILPL2;PREPL;SPTBN1;VAMP3;GOLPH3L;PKDCC;LYPLA1;VPS35;CLN3;RAB7A;COMMD1;RAB11A"
"Positive Regulation of Interleukin 10 Production","GOBP_POSITIVE_REGULATION_OF_INTERLEUKIN_10_PRODUCTION",0.35549941118964,0.979653063513561,0.484722222222222,0.703680872127826,32,"TNFSF4;PRKCZ"
"Response to Amine","GOBP_RESPONSE_TO_AMINE",0.349290609143009,0.975301436967316,0.484353741496599,0.703680872127826,34,"FOSB;CDK1;ASS1;NR4A2;KCNC1;GLDC;ADAMTS13;PPP1R9B"
"Activation of Gtpase Activity","GOBP_ACTIVATION_OF_GTPASE_ACTIVITY",0.390628860134898,0.996876746388329,0.485207100591716,0.704092988141168,21,"ABR;RALGAPA2;APC2;RANGAP1"
"Regulation of Cardiac Muscle Contraction by Calcium Ion Signaling","GOBP_REGULATION_OF_CARDIAC_MUSCLE_CONTRACTION_BY_CALCIUM_ION_SIGNALING",0.388275959131183,0.998866138640908,0.485967503692762,0.704321127610983,23,"CAMK2D;ANK2;TNNI3;GSTM2;TMEM38A;CACNA1C"
"Regulation of Endocytic Recycling","GOBP_REGULATION_OF_ENDOCYTIC_RECYCLING",0.405019721695476,1.00747820058077,0.485714285714286,0.704321127610983,19,"ATP9A;ARHGAP44;NDRG4;GRIPAP1;PLA2G4E;RAB11B"
"Regulation of Execution Phase of Apoptosis","GOBP_REGULATION_OF_EXECUTION_PHASE_OF_APOPTOSIS",0.396517172584291,1.00250309089518,0.485967503692762,0.704321127610983,20,"PTGIS;TP53;BOK;FZD3;DFFA"
"Cellular Response to Corticosteroid Stimulus","GOBP_CELLULAR_RESPONSE_TO_CORTICOSTEROID_STIMULUS",0.344958187229564,0.985620998047099,0.486486486486487,0.704620042770332,39,"DDIT4;ZFP36;ZFP36L2;AQP1;ASS1;SGK1;ZNF764;GSK3A;SSTR2;FBXO32;AXIN2"
"Negative Regulation of Translation","GOBP_NEGATIVE_REGULATION_OF_TRANSLATION",0.296520815239116,0.988321014613862,0.486997635933806,0.704620042770332,113,"DAPK1;DAPL1;CPEB3;BTG2;IGFBP5;ANG;TOB1;ZFP36;WTIP;ZFP36L2;CNOT10;EIF4ENIF1;TIA1"
"Negative Regulation of Wound Healing","GOBP_NEGATIVE_REGULATION_OF_WOUND_HEALING",-0.288373509291581,-0.999912441938857,0.487179487179487,0.704620042770332,49,"CASK;TMX1;APOE;FGG;ANXA2;CD9;PTEN;PHLDB2;SH2B3;SLC12A2;FGF2;TSPAN8;CD109"
"Positive Regulation of Calcium Ion Import","GOBP_POSITIVE_REGULATION_OF_CALCIUM_ION_IMPORT",-0.339370736550169,-0.97137652445081,0.486646884272997,0.704620042770332,19,"CASK;AKAP5;STC1;PPP3R1;PPP3CA;P2RX1;GCG;MS4A1"
"Syncytium Formation","GOBP_SYNCYTIUM_FORMATION",-0.25681490119445,-0.991983641477318,0.487179487179487,0.704620042770332,86,"CD9;RPL29;RPL6;RPL38;UBA52;RPLP0;RPL23A;RPL27;KCNH1;CD109;RPL35A;RPL5;RPL39;RPL10A;RPL7A;RPL12;RPL32;DOCK5;RPL35;RPL19;RPL37;RPL13A;RPL28;RPL21;RPL15;RPL11;RPL7;RPL14;RPLP2;RPL36;TCTA;RPL34;RPL31;RPL4;RPL18A;RPL8"
"Golgi Organization","GOBP_GOLGI_ORGANIZATION",-0.240922155960792,-0.991562514637124,0.4875,0.704651146932875,120,"MAP2K1;SYNE1;TMED3;PI4K2B;TMED9;PRMT5;ZW10;LMAN1;MAPK1;EHD3;TMED2;COG6;ARL1;TMED5;LYSMD3;VAMP4;RAB1A;COG2;ZNF501;VCPIP1;PTK2B;BET1;FBXW8;VTI1A;GOLPH3L;USO1;CDC42"
"Regulation of Mitochondrial Membrane Permeability","GOBP_REGULATION_OF_MITOCHONDRIAL_MEMBRANE_PERMEABILITY",-0.29403251998423,-0.994219259661183,0.487603305785124,0.704651146932875,45,"BNIP3;HK2;NOL3;RHOT1;PPIF"
"Endoderm Formation","GOBP_ENDODERM_FORMATION",0.334210364617344,0.983830778917765,0.488157894736842,0.704871024428342,45,"ITGB5;COL11A1;DUSP1;LAMA3;FN1;COL6A1;PAF1;MMP14"
"Response to Metal Ion","GOBP_RESPONSE_TO_METAL_ION",0.276196115221255,0.987679089930426,0.488120950323974,0.704871024428342,240,"WNT5A;CASR;CAMK2D;TF;FOS;CRHBP;MAP1LC3A;FOSB;JUN;JUNB;ABAT;KCNMB2;DUSP1;ANK3;CYBRD1;VCAM1;SCN5A;CHP2;ADCY1;HMOX1;DNMT3A;BCL2;GDI1;KCNMB3;CAPN3;AQP1;CDK1;ASS1;CDH1;THBS1;TRPC1;NFE2L1;DLG4;GSK3A;HOMER1;INHBB;KCNC1;CPNE2;SYT1;KCNIP2;TUBA1A;CACNA1G;STIM1;SMPD3;ADAMTS13;ITPKC;KCNMA1;CRIP1"
"Vasodilation","GOBP_VASODILATION",0.350396964615671,0.987756521494698,0.489130434782609,0.705984306981244,36,"CASR;VSTM4;ADRA2A;KCNJ8;GJA5;EDNRB;NPPA;EXT1"
"Positive Regulation of Phagocytosis","GOBP_POSITIVE_REGULATION_OF_PHAGOCYTOSIS",0.320569444987246,0.979709490841118,0.48974358974359,0.706578169222321,59,"PLA2G5;MERTK;TUB;CFB;C3;CD47;FCGR2B;GAS6;MYO18A;MASP2;C2;RAP1GAP"
"Lymphocyte Homeostasis","GOBP_LYMPHOCYTE_HOMEOSTASIS",-0.260093630400979,-0.987970431110687,0.49009900990099,0.706799848366887,80,"PSMA2;PSMA1;CASP3;PSMB8;BBS4;TSC22D3;PSMB1;WDR37;PSMA5;GPAM;FADD;PSMA6;TCIRG1;LYN;PSMB3;PSMA4;PSMB9;MIF;PSMB4;LAT"
"Response to Osmotic Stress","GOBP_RESPONSE_TO_OSMOTIC_STRESS",-0.265177661971964,-0.997884375434248,0.490384615384615,0.706920702754036,74,"SERPINB6;SLC2A1;AKR1B1;CAB39;CASP3;ERRFI1;LRRC8D;TSC22D3"
"Integrin Mediated Signaling Pathway","GOBP_INTEGRIN_MEDIATED_SIGNALING_PATHWAY",0.29665819564182,0.981423378028021,0.490610328638498,0.706955154759629,99,"SEMA7A;LIMS2;FBLN1;NRP1;ITGB5;RCC2;ITGA9;ITGA3;FN1;PHACTR4;DOCK1;DIAPH3;CD47;FERMT2;FLNA;ADAMTS13;ZNF304"
"Negative Regulation of Activin Receptor Signaling Pathway","GOBP_NEGATIVE_REGULATION_OF_ACTIVIN_RECEPTOR_SIGNALING_PATHWAY",-0.354101468776148,-0.963441974117716,0.491176470588235,0.707189139527574,16,"NOMO1;INHA"
"Positive Regulation of Lipid Storage","GOBP_POSITIVE_REGULATION_OF_LIPID_STORAGE",-0.354337757936699,-0.964084871466011,0.491176470588235,0.707189139527574,16,"PLIN2;SCARB1"
"Methylation","GOBP_METHYLATION",-0.231174300593206,-0.982401616910801,0.491525423728814,0.707400804980293,159,"TRMT61B;LSM11;METTL23;METTL13;HENMT1;PRMT5;TPMT;TYW3;METTL2B;SETD7;PCMT1;TFB2M;SUV39H1;CARM1;RAB6A;GSPT1;COQ5;SETD3;NSUN4;SUV39H2;SNRPD3;BHMT2;METTL2A;COQ3;METTL5;EMG1;SNRPD2;GAMT;FTSJ3;SNRPD1;ASH1L;CAMKMT;SNRPG;TGS1;PRDM15;FTSJ1;METTL22;THUMPD2;FBL;HSD17B10;FAM86C2P"
"Mitotic Cytokinetic Process","GOBP_MITOTIC_CYTOKINETIC_PROCESS",0.348129398388976,0.972059063747465,0.492517006802721,0.708338814907934,34,"IQGAP3;PLK1;KIF20A;CEP55"
"Wound Healing Spreading of Epidermal Cells","GOBP_WOUND_HEALING_SPREADING_OF_EPIDERMAL_CELLS",-0.336846577493053,-0.964151656222669,0.492581602373887,0.708338814907934,19,"ITGA5;PTEN;PHLDB2;COL5A1;ITGAV"
"Protein Localization to Plasma Membrane","GOBP_PROTEIN_LOCALIZATION_TO_PLASMA_MEMBRANE",0.275175148943226,0.987482655385487,0.493033226152197,0.708697329179789,246,"CACNB3;DCHS1;JUP;CAMK2D;PRKCZ;SORBS1;PACS1;ANK2;KRT18;ANK3;CLIP3;CACNB2;TMEM88;LRP6;PIK3R1;ITGA3;MEST;TTC8;ARHGAP44;WNK3;PALM;KCNIP4;INPP5K;CDH1;ABCA12;MMP14;PACS2;EGFR;GRIPAP1;GAS6;ZFYVE27;FLNA;WDR24;TSPAN14;YPEL4;RAMP1;PPP1R9B;MAP7;AKT2;PTCH1;KCNIP3;SCN3B;AKT1;OPTN"
"Cell Surface Receptor Signaling Pathway via Stat","GOBP_CELL_SURFACE_RECEPTOR_SIGNALING_PATHWAY_VIA_STAT",0.295586179126013,0.984874069813791,0.494158878504673,0.70955517763777,110,"SOCS2;HES1;PRLR;IGF1;C1QTNF4;CTF1;CISH;SOCS3;IL10;PTPRD;SOCS5;MST1;JAK1;F2R;IL18"
"Growth Plate Cartilage Development","GOBP_GROWTH_PLATE_CARTILAGE_DEVELOPMENT",0.398233575725835,0.990597802505946,0.494736842105263,0.70955517763777,19,"POC1A;FOSL2;THBS3;RARG;SOX9"
"l Glutamate Import","GOBP_L_GLUTAMATE_IMPORT",-0.311446234586466,-0.979971251721529,0.494845360824742,0.70955517763777,30,"SLC1A2;EPM2A;SLC25A18;RAB3GAP1;SLC38A6;PSEN1;SLC25A13"
"Peroxisome Organization","GOBP_PEROXISOME_ORGANIZATION",-0.309256805957707,-0.983039619625535,0.494505494505495,0.70955517763777,33,"PEX11A;ACOX1;PEX19;FIS1;RAB8B;PEX11B;ABCD3;DNM1L;PEX5L;PEX7;TMEM135;PEX5;MFF;USP9X;PEX3;PEX1;OPA1"
"Telomere Maintenance in Response to Dna Damage","GOBP_TELOMERE_MAINTENANCE_IN_RESPONSE_TO_DNA_DAMAGE",-0.312174123012391,-0.982261565915932,0.494845360824742,0.70955517763777,30,"INO80C;RUVBL1;UCHL5;ACTR5;ACTL6A;RUVBL2"
"t Cell Chemotaxis","GOBP_T_CELL_CHEMOTAXIS",0.397437190728939,0.988616811258697,0.494736842105263,0.70955517763777,19,"WNT5A"
"Amyloid Precursor Protein Catabolic Process","GOBP_AMYLOID_PRECURSOR_PROTEIN_CATABOLIC_PROCESS",-0.279111260548708,-0.986790088774167,0.495689655172414,0.710184401664199,53,"APOA1;SPON1;CASP3;APOE;SLC2A13;FKBP1A;EPHA4;LYN;PSEN1;DHCR24;PSENEN"
"Myeloid Cell Development","GOBP_MYELOID_CELL_DEVELOPMENT",0.313893295568749,0.980068039852499,0.495552731893266,0.710184401664199,71,"TNFSF11;L3MBTL3;MYB;FOXP1;GP1BA;DIAPH3;CLDN18;ERCC2;BRD1;FLNA;SRF"
"Iron Ion Transport","GOBP_IRON_ION_TRANSPORT",-0.298777959897607,-0.991537402011276,0.496062992125984,0.710404191583981,41,"STEAP3;ABCB6;SFXN1;B2M;SLC46A1;SLC41A2;SLC39A14;CLTC;TFRC;DNM2;LMTK2"
"Positive Regulation of Leukocyte Cell Cell Adhesion","GOBP_POSITIVE_REGULATION_OF_LEUKOCYTE_CELL_CELL_ADHESION",0.277873641657712,0.99473665206047,0.496248660235798,0.710404191583981,231,"SOX4;HES1;TNFSF11;NR4A3;ZBTB16;TNFSF4;PRKCZ;CD24;IGF1;EGR3;SMARCC2;EFNB1;VCAM1;SELE;ZBTB7B;FYN;HLA-DRB5;PRKCQ;SMARCA2;IGFBP2;SOX13;AMBRA1;MDK;AGER;CD47;SOCS5;BRD7;IL18;NCK2;ARID2;NFKBIZ;ALOX5;BRD2;AKT1;LGALS9;ARID1B;SELP;RELA;ARID1A;EFNB3"
"Protein Localization to Golgi Apparatus","GOBP_PROTEIN_LOCALIZATION_TO_GOLGI_APPARATUS",0.368835086209394,0.981844378223155,0.497847919655667,0.712111581279625,27,"PACS1;ARL5B;PAQR3;OPTN;GAK"
"Type i Interferon Mediated Signaling Pathway","GOBP_TYPE_I_INTERFERON_MEDIATED_SIGNALING_PATHWAY",-0.275196208434519,-0.993934412471819,0.497737556561086,0.712111581279625,62,"IRAK1;IFNE;PTPN11;AZI2;RBM47;TTLL12;IFIH1;FADD;USP27X;USP18;IFITM1;TRIM65;TANK;IFNAR1;RNF185;OAS3;EIF4E2"
"Regulation of Programmed Necrotic Cell Death","GOBP_REGULATION_OF_PROGRAMMED_NECROTIC_CELL_DEATH",-0.310132367385342,-0.975837144634342,0.498281786941581,0.712150591455062,30,"PELI1;NOL3;AIFM1;FADD;CASP6;ASAH1;SLC25A4"
"Temperature Homeostasis","GOBP_TEMPERATURE_HOMEOSTASIS",0.290069956728299,0.987493010206302,0.498265895953757,0.712150591455062,138,"ID1;FOXO1;TNFSF11;PLCL1;PRLR;MFAP2;GATM;ABAT;GRB10;SLC25A44;ADAMTS5;ZBTB7B;EGR1;NPR3;CMKLR1;OXTR;EDNRB;ZNF423;ARRDC3;ACVR2B;KDM1A;DDIT3;IL18;GADD45G;PDGFC;CLSTN3;SLC27A1;CEBPB;PTGS2;SFXN5;BSCL2"
"Cellular Response to Starvation","GOBP_CELLULAR_RESPONSE_TO_STARVATION",-0.230317499446546,-0.978760542493403,0.5,0.714023644516918,159,"WNT2B;SLC2A1;FADS1;UCP2;PLIN2;PCSK9;HSPA5;SLC7A5;FNIP1;PIK3C3;TBL2;EIF2AK3;PRKAA1;EIF2AK4;MAPK1;YME1L1;SUV39H1;CADPS2;RRAGC;UPP1;TBC1D7"
"Regulation of Epidermis Development","GOBP_REGULATION_OF_EPIDERMIS_DEVELOPMENT",0.341553217147517,0.975892253709876,0.5,0.714023644516918,39,"SFRP4;HES1;NUMA1;ZFP36;ABCA12;REG3G;NAB2;PTCH1;NAB1;ROCK2;ETV4;HEY2"
"Negative Regulation of Transforming Growth Factor Beta Receptor Signaling Pathway","GOBP_NEGATIVE_REGULATION_OF_TRANSFORMING_GROWTH_FACTOR_BETA_RECEPTOR_SIGNALING_PATHWAY",0.308292416114479,0.984253160815886,0.501246882793017,0.715512563334939,83,"CDH3;HTRA1;SMAD6;SKIL;ING1;ING2;FAM89B;SAP30L;PEG10;CILP;LTBP1;EID2;SIRT1;SPRED3;SMURF2;SIN3A;TET1;SMAD7;SMURF1;VASN;LEMD3;HTRA4;PIN1"
"Icosanoid Metabolic Process","GOBP_ICOSANOID_METABOLIC_PROCESS",-0.265616413203312,-0.983573943935734,0.502325581395349,0.716468449359897,71,"FADS1;SIGMAR1;PTGES;LTA4H;AKR1B1;FABP5;AKR1C2;ABHD6;ACOX1;PTGES3;GSTP1;AKR1C1;CBR1;GPX1;MIF;SCP2;PLAA;PNPLA8;PTGR1;NCF1"
"Negative Regulation of Chemokine Production","GOBP_NEGATIVE_REGULATION_OF_CHEMOKINE_PRODUCTION",0.394920118111981,0.98235564506104,0.502255639097744,0.716468449359897,19,"ARG2;IL10;KLF4;SOCS5;C1QTNF3;LGALS9"
"Regulation of Hormone Biosynthetic Process","GOBP_REGULATION_OF_HORMONE_BIOSYNTHETIC_PROCESS",-0.328774963330809,-0.957778315546692,0.503067484662577,0.717234594535208,21,"STC2;NR3C1;LHCGR;BMP2;ADM;POR;CLCN2"
"Biological Process Involved in Symbiotic Interaction","GOBP_BIOLOGICAL_PROCESS_INVOLVED_IN_SYMBIOTIC_INTERACTION",-0.232968302902945,-0.986478515729488,0.504,0.717396180414466,156,"CLDN1;PPIA;GAPDH;P4HB;SCARB1;CXADR;PCYOX1L;FUCA2;ITGA5;VAPB;CD46;PPID;ARL8B;IDE;HSP90AB1;SLC1A5;NUP153;LRRC15;ROMO1;ITGAV;TFRC;NMT2"
"Negative Regulation of Monoatomic Ion Transport","GOBP_NEGATIVE_REGULATION_OF_MONOATOMIC_ION_TRANSPORT",0.317799537506685,0.978280334377861,0.503826530612245,0.717396180414466,61,"HES1;CAMK2D;ADRA2A;ANK3;KCNQ1;BCL2;SESTD1;INPP5K;GOPC;GPR35"
"Regulation of Astrocyte Differentiation","GOBP_REGULATION_OF_ASTROCYTE_DIFFERENTIATION",0.38994792200236,0.98589424147177,0.503692762186115,0.717396180414466,20,"HES1;MAG;CNTN2"
"Regulation of Synaptic Vesicle Endocytosis","GOBP_REGULATION_OF_SYNAPTIC_VESICLE_ENDOCYTOSIS",0.388796417280397,0.982982924830867,0.503692762186115,0.717396180414466,20,"SYT11;ACTG1;DGKQ"
"Negative Regulation of Biomineral Tissue Development","GOBP_NEGATIVE_REGULATION_OF_BIOMINERAL_TISSUE_DEVELOPMENT",0.385597255829952,0.984036196596653,0.504437869822485,0.717727805844097,21,"ENPP1;LTBP3;BCOR;SOX9;GAS6;ECM1;ROCK2;GREM1;HEY2"
"Regulation of Protein Transport","GOBP_REGULATION_OF_PROTEIN_TRANSPORT",0.270974993877106,0.987376859306269,0.504702194357367,0.717812337325966,333,"SOX4;SYTL4;NOS2;FOXO1;CASR;JUP;LRP5;IRS1;IGF1;CAMK1;TGFB2;ADRA2A;PICK1;ABAT;SMO;APBB1;GJA5;ANG;SVIP;PIK3R1;CHP2;ARHGAP44;APBB3;EFCAB7;FRMD4A;CDK1;MYRIP;NEO1;SUFU;CDH1;ABCA12;SEC31B;CPT1A;PKIA;FRAT2;C2CD2L;INHBB;PLK3;GRIPAP1;RANGAP1;TCF7L2;TGFB3;PLA2G6;NNAT;GNAO1;GAS6;DISP1;MAVS;C1QTNF3;FLNA;RHBDF1;TRIM28"
"Regulation of t Cell Differentiation in Thymus","GOBP_REGULATION_OF_T_CELL_DIFFERENTIATION_IN_THYMUS",0.396790304619349,0.9748374702101,0.505247376311844,0.718296087345938,18,"EGR3;ERBB2"
"Negative Regulation of Interleukin 2 Production","GOBP_NEGATIVE_REGULATION_OF_INTERLEUKIN_2_PRODUCTION",0.384965445581958,0.982423829952423,0.505917159763314,0.718664967822744,21,"HOMER2;ZFP36;TNFAIP3"
"Smooth Muscle Cell Apoptotic Process","GOBP_SMOOTH_MUSCLE_CELL_APOPTOTIC_PROCESS",0.384636770257046,0.981585057342525,0.505917159763314,0.718664967822744,21,"FOXO1;IGF1;LRP6;ESR1;RBM10;BAG1;SIRT1"
"Auditory Receptor Cell Development","GOBP_AUDITORY_RECEPTOR_CELL_DEVELOPMENT",0.386596684377041,0.977421402689504,0.506646971935007,0.719383507529637,20,"KCNQ1;FGFR1;TECTA"
"Carbohydrate Biosynthetic Process","GOBP_CARBOHYDRATE_BIOSYNTHETIC_PROCESS",0.286373083538924,0.983184053982375,0.506833712984055,0.719383507529637,147,"SIK1;NNMT;FOXO1;IRS1;IGF1;B3GALT5;SORBS1;PDGFB;ENPP1;INSR;ATF3;ST6GALNAC6;CRTC2;GRB10;B3GALT4;PDK2;PC;B3GALNT1;DGKQ;CHST14;INPP5K;ST3GAL3;CHST10"
"Positive Regulation of Rac Protein Signal Transduction","GOBP_POSITIVE_REGULATION_OF_RAC_PROTEIN_SIGNAL_TRANSDUCTION",0.382013435388976,0.974890361187547,0.507396449704142,0.71969303281165,21,"WNT5A;CDKL5"
"Regulation of Release of Cytochrome c from Mitochondria","GOBP_REGULATION_OF_RELEASE_OF_CYTOCHROME_C_FROM_MITOCHONDRIA",-0.298275735502714,-0.974931438797477,0.507462686567164,0.71969303281165,38,"BNIP3;FAM162A;NOL3;PPIF"
"Interleukin 1 Production","GOBP_INTERLEUKIN_1_PRODUCTION",0.301844720425203,0.976959949498128,0.509756097560976,0.722653018921933,92,"WNT5A;IGF1;FZD5;ARG2;FOXP1;S1PR3;TMEM106A;EGR1;IL10;LPL;TNFAIP3;ACP5;AGER;GAS6;ELF4;F2R;CX3CR1;CEACAM1;LGALS9;RELA"
"Positive Regulation of Small Gtpase Mediated Signal Transduction","GOBP_POSITIVE_REGULATION_OF_SMALL_GTPASE_MEDIATED_SIGNAL_TRANSDUCTION",0.311728136373413,0.967067737652211,0.510309278350515,0.72314458012211,66,"WNT5A;MCF2L;CDKL5;IGF1;ERBB2;MRAS;PLXNB1"
"Postsynaptic Membrane Organization","GOBP_POSTSYNAPTIC_MEMBRANE_ORGANIZATION",-0.306802515400878,-0.975505031563506,0.51063829787234,0.723318219752045,32,"LRP4;APOE;SLC30A1;CRKL;LAMA1;GPHN;LAMB1;SSH1"
"Amide Transport","GOBP_AMIDE_TRANSPORT",0.276990139493653,0.987042194235994,0.511375947995666,0.723649064145432,220,"SOX4;SYTL4;NOS2;CLEC4M;NPY2R;FOXO1;CASR;TNFSF11;LRP5;CRHBP;IRS1;ADRA2A;PICK1;ABAT;RIMS2;RAB3A;ILDR2;AQP1;MYRIP;PAX8;ABCA12;CPT1A;C2CD2L;TACR2;INHBB;GABBR1;ACVR2B;TCF7L2;PLA2G6;NNAT;GNAO1;DISP1;EXOC3L1;SLC16A2;CHD7;SMPD3;TOR2A"
"Myeloid Cell Homeostasis","GOBP_MYELOID_CELL_HOMEOSTASIS",-0.232755718649085,-0.982822895438253,0.511811023622047,0.723649064145432,150,"ETS1;INHA;SFXN1;CCR2;CASP3;SLC15A4;BBS4;PRDX1;TGFBR3;B2M;SH2B3;CEBPG;SLC1A5;MTHFD1;HEATR3;LYN;TMOD3;TCEA1;HCAR2;MAFB;IREB2;SLC11A2;STAT3;RPS24;HSPA9;FCAR;PRKDC;RPS17;FOXO3;SOD1;SLC25A40;RPS14;ANXA1;STAT5B;RPS19;ACVR2A;TMEM14C;KIT;SLC7A11;NCSTN"
"Negative Regulation of Steroid Biosynthetic Process","GOBP_NEGATIVE_REGULATION_OF_STEROID_BIOSYNTHETIC_PROCESS",-0.346321988713139,-0.958737833505615,0.511904761904762,0.723649064145432,17,"APOE;INSIG2;ERLIN2;INSIG1;ERLIN1;BMP2;GFI1"
"Positive Regulation of Lipid Catabolic Process","GOBP_POSITIVE_REGULATION_OF_LIPID_CATABOLIC_PROCESS",0.393868620007828,0.967659452999779,0.511244377811094,0.723649064145432,18,"IRS1;PLIN5;CPT1A;AKT2;CLSTN3"
"Regulation of Inclusion Body Assembly","GOBP_REGULATION_OF_INCLUSION_BODY_ASSEMBLY",-0.346235987874561,-0.9584997537407,0.511904761904762,0.723649064145432,17,"APOE;DNAJA4;PSMC6;BAG5;PSMC5;DNAJB2;PPP2CB;SACS"
"Regulation of Intrinsic Apoptotic Signaling Pathway in Response to Dna Damage","GOBP_REGULATION_OF_INTRINSIC_APOPTOTIC_SIGNALING_PATHWAY_IN_RESPONSE_TO_DNA_DAMAGE",0.348828503278749,0.96662197270187,0.513031550068587,0.724949382771384,33,"SKIL;ING2;BCL2;SNAI2;KDM1A;CLU;SIRT1;RAD9A"
"Regulation of Ossification","GOBP_REGULATION_OF_OSSIFICATION",0.305498053338066,0.980934098656293,0.514321295143213,0.726478829389788,89,"WNT5A;EGR2;ZBTB16;BMP3;SMAD6;ENPP1;GPM6B;BCL2;LTBP3;BMPR2;MDK;BCOR;SOX9;ACVR2B;CSF1;ALOX5;CHSY1;ECM1;WNT4;DDR2;GREM1;SLC20A2;TOB2;FAM20C;SFRP1;SMAD7;RXRB"
"Dephosphorylation","GOBP_DEPHOSPHORYLATION",0.291674558201285,0.975897522133426,0.515901060070671,0.726659193175538,117,"PTPRZ1;PTPN13;PTPRS;INPP5A;DUSP1;CHP2;DUSP16;MTMR2;PTPRK;PPM1B;INPP5K;PPM1D;INPP5B;CTDSP2;PPP2R3B;CDK5RAP3;EPHX2;DUSP8"
"Erbb2 Signaling Pathway","GOBP_ERBB2_SIGNALING_PATHWAY",0.382741594669786,0.967674689017524,0.515509601181684,0.726659193175538,20,"NRG1;ERBB2;HBEGF;EGFR"
"Fatty Acid Derivative Catabolic Process","GOBP_FATTY_ACID_DERIVATIVE_CATABOLIC_PROCESS",0.413385119594619,0.972591969342764,0.515243902439024,0.726659193175538,15,"HPGD;ADHFE1"
"Positive Regulation of Protein Export from Nucleus","GOBP_POSITIVE_REGULATION_OF_PROTEIN_EXPORT_FROM_NUCLEUS",0.407321326736672,0.973497465294361,0.515105740181269,0.726659193175538,16,"CAMK1;GAS6;PRKD1;TPR;PRKACA"
"Response to Arsenic Containing Substance","GOBP_RESPONSE_TO_ARSENIC_CONTAINING_SUBSTANCE",-0.312861199354757,-0.965125995720097,0.515822784810127,0.726659193175538,26,"PPIF;ALAD;CPOX;ATR;DHX36;ZFAND2A;RNF4;VCP"
"Synapse Maturation","GOBP_SYNAPSE_MATURATION",0.378756479961422,0.974376635295275,0.515509601181684,0.726659193175538,23,"SEMA7A;DAB2IP;PALM;CDC20;DLGAP4;CX3CR1;ANAPC2"
"Tolerance Induction","GOBP_TOLERANCE_INDUCTION",-0.312495859526196,-0.963998981675073,0.515822784810127,0.726659193175538,26,"HLA-G;HLA-B;IRAK3;PHLPP1;LYN"
"Vesicle Mediated Transport Between Endosomal Compartments","GOBP_VESICLE_MEDIATED_TRANSPORT_BETWEEN_ENDOSOMAL_COMPARTMENTS",-0.290562236239123,-0.982485105438857,0.516528925619835,0.727251136031463,45,"MAP2K1;PIK3C3;HOOK3;MAPK1;AKTIP;SNX3;ANKRD27;EEA1;LMTK2;STX8;SNX16"
"Hyperosmotic Response","GOBP_HYPEROSMOTIC_RESPONSE",-0.309978169281701,-0.952567394572873,0.516819571865443,0.727368003312434,25,"SLC2A1;AKR1B1;ERRFI1;FBP1;SLC12A2;ICOSLG"
"Positive Regulation of Intracellular Transport","GOBP_POSITIVE_REGULATION_OF_INTRACELLULAR_TRANSPORT",0.289350336839514,0.976209567298304,0.51812865497076,0.728917541511074,126,"JUP;CAMK1;SMO;NUMA1;PIK3R1;CHP2;FEZ1;EFCAB7;MTMR2;CDK1;CDH1;ABCA12;SEC31B;PLK3;SPAG5;GAS6;MAVS;FLNA;TRIM28"
"Perk Mediated Unfolded Protein Response","GOBP_PERK_MEDIATED_UNFOLDED_PROTEIN_RESPONSE",0.377467332095181,0.971060215308392,0.518463810930576,0.729096238333925,23,"AKT3;PPP1R15A;BOK;DDIT3;NCK2;AKT2;AKT1"
"Negative Regulation of Lymphocyte Activation","GOBP_NEGATIVE_REGULATION_OF_LYMPHOCYTE_ACTIVATION",0.285853433079047,0.972828991891156,0.519119351100811,0.729725155259286,137,"DAPL1;PLA2G5;TNFSF4;MERTK;PAWR;ERBB2;ARG2;PAG1;ILDR2;DLG5;ZBTB7B;IRF1;IL10;FYN;AXL;TNFAIP3;MDK;CBLB;FCGR2B;SOCS5;TYRO3;GPNMB;MAD1L1;IL20RB;LGALS9;CEBPB;TWSG1;LAG3;HMGB3;HLA-DRB1;SFRP1;NDFIP1;SMAD7;FBXO7;LOXL3"
"Post Transcriptional Regulation of Gene Expression","GOBP_POST_TRANSCRIPTIONAL_REGULATION_OF_GENE_EXPRESSION",-0.217976445927153,-1.01701160168849,0.520226142278134,0.730987635940755,447,"CRYZ;ZCCHC17;GAPDH;ACO1;MAPKAPK5;RBM3;XPO5;NYNRIN;LRPPRC;BZW2;CPEB2;PRR16;MRPL13;DKC1;EIF2AK1;CARHSP1;CUL4B;C1QBP;RAN;RBX1;RBM47;EIF2AK3;MSI2;TACO1;CALR;METAP1;RPS6KA3;EIF3B;EIF2AK4;NPM1;RMND1;EIF5A;POLR2G;CNBP;RPL38;HBS1L;RGS2;SNIP1;SSB;HABP4;CDK5RAP1;DDX1;GUF1;TRUB2;DIS3L2;CNOT1;DNAJC1;PAIP2;EPHA4;GSPT1;STAU1;BANK1;FASTKD1;PUS7;DCAF12;NCBP2;DHX36;FASTKD5;MAGOH;EIF2S2;LSM1;LARP1B;RPL5;RPS3;FASTKD3;SAMD4A;EDC3;PTCD3;CD28;METTL5;SEPSECS;FBXO4;ALKBH3;TRAP1;EIF4EBP1;MLH1;EEF2K;RBMS3;ZMPSTE24;IREB2;MTG1;STAT3;EIF4E;LSM4;SYNCRIP;RPL13A;PRKDC;CLP1;FOXO3;SHMT2;EIF5B;OTUD6B;FTO;ATF4;SRP9;ABCE1;MRPS27;BZW1;PAIP2B;ELP3;EIF4E2;UPF3A;ZC3H14;PATL1;FASTK;DDX49;KBTBD8;EPB41L5;DICER1;DHX9;NAT10;CAPRIN1;SERBP1;TNFRSF1B;SLC11A1;LSM5;FASTKD2;IMPACT;EIF2B4;CNOT6;RPL26;TRAF5;NCK1;PRMT1;MIF4GD;METTL18;DNAJC3;PNPT1;RPS27L;DAP"
"Establishment of Mitotic Spindle Localization","GOBP_ESTABLISHMENT_OF_MITOTIC_SPINDLE_LOCALIZATION",0.346366749909995,0.959800325745719,0.521262002743484,0.732036265043456,33,"CENPA;NUMA1;ESPL1;NUSAP1;CLASP1;NDC80;DCTN1"
"Regulation of b Cell Mediated Immunity","GOBP_REGULATION_OF_B_CELL_MEDIATED_IMMUNITY",0.332058698019017,0.958959561106956,0.521390374331551,0.732036265043456,41,"TNFSF4;SUSD4;IL10;C3;MAD2L2;FCGR2B"
"Cytosolic Transport","GOBP_CYTOSOLIC_TRANSPORT",-0.238353111593637,-0.976524527992626,0.522292993630573,0.732433364532001,119,"SNX8;AP1S1;TMED9;LMAN1;CLN5;TBC1D14;ARL8B;EHD3;VPS26A;EVI5;CLTC;SNX3;RAB6A;ARL1;ARFIP1;SNX2;KIF1B;ACTR2;GOLT1B;TBC1D23;VPS29;PREPL;MAP2;AP1AR;VAMP3;VTI1A;USP7"
"Lamellipodium Organization","GOBP_LAMELLIPODIUM_ORGANIZATION",0.306086141076542,0.965400034929948,0.522068095838588,0.732433364532001,77,"KANK1;FSCN1;ABLIM1;PIK3CA;SRGAP2;PIK3R1;ARHGEF6;VCL;AVIL;PARVB;WASF3;NCK2;AKIRIN1;SH2B1"
"Regulation of Response to Wounding","GOBP_REGULATION_OF_RESPONSE_TO_WOUNDING",0.288040844002597,0.970490976879698,0.522300469483568,0.732433364532001,125,"KANK1;PLAT;ADRA2A;ADAMTS18;PDGFB;PTPRS;C1QTNF1;F3;IL10;ACTG1;HPSE;GP1BA;NEO1;THBS1;REG3G;KLF4;SERPING1;HBEGF;TNFAIP3;MDK;CADM4"
"Immune Response to Tumor Cell","GOBP_IMMUNE_RESPONSE_TO_TUMOR_CELL",-0.304445909887725,-0.952792864224787,0.523026315789474,0.732571445106168,28,"HLA-A;PRKAA1;MICA;CD226;HSPD1;NKG7;SLC22A13;CRTAM;YWHAG;CD160;HAVCR2;TNFRSF14;AHR;TGFB1"
"Positive Regulation of Ossification","GOBP_POSITIVE_REGULATION_OF_OSSIFICATION",0.342688275849093,0.965099469271922,0.522696011004127,0.732571445106168,37,"WNT5A;ZBTB16;GPM6B;BMPR2;ACVR2B;ALOX5;WNT4;SLC20A2;TOB2;FAM20C;RXRB"
"Regulation of Gene Silencing by Regulatory Ncrna","GOBP_REGULATION_OF_GENE_SILENCING_BY_REGULATORY_NCRNA",0.360620924128434,0.968823576812647,0.522922636103152,0.732571445106168,28,"ERI2;ZFP36;DND1;LIN28A"
"Acidic Amino Acid Transport","GOBP_ACIDIC_AMINO_ACID_TRANSPORT",-0.274902530386283,-0.977565557006981,0.523605150214592,0.732598287503266,54,"UCP2;KCNK1;SLC1A2;LRRC8D;EPM2A;SLC25A18;SLC1A5;LRRC8B;RAB3GAP1;SLC38A6;SLC12A2;PSEN1;SLC25A13;LRRC8E;ADORA2A"
"Interleukin 4 Production","GOBP_INTERLEUKIN_4_PRODUCTION",0.362746670138185,0.965636925854034,0.523672883787661,0.732598287503266,27,"TNFSF4;PRKCZ;PRKCQ;DDIT3;IL20RB;LGALS9;CEBPB;HLA-DRB1;NDFIP1"
"Vesicle Mediated Transport in Synapse","GOBP_VESICLE_MEDIATED_TRANSPORT_IN_SYNAPSE",0.278303432035173,0.982132914707567,0.523600439077936,0.732598287503266,199,"RIMS1;RIMS4;SYT2;IQSEC2;SYT11;PCDH17;NRG1;SUSD4;STON1;RIMS2;SNPH;RAB3A;RIMS3;SYNDIG1;USP6;ACTG1;DGKQ;PRKCG;ERC2;BRSK1;CBLB;BSN;DNM3;GRIPAP1;CSPG5;BTBD8;SYT1;PRKAR1B;SYT5;SNCG;DTNBP1;SCRN1;ATP8A1;GAK;FBXL20;GRIK5;SYN3;HIP1;SYN1;SYT7"
"Interferon Beta Production","GOBP_INTERFERON_BETA_PRODUCTION",0.316015852912911,0.962552618869416,0.524421593830334,0.733352831611841,58,"PTPRS;HMGB2;IRF1;PPM1B;ZBTB20;NLRC3;TLR3;IRF7;MAVS"
"Cellular Hyperosmotic Response","GOBP_CELLULAR_HYPEROSMOTIC_RESPONSE",-0.341026285584977,-0.953581772387281,0.528358208955224,0.735349974781416,18,"SLC2A1;AKR1B1;ERRFI1"
"Host Mediated Activation of Viral Process","GOBP_HOST_MEDIATED_ACTIVATION_OF_VIRAL_PROCESS",-0.296147303164757,-0.967974534984534,0.526119402985075,0.735349974781416,38,"STOM;PIK3C3;APOE;VAPB;PPIB"
"Immune System Development","GOBP_IMMUNE_SYSTEM_DEVELOPMENT",0.280239738236751,0.971742943590914,0.528280542986425,0.735349974781416,163,"HES1;SLC40A1;ZBTB16;LRRC17;TNFSF4;LRP5;POLQ;HAND2;SAMHD1;MYB;HMGB2;BCL2;IL10;TP53;MSH6;TNFAIP3;CBLB;MAD2L2;EXO1"
"Negative Regulation of Blood Vessel Endothelial Cell Migration","GOBP_NEGATIVE_REGULATION_OF_BLOOD_VESSEL_ENDOTHELIAL_CELL_MIGRATION",0.355117858073257,0.961790709759307,0.527659574468085,0.735349974781416,29,"JUP;HDAC5;THBS1;KLF4"
"Negative Regulation of Steroid Metabolic Process","GOBP_NEGATIVE_REGULATION_OF_STEROID_METABOLIC_PROCESS",-0.340573431052269,-0.952315495134804,0.528358208955224,0.735349974781416,18,"APOE;INSIG2;ERLIN2;INSIG1;ERLIN1;BMP2;GFI1"
"Pigment Metabolic Process","GOBP_PIGMENT_METABOLIC_PROCESS",0.312970927895456,0.962527610596784,0.526520051746442,0.735349974781416,63,"WNT5A;CDH3;CITED1;HMOX1;BCL2;MC1R;TRPC1;DCT;NFE2L1;PMEL"
"Positive Regulation of Acute Inflammatory Response","GOBP_POSITIVE_REGULATION_OF_ACUTE_INFLAMMATORY_RESPONSE",-0.320764108006461,-0.934441308857037,0.52760736196319,0.735349974781416,21,"PTGER3;PARK7;C2CD4A;ZP3;CREB3L3;OSMR"
"Positive Regulation of Mitochondrial Membrane Permeability","GOBP_POSITIVE_REGULATION_OF_MITOCHONDRIAL_MEMBRANE_PERMEABILITY",-0.302728190428921,-0.962550364274759,0.528368794326241,0.735349974781416,32,"BNIP3;RHOT1;PPIF;CASP6;VDAC2;GSK3B"
"Protein Branched Polyubiquitination","GOBP_PROTEIN_BRANCHED_POLYUBIQUITINATION",-0.340988595868474,-0.953476383951895,0.528358208955224,0.735349974781416,18,"ANAPC13;CDC23;ANAPC16;CDC16;ANAPC11;ANAPC5"
"Regulation of Cell Adhesion Mediated by Integrin","GOBP_REGULATION_OF_CELL_ADHESION_MEDIATED_BY_INTEGRIN",-0.294878453462597,-0.970318279371929,0.52734375,0.735349974781416,40,"PTPN11;PODXL;CIB1;CRKL;RET;ACER2;LYN;LIF;ITGB1BP1;CRK;RAC3;PLAU"
"Regulation of Neuroinflammatory Response","GOBP_REGULATION_OF_NEUROINFLAMMATORY_RESPONSE",0.353803864479023,0.967239505870844,0.527426160337553,0.735349974781416,30,"CALHM2;IGF1;SYT11"
"Regulation of Vacuole Organization","GOBP_REGULATION_OF_VACUOLE_ORGANIZATION",-0.275807940623989,-0.986831645119088,0.526785714285714,0.735349974781416,58,"MTM1;RALB;FNIP1;SCFD1;ANXA2;TBC1D14"
"Regulation of Humoral Immune Response","GOBP_REGULATION_OF_HUMORAL_IMMUNE_RESPONSE",0.359009779976726,0.964495168960021,0.52865329512894,0.735453730276678,28,"SUSD4;CFH;C3;SERPING1;FCGR2B;GATA6;C6;CLU"
"Glycosaminoglycan Biosynthetic Process","GOBP_GLYCOSAMINOGLYCAN_BIOSYNTHETIC_PROCESS",0.370880672559353,0.966695784880788,0.528888888888889,0.735489391733933,25,"PDGFB;HS3ST3A1;HS3ST1;EXT1;SMPD3"
"Nucleotide Excision Repair","GOBP_NUCLEOTIDE_EXCISION_REPAIR",0.301757684668984,0.967162007933721,0.52912019826518,0.735519069255129,86,"DPF3;SMARCC2;BCL7A;DPF2;SMARCA2;TP53;OGG1;BRD7;ERCC2;ATXN3;RAD52;BRCA2;XAB2;ARID2;USP44;HUS1B;ARID1B;SLX4;ARID1A;SIRT1;POLE;XPC;CCNH;KAT7;SMARCC1;POLD1;SMARCD1;POLD3;POLL;HMGN1;ERCC3;FANCC;POLB"
"Positive Regulation of Endocytosis","GOBP_POSITIVE_REGULATION_OF_ENDOCYTOSIS",0.287442346551435,0.970145392203985,0.52989449003517,0.736303212452678,127,"WNT5A;SFRP4;PLA2G5;TF;PICK1;MERTK;INSR;CLIP3;TUB;SELE;CFB;AXL;C3;APLNR;CD47;FCGR2B;GAS6"
"Positive Regulation of Erbb Signaling Pathway","GOBP_POSITIVE_REGULATION_OF_ERBB_SIGNALING_PATHWAY",0.369501177450356,0.963100148316799,0.531851851851852,0.738729990894939,25,"HIP1R;ADRA2A;ANTXR1;HIP1;AGT;SHKBP1;DGKD;AFAP1L2;CBL;NEU3"
"Membrane Docking","GOBP_MEMBRANE_DOCKING",0.304708237348418,0.961054107007231,0.532156368221942,0.73877727660612,77,"RIMS1;RAB3IP;RIMS2;SNPH;VCAM1;RIMS3;PACS2;NDRG4;SYT1;VMP1"
"Neuron Intrinsic Apoptotic Signaling Pathway in Response to Oxidative Stress","GOBP_NEURON_INTRINSIC_APOPTOTIC_SIGNALING_PATHWAY_IN_RESPONSE_TO_OXIDATIVE_STRESS",-0.323450650889412,-0.933571411593516,0.532307692307692,0.73877727660612,20,"PARK7;PYCR1;FBXW7;CTNNB1;FGF2"
"Regulation of Early Endosome to Late Endosome Transport","GOBP_REGULATION_OF_EARLY_ENDOSOME_TO_LATE_ENDOSOME_TRANSPORT",-0.340224302634207,-0.941857350800965,0.532738095238095,0.739081801037247,17,"MAP2K1;MAPK1;SNX3"
"Regulation of Lymphocyte Chemotaxis","GOBP_REGULATION_OF_LYMPHOCYTE_CHEMOTAXIS",0.40075522959031,0.957804501265025,0.533232628398791,0.739475018717722,16,"WNT5A"
"Leukocyte Tethering or Rolling","GOBP_LEUKOCYTE_TETHERING_OR_ROLLING",0.373741754165843,0.958810602954526,0.534918276374443,0.741519082762039,22,"VCAM1;SELE;EXT1;CX3CR1;SELP"
"Defense Response to Bacterium","GOBP_DEFENSE_RESPONSE_TO_BACTERIUM",0.279464959212443,0.973995990410413,0.535274356103024,0.74171917303358,176,"NOS2;TF;SYT11;ADAMTS4;ARG2;ANG;HMGB2;CXCL6;FOXP1;ADAMTS5;RNASE4;LEAP2;IL10;AQP1;REG3G;RNF31;ACP5;GBP4;TLR3;PLA2G6;IKBKG;MAPKBP1;MAVS;CASP7;IL18;MMRN2;COLEC12;NFKBIZ;TAB3;OPTN;SELP;CEBPB;PPP1R11;SSC5D;BCL3;PRKD1;SPON2;RBCK1;GBP6;NAGK"
"Dna Replication Initiation","GOBP_DNA_REPLICATION_INITIATION",0.335208117281988,0.95776291544892,0.536486486486486,0.743104848620863,39,"MCM5;MCM7;CDK2;ORC1;MCM10;CIZ1;DTL;CDC6"
"Protein Localization to Phagophore Assembly Site","GOBP_PROTEIN_LOCALIZATION_TO_PHAGOPHORE_ASSEMBLY_SITE",0.399656996306645,0.955179725080299,0.537764350453172,0.744356533605145,16,"ATG13;WDR45;PACS2;ATG4D;WIPI2;ATG9A"
"Regulation of Protein Maturation","GOBP_REGULATION_OF_PROTEIN_MATURATION",-0.286675617194555,-0.970502845616303,0.53781512605042,0.744356533605145,46,"ENO1;SPON1;S100A10;ANXA2;CTSZ;GAS1"
"Transcytosis","GOBP_TRANSCYTOSIS",0.406018427661131,0.955259982593559,0.538109756097561,0.744470172041768,15,"FSHR;AGER;PIGR;RAB11B"
"Nucleotide Salvage","GOBP_NUCLEOTIDE_SALVAGE",-0.322335323740983,-0.930352257334636,0.538461538461538,0.744662759269944,20,"APRT;DGUOK;AMPD3;UPP1;HPRT1;NAMPT"
"Mononuclear Cell Differentiation","GOBP_MONONUCLEAR_CELL_DIFFERENTIATION",0.265019255027029,0.979720078582813,0.539325842696629,0.744682076060817,445,"SOX4;NDP;ZBTB16;TNFSF4;PRKCZ;FOS;L3MBTL3;FZD5;JUN;JUNB;SEMA4A;IRF2BP2;MERTK;EGR3;ERBB2;SMARCC2;TMEM176B;LMBR1L;MYB;VCAM1;PIK3R1;FOXP1;HDAC5;SOCS3;BCL2;ZFP36L2;ZBTB7B;EGR1;TMEM176A;IRF1;IL10;CFB;AXL;SMARCA2;CDK6;FOSL2;SOX13;PRDM1;ARMC5;TCF7;AMBRA1;MDK;MMP14;AGER;DIAPH3;FCGR2B;TMEM98;SOCS5;IRF7;BRD7;GAS6;JAK1;C1QC;PATZ1;CTNNBIP1;TYRO3;CCR9;SRF;CSF1;CHD7;IL18;FANCD2;ARID2;USP44;KLF6;NCAPH2;POLM;NFKBIZ;BRD2;IL20RB;LGALS9;ARID1B;CEBPB;ARID1A;SH3RF1;SIRT1;LAG3;WNT4;KDELR1;HMGB3;IL11;RAG1;BCL3;SART1"
"Phagosome Maturation","GOBP_PHAGOSOME_MATURATION",0.352482983091378,0.954654492243525,0.539007092198582,0.744682076060817,29,"PLA2G5;SYT11;SRPX"
"Positive Regulation of Sterol Transport","GOBP_POSITIVE_REGULATION_OF_STEROL_TRANSPORT",-0.301400166583519,-0.945821329135591,0.538720538720539,0.744682076060817,29,"APOA1;APOE;ANXA2;PLTP;ABCA1"
"Pyroptotic Inflammatory Response","GOBP_PYROPTOTIC_INFLAMMATORY_RESPONSE",-0.297235964690978,-0.951988520123578,0.539325842696629,0.744682076060817,34,"CASP3;CASP6;GBP5;ZDHHC9;AIM2;CASP4;DHX9;CASP8;GZMB;NINJ1;CASP1;MEFV"
"Fibroblast Migration","GOBP_FIBROBLAST_MIGRATION",0.320873768421497,0.951720414872707,0.539869281045752,0.744845250690535,47,"AKAP12;RCC2;PDLIM1;PAK1;THBS1;ZFAND5;AKT1;DDR2;SGPL1;RFFL;BRAF;APPL2;TMEM201;MTA2;CYGB;PRR5L"
"Negative Regulation of Amyloid Precursor Protein Catabolic Process","GOBP_NEGATIVE_REGULATION_OF_AMYLOID_PRECURSOR_PROTEIN_CATABOLIC_PROCESS",0.38893586496925,0.955540622506713,0.539730134932534,0.744845250690535,18,"IGF1;RTN2;NTRK2;CHRNA7;CLU"
"Activation of Immune Response","GOBP_ACTIVATION_OF_IMMUNE_RESPONSE",0.264751064234792,0.979737000868044,0.541453428863869,0.745015628464701,476,"C7;CACNB3;NOS2;CASR;NR4A3;PAK3;BTNL9;C5;PTPRS;C1QTNF4;EIF2B2;PAWR;KCNJ8;DAB2IP;SUSD4;CFH;PIK3CA;NONO;PIK3R1;FOXP1;BCL2;RFTN1;PAK1;IRF1;IFI35;GDI1;ZDHHC1;GRAMD4;KCNK6;CFB;TRAF2;CMKLR1;FYN;TRIM11;ZCCHC3;FOSL2;REG3G;C3;SERPING1;DGKZ;PRKD2;TNFAIP3;RNF31;SPSB3;TSPAN6;NLRC3;CBLB;LIMK1;TLR3;CD47;FCGR2B;PLA2G6;IRF7;IKBKG;C1QC;PLEKHA1;MAVS;TYRO3;DENND1B;BAG6;LRCH4;SPPL3;C6;C1R;ESR1;MASP2;LPXN;NFKBIZ;CLU;CMTM3;AKT1;ERMAP;CEACAM1;LGALS9;BLVRA;CD22;RELA;C2;ATAT1;NFKBIA;C3AR1"
"Fertilization","GOBP_FERTILIZATION",0.289891881587281,0.961968214280228,0.540828402366864,0.745015628464701,106,"NELL2;RIMS1;PLAT;ANTXR2;CLGN;RAB3A;SPESP1;CCDC159;SERPINA10;CCDC136;CDK1;COL6A1;ADCY3;FOXL2;SLC9B1;TDRD12;EHMT2;FUT10;PKDREJ;CEP70;SMAD4;CNTLN;APOB;NR2F2;MFGE8;TSSK4;FOLR2"
"Macromolecule Deacylation","GOBP_MACROMOLECULE_DEACYLATION",0.339036491711623,0.955731754355106,0.542119565217391,0.745015628464701,36,"NNMT;TADA3;MBIP;PPT2;FLNA;BEX4;SIRT1"
"Maternal Placenta Development","GOBP_MATERNAL_PLACENTA_DEVELOPMENT",0.344168140241852,0.94842737382717,0.540277777777778,0.745015628464701,32,"NDP;PTGIS;JUNB;PRDM1;BMPR2"
"Negative Regulation of Cell Activation","GOBP_NEGATIVE_REGULATION_OF_CELL_ACTIVATION",0.278180001835806,0.969007302963767,0.541993281075028,0.745015628464701,175,"DAPL1;PLA2G5;TNFSF4;ADAMTS18;SYT11;PDGFB;MERTK;PAWR;ERBB2;C1QTNF1;ARG2;PAG1;ILDR2;DLG5;ZBTB7B;IRF1;IL10;FN1;FYN;AXL;TNFAIP3;MDK;CBLB;FCGR2B;SOCS5;TYRO3;PDGFA;GPNMB"
"Positive Regulation of Interleukin 12 Production","GOBP_POSITIVE_REGULATION_OF_INTERLEUKIN_12_PRODUCTION",0.345252164375658,0.948673554560042,0.540502793296089,0.745015628464701,31,"TNFSF4;IRF1;MDK;AGER;TLR3;LGALS9;RELA"
"Positive Regulation of Interleukin 4 Production","GOBP_POSITIVE_REGULATION_OF_INTERLEUKIN_4_PRODUCTION",0.372152697115619,0.949725961702224,0.541420118343195,0.745015628464701,21,"TNFSF4;PRKCZ;PRKCQ;IL20RB;LGALS9;CEBPB"
"Positive Regulation of Vacuole Organization","GOBP_POSITIVE_REGULATION_OF_VACUOLE_ORGANIZATION",-0.306102853010302,-0.940658491657721,0.541284403669725,0.745015628464701,25,"RALB;ANXA2;RAB3GAP1;SNX7;USP33"
"Regulation of Phagocytosis","GOBP_REGULATION_OF_PHAGOCYTOSIS",0.301017433580437,0.9601940825819,0.541718555417185,0.745015628464701,82,"PLA2G5;SYT11;MERTK;TUB;PRKCG;CFB;C3;CNN2;CD47;FCGR2B;GAS6;TGM2;MYO18A;MASP2;C2;SYT7;RAP1GAP"
"Regulation of Release of Sequestered Calcium Ion into Cytosol by Sarcoplasmic Reticulum","GOBP_REGULATION_OF_RELEASE_OF_SEQUESTERED_CALCIUM_ION_INTO_CYTOSOL_BY_SARCOPLASMIC_RETICULUM",0.371609104340261,0.960253023981152,0.541666666666667,0.745015628464701,24,"CAMK2D;ANK2;GSTM2;CHD7;TMEM38A;CACNA1C"
"Positive Regulation of Cytoskeleton Organization","GOBP_POSITIVE_REGULATION_OF_CYTOSKELETON_ORGANIZATION",0.282522058802325,0.968273434578684,0.542528735632184,0.745272563801758,151,"SEMA5A;LIMCH1;ARHGEF10L;NRP1;FCHSD1;NUMA1;SORBS3;CEP120;PAK1;TESK1;CDC42EP1;LIMK1;SPAG5;CD47;AKAP9;TGFB3;PLK4;FERMT2;FLNA;WASF3;NCK2;CLASP1;AMOT;SYNPO2L;BAIAP2L1;CCDC15;WNT4;ROCK2;DCTN1;PRKD1;ARHGEF5;STIL;SFRP1;EPHA1;WDR1;BRAF;EVL;CDK5R1;ABI2;PROX1;FHOD3;MTSS1;ABL1;WHAMM;GIT1;TACR1;C15orf62;CKAP5;SWAP70;BIN1;MECP2;CYFIP1"
"Regulation of Platelet Activation","GOBP_REGULATION_OF_PLATELET_ACTIVATION",-0.290494650411819,-0.964204255105171,0.542857142857143,0.745272563801758,43,"CELA2A;TMX1;PDPN;APOE;CD9;TEC;IL6R;SH2B3"
"Viral Rna Genome Replication","GOBP_VIRAL_RNA_GENOME_REPLICATION",-0.318178629406303,-0.926909362648439,0.542944785276074,0.745272563801758,21,"APOBEC3G;VAPB;APOBEC3C"
"Negative Regulation of Map Kinase Activity","GOBP_NEGATIVE_REGULATION_OF_MAP_KINASE_ACTIVITY",0.392188015470502,0.95258417015565,0.543543543543544,0.745802206436754,17,"HIPK3;NPPA;CDK5RAP3;PAQR3;MAPK8IP1;AGT"
"Rrna Transcription","GOBP_RRNA_TRANSCRIPTION",-0.294764941089477,-0.963456204840376,0.544776119402985,0.747200762047242,38,"POLR1C;POLR1B;NOL11;POLR2H;GTF3C4;IPPK;POLR2L;GTF3C6;POLR2F;POLR2K"
"Positive Regulation of t Cell Proliferation","GOBP_POSITIVE_REGULATION_OF_T_CELL_PROLIFERATION",0.302766810459509,0.957735811018073,0.545340050377834,0.747681485899629,78,"HES1;TNFSF4;CD24;IGF1;EFNB1;VCAM1;PRKCQ;IGFBP2"
"Acute Phase Response","GOBP_ACUTE_PHASE_RESPONSE",0.343262809739037,0.945932546064709,0.545833333333333,0.748065010432968,32,"TNFSF11;FN1;ASS1;EDNRB;REG3G;SAA2;ITIH4;CEBPB;PTGS2;SAA1"
"Non Canonical Nf Kappab Signal Transduction","GOBP_NON_CANONICAL_NF_KAPPAB_SIGNAL_TRANSDUCTION",0.286993589158788,0.955756020403223,0.546198830409357,0.748273172829087,109,"TNFSF11;C1QTNF4;NR3C2;DAB2IP;RTKN2;TRIM26;IFI35;TRAF2;PPM1B;TRIM6;NLRC3;SASH1;AGER;TLR3;TRIP6;C1QTNF3;IL18;TAB3;LGALS9;RELA;NFKBIA"
"Regulation of Centriole Replication","GOBP_REGULATION_OF_CENTRIOLE_REPLICATION",0.375088897406372,0.94832659216145,0.546528803545052,0.748432524948521,20,"BRCA1;CEP120;PLK2;PLK4;CCDC15;STIL;CEP76"
"Negative Regulation of Calcium Ion Transport","GOBP_NEGATIVE_REGULATION_OF_CALCIUM_ION_TRANSPORT",0.348679582817119,0.953230592571094,0.547116736990155,0.748652316279887,30,"HES1;ADRA2A;BCL2;SESTD1;INPP5K;GPR35"
"Spleen Development","GOBP_SPLEEN_DEVELOPMENT",0.34690203237773,0.948371072420892,0.547116736990155,0.748652316279887,30,"SLC40A1;MYB;BCL2"
"Adult Locomotory Behavior","GOBP_ADULT_LOCOMOTORY_BEHAVIOR",0.316323322632672,0.95378100764808,0.548764629388817,0.750307709634731,54,"FGF12;CCND2;EPS8;PBX3;CHL1;TMOD1;NR4A2;CNTN2;TUBA1A;CTNS;CHD7;SNCG"
"Collagen Biosynthetic Process","GOBP_COLLAGEN_BIOSYNTHETIC_PROCESS",-0.296260276280833,-0.955383467533273,0.548872180451128,0.750307709634731,36,"PLOD1;RAP1A;ERRFI1;TRAM2;IL6R;COL5A1;GOT1;PLOD2;PRDX5;PCOLCE"
"Negative Regulation of Leukocyte Proliferation","GOBP_NEGATIVE_REGULATION_OF_LEUKOCYTE_PROLIFERATION",0.305188931646561,0.946781298337453,0.548969072164949,0.750307709634731,66,"PLA2G5;PAWR;ERBB2;ARG2;DLG5;ZBTB7B;IL10;TNFAIP3;CBLB;FCGR2B;GPNMB;MAD1L1;IL20RB;LGALS9;CEBPB;TWSG1;HLA-DRB1;GREM1;NDFIP1"
"Negative Regulation of Leukocyte Migration","GOBP_NEGATIVE_REGULATION_OF_LEUKOCYTE_MIGRATION",-0.296303433597789,-0.941864525036661,0.54945054945055,0.75067288405822,33,"TNFAIP6;MIA3;GPR18;IL33;SLIT2;MIF;RABGEF1"
"Apoptotic Cell Clearance","GOBP_APOPTOTIC_CELL_CLEARANCE",0.340317237027825,0.943036810089501,0.550068587105624,0.750995625063589,33,"MERTK;THBS1;AXL;C3;GAS6;TGM2;TYRO3;MFGE8;C2"
"Cellular Response to Dexamethasone Stimulus","GOBP_CELLULAR_RESPONSE_TO_DEXAMETHASONE_STIMULUS",0.373908518139153,0.945342272828941,0.55096011816839,0.750995625063589,20,"DDIT4;AQP1;ASS1;FBXO32;AXIN2"
"Positive Regulation of Interleukin 17 Production","GOBP_POSITIVE_REGULATION_OF_INTERLEUKIN_17_PRODUCTION",-0.319348793837521,-0.921732274873406,0.550769230769231,0.750995625063589,20,"NR1H4;SLC7A5"
"Protein Complex Oligomerization","GOBP_PROTEIN_COMPLEX_OLIGOMERIZATION",-0.220739446955099,-0.982796605007379,0.551282051282051,0.750995625063589,222,"CLDN1;CRYZ;HLA-G;SIGMAR1;SOD2;NME1;SLC31A1;TRPM3;NOL3;KCNS1;KCNA4;SLC1A2;ITPR1;B2M;LRRC8D;ACOT13;ALDOA;ALAD;IFIH1;GLS;EHD3;SLC1A5;BASP1;ALDH1A3;FARSB;YME1L1"
"Regulation of Dna Repair","GOBP_REGULATION_OF_DNA_REPAIR",0.273397487430595,0.964469097882698,0.551155115511551,0.750995625063589,197,"DPF3;POLQ;SMARCC2;IER3;PLK1;BRCA1;TADA3;USP51;BCL7A;FOXM1;PRKCG;CHEK1;DPF2;SMARCA2;CDK9;OGG1;KDM4D;AGER;EGFR;MAD2L2;BRD7;RMI2;RAD52;TRIM28;KDM1A;ATXN7L3;HELB;INO80E;ARID2;BARD1;TADA1;AXIN2;XRCC1;ARID1B;ARID1A;UIMC1;BRD8;ACTR8;SIRT1;HMGA2;ZCWPW1;DDX11;KAT7;SMARCC1;FAM168A;SPIRE1;SMARCD1;RNF126;MGMT;RAD51AP1;MORF4L2;WRAP53;TERF2IP;USP22;KAT2B;POLB;TAF10;SETMAR;ABL1;LIG3;BABAM1;HMGB1;NFRKB;KAT5;SIRT7;YEATS4;INO80B;ACTB;TFPT;ING3;SMARCE1;CREBBP;PML;FANCB"
"Response to Monosaccharide","GOBP_RESPONSE_TO_MONOSACCHARIDE",0.280364648032869,0.9622002277704,0.550510783200908,0.750995625063589,146,"SOX4;CASR;LRP5;IGF1;ADRA2A;EIF2B2;PIK3CA;ILDR2;EGR1;THBS1;ABCA12;LPL;ZBTB20;C2CD2L;UBTF;AGER;NPPA;ACVR2B;TCF7L2;PLA2G6;GAS6;LIN28A;SLC29A1;SRF"
"Spliceosomal Complex Assembly","GOBP_SPLICEOSOMAL_COMPLEX_ASSEMBLY",-0.254246784203717,-0.951672731718091,0.551401869158878,0.750995625063589,73,"NOL3;SRPK2;SNIP1;TXNL4A;DDX1;SNRPD3;SF3B5;SNRPD2;USP39;RNU6ATAC;SNRPD1;SNRPA1;SNRPG;SNRPB2;SRPK1;PHF5A;SNRPB;GEMIN6;SNRNP200;SNRPC;SF3B3;RNU2-1;SNRPE"
"Vesicle Organization","GOBP_VESICLE_ORGANIZATION",-0.213367177313141,-0.981570108878127,0.551020408163265,0.750995625063589,324,"ABCB6;HPS5;AP1S1;SRGN;MIA3;S100A10;PIK3C3;RAB38;APOE;ANXA2;VAPB;TRAPPC3;PI4K2B;TYRP1;HOOK3;VTA1;TMED9;AGFG1;ABCA1;AP3M2;ARL8B;VPS37A;STX3;AKTIP;ATP6AP1;KIF13A;OSBP;SNX3;GOSR2;TMED2;ATP6V1E1;SEC24D;ANKRD27;VAMP4;SEC23A;EEA1;SEC24A;RAB1A;SNX2;TMEM9;ANXA2P2;BACE2;INSIG1;TBPL1;LAMTOR1;DNM2;PDCD6;BET1;SDC1;PLEKHF1;AP3S1;SEC23B;STX8;PREB;VAMP3;VTI1A;SAR1A;ATP6AP2;SLC2A4;GOLPH3L;SEC22B;USO1;SDCBP;ATP6V1G1;ATP6V1B2;VPS39;ATP6V1H;YKT6;ANXA1;CLN3;VPS37D;RAB7A;AP3S2;TRAPPC5;RNASEK;BLOC1S1;ARFGAP3;STAM"
"Regulation of Dna Templated Dna Replication Initiation","GOBP_REGULATION_OF_DNA_TEMPLATED_DNA_REPLICATION_INITIATION",0.384123737002323,0.943718149530448,0.551724137931034,0.751142501038637,18,"MCM5;MCM7;CDK2;CIZ1;DTL;KAT7;MCM4"
"Inorganic Ion Homeostasis","GOBP_INORGANIC_ION_HOMEOSTASIS",0.265586314212609,0.971848899876745,0.553590010405827,0.752953779858067,366,"WNT5A;SMAD9;SFRP4;CASR;TNFSF11;CAMK2D;SLC25A27;SLC40A1;TF;FXYD6;PLCL1;FAM20A;ANK2;RHBG;CNNM2;ENPP1;ANK3;SLC39A4;KCNQ1;CACNB2;SLC12A4;CYBRD1;TMTC4;CHP2;HMOX1;BCL2;FGFR1;ERC2;TNNI3;CAPN3;KCTD17;SLC12A5;GP1BA;PLCB4;NEO1;MLLT6;SMAD1;EDNRB;TRPC1;HEPH;KLHL3;PACS2;GSTM2;SGCD;APLNR;SLC1A3;ACVR2B;BOK;PLCB3;EXT1;TGM2;GRIK2;SYPL2;FLNA;CHRNA7;DDIT3;F2R;CHD7;STIM1;GRID2IP;CP;HCRTR1;TMEM38A;KCNMA1;SMAD4"
"Macrophage Activation Involved in Immune Response","GOBP_MACROPHAGE_ACTIVATION_INVOLVED_IN_IMMUNE_RESPONSE",-0.319218747919861,-0.921356925030737,0.553846153846154,0.752953779858067,20,"IL1RAP;IL33;NMI"
"Positive Regulation of Heart Rate","GOBP_POSITIVE_REGULATION_OF_HEART_RATE",0.373473026953697,0.944241232849683,0.553914327917282,0.752953779858067,20,"KCNQ1;AVPR1A;NPPA;SCN3B;HEY2"
"Regulation of Membrane Permeability","GOBP_REGULATION_OF_MEMBRANE_PERMEABILITY",-0.272377748421637,-0.974558531420972,0.553571428571429,0.752953779858067,58,"BNIP3;HK2;NOL3;RHOT1;PPIF;CLDN3;CASP6;MTCH2;F11R;VDAC2;GSK3B;SLC25A4"
"Regulation of Notch Signaling Pathway","GOBP_REGULATION_OF_NOTCH_SIGNALING_PATHWAY",0.305904679873472,0.943941706768903,0.554417413572343,0.753345306339767,62,"HES1;LLGL2;TGFB2;JAG1;DTX3;MMP14;BEND6;TSPAN14;AKT1;NFKBIA;EGFL7;WWP2;HEY2;YJEFN3;EPN2"
"Astrocyte Differentiation","GOBP_ASTROCYTE_DIFFERENTIATION",0.305796133566773,0.943606761301408,0.555697823303457,0.754775961875265,62,"S100B;HES1;SMO;PLP1;VIM;CDK6;MAG;AGER;SOX9;CNTN2"
"Innervation","GOBP_INNERVATION",0.380375030651097,0.946175040123983,0.556390977443609,0.754775961875265,19,"NRP1;VCAM1;PRKCG;SEMA3A;CHD7"
"Midbody Abscission","GOBP_MIDBODY_ABSCISSION",0.378987381222039,0.942723290801822,0.556390977443609,0.754775961875265,19,"KIF20A;CEP55;CHMP4C;CHMP1B;ZFYVE19"
"Negative Regulation of Camp Pka Signal Transduction","GOBP_NEGATIVE_REGULATION_OF_CAMP_PKA_SIGNAL_TRANSDUCTION",0.367448050130398,0.949500690840488,0.556547619047619,0.754775961875265,24,"NPY2R;PDE9A;PKIA;PDE4C;PRKAR1B"
"Positive Regulation of Receptor Mediated Endocytosis","GOBP_POSITIVE_REGULATION_OF_RECEPTOR_MEDIATED_ENDOCYTOSIS",0.32332430968848,0.933735330421361,0.556149732620321,0.754775961875265,41,"SFRP4;TF;PICK1;INSR;SELE;C3;APLNR;DTNBP1;CLU;HIP1;DGKD;BICD1;GREM1"
"Positive Regulation of Double Strand Break Repair","GOBP_POSITIVE_REGULATION_OF_DOUBLE_STRAND_BREAK_REPAIR",0.298450994221852,0.950730318900094,0.557356608478803,0.755580572562402,81,"DPF3;SMARCC2;BCL7A;FOXM1;DPF2;SMARCA2;KDM4D;AGER;MAD2L2;BRD7;ARID2;ARID1B;ARID1A;BRD8;SIRT1;ZCWPW1;DDX11;SMARCC1;SPIRE1;SMARCD1;RNF126;MGMT;RAD51AP1;MORF4L2;WRAP53"
"Mating Behavior","GOBP_MATING_BEHAVIOR",0.36998115317856,0.935412827689384,0.55834564254062,0.756335957393578,20,"ABAT;MAPK8IP2;AVPR1A;EDNRB"
"Muscle Hypertrophy in Response to Stress","GOBP_MUSCLE_HYPERTROPHY_IN_RESPONSE_TO_STRESS",0.370353584054202,0.93635443408071,0.55834564254062,0.756335957393578,20,"FOXO1;NPPA;APLNR;LMNA;GATA6;SMAD4"
"Regulation of Complement Activation","GOBP_REGULATION_OF_COMPLEMENT_ACTIVATION",0.381584702806651,0.937480230802922,0.559220389805097,0.757228073245944,18,"SUSD4;CFH;C3;SERPING1;C6;CLU"
"Positive Regulation of Homotypic Cell Cell Adhesion","GOBP_POSITIVE_REGULATION_OF_HOMOTYPIC_CELL_CELL_ADHESION",0.398394267793919,0.937322238082805,0.559451219512195,0.757247921928601,15,"TNFSF11;ANK3"
"Protein Modification by Small Protein Removal","GOBP_PROTEIN_MODIFICATION_BY_SMALL_PROTEIN_REMOVAL",-0.246228645748713,-0.974240476660479,0.559748427672956,0.757357567453984,103,"UCHL1;UCHL3;COPS6;PARK7;UCHL5;USP46;YOD1;PSMD14;USP53;USP14;COPS5;USP47;USP27X;VCPIP1;USP18;USP13;OTUD7B;SENP2;USP7;USP39;USP33;USP38;USP4;TANK;SHMT2;OTUD6B;USP54;VCP;COPS2;USP12;COPS3;USP8;USP49;ZRANB1;USP32;COPS4"
"Regulation of Cell Shape","GOBP_REGULATION_OF_CELL_SHAPE",0.285995925976255,0.955290555356086,0.560233918128655,0.757721781932308,112,"S100B;FGD6;SEMA4A;EPS8;FGD4;PLXNB1;FN1;PALM;FYN;ARHGEF18;CDC42EP1;PHIP;FMNL3;FERMT2;LIMD1;PARVB;WASF3;YPEL4;ATP10A;SHROOM3;RHOBTB1;CDC42SE1;BRWD3;FAM171A1"
"Positive Regulation of Natural Killer Cell Mediated Cytotoxicity","GOBP_POSITIVE_REGULATION_OF_NATURAL_KILLER_CELL_MEDIATED_CYTOTOXICITY",-0.324805876554986,-0.92968771172331,0.560830860534125,0.758236396932088,19,"PIK3C3;CD226;RASGRP1;STAT5B;CRTAM;CD160;HLA-F;AP1G1"
"Regulation of Microtubule Polymerization or Depolymerization","GOBP_REGULATION_OF_MICROTUBULE_POLYMERIZATION_OR_DEPOLYMERIZATION",0.297028840552157,0.951383878484829,0.561881188118812,0.759363349529397,84,"STMN1;CLIP3;NUMA1;ARHGEF2;PAK1;SKA2;APC2;SKA3;MAPRE3;GBA2;DIAPH3;AKAP9;CLASP1;CKAP2;STMN3;DCTN1;MID1;HAUS4;TTBK2;CDK5R1;MID1IP1;MAP1S;HAUS7;HAUS1;MAP6D1;ABL1;WDR47;GIT1;CKAP5;HAUS5;MECP2;CLASP2;ANKRD53;PSRC1"
"Positive Regulation of t Cell Migration","GOBP_POSITIVE_REGULATION_OF_T_CELL_MIGRATION",-0.29747252340075,-0.933496025080168,0.562289562289562,0.759622189240392,29,"P4HB;CCR2;RHOA;FADD;CD99L2;CCL20"
"Regulation of Dna Damage Response Signal Transduction by P53 Class Mediator","GOBP_REGULATION_OF_DNA_DAMAGE_RESPONSE_SIGNAL_TRANSDUCTION_BY_P53_CLASS_MEDIATOR",0.341380390670329,0.938034810759176,0.562849162011173,0.759910802107334,31,"SOX4;PMAIP1;SNAI2;HIC1;KDM1A;SIRT1;PTTG1IP"
"Response to Lipoprotein Particle","GOBP_RESPONSE_TO_LIPOPROTEIN_PARTICLE",-0.297753518020973,-0.93823927236822,0.562937062937063,0.759910802107334,31,"MIA3;APOE;CD9;ABCA1"
"Response to Salt Stress","GOBP_RESPONSE_TO_SALT_STRESS",0.393070644998986,0.939438353630605,0.563444108761329,0.760302277731486,16,"EFHD1;CAPN3;AQP1"
"Positive Regulation of Torc1 Signaling","GOBP_POSITIVE_REGULATION_OF_TORC1_SIGNALING",0.316084410560881,0.940869889789212,0.563802083333333,0.760492375016044,48,"PIM1;STAMBPL1;GPR137C;GPR155;CTNS;WDR24;CLEC16A;GPR137;AKT1;MAT2A"
"Regulation of Autophagosome Maturation","GOBP_REGULATION_OF_AUTOPHAGOSOME_MATURATION",0.395379595331848,0.930229466505337,0.564024390243902,0.760499399162583,15,"PHF23;UVRAG;CLEC16A;TECPR1"
"Regulation of Coagulation","GOBP_REGULATION_OF_COAGULATION",0.31135481428812,0.943084133887094,0.56426735218509,0.760534257292947,55,"PLAT;ADAMTS18;PDGFB;C1QTNF1;F3;HPSE;GP1BA;THBS1;SERPING1"
"Platelet Activation","GOBP_PLATELET_ACTIVATION",0.284581607021066,0.9510917085278,0.565217391304348,0.761284817539622,115,"DGKA;ADRA2A;ADAMTS18;PDGFB;MERTK;C1QTNF1;PIK3CA;ACTG1;DGKQ;GP1BA;AXL;PRKCQ;DGKZ;TSPAN9;CSRP1;VCL;TYRO3;FLNA;PDGFA;SRF;F2R;ADAMTS13;MYL9;PLA2G4A;RAP2B;CEACAM1;SELP"
"Positive Regulation of Amyloid Beta Formation","GOBP_POSITIVE_REGULATION_OF_AMYLOID_BETA_FORMATION",-0.33223808563394,-0.919748767937971,0.56547619047619,0.761284817539622,17,"CASP3;APOE;SLC2A13;EPHA4"
"Positive Regulation of Viral Life Cycle","GOBP_POSITIVE_REGULATION_OF_VIRAL_LIFE_CYCLE",0.376338799299259,0.936134997919483,0.565413533834586,0.761284817539622,19,"TRIM11;AXL;TYRO3;LGALS9;VPS37B;TSG101;KPNA2;FMR1;FURIN;TRIM21;HMGB1"
"Embryonic Brain Development","GOBP_EMBRYONIC_BRAIN_DEVELOPMENT",0.391341511962452,0.935305727819653,0.566465256797583,0.762323393992291,16,"PRICKLE1;MED12"
"Detection of External Biotic Stimulus","GOBP_DETECTION_OF_EXTERNAL_BIOTIC_STIMULUS",-0.331602854096226,-0.927231860721092,0.567164179104478,0.762970859985785,18,"SCARB1;HLA-A;HLA-B"
"Maternal Process Involved in Female Pregnancy","GOBP_MATERNAL_PROCESS_INVOLVED_IN_FEMALE_PREGNANCY",0.315349816346262,0.932130135248617,0.570680628272251,0.767406618363799,46,"NDP;PTGIS;JUNB;PRDM1;BMPR2;ESR1;AKT1;NR2F2;LGALS9;PTGS2;WNT4;RXRB;GHSR;TPPP3"
"Centriole Assembly","GOBP_CENTRIOLE_ASSEMBLY",0.318933336394309,0.928249574553337,0.571428571428571,0.767528483786152,42,"BRCA1;CEP120;CDK2;CEP192;PLK2;CEP152;PLK4;OFD1;CNTROB;CCDC15;STIL;CCP110;CEP76;CCDC61;KIAA0753;KAT2B"
"Host Mediated Suppression of Symbiont Invasion","GOBP_HOST_MEDIATED_SUPPRESSION_OF_SYMBIONT_INVASION",0.37631117950881,0.924524198231278,0.571214392803598,0.767528483786152,18,"TRIM26;TRIM8;TRIM11"
"Regulation of Amyloid Fibril Formation","GOBP_REGULATION_OF_AMYLOID_FIBRIL_FORMATION",-0.33146289440353,-0.917602773213356,0.571428571428571,0.767528483786152,17,"APOE;PFDN6;PSEN1;CRYAB;USP8;PFDN5;VBP1;APP"
"Response to Copper Ion","GOBP_RESPONSE_TO_COPPER_ION",-0.295730853967279,-0.928030506871758,0.572390572390572,0.768288687348778,29,"MT3;PARK7;MT1X"
"Transposition","GOBP_TRANSPOSITION",0.342500123038646,0.936337002017809,0.572433192686357,0.768288687348778,30,"PGBD5;DNMT3A;SETDB1;MOV10L1;TDRD12;ZNF93;APOBEC3A;TNRC18;SPIN1;MOV10"
"Positive Regulation of Membrane Permeability","GOBP_POSITIVE_REGULATION_OF_MEMBRANE_PERMEABILITY",-0.291236366754845,-0.932341705821016,0.573584905660377,0.769539611079396,35,"BNIP3;RHOT1;PPIF"
"Deoxyribonucleotide Metabolic Process","GOBP_DEOXYRIBONUCLEOTIDE_METABOLIC_PROCESS",0.325624530010378,0.93038051027287,0.574324324324324,0.769647325213507,39,"NEIL1;NT5C1A;SAMHD1;DERA;OGG1"
"Regulation of Toll Like Receptor 4 Signaling Pathway","GOBP_REGULATION_OF_TOLL_LIKE_RECEPTOR_4_SIGNALING_PATHWAY",0.350433675825679,0.932859555433355,0.573888091822095,0.769647325213507,27,"DAB2IP;PIK3R1;IFI35;TNFAIP3"
"Sensory Perception of Light Stimulus","GOBP_SENSORY_PERCEPTION_OF_LIGHT_STIMULUS",0.282584792276205,0.943345228518507,0.574117647058824,0.769647325213507,114,"NDP;RIMS1;CDH3;LRAT;ABLIM1;RPGR;COL11A1;CACNB2;SFRP5;NXNL2;GJC1"
"Cell Surface Receptor Signaling Pathway via Jak Stat","GOBP_CELL_SURFACE_RECEPTOR_SIGNALING_PATHWAY_VIA_JAK_STAT",0.286636144249421,0.944880881045588,0.575147928994083,0.770456288820754,98,"SOCS2;HES1;PRLR;CTF1;CISH;SOCS3;IL10;PTPRD;SOCS5;MST1;JAK1;F2R;IL18"
"Actin Nucleation","GOBP_ACTIN_NUCLEATION",0.318237651332777,0.926224796053571,0.575396825396825,0.770495060919373,42,"HIP1R;PICK1;WASH3P;WIPF3;DIAPH3;WASF3;CORO1B;SPIRE1;ABI2;WHAMM;ARPC4;IQGAP2;JMY;CYFIP1;ARPC1B"
"Trabecula Morphogenesis","GOBP_TRABECULA_MORPHOGENESIS",0.328294198531335,0.923674312609667,0.576662143826323,0.771894340780898,35,"SLC40A1;TGFB2;NRG1;THBS3;UBE4B;SRF;CHD7"
"Positive Regulation of Execution Phase of Apoptosis","GOBP_POSITIVE_REGULATION_OF_EXECUTION_PHASE_OF_APOPTOSIS",0.388141139958899,0.92765684270377,0.577039274924471,0.772104117670139,16,"PTGIS;TP53;BOK"
"Regulation of Cardiac Muscle Contraction by Regulation of the Release of Sequestered Calcium Ion","GOBP_REGULATION_OF_CARDIAC_MUSCLE_CONTRACTION_BY_REGULATION_OF_THE_RELEASE_OF_SEQUESTERED_CALCIUM_ION",0.370614992233048,0.921897145946749,0.577443609022556,0.772350119284466,19,"CAMK2D;ANK2;GSTM2;TMEM38A;CACNA1C"
"Protein Palmitoylation","GOBP_PROTEIN_PALMITOYLATION",0.369564325402813,0.919283633885895,0.578947368421053,0.774065889915629,19,"CLIP3;ZDHHC21;ZDHHC15;ZDHHC14"
"Neurotransmitter Reuptake","GOBP_NEUROTRANSMITTER_REUPTAKE",0.388479851466631,0.913996091969717,0.579268292682927,0.77419947701957,15,"SLC6A13;GPM6B"
"Glutathione Metabolic Process","GOBP_GLUTATHIONE_METABOLIC_PROCESS",-0.279526162989531,-0.946299302536913,0.579831932773109,0.774657231313578,46,"IDH1;SOD2;ETHE1;SLC1A2;GCLM;GSTT2;GSTT1;GLO1"
"Corpus Callosum Development","GOBP_CORPUS_CALLOSUM_DEVELOPMENT",0.361527463242753,0.927475619602804,0.580980683506687,0.775896048160093,22,"PTPRS;FILIP1;RYK;KCNC1;TSKU;SZT2;PRDM8;EPHB2"
"Apical Junction Assembly","GOBP_APICAL_JUNCTION_ASSEMBLY",0.307883422855589,0.928305158559399,0.583116883116883,0.775927983254113,53,"FZD5;DLG5;FBF1;MYO1C;SNAI2;MICALL2;GRHL2;VCL;PKN2;SRF"
"Cellular Response to Abiotic Stimulus","GOBP_CELLULAR_RESPONSE_TO_ABIOTIC_STIMULUS",-0.212725010066732,-0.979592878357659,0.582089552238806,0.775927983254113,273,"BNIP3;SERPINB6;SLC2A1;TNFRSF10A;AKR1B1;TEK;CAB39;KCNK1;CASP3;CUL4B;PTEN;ERRFI1;PTPN11;RBX1;FBXW7;LRRC8D;CALR;MDM2;EIF2AK4;NPM1;PPID;ACTR5;HABP4;FADD;TNFRSF10B;HYAL3;MFAP4;FBP1;NMT2;ATR;FGF2;MTCH2;DHX36;MMP1;ST20;GOT1;RUVBL2"
"Cellular Response to Copper Ion","GOBP_CELLULAR_RESPONSE_TO_COPPER_ION",-0.310116663855813,-0.903423463032735,0.58282208588957,0.775927983254113,21,"MT3;MT1X"
"Cilium Organization","GOBP_CILIUM_ORGANIZATION",0.264115843890979,0.958319979672304,0.581322140608604,0.775927983254113,312,"PRICKLE1;VANGL2;CDKL5;RAB3IP;KLC3;SYNE2;ABLIM1;RPGR;LCA5;KCNQ1;WDR44;GAS8;HYDIN;CEP120;TUB;FBF1;TTC8;DNAAF2;POC1A;CCDC159;KCTD17;TCHP;CELSR2;KIF24;FSIP2;TESK1;FAM161B;TTC21A;TTLL3;PLK4;AVIL;STK36;FLNA;CDC14A;NEK1;OFD1;CROCC;CEP70;EVI5L;DZIP1;IFT27;RSPH4A;DTNBP1;DNAH1;AKT1;MNS1;MYCBPAP;PCNT;CEP97;ATAT1;CNTROB;RAB11B;CCDC15;MARK4;TBC1D17;ARL13B;DCTN1;DYNLRB1;DZIP1L;HYLS1;SPAG1;CEP164;CCP110;IFT140;TEKT2;MPHOSPH9;FNBP1L;CC2D2A;TBC1D8;BBS1;TMEM138;CEP128;LAMA5;TTBK2;KIAA0753;NUDCD3;RSPH9;PARVA;DISC1;BBS2;SPATA6;TRIM32;PTPN23;RILPL1;DYNLT3;FAM149B1;WRAP73;MAP4;RFX2;TTLL1;ELMOD1;KIF3A;WDR90"
"Negative Regulation of Non Canonical Nf Kappab Signal Transduction","GOBP_NEGATIVE_REGULATION_OF_NON_CANONICAL_NF_KAPPAB_SIGNAL_TRANSDUCTION",0.359140097918626,0.928032604775674,0.583333333333333,0.775927983254113,24,"DAB2IP;IFI35;PPM1B;NLRC3;C1QTNF3;RELA"
"Positive Regulation of Lamellipodium Organization","GOBP_POSITIVE_REGULATION_OF_LAMELLIPODIUM_ORGANIZATION",0.344195772874476,0.93220965705646,0.581560283687943,0.775927983254113,29,"FSCN1;PIK3CA;PIK3R1;AVIL;AKIRIN1;CORO1B"
"Protein Localization to Extracellular Region","GOBP_PROTEIN_LOCALIZATION_TO_EXTRACELLULAR_REGION",0.265272795127954,0.955594772125612,0.583155650319829,0.775927983254113,262,"SOX4;SYTL4;NOS2;FOXO1;CASR;LRP5;IRS1;IGF1;TGFB2;ADRA2A;PICK1;ABAT;KCNJ8;APBB1;GJA5;RIMS2;ANG;RAB3A;ILDR2;APBB3;FRMD4A;CAPS2;MYRIP;NEO1;PCSK5;ABCA12;CPT1A;EDNRB;C2CD2L;TACR2;INHBB;ACVR2B;TCF7L2;TGFB3;PLA2G6;NNAT;LTBP1;GNAO1;DISP1;C1QTNF3;RHBDF1;F2R;FUT10;SNCG;MYO18A;NFKBIZ;ALOX5;CLSTN3;NECAB3;ARL4D;MON1A"
"Purinergic Nucleotide Receptor Signaling Pathway","GOBP_PURINERGIC_NUCLEOTIDE_RECEPTOR_SIGNALING_PATHWAY",-0.32692590662887,-0.914154124359409,0.582089552238806,0.775927983254113,18,"ADORA2B;GPR34;P2RX6;P2RX4;ADORA2A;P2RY8;P2RX1"
"Ras Protein Signal Transduction","GOBP_RAS_PROTEIN_SIGNAL_TRANSDUCTION",0.283971251281276,0.939451627460876,0.583333333333333,0.775927983254113,99,"IQGAP3;IGF1;TGFB2;ADRA2A;CCNA2;DAB2IP;RASGRP3;MRAS;FOXM1;CDK2;TP53;PLK2;SYNGAP1;RGL3;CSF1;RGL1;SPRY4;RRAS"
"Regulation of Signaling Receptor Activity","GOBP_REGULATION_OF_SIGNALING_RECEPTOR_ACTIVITY",0.316168963804352,0.920203919277709,0.583333333333333,0.775927983254113,42,"DAPK1;CRHBP;PRRT1;IL10"
"Vesicle Docking","GOBP_VESICLE_DOCKING",0.306770054844817,0.920728672557357,0.583441138421734,0.775927983254113,51,"RIMS1;RIMS2;SNPH;RIMS3;NDRG4;SYT1"
"Striated Muscle Contraction","GOBP_STRIATED_MUSCLE_CONTRACTION",0.273721910630786,0.952487296360118,0.585011185682327,0.777720752730622,173,"JUP;CAMK2D;FGF12;ANK2;KCNJ8;DSP;GJA5;ARG2;KCNQ1;CACNB2;PIK3CA;SCN5A;GJC1;TNNI3;SCN9A;PPP1R13L;GSTM2;HOMER1;SGCD;NPPA;AKAP9;KCNJ5;FLNA;CACNA1G;DDIT3;TMEM38A;CTNNA3;SCN3B;CACNA1C;SCN4A;ATP8A2;TNNC2;PRKD1;SCN11A;CHRNE"
"Adenylate Cyclase Activating g Protein Coupled Receptor Signaling Pathway","GOBP_ADENYLATE_CYCLASE_ACTIVATING_G_PROTEIN_COUPLED_RECEPTOR_SIGNALING_PATHWAY",0.292175344076093,0.940435783524817,0.585696670776819,0.778336660747798,90,"FSHR;ADRA2A;GPR157;ADCY1;S1PR3;DGKQ;MC1R;CRTC3;GPR161;PTGER2;ADCY3;TACR2;GSK3A;ARRDC3;ADCY2;PRKAR1B"
"Positive Regulation of Cell Adhesion Mediated by Integrin","GOBP_POSITIVE_REGULATION_OF_CELL_ADHESION_MEDIATED_BY_INTEGRIN",-0.328503579715922,-0.909410376990406,0.586309523809524,0.778515388292778,17,"PODXL;CIB1;RET;LIF"
"Regulation of Kinase Activity","GOBP_REGULATION_OF_KINASE_ACTIVITY",0.268008754631012,0.956010789165231,0.586393088552916,0.778515388292778,221,"DAPK1;WNT5A;PIM1;PRLR;IGF1;TRAF4;CENPE;PDGFB;NRG1;ERBB2;PIK3CA;LDB1;TSPYL2;HIPK3;CCNG1;FGFR1;KIF14;TRAF2;FGF18;PKIA;UVRAG;SASH1;NPPA;TLR3;CDK5RAP3;SOCS5;MST1;CCNT1;LDB2;GAS6;PRKAR1B;STRADA;PAQR3;PILRB;MAP3K10;CDC6;ZGPAT;DIRAS3;RAP2B;CEACAM1;DIRAS1;MAPK8IP1"
"Vascular Endothelial Growth Factor Production","GOBP_VASCULAR_ENDOTHELIAL_GROWTH_FACTOR_PRODUCTION",0.339262835304237,0.927486808724407,0.586497890295359,0.778515388292778,30,"NDRG2;C5;BRCA1;HPSE;C3;RELA;PTGS2;C3AR1;ADAMTS3;SULF2"
"Multicellular Organismal Movement","GOBP_MULTICELLULAR_ORGANISMAL_MOVEMENT",0.315828845046696,0.919214009926555,0.587301587301587,0.779286916786917,42,"TNNI3;COL6A1;GSTM2;HOMER1;DDIT3;SCN4A;ATP8A2;TNNC2;PRKD1;CHRNE;STAC2;CHRNB1;DMPK;TNNT1;DMD;HIPK2;STAC3;MAP1A;CLN8;MYH3;MTOR"
"Regulation of Animal Organ Formation","GOBP_REGULATION_OF_ANIMAL_ORGAN_FORMATION",-0.331369049006701,-0.901591433212462,0.588235294117647,0.780230304920151,16,"WNT2B;ROBO1;CTNNB1;FGF2"
"Determination of Adult Lifespan","GOBP_DETERMINATION_OF_ADULT_LIFESPAN",0.342581147321249,0.927836652935349,0.590070921985816,0.781802415123141,29,"KCNJ8;TFCP2L1;RAD54L;TP53;MSH6;ERCC2;COQ7;ATP8A2;ATN1"
"Interleukin 6 Mediated Signaling Pathway","GOBP_INTERLEUKIN_6_MEDIATED_SIGNALING_PATHWAY",0.378959663482409,0.920453869881208,0.59009009009009,0.781802415123141,17,"C1QTNF4;SOCS3;JAK1;SMAD4"
"Negative Regulation of Protein Maturation","GOBP_NEGATIVE_REGULATION_OF_PROTEIN_MATURATION",0.379495810382311,0.921756115308347,0.59009009009009,0.781802415123141,17,"PLAT;THBS1;TMEM98;AKT1"
"Keratinocyte Proliferation","GOBP_KERATINOCYTE_PROLIFERATION",0.314808805354503,0.916245203275578,0.591269841269841,0.782921654711084,42,"CDH3;ZFP36;PTPRK;SNAI2;REG3G;MDK;FGFR2;PTCH1;NFKBIZ;PRKD1;IRF6"
"Nucleophagy","GOBP_NUCLEOPHAGY",0.358813951070331,0.920514277410864,0.591381872213967,0.782921654711084,22,"ULK2;ATG13;WDR45;ULK1;ATG4D;WIPI2;ATG9A;ATG2A"
"Positive Regulation of Protein Localization","GOBP_POSITIVE_REGULATION_OF_PROTEIN_LOCALIZATION",0.261276091514362,0.956694552955292,0.591709844559586,0.783059911406206,352,"SOX4;WNT5A;SYTL4;CASR;JUP;IGF1;CAMK1;TGFB2;SORBS1;ABAT;SYT11;SMO;APBB1;CLIP3;NUMA1;ANG;PLK1;PIK3CA;GAS8;AMOTL2;PIK3R1;ITGA3;CHP2;APBB3;WNK3;EFCAB7;FRMD4A;CDK1;MYRIP;TRIM8;CDH1;FYN;ABCA12;SEC31B;C2CD2L;TESK1;CDK9;PLK3;EGFR;CDK5RAP3;TCF7L2;TGFB3;PLA2G6;NNAT;GAS6;JAK1;MAVS;FERMT2;MGAT3;C1QTNF3;FLNA;TRIM28;FUT10;CROCC;PPP1R9B;DZIP1;MYO18A;NECAB2;AKT1;CLSTN3;PCNT"
"Leukocyte Adhesion to Vascular Endothelial Cell","GOBP_LEUKOCYTE_ADHESION_TO_VASCULAR_ENDOTHELIAL_CELL",-0.285271666976054,-0.938706473136317,0.59375,0.784999922223475,40,"IRAK1;ETS1;CCR2"
"Positive Regulation of Receptor Signaling Pathway via Stat","GOBP_POSITIVE_REGULATION_OF_RECEPTOR_SIGNALING_PATHWAY_VIA_STAT",0.332542345982152,0.921492181570126,0.593964334705075,0.784999922223475,33,"HES1;PRLR;IL10"
"Rac Protein Signal Transduction","GOBP_RAC_PROTEIN_SIGNAL_TRANSDUCTION",0.304122680253394,0.922309747214056,0.594072164948454,0.784999922223475,56,"WNT5A;CDKL5;EPS8;FARP2;ARHGAP44;NISCH;CADM4"
"Synaptic Transmission Cholinergic","GOBP_SYNAPTIC_TRANSMISSION_CHOLINERGIC",0.359010107898344,0.90767504591291,0.593796159527326,0.784999922223475,20,"COLQ;TACR2;CHRNA7;CHRNB2;CHRNA10;LAMA2;LYNX1;CHRNE;RIC3;HSPG2;CHRNB1;ACHE"
"Double Strand Break Repair via Nonhomologous End Joining","GOBP_DOUBLE_STRAND_BREAK_REPAIR_VIA_NONHOMOLOGOUS_END_JOINING",0.301563697832626,0.930546573362037,0.59539052496799,0.786445327663223,62,"POLQ;PLK1;HMGB2;USP51;UVRAG;KDM4D;MAD2L2;LMNA;POLM;XRCC1;HMGA2;DCLRE1B;POLL;WRAP53;POLB;SETMAR;SMARCAL1;LIG3;HMGB1"
"Embryo Implantation","GOBP_EMBRYO_IMPLANTATION",0.306291349308101,0.917400008959785,0.596401028277635,0.786517953107048,50,"PTGIS;PRLR;IGFBP7;TRO;DDR1;PCSK5;ACVR2B;INTS1;VMP1;TRIM28;TEAD4"
"Indole Containing Compound Metabolic Process","GOBP_INDOLE_CONTAINING_COMPOUND_METABOLIC_PROCESS",0.357662795754842,0.904268674936697,0.596750369276219,0.786517953107048,20,"MAOB;MAOA;MDGA1"
"Maintenance of Location","GOBP_MAINTENANCE_OF_LOCATION",0.274845540847572,0.94509734617883,0.596351197263398,0.786517953107048,156,"DBN1;ASPM;CAMK2D;PLCL1;ANK2;ANK3;CAPN3;GP1BA;PLCB4;SUFU;TRPC1;TOPORS;UVRAG;GSTM2;APLNR;RANGAP1;AKAP9;PLCB3;LTBP1;ARHGAP21;CIZ1;FLNA;DDIT3;F2R;CHD7;SUN1;TMEM38A;MDFI;BARD1;AKT1;CACNA1C;TAF3;FAM76B;SIRT1;KDELR1;PLCG1"
"Membrane Raft Organization","GOBP_MEMBRANE_RAFT_ORGANIZATION",-0.295388820732268,-0.907734115608573,0.596330275229358,0.786517953107048,25,"S100A10;ANXA2;PPT1"
"Negative Regulation of Mapk Cascade","GOBP_NEGATIVE_REGULATION_OF_MAPK_CASCADE",0.275017923396544,0.937656146431132,0.596792668957617,0.786517953107048,140,"FOXO1;NDRG2;IGF1;FBLN1;DAB2IP;DUSP1;ATF3;RPS6KA6;HIPK3;DACT1;PP2D1;FOXM1;DUSP16;KLF4;NPPA;CDK5RAP3;DUSP8;PAQR3;IGBP1;CHRNA10;SMAD4;SPRY4;SEMA6A;MAPK8IP1;DAG1;EFNA1;AGT;SPRED3"
"Response to Food","GOBP_RESPONSE_TO_FOOD",-0.292367559797241,-0.917476181709175,0.595959595959596,0.786517953107048,29,"MT3;BBS4;MKKS;SLC16A1"
"Negative Regulation of Fatty Acid Biosynthetic Process","GOBP_NEGATIVE_REGULATION_OF_FATTY_ACID_BIOSYNTHETIC_PROCESS",-0.325287872630527,-0.900508198830433,0.598214285714286,0.787224208095334,17,"APOC1;INSIG2;ERLIN2;INSIG1;ERLIN1;TRIB3"
"Positive Regulation of Macrophage Activation","GOBP_POSITIVE_REGULATION_OF_MACROPHAGE_ACTIVATION",0.357351569830451,0.90348181128301,0.598227474150665,0.787224208095334,20,"WNT5A;IL10;THBS1"
"Regulation of Wound Healing","GOBP_REGULATION_OF_WOUND_HEALING",0.283512581961378,0.93458422325857,0.597633136094675,0.787224208095334,98,"KANK1;PLAT;ADRA2A;ADAMTS18;PDGFB;C1QTNF1;F3;ACTG1;HPSE;GP1BA;THBS1;REG3G;SERPING1;HBEGF;TNFAIP3;CADM4;FERMT2;PDGFA;F2R;CLASP1;ALOX5;CEACAM1;CLDN4"
"Vesicle Targeting","GOBP_VESICLE_TARGETING",-0.265309746999529,-0.949269457236583,0.598214285714286,0.787224208095334,58,"TRAPPC3;TMED9;TMED2;PSEN1;TBC1D23;PDCD6;AP1AR;EXOC6B;PREB;C17orf75;SAR1A;YKT6;TRAPPC5;ARFGAP3;TRAPPC2L;SNAP29;SAR1B;EXOC5;CUL3;TRAPPC8;GBF1;FAM91A1;TFG;EXOC1;CEP19;TRAPPC1;CSNK1D"
"b Cell Mediated Immunity","GOBP_B_CELL_MEDIATED_IMMUNITY",0.285823006591072,0.933531399763764,0.6,0.788963963963964,96,"C7;TNFSF4;C5;SUSD4;IL10;C3;MSH6;MAD2L2;EXO1;FCGR2B;IRF7;C1QC;C6;C1R;MASP2;NFKBIZ;CLU;C2;BCL3;C1QB;C1S;NDFIP1;HPX;CARD9;C1RL;EXOSC6"
"Positive Regulation of Multicellular Organism Growth","GOBP_POSITIVE_REGULATION_OF_MULTICELLULAR_ORGANISM_GROWTH",-0.306923238295157,-0.912113713667317,0.6,0.788963963963964,23,"IGF2;BBS4;MKKS;PPIB;GPAM;PLS1;GPR21"
"Regulation of Intracellular Protein Transport","GOBP_REGULATION_OF_INTRACELLULAR_PROTEIN_TRANSPORT",0.276578882202376,0.936030925506026,0.600702576112412,0.78959141618078,130,"JUP;CAMK1;SMO;SVIP;PIK3R1;CHP2;ARHGAP44;EFCAB7;CDK1;SUFU;CDH1;SEC31B;PKIA;FRAT2;PLK3;GRIPAP1;RANGAP1;GAS6;MAVS;FLNA;TRIM28;BARD1;FRAT1;PCNT;FAM76B;NFKBIA;DERL3"
"Glycerophospholipid Catabolic Process","GOBP_GLYCEROPHOSPHOLIPID_CATABOLIC_PROCESS",-0.289944439683922,-0.912315462294874,0.601374570446735,0.790142221737355,30,"APOC1;SCARB1;PRDX6"
"Macrophage Migration","GOBP_MACROPHAGE_MIGRATION",0.311081587792478,0.912860254511911,0.601572739187418,0.790142221737355,44,"C5;CMKLR1;THBS1;EDNRB;MDK;MMP14;CSF1;CX3CR1;AKIRIN1;C3AR1;SAA1"
"Regulation of Intrinsic Apoptotic Signaling Pathway in Response to Dna Damage by P53 Class Mediator","GOBP_REGULATION_OF_INTRINSIC_APOPTOTIC_SIGNALING_PATHWAY_IN_RESPONSE_TO_DNA_DAMAGE_BY_P53_CLASS_MEDIATOR",0.376072373178889,0.913440940038165,0.602102102102102,0.790541103322213,17,"ING2;BCL2;KDM1A;SIRT1"
"Response to Platelet Derived Growth Factor","GOBP_RESPONSE_TO_PLATELET_DERIVED_GROWTH_FACTOR",0.355350043037813,0.918238948974866,0.602678571428571,0.791001512069796,24,"PDGFB;CCNA2;PDGFD;FYN"
"Cellular Response to Light Stimulus","GOBP_CELLULAR_RESPONSE_TO_LIGHT_STIMULUS",-0.246909791304382,-0.955241370532786,0.604166666666667,0.791803771416412,87,"CUL4B;RBX1;FBXW7;EIF2AK4;NPM1;PPID;ACTR5;HYAL3;MFAP4;NMT2;ATR;DHX36;MMP1;ST20;RUVBL2"
"Dna Double Strand Break Processing","GOBP_DNA_DOUBLE_STRAND_BREAK_PROCESSING",0.375674532148263,0.912474625278246,0.603603603603604,0.791803771416412,17,"RAD52;HELB;RBBP8;SLX4;BLM;SETMAR;RNF138;BRIP1"
"Multivesicular Body Sorting Pathway","GOBP_MULTIVESICULAR_BODY_SORTING_PATHWAY",0.310420287015107,0.910919685800586,0.604193971166448,0.791803771416412,44,"SYTL4;UVRAG;LEPROTL1;CHMP4C;VPS36;SORT1;CHMP1B;HGS;LAPTM4B;PTPN23;VPS37B;UBXN6;SNX32;TSG101"
"Negative Regulation of Protein Containing Complex Disassembly","GOBP_NEGATIVE_REGULATION_OF_PROTEIN_CONTAINING_COMPLEX_DISASSEMBLY",0.300717489683076,0.92484272822299,0.604139715394567,0.791803771416412,63,"PLEKHH2;EPS8;PIK3CA;ARHGEF2;TMOD2;SPTBN2;TMOD1;APC2;PHF23;DIAPH3;AVIL;CLASP1;CLEC16A;CKAP2"
"Positive Regulation of Cholesterol Efflux","GOBP_POSITIVE_REGULATION_OF_CHOLESTEROL_EFFLUX",-0.310299644083284,-0.911979071434069,0.604863221884498,0.792088174303326,22,"APOA1;APOE;PLTP;ABCA1"
"Response to Type Ii Interferon","GOBP_RESPONSE_TO_TYPE_II_INTERFERON",0.276922438476298,0.934280349533779,0.604678362573099,0.792088174303326,126,"DAPK1;WNT5A;NOS2;PIM1;ATF3;CITED1;VIM;IRF1;MYO1C;ACTG1;ASS1;TP53;GBP4;CD47;JAK1;SLC22A5"
"Positive Regulation of Cell Migration Involved in Sprouting Angiogenesis","GOBP_POSITIVE_REGULATION_OF_CELL_MIGRATION_INVOLVED_IN_SPROUTING_ANGIOGENESIS",0.36636344723634,0.90008453312372,0.605697151424288,0.792883827144723,18,"AKT3;NRP1;HMOX1;PLK2"
"Positive Regulation of Sprouting Angiogenesis","GOBP_POSITIVE_REGULATION_OF_SPROUTING_ANGIOGENESIS",0.38167758380399,0.897992054600176,0.608231707317073,0.795904247565076,15,"IL10;SMAD1;KLF4;JAK1;TGM2;TJP1"
"Modulation by Symbiont of Entry into Host","GOBP_MODULATION_BY_SYMBIONT_OF_ENTRY_INTO_HOST",-0.321680633917259,-0.89948723016264,0.608955223880597,0.796553453791535,18,"P4HB;FUCA2;ITGAV;TRIM25;BSG"
"Regulation of Natural Killer Cell Activation","GOBP_REGULATION_OF_NATURAL_KILLER_CELL_ACTIVATION",0.325302633698548,0.908321374210057,0.60952380952381,0.796999591176523,34,"DDA1;AXL;PRDM1;DCAF15;GAS6;IL18"
"Regulation of Systemic Arterial Blood Pressure by Renin Angiotensin","GOBP_REGULATION_OF_SYSTEMIC_ARTERIAL_BLOOD_PRESSURE_BY_RENIN_ANGIOTENSIN",0.353470212411213,0.909326003561508,0.610044313146233,0.79738254811614,23,"ACE;GJA5;PCSK5;EDNRB"
"Cellular Response to Topologically Incorrect Protein","GOBP_CELLULAR_RESPONSE_TO_TOPOLOGICALLY_INCORRECT_PROTEIN",0.27891261456472,0.928261359603516,0.610588235294118,0.79779581806613,108,"AKT3;CREBZF;DAB2IP;ATF3;DNAJC18;TMTC4;PIK3R1;MBTPS1;ATF6B;PPP1R15A;PARP6;CDK5RAP3;BOK;AATF;ATXN3;DNAJB12;DDIT3;NCK2;AKT2;ERMP1;AKT1;OPTN"
"t Cell Differentiation Involved in Immune Response","GOBP_T_CELL_DIFFERENTIATION_INVOLVED_IN_IMMUNE_RESPONSE",0.285000375097777,0.930832514895848,0.611778846153846,0.799053429558883,95,"TNFSF4;PRKCZ;JUNB;SEMA4A;MYB;PIK3R1;FOXP1;SOCS3;ZBTB7B;IL10;TMEM98;SOCS5;JAK1;IL18;NFKBIZ;BRD2;LGALS9"
"Embryonic Cranial Skeleton Morphogenesis","GOBP_EMBRYONIC_CRANIAL_SKELETON_MORPHOGENESIS",0.337696884466074,0.907237161231356,0.613180515759312,0.799890791759742,28,"MMP16;MED12;GRHL2;MMP14;TULP3;FGFR2"
"Regulation of Atp Dependent Activity","GOBP_REGULATION_OF_ATP_DEPENDENT_ACTIVITY",0.349462733674785,0.910870197913238,0.613333333333333,0.799890791759742,25,"TNNI3;TP53;TPM2;VMP1;TOR1AIP1;HNRNPU;TSC1;SETMAR"
"Regulation of Dendritic Cell Differentiation","GOBP_REGULATION_OF_DENDRITIC_CELL_DIFFERENTIATION",0.380853647165991,0.896053537417574,0.61280487804878,0.799890791759742,15,"TMEM176B;TMEM176A;AGER;FCGR2B;LGALS9;CEBPB"
"Response to Ionizing Radiation","GOBP_RESPONSE_TO_IONIZING_RADIATION",0.278078846529994,0.929684120610058,0.613207547169811,0.799890791759742,116,"CCND2;XRRA1;BRCA1;VCAM1;DNMT3A;BCL2;RHOB;EGR1;RAD54L;BRSK1;SNAI2;TP53;KDM4D;USP28;BRCA2;KDM1A;FANCD2;RFWD3;BARD1;UIMC1;SIRT1;SWI5;CLK2;RAD9A;SFRP1;BLM;CLOCK;IFI16;CBL;RAD51AP1"
"Regulation of Translation in Response to Stress","GOBP_REGULATION_OF_TRANSLATION_IN_RESPONSE_TO_STRESS",-0.316180237400913,-0.904998654947753,0.614243323442137,0.800779442507557,19,"EIF2AK3;RPS6KA3;EIF2AK4;NPM1"
"Sperm Flagellum Assembly","GOBP_SPERM_FLAGELLUM_ASSEMBLY",0.336834417113561,0.904920105704518,0.614613180515759,0.800963531006959,28,"KLC3;CCDC159;FSIP2;CEP70;DZIP1;DNAH1;MNS1;MYCBPAP"
"Nuclear Envelope Organization","GOBP_NUCLEAR_ENVELOPE_ORGANIZATION",0.301840518955744,0.910112324069568,0.615084525357607,0.801150728526757,54,"PARP11;PLK1;CDK1;REEP4;NUP93;AKAP8L;LMNA;DES;TOR1AIP1;CHMP4C;DCTN1;CHMP1B"
"Positive Regulation of Double Strand Break Repair via Homologous Recombination","GOBP_POSITIVE_REGULATION_OF_DOUBLE_STRAND_BREAK_REPAIR_VIA_HOMOLOGOUS_RECOMBINATION",-0.284621078157698,-0.930300403995984,0.615671641791045,0.801150728526757,38,"PELI1;RUVBL1;ACTL6A;MEAF6;RUVBL2;ACTR2"
"Positive Regulation of Monocyte Chemotaxis","GOBP_POSITIVE_REGULATION_OF_MONOCYTE_CHEMOTAXIS",-0.333693547230582,-0.898753400728955,0.615606936416185,0.801150728526757,15,"CCR2;MOSPD2;CCR1"
"Regulation of Digestive System Process","GOBP_REGULATION_OF_DIGESTIVE_SYSTEM_PROCESS",0.372911590141369,0.905763724600498,0.615615615615616,0.801150728526757,17,"HIP1R;KCNQ1;WNK3;AQP1;SGK1;SLC22A5"
"Regulation of Protein Export from Nucleus","GOBP_REGULATION_OF_PROTEIN_EXPORT_FROM_NUCLEUS",0.331501539641228,0.910889999841933,0.615921787709497,0.801178619512205,31,"CAMK1;FRAT2;RANGAP1;GAS6;BARD1;FRAT1;FAM76B;PRKD1;TPR;PRKACA"
"Viral Translation","GOBP_VIRAL_TRANSLATION",-0.302162449232456,-0.880251460498618,0.616564417177914,0.801716834957028,21,"EIF3B;EIF2AK4;SSB"
"Regulation of Ras Protein Signal Transduction","GOBP_REGULATION_OF_RAS_PROTEIN_SIGNAL_TRANSDUCTION",0.305119271683719,0.904992144608827,0.616993464052288,0.801977033237537,47,"IGF1;TGFB2;DAB2IP;MRAS;FOXM1"
"Calcium Ion Transmembrane Transport","GOBP_CALCIUM_ION_TRANSMEMBRANE_TRANSPORT",0.266670312988696,0.937388855875027,0.619205298013245,0.803659191900851,191,"CACNB3;CAMK2D;PLCL1;CACHD1;ANK2;KCNJ8;CACNB2;SLC25A25;PKD1L3;BCL2;CAPN3;GP1BA;SESTD1;PLCB4;FYN;EDNRB;TRPC1;GPR35;GSTM2;NPPA;APLNR;PLCB3;CACNB1;GAS6;FLNA;CHRNA7;CACNA1G;DDIT3;F2R;CHD7;TOR2A;TMEM38A;PKDREJ;CHRNA10"
"Dna Synthesis Involved in Dna Replication","GOBP_DNA_SYNTHESIS_INVOLVED_IN_DNA_REPLICATION",0.351788643872565,0.905000054881044,0.61890694239291,0.803659191900851,23,"POLQ;TK1;MAD2L2;DTL;POLD1;POLD3"
"Intracellular Glucose Homeostasis","GOBP_INTRACELLULAR_GLUCOSE_HOMEOSTASIS",0.276891011333815,0.926565250659734,0.618764845605701,0.803659191900851,120,"SOX4;FOXO1;CASR;LRP5;IGF1;ADRA2A;PIK3CA;PIK3R1;ABCA12;ZBTB20;C2CD2L;UBTF;AGER;NPPA;PLA2G6;GAS6;LIN28A;SLC29A1;SRF"
"Regulation of Cardiac Conduction","GOBP_REGULATION_OF_CARDIAC_CONDUCTION",0.358953046963462,0.881878604775279,0.619190404797601,0.803659191900851,18,"ANK2;GJA5;TRPC1"
"Negative Regulation of Viral Process","GOBP_NEGATIVE_REGULATION_OF_VIRAL_PROCESS",-0.257524266311878,-0.930108128269645,0.619909502262443,0.803977410746146,62,"PPIA;APOBEC3G;SRPK2;VAPB;IFIH1;UBP1;APOBEC3C"
"Response to Dietary Excess","GOBP_RESPONSE_TO_DIETARY_EXCESS",0.348980332776285,0.890590568683022,0.619822485207101,0.803977410746146,21,"C1QTNF4;SLC25A25;COL6A1;CNTN2;OMA1;BMP8A;APPL2;ADRB1;TRPV1"
"Neurotransmitter Uptake","GOBP_NEUROTRANSMITTER_UPTAKE",0.351781776781013,0.909018403989713,0.620535714285714,0.804491712488104,24,"SLC6A13;GPM6B;SLC1A3;SLC29A1;SLC22A1;FLOT1;PER2"
"Bone Cell Development","GOBP_BONE_CELL_DEVELOPMENT",0.37060554109529,0.90016256972007,0.621621621621622,0.805303454341916,17,"TNFSF11;FOXP1;CLDN18"
"Dna Biosynthetic Process","GOBP_DNA_BIOSYNTHETIC_PROCESS",-0.224114253935083,-0.943136167227954,0.621428571428571,0.805303454341916,134,"PINX1;POLE4;POLD2;RFC3;DKC1;RPA1;CCT5;NHP2;LOX;HSP90AB1;CCT8;CCT3;MEAF6;CTNNB1;PARP3;PTGES3;CCT7;NOP10;ATR;FGF2;DNAJC2;POLE3;RRM1;TERC;POT1;FBXO4;SMG5;ANKRD1;HSP90AA1"
"Protein Localization to Microtubule Organizing Center","GOBP_PROTEIN_LOCALIZATION_TO_MICROTUBULE_ORGANIZING_CENTER",0.319528081740741,0.900738243798109,0.622282608695652,0.805861729486458,36,"NUMA1;TRIM69;CEP192;SPAG5;MARK4;DCTN2;BICD1;STIL;KIAA0753;NUDCD3;DISC1;AURKA;PIBF1;CEP350;NUP62;CCDC14"
"Ganglioside Metabolic Process","GOBP_GANGLIOSIDE_METABOLIC_PROCESS",-0.306731117393629,-0.901491074690039,0.623100303951368,0.806622455558626,22,"HEXB;GM2A;NEU1;GLB1"
"Lysosomal Membrane Organization","GOBP_LYSOSOMAL_MEMBRANE_ORGANIZATION",-0.315156542580395,-0.881244488053914,0.623880597014925,0.806959826940174,18,"OSBPL10"
"Protein Containing Complex Disassembly","GOBP_PROTEIN_CONTAINING_COMPLEX_DISASSEMBLY",0.263675167353521,0.93959487592563,0.624052004333694,0.806959826940174,220,"SEMA5A;PLEKHH2;ATAD2;DDIT4;STMN1;MICAL1;MAP1LC3A;INSR;EPS8;KIF2C;SMARCC2;DNAJC17;PIK3CA;ARHGEF2;KIF18A;TMOD2;SPTBN2;KIF14;TRAF2;TMOD1;APC2;PHF23;KIF24;UVRAG"
"Response to Sterol Depletion","GOBP_RESPONSE_TO_STEROL_DEPLETION",0.372568956244012,0.890439342954878,0.623867069486405,0.806959826940174,16,"ARHGEF10L;ZBTB7B;ARMC5;SCAP;PAQR3"
"Positive Regulation of Long Term Synaptic Potentiation","GOBP_POSITIVE_REGULATION_OF_LONG_TERM_SYNAPTIC_POTENTIATION",0.355933145773118,0.874459288319188,0.625187406296852,0.807831606144549,18,"IGSF11;ADCY1;PDE9A;PRKAR1B;CHRNA7"
"Regulation of Protein Containing Complex Disassembly","GOBP_REGULATION_OF_PROTEIN_CONTAINING_COMPLEX_DISASSEMBLY",-0.23495213953312,-0.941134839217045,0.625,0.807831606144549,108,"BNIP3;ADD3;DSTN;TPX2;CFL2;TWF1;ASPH;KIF21A;CAPZA1;EIF5A;CIB1;ACTN2;NAV3;IRAK3;CAPZA2;GSPT1"
"Calcineurin Mediated Signaling","GOBP_CALCINEURIN_MEDIATED_SIGNALING",0.303695494086281,0.894002718445962,0.626315789473684,0.808847948906903,45,"HOMER2;IGF1;CHP2;CAMTA1;NFATC1"
"Regulation of Fatty Acid Oxidation","GOBP_REGULATION_OF_FATTY_ACID_OXIDATION",0.349516971248825,0.903166054476173,0.626488095238095,0.808847948906903,24,"IRS1;PLIN5;CPT1A;SOX9;AKT2;AKT1;TYSND1;APPL2;ACACB;IRS2;PPARD;KLHL25"
"Viral Life Cycle","GOBP_VIRAL_LIFE_CYCLE",-0.214843113565696,-0.962093687272194,0.626666666666667,0.808847948906903,233,"CLDN1;PPIA;APOBEC3G;P4HB;SCARB1;CXADR;SPCS1;SRPK2;APOE;ITGA5;VAPB;IFIH1;EIF2AK4;PPIE;CD46;PPID;ARL8B;VPS37A;IDE;HSP90AB1;SLC1A5;NUP153;APOBEC3C;STAU1;LRRC15;ITGAV;TFRC;NMT2;RAB1A;F11R;RPSA;IFITM1;CXCR6;CD28;DYNLT1;SLC3A2;BST2;SELPLG;ZNF502;TRIM25;BSG;N4BP1;VPS37D;RAB7A;CLEC5A;VCP;OAS3;SRPK1;NFIA;RNASEK;ADARB1;SLC7A1;WWP1;CCL2;CXCR4"
"Dna Strand Elongation Involved in Dna Replication","GOBP_DNA_STRAND_ELONGATION_INVOLVED_IN_DNA_REPLICATION",-0.331517250403532,-0.892891872417906,0.630057803468208,0.809942196531792,15,"POLD2;RFC3"
"Homotypic Cell Cell Adhesion","GOBP_HOMOTYPIC_CELL_CELL_ADHESION",0.285603803891437,0.914789466743864,0.629950495049505,0.809942196531792,84,"JUP;TNFSF11;ADAMTS18;DSP;C1QTNF1;ANK3;ACTG1;PRKCQ;TSPAN9;CSRP1;TJP2;VCL;JAK1;TYRO3;FLNA;MEGF11;MYL9;CTNNA3;RAP2B;CEACAM1;XG"
"Membrane Biogenesis","GOBP_MEMBRANE_BIOGENESIS",-0.256320920808897,-0.925761969169888,0.6289592760181,0.809942196531792,62,"DMKN;LRP4;S100A10;ANXA2;PTEN;PEX11A;RCC1"
"Positive Regulation of Regulated Secretory Pathway","GOBP_POSITIVE_REGULATION_OF_REGULATED_SECRETORY_PATHWAY",0.319352367588064,0.904713395752723,0.629427792915531,0.809942196531792,38,"RAB15;GAB2;RAB3A;ADORA3;SYT1;SPHK2"
"Protein K6 Linked Ubiquitination","GOBP_PROTEIN_K6_LINKED_UBIQUITINATION",0.375964934192794,0.884551616441764,0.629573170731707,0.809942196531792,15,"BRCA1;UBE2S;WDR24;BARD1"
"Protein Tetramerization","GOBP_PROTEIN_TETRAMERIZATION",-0.246856271865105,-0.930239952581099,0.628571428571429,0.809942196531792,76,"CRYZ;SOD2;TRPM3;ITPR1;B2M;ACOT13;ALDOA;GLS;ALDH1A3;FARSB;ACACA;SSBP1;SNUPN;RRM1;GBP5;HPRT1"
"Regulation of Clathrin Dependent Endocytosis","GOBP_REGULATION_OF_CLATHRIN_DEPENDENT_ENDOCYTOSIS",-0.33136168460393,-0.892472879325022,0.630057803468208,0.809942196531792,15,"SH3GL3"
"Regulation of Fibroblast Migration","GOBP_REGULATION_OF_FIBROBLAST_MIGRATION",0.321005890928716,0.896323858994925,0.628571428571429,0.809942196531792,34,"AKAP12;RCC2;PAK1;THBS1;AKT1;DDR2;RFFL;BRAF;APPL2;MTA2;CYGB;PRR5L"
"Regulation of Triglyceride Biosynthetic Process","GOBP_REGULATION_OF_TRIGLYCERIDE_BIOSYNTHETIC_PROCESS",0.36755102819859,0.892743473475017,0.629129129129129,0.809942196531792,17,"SIK1;PLIN5;C3"
"Regulation of t Cell Migration","GOBP_REGULATION_OF_T_CELL_MIGRATION",-0.280658526533009,-0.921609160025261,0.629770992366412,0.809942196531792,39,"P4HB;CCR2;RHOA;FADD;CRKL;CD99L2;CCL20;OXSR1;CRK"
"Respiratory Burst","GOBP_RESPIRATORY_BURST",0.328454647573301,0.902517841093362,0.628491620111732,0.809942196531792,31,"CD24;INSR;NOXA1"
"Epiboly","GOBP_EPIBOLY",-0.2839650572375,-0.902891365676879,0.631205673758865,0.810410641989589,32,"PDPN;ITGA5;PTEN;PHLDB2;RHOA;COL5A1;ITGAV"
"Purine Nucleotide Transport","GOBP_PURINE_NUCLEOTIDE_TRANSPORT",0.329795110702425,0.901603662198966,0.631504922644163,0.810410641989589,30,"CALHM2;SLC25A25;LRRC8C;CD47"
"Regulation of Microtubule Nucleation","GOBP_REGULATION_OF_MICROTUBULE_NUCLEATION",0.356340824311465,0.886390447773574,0.631578947368421,0.810410641989589,19,"PAK1;DCTN1;HAUS4;HAUS7;HAUS1;GIT1;CKAP5;HAUS5;MECP2;ARHGEF7;EML2;HSPA1B;HAUS8;HAUS3"
"Sphingolipid Biosynthetic Process","GOBP_SPHINGOLIPID_BIOSYNTHETIC_PROCESS",0.28668639082492,0.911861285916855,0.63125,0.810410641989589,80,"ABCA8;ST8SIA1;ST6GALNAC6;B3GALT4;B3GALNT1;CERS4;ST3GAL3;PRKD2;B4GALT3;PLA2G6;ELOVL4;SPHK2;B4GALT5"
"Substantia Nigra Development","GOBP_SUBSTANTIA_NIGRA_DEVELOPMENT",-0.279974738041521,-0.902865680845695,0.631578947368421,0.810410641989589,36,"LDHA;HSPA5;NDUFS3;BASP1;RHOA;GNB4;FGF2;ZNF430;CALM1;CDC42;YWHAE"
"Positive Regulation of t Cell Mediated Immunity","GOBP_POSITIVE_REGULATION_OF_T_CELL_MEDIATED_IMMUNITY",0.298199462122413,0.899133775834504,0.631989596879064,0.810640629025031,54,"TNFSF4;PRKCZ;FZD5;AZGP1;ARID5A;TRAF2"
"Endodermal Cell Differentiation","GOBP_ENDODERMAL_CELL_DIFFERENTIATION",0.314741207195227,0.899284476341084,0.632432432432432,0.810730966180856,39,"ITGB5;COL11A1;LAMA3;FN1;COL6A1;PAF1;MMP14"
"Myeloid Leukocyte Differentiation","GOBP_MYELOID_LEUKOCYTE_DIFFERENTIATION",0.263931279878402,0.932298414094551,0.632675438596491,0.810730966180856,201,"FSHR;NDP;TNFSF11;LRRC17;TF;FOS;L3MBTL3;CD101;JUN;JUNB;FARP2;GAB2;FSTL3;PIK3R1;FOXP1"
"Sequestering of Calcium Ion","GOBP_SEQUESTERING_OF_CALCIUM_ION",0.285638691723902,0.914864278180914,0.632754342431762,0.810730966180856,85,"CAMK2D;PLCL1;ANK2;CAPN3;GP1BA;PLCB4;TRPC1;GSTM2;APLNR;PLCB3;FLNA;DDIT3;F2R;CHD7;TMEM38A"
"Dna Modification","GOBP_DNA_MODIFICATION",-0.290881785543644,-0.893883931330033,0.63302752293578,0.810784428827801,25,"APOBEC3G;APOBEC3C;PARP3;UNG"
"Regulation of Synaptic Vesicle Recycling","GOBP_REGULATION_OF_SYNAPTIC_VESICLE_RECYCLING",0.346764819985333,0.896054383792233,0.633928571428571,0.81162390725113,24,"SYT11;ACTG1;DGKQ;GRIPAP1"
"Vacuolar Transport","GOBP_VACUOLAR_TRANSPORT",-0.221965279108208,-0.94179608447146,0.634146341463415,0.81162390725113,157,"PCSK9;MTM1;NCOA4;TRAK2;PIK3C3;SNX27;HOOK3;LIPA;VTA1;UEVLD;AP3M2;ARL8B;VPS37A;EHD3;PSAP;AKTIP;KIF13A;TMEM50A"
"Positive Regulation of Interleukin 1 Production","GOBP_POSITIVE_REGULATION_OF_INTERLEUKIN_1_PRODUCTION",0.299836460219705,0.911641568864189,0.634491634491634,0.811769246027829,57,"WNT5A;FZD5;TMEM106A;EGR1;LPL;AGER"
"Collagen Catabolic Process","GOBP_COLLAGEN_CATABOLIC_PROCESS",0.345743760359098,0.889449183621485,0.635155096011817,0.812321395154945,23,"MMP19;MRC2;MMP16;MMP14;MMP11;MMP24;ADAMTS3;CTSK;PEPD"
"Negative Regulation of Mrna Processing","GOBP_NEGATIVE_REGULATION_OF_MRNA_PROCESSING",-0.28218392368042,-0.889178542667219,0.636363636363636,0.8135700066357,31,"C1QBP;NPM1;SAP18;SNRPD3;SNRPD2;HNRNPK;SNRPD1;SNRPG;SNRPB;SNRNP200"
"Negative Regulation of Macroautophagy","GOBP_NEGATIVE_REGULATION_OF_MACROAUTOPHAGY",0.319794553143739,0.900624781371231,0.636863823933975,0.813615600014849,37,"PIK3CA;HMOX1;FEZ1;NRBP2;LZTS1;PHF23;EHMT2;CLEC16A;AKT1"
"Regulation of Vesicle Mediated Transport","GOBP_REGULATION_OF_VESICLE_MEDIATED_TRANSPORT",0.256658385980445,0.949352919747205,0.636734693877551,0.813615600014849,448,"WNT5A;SYTL4;ATP9A;RIMS1;SFRP4;PLA2G5;TF;RIMS4;MICAL1;SYT2;HIP1R;IQSEC2;ADRA2A;PICK1;NRP1;SYT11;MERTK;NRG1;INSR;CLIP3;SUSD4;STON1;RIMS2;RAB15;GAB2;WDR44;RAB3A;RIMS3;TUB;SELE;ARHGAP44;MBTPS1;USP6;ACTG1;DGKQ;PRKCG;ERC2;MTMR2;CFB;AXL;SEC31B;C3;CNN2;ADORA3;CBLB;DLG4;BSN;NDRG4;APLNR;GRIPAP1;CSPG5;CD47;FCGR2B;ANKRD13B;SYT1;GAS6;SPHK2;PRKAR1B;TGM2;SYT5;PROM2;CLASP1;SMPD3;MYO18A;NECAB2;MASP2;DTNBP1;CLU;SCRN1;CEACAM1;LGALS9;FBXL20;CD22;C2;GRIK5;PLA2G4E;HIP1;SYN1;RAB11B;SYT7;RAP1GAP"
"Establishment of Skin Barrier","GOBP_ESTABLISHMENT_OF_SKIN_BARRIER",0.348899818426162,0.867881099170861,0.640601503759399,0.817180886456833,19,"ABCA12;KLF4;SRF;IL18;NFKBIZ;CLDN4;FLG2;UGCG"
"Eye Photoreceptor Cell Development","GOBP_EYE_PHOTORECEPTOR_CELL_DEVELOPMENT",0.347305602948119,0.89099034523289,0.640416047548291,0.817180886456833,22,"RPGR;PRDM1;NTRK2;NR2E3;RORB;CABP4;FSCN2;NRL"
"Nucleus Organization","GOBP_NUCLEUS_ORGANIZATION",0.272168286175946,0.917237747016383,0.640093786635405,0.817180886456833,124,"FSHR;PARP11;PHF2;AGFG2;NUMA1;PHF8;PLK1;HMGB2;CDK1;CHEK1;CEP55;NFE2L1;REEP4;NUP93;AKAP8L;AFF2;LMNA;DES;SUN1;TOR1AIP1;CHMP4C;PYGO1"
"Positive Regulation of Muscle Cell Apoptotic Process","GOBP_POSITIVE_REGULATION_OF_MUSCLE_CELL_APOPTOTIC_PROCESS",0.347739916696445,0.864995867551488,0.640601503759399,0.817180886456833,19,"FOXO1;CAMK2D"
"Response to Reactive Oxygen Species","GOBP_RESPONSE_TO_REACTIVE_OXYGEN_SPECIES",0.268286210174156,0.922542110270554,0.640820980615735,0.817180886456833,156,"NR4A3;FOS;MAP1LC3A;FCHSD1;PAWR;DUSP1;MAP3K5;FOXP1;HMOX1;BCL2;PDK2;RHOB;AQP1;PTPRK;CDK1;PDGFD;COL6A1;FYN;KLF4;TNFAIP3;OGG1;PLK3;NPPA"
"Negative Regulation of Kinase Activity","GOBP_NEGATIVE_REGULATION_OF_KINASE_ACTIVITY",-0.249127390824987,-0.916470799605818,0.641592920353982,0.817867540029112,66,"DEPTOR;PPIA;PRDX3;ERRFI1;NPM1;CDK5RAP1;LYN;DUSP7;DNAJA1;NPRL2;AIDA;PTPN22;PDCD4;ITGB1BP1;RASIP1"
"Cilium Movement","GOBP_CILIUM_MOVEMENT",0.273805708576389,0.918342108557335,0.643786982248521,0.819769465218673,122,"KLC3;IQCA1;ING2;GAS8;QRICH2;HYDIN;DNAAF2;CCDC159;DNAH14;KIF9;CELSR2;FSIP2;CATSPERG;ADCY3;TACR2;SLC9B1;INPP5B;TTC21A;TTLL3;EFHC2;TUBA1A;STK36;OFD1;CYB5D1;CEP70;DZIP1;RSPH4A;FBXL13;DNAH1;APOB;MNS1;MYCBPAP;TSSK4"
"Regulation of Type i Interferon Mediated Signaling Pathway","GOBP_REGULATION_OF_TYPE_I_INTERFERON_MEDIATED_SIGNALING_PATHWAY",0.317689366985074,0.894696028660297,0.643741403026135,0.819769465218673,37,"WNT5A;SAMHD1;TRIM6;IRF7;MAVS"
"Snrna Transcription","GOBP_SNRNA_TRANSCRIPTION",0.360965918176302,0.862708096375853,0.643504531722054,0.819769465218673,16,"CC2D1A;MEPCE;SNAPC5;SNAPC2"
"Interferon Alpha Production","GOBP_INTERFERON_ALPHA_PRODUCTION",0.336202771610141,0.894976680881867,0.644189383070301,0.819983796836942,27,"PTPRS;IL10;NLRC3;TLR3;IRF7;MAVS"
"Neural Nucleus Development","GOBP_NEURAL_NUCLEUS_DEVELOPMENT",0.297510329829687,0.88242381397312,0.644444444444444,0.820010493602938,47,"MAOB;NDRG2;BCL2;PLP1;FOXP2;MAG;KCNC1;SYPL2;KIRREL3;CHRNB2"
"Lymphocyte Migration","GOBP_LYMPHOCYTE_MIGRATION",-0.240965417053196,-0.924621564125367,0.645,0.820419389978214,83,"P4HB;CCR2;MIA3;S1PR1;RHOA;FADD;CRKL;RET;SLC12A2;NEDD9;CD99L2;F11R;CCL20;PTK2B;CCL26;OXSR1"
"Calcium Ion Homeostasis","GOBP_CALCIUM_ION_HOMEOSTASIS",0.261628529469817,0.924997432063687,0.645833333333333,0.820910327964074,203,"WNT5A;CASR;TNFSF11;CAMK2D;SLC25A27;PLCL1;FAM20A;ANK2;CACNB2;TMTC4;BCL2;FGFR1;ERC2;TNNI3;CAPN3;KCTD17;GP1BA;PLCB4;TRPC1;PACS2;GSTM2;SGCD;APLNR;BOK;PLCB3;TGM2;GRIK2;SYPL2;FLNA;CHRNA7;DDIT3;F2R;CHD7;STIM1;GRID2IP;HCRTR1;TMEM38A"
"Regulation of Phosphorus Metabolic Process","GOBP_REGULATION_OF_PHOSPHORUS_METABOLIC_PROCESS",0.255849663570471,0.946101095405883,0.645854657113613,0.820910327964074,461,"DAPK1;WNT5A;LIMCH1;HES1;PIM1;DDIT4;PRLR;IGFBP3;PTPN13;IGF1;TRAF4;FAM20A;FBLN1;NRP1;CENPE;PDGFB;NRG1;ERBB2;MCM7;INSR;SMO;CLIP3;IER3;ANG;PIK3CA;CTF1;LDB1;TSPYL2;HIPK3;GRB10;CHP2;ARHGEF2;PDK2;CCNG1;WNK3;CSPG4;IL10;FGFR1;FN1;MTMR2;KIF14;TRAF2;FGF18;INPP5K;THBS1;ZBTB20;PKIA;C3;TRIM6;CREBL2;TP53;UVRAG;CADM4;PHIP;KDM4D;SASH1;NPPA;EGFR;MAD2L2;TLR3;CDK5RAP3;SOCS5;TMSB4X;MST1;CCNT1;LDB2;GAS6;SPHK2;PRKAR1B;STRADA;PAQR3;PDGFA;PROM2;PILRB;IGBP1;MAP3K10;IL18;DHX34"
"Cranial Skeletal System Development","GOBP_CRANIAL_SKELETAL_SYSTEM_DEVELOPMENT",0.298766723496129,0.883112822474089,0.646596858638743,0.82096005647391,46,"TGFB2;MMP16;MED12;CEP55;GRHL2;MMP14;TULP3;EXT1;FGFR2;FOXN3;GNA11;IRF6"
"n Acetylglucosamine Metabolic Process","GOBP_N_ACETYLGLUCOSAMINE_METABOLIC_PROCESS",0.367299660899142,0.864164391991521,0.646341463414634,0.82096005647391,15,"CHST7;CHST1"
"Response to Ischemia","GOBP_RESPONSE_TO_ISCHEMIA",0.299055911488863,0.883967621902553,0.646596858638743,0.82096005647391,46,"CASR;NDNF;KCNJ8;BCL2;EGR1;NPR3;GPR35"
"Negative Regulation of Dna Metabolic Process","GOBP_NEGATIVE_REGULATION_OF_DNA_METABOLIC_PROCESS",0.278964910646248,0.911132055556159,0.646987951807229,0.821158983761132,96,"DACH1;POLQ;DUSP1;PLK1;TSPYL2;TP53;MSH6;OGG1;FBXO5;MAD2L2;RMI2;HELB;DFFA;ACD;CDC6;XRCC1;SLX4;HMGA2;SMG6;TNKS;NDFIP1;BLM;HNRNPU;CTC1;TERF2IP;TINF2;MSH3;ABL1;LIG3;DCP2;DFFB"
"Arp2 3 Complex Mediated Actin Nucleation","GOBP_ARP2_3_COMPLEX_MEDIATED_ACTIN_NUCLEATION",0.316908825127117,0.89164092000026,0.648575305291723,0.822875514102465,35,"HIP1R;PICK1;WASH3P;WIPF3"
"Specification of Animal Organ Identity","GOBP_SPECIFICATION_OF_ANIMAL_ORGAN_IDENTITY",0.341627795736346,0.86372784040921,0.649926144756278,0.824290834569602,20,"WNT5A;FGFR1;PAX8;EXT1;AXIN2"
"Extracellular Vesicle Biogenesis","GOBP_EXTRACELLULAR_VESICLE_BIOGENESIS",0.342805266423738,0.879445019273606,0.650817236255572,0.825122250670745,22,"ATP9A"
"Positive Regulation of Protein Ubiquitination","GOBP_POSITIVE_REGULATION_OF_PROTEIN_UBIQUITINATION",-0.241982916213415,-0.940351815502553,0.651282051282051,0.825412816802108,88,"HSPA5;PELI1;ANGPT1;RBX1;FBXW7;NPM1;NHLRC1;NMI;TBC1D7;AIMP2;BMI1;PDCD6;ARRDC4;GSK3B;SENP2;FBXO4;UBQLN1;CDC14B;UBE2V2;PTPN22;UBE2V1;TRIB3;HSPBP1;IP6K2;DNAJA3;NOD2;UBE2L3;RPS2;XIAP;BIRC3;COMMD1;PSMD10;LAPTM5;MYCBP2;CRY1;RASSF5"
"Mitochondrial Outer Membrane Permeabilization","GOBP_MITOCHONDRIAL_OUTER_MEMBRANE_PERMEABILIZATION",-0.28816835626954,-0.888952584575058,0.651898734177215,0.825895575342779,26,"BNIP3;RHOT1;CASP6;VDAC2;GSK3B"
"Camp Pka Signal Transduction","GOBP_CAMP_PKA_SIGNAL_TRANSDUCTION",0.300029261926939,0.876515257752629,0.652575957727873,0.82645465651509,43,"NPY2R;MC1R;PDE9A;PKIA;PDE4C;PRKAR1B;SCN11A;PDE7A;PDE2A;CREB1;PRKACA;PDE1B;PDE6B;EDNRA;PDE5A;PDE8B;CREBBP"
"Positive Regulation of Epithelial Cell Migration","GOBP_POSITIVE_REGULATION_OF_EPITHELIAL_CELL_MIGRATION",0.305873123038464,0.879253691220579,0.652815013404826,0.82645861653672,40,"TGFB2;JUN;HBEGF;BMPR2;DOCK1;SOX9;CLASP1"
"Male Meiotic Nuclear Division","GOBP_MALE_MEIOTIC_NUCLEAR_DIVISION",0.315773432191565,0.881713604978257,0.653061224489796,0.826471629114073,34,"ING2;KIF18A;HSPA2;MOV10L1;RBM46;TDRD12;BRCA2;FOXJ2;ZSCAN21"
"Positive Regulation of Immune Effector Process","GOBP_POSITIVE_REGULATION_OF_IMMUNE_EFFECTOR_PROCESS",0.261918964032841,0.92360734141121,0.653465346534653,0.826684401917982,196,"WNT5A;NOS2;PLA2G5;NR4A3;TNFSF4;SEMA7A;PRKCZ;FZD5;AZGP1;ARID5A;GAB2;IL10;CFB;TRAF2;CADM1;C3;TRIM6;ADORA3;MAD2L2;SOCS5;SPHK2;MAVS;DENND1B;IL18;C6;MYO18A;MASP2;NFKBIZ;BRD2"
"Endomembrane System Organization","GOBP_ENDOMEMBRANE_SYSTEM_ORGANIZATION",-0.188079895733782,-0.889284807644186,0.656071628386344,0.828485549472734,477,"NOMO1;DMKN;HPS5;WDR54;LPIN1;MAP2K1;AP1S1;SRGN;MIA3;S100A10;SYNE1;PIK3C3;LPCAT3;RAB38;ANXA2;CD9;PTEN;VAPB;TMED3;PI4K2B;EIF2AK3;TRAM2;HOOK3;VTA1;TMED9;AGFG1;ABCA1;PRMT5;ZW10;RCC1;LMAN1;REEP6;TMEM147;ARL8B;MAPK1;VPS37A;EHD3;AKTIP;ATP6AP1;COL5A1;UBL4A;OSBP;SNX3;TMED2;COG6;ARL1;CCDC47;TMED5;RAB3GAP1;LYSMD3;VAMP4;ATR;EEA1;RAB1A;SNX2;NUP155;TMEM9;SEC61A1;COG2;ZNF501;VCPIP1;NOMO2;SERINC3;VDAC2;TBPL1;LAMTOR1;DNM2;REEP3;PTK2B;BET1;PLEKHF1;ATL3;AP3S1;JAGN1;FBXW8;PLSCR4;SPTBN1;NCLN;SGTA;VTI1A;MAFB;MYOF;ATP6AP2;ZMPSTE24;GOLPH3L;TMCO1;USO1;REEP5;ARV1;IQGAP1;CDC42;TMEM38B"
"Inflammasome Mediated Signaling Pathway","GOBP_INFLAMMASOME_MEDIATED_SIGNALING_PATHWAY",0.2936045572356,0.88525267950589,0.655844155844156,0.828485549472734,53,"CASR;KCNJ8;ZDHHC1;KCNK6;TRIM11;NLRC3;MAVS"
"Negative Regulation of Signal Transduction by P53 Class Mediator","GOBP_NEGATIVE_REGULATION_OF_SIGNAL_TRANSDUCTION_BY_P53_CLASS_MEDIATOR",-0.27756004585434,-0.882526080133732,0.656028368794326,0.828485549472734,32,"MLXIPL;MDM2;RRN3"
"Positive Regulation of Gtpase Activity","GOBP_POSITIVE_REGULATION_OF_GTPASE_ACTIVITY",0.289759458376787,0.902925079225072,0.656010230179028,0.828485549472734,68,"DAB2IP;ABR;SRGAP2;RALGAPA2;PLXNB1;ARHGAP11A;APC2;RANGAP1;ASAP3;TGM2;EVI5L;RGS10"
"Positive Regulation of Hormone Secretion","GOBP_POSITIVE_REGULATION_OF_HORMONE_SECRETION",0.281999148914395,0.906395627906597,0.655514250309789,0.828485549472734,88,"SOX4;CASR;TNFSF11;ABAT;C1QTNF1;FGFR1;MYRIP;C2CD2L;FOXL2;INHBB;GABBR1;TCF7L2;PLA2G6;NNAT;C1QTNF3"
"Regulation of Map Kinase Activity","GOBP_REGULATION_OF_MAP_KINASE_ACTIVITY",0.294813886854135,0.896370621964104,0.656370656370656,0.828564471807715,57,"PDGFB;ERBB2;HIPK3;FGFR1;TRAF2;FGF18;SASH1;NPPA;CDK5RAP3;PAQR3;MAP3K10;DIRAS1;MAPK8IP1;AGT;ARHGEF5;HGS;TRAF6;KSR1;TRIB2;MAP3K4;TSG101;MAP4K2;RGS14;PDGFRB;IRAK4"
"Eating Behavior","GOBP_EATING_BEHAVIOR",0.341063366257095,0.874976285634803,0.656760772659733,0.828758280485246,22,"C1QTNF4;COL6A1;CPT1A;CNTN2;ATP8A2;TMEM18;GHSR;MGRN1"
"Positive Regulation of Catabolic Process","GOBP_POSITIVE_REGULATION_OF_CATABOLIC_PROCESS",0.255383427936751,0.944072544061973,0.657464212678937,0.829347186537384,455,"DAPK1;WNT5A;PRICKLE1;FOXO1;TF;CPEB3;L3MBTL3;BTG2;IRS1;IGF1;PLIN5;ADRA2A;RPGR;INSR;DAB2IP;TGFB1I1;IER3;DNM3OS;NKD1;PLK1;TOB1;DCP1B;SVIP;DACT1;ZFP36;HMOX1;ZFP36L2;SH3D19;HUWE1;CNOT10;HPSE;DDA1;VGLL4;EIF4ENIF1;CDK1;TRIM8;TNFSF12;CDC20;DEPDC5;CPT1A;ZBTB20;ATG13;WDR45;AMBRA1;TNFAIP3;RNF31;PAN2;DND1;UVRAG;CSNK1E;PLK2;CBLB;GSK3A;AXIN1;PLK3;SOX9;CDK5RAP3;ULK1;SOCS5;IKBKG;MEX3D;OSBPL7;ATXN3;PAQR3"
"Negative Regulation of Microtubule Polymerization or Depolymerization","GOBP_NEGATIVE_REGULATION_OF_MICROTUBULE_POLYMERIZATION_OR_DEPOLYMERIZATION",0.31578439598203,0.888477274945569,0.658073270013569,0.82981665401639,35,"STMN1;CLIP3;ARHGEF2;APC2;DIAPH3;CLASP1;CKAP2"
"Regulation of Protein Localization to Membrane","GOBP_REGULATION_OF_PROTEIN_LOCALIZATION_TO_MEMBRANE",0.266844472251255,0.915799526726807,0.658342792281498,0.829857791062284,146,"CAMK2D;GPC4;IQSEC2;SORBS1;TMEM108;CLIP3;KIF2C;PIK3CA;PIK3R1;ITGA3;MEST;ARHGAP44;WNK3;EFCAB7;FYN;GPC2;GPC5;MMP14;ZMYND8;EGFR;GRIPAP1;GPC6"
"Negative Regulation of Catabolic Process","GOBP_NEGATIVE_REGULATION_OF_CATABOLIC_PROCESS",0.256289133265153,0.929234418188897,0.658613445378151,0.829900323438728,310,"DAPL1;NOS2;DDIT4;CBX4;PLIN5;FBLL1;ADRA2A;DAB2IP;IER3;STK33;PIK3CA;ARID5A;TOB1;SVIP;QRICH2;BMF;ZFP36;HMOX1;BCL2;FEZ1;IL10;NRBP2;PRKCG;LZTS1;MTMR2;EIF4ENIF1;CRTC3;TRAF2;PCSK5;SUFU;FYN;PHF23;DND1;RBM46;EGFR;MAD2L2;SECISBP2;CDK5RAP3;MGAT3;DMWD;FLNA;EHMT2;HNRNPA0;BAG6;FBXO32;DHX34;DFFA;SMAD4;CLEC16A;AZIN1;NAF1;ANGEL2;TAB3;AXIN2;AKT1;STK38L;RBM10;RELA;FAM76B;E2F1;BSCL2;TIMP3"
"Negative Regulation of Cytoplasmic Pattern Recognition Receptor Signaling Pathway","GOBP_NEGATIVE_REGULATION_OF_CYTOPLASMIC_PATTERN_RECOGNITION_RECEPTOR_SIGNALING_PATHWAY",-0.265017995510411,-0.918675244979999,0.65938864628821,0.83057836315987,51,"ENPP3;SMPDL3A;PPT1;C1QBP"
"Carbohydrate Homeostasis","GOBP_CARBOHYDRATE_HOMEOSTASIS",0.26255974937349,0.921006522715176,0.66,0.831049604601006,188,"SOX4;FOXO1;CASR;LRP5;IRS1;IGF1;ADRA2A;IGFBP5;INSR;PIK3CA;CRTC2;PLSCR3;PIK3R1;PDK2;INPP5K;ABCA12;ZBTB20;FOSL2;C2CD2L;UBTF;AGER;NPPA;TCF7L2;PLA2G6;GAS6;LIN28A;SLC29A1;SRF;SMAD4;PTCH1;ALOX5;AKT1;BLVRA;SESN3;TSC22D4;EFNA5;SIRT1;RAB11B"
"Axonal Transport","GOBP_AXONAL_TRANSPORT",-0.259467676374002,-0.928366722698749,0.660714285714286,0.83165006929829,58,"UCHL1;KIF21A;AP3M2;AGTPBP1;ARL8B;ARMCX3;NDEL1;KIF1B;SYBU;AP3S1;MAP2;SOD1;FBXW11;AP3S2;BLOC1S1;KIF3B;ACTR10;BLOC1S2;KIF5B"
"Negative Regulation of Smad Protein Signal Transduction","GOBP_NEGATIVE_REGULATION_OF_SMAD_PROTEIN_SIGNAL_TRANSDUCTION",0.340772553209864,0.847664694642503,0.663157894736842,0.834426043557169,19,"SMAD6;FAM89B;CILP;EID2;GREM1;SMAD7;PIN1"
"Regulation of Lamellipodium Organization","GOBP_REGULATION_OF_LAMELLIPODIUM_ORGANIZATION",0.300281368561715,0.873963367282164,0.665343915343915,0.836876027091467,42,"KANK1;FSCN1;PIK3CA;PIK3R1"
"Negative Regulation of Endoplasmic Reticulum Stress Induced Intrinsic Apoptotic Signaling Pathway","GOBP_NEGATIVE_REGULATION_OF_ENDOPLASMIC_RETICULUM_STRESS_INDUCED_INTRINSIC_APOPTOTIC_SIGNALING_PATHWAY",-0.313385184950023,-0.86755748425957,0.666666666666667,0.837337157882156,17,"PARK7;GRINA;TMBIM6;XBP1"
"Negative Regulation of Protein Localization","GOBP_NEGATIVE_REGULATION_OF_PROTEIN_LOCALIZATION",-0.221394799809986,-0.936351747407591,0.666666666666667,0.837337157882156,160,"UCP2;CYP51A1;MRAP;CSK;ANKRD13A;MAGED1;PARK7;ANGPT1;APOE;PTPN11;YOD1;HMGCR;ERP29;KLF7;CLTC;ACTN2;SNX3;TMED2;DERL2;LRRC15;RAB11FIP1;NACA;UBE2J1;HADH;INSIG1;UBAC2;GSK3B;UFM1;NDUFAF2;JAGN1;TMBIM1;OTUD7B;FBXO4;NR1H3"
"Regulation of Leukocyte Proliferation","GOBP_REGULATION_OF_LEUKOCYTE_PROLIFERATION",0.261604535054388,0.921133894662174,0.666666666666667,0.837337157882156,194,"HES1;PLA2G5;TNFSF4;CD24;PRLR;IGF1;PAWR;ERBB2;ARG2;EFNB1;VCAM1;DLG5;BCL2;ZBTB7B;IRF1;IL10;PRKCQ;IGFBP2;TNFAIP3;CBLB;AGER;FCGR2B;GPNMB;CSF1;IL18;NCK2;CHRNB2;MAD1L1;IL20RB;LGALS9;MAPK8IP1;CD22;CEBPB"
"t Helper 1 Type Immune Response","GOBP_T_HELPER_1_TYPE_IMMUNE_RESPONSE",-0.25605528154966,-0.912655999337682,0.666666666666667,0.837337157882156,57,"CCR2;PSMA2;PSMA1;PSMB8;IL33;PSMB1;PSMA5;PSMA6;PSMB3;IL18R1;PSMA4;PSMB9;PSMB4"
"Lipoprotein Biosynthetic Process","GOBP_LIPOPROTEIN_BIOSYNTHETIC_PROCESS",0.297134978509766,0.868059803910831,0.667107001321004,0.837589901658594,43,"CLIP3;SVIP;ZDHHC21;MBOAT4;PPM1B;ATG13;ZDHHC15;ZDHHC14;ULK1"
"b Cell Receptor Signaling Pathway","GOBP_B_CELL_RECEPTOR_SIGNALING_PATHWAY",0.293024442805765,0.879473084124494,0.667529107373868,0.837819585500057,51,"FOXP1;BCL2;RFTN1;FCGR2B;PLEKHA1;LPXN;NFKBIZ;CMTM3;CD22;NFKBIA"
"Hemostasis","GOBP_HEMOSTASIS",0.260977040659943,0.916703310461788,0.669247787610619,0.838734115658393,190,"PLAT;DGKA;ADRA2A;ADAMTS18;FBLN1;PDGFB;MERTK;C1QTNF1;PIK3CA;F3;F5;ACTG1;DGKQ;FN1;SERPINA10;HPSE;GP1BA;THBS1;AXL;PRKCQ;SERPING1;DGKZ;PROZ;TSPAN9;CSRP1;VCL;GAS6;TYRO3;AK3;FLNA;PDGFA;SRF;F2R;ADAMTS13;MYL9;PLA2G4A;DTNBP1;RAP2B;CEACAM1;SELP"
"Negative Regulation of Ras Protein Signal Transduction","GOBP_NEGATIVE_REGULATION_OF_RAS_PROTEIN_SIGNAL_TRANSDUCTION",0.334947269786286,0.865517353934392,0.671130952380952,0.838734115658393,24,"TGFB2;DAB2IP;SYNGAP1;SPRY4;WNT4;RASA4"
"Negative Regulation of Torc1 Signaling","GOBP_NEGATIVE_REGULATION_OF_TORC1_SIGNALING",-0.271563311811397,-0.90136772022411,0.669387755102041,0.838734115658393,43,"DEPTOR;PELI1;PRKAA1;TBC1D7;NPRL2;OTUD7B;USP7;SAR1A"
"Positive Regulation of Coagulation","GOBP_POSITIVE_REGULATION_OF_COAGULATION",0.335967130925104,0.875694079938379,0.66962962962963,0.838734115658393,25,"PLAT;F3;HPSE;THBS1"
"Positive Regulation of Granulocyte Chemotaxis","GOBP_POSITIVE_REGULATION_OF_GRANULOCYTE_CHEMOTAXIS",-0.313197948622324,-0.867039150001214,0.669642857142857,0.838734115658393,17,"C1QBP;CAMK1D;MOSPD2;DNM1L;RAC1;CCR7"
"Positive Regulation of Insulin Secretion","GOBP_POSITIVE_REGULATION_OF_INSULIN_SECRETION",0.290407539198567,0.875639497777583,0.671001300390117,0.838734115658393,54,"SOX4;CASR;ABAT;MYRIP;C2CD2L;TCF7L2;PLA2G6;NNAT"
"Positive Regulation of Protein Localization to Cell Periphery","GOBP_POSITIVE_REGULATION_OF_PROTEIN_LOCALIZATION_TO_CELL_PERIPHERY",0.288119900499151,0.891674823492346,0.670542635658915,0.838734115658393,64,"SORBS1;CLIP3;NUMA1;PIK3R1;ITGA3;WNK3;EFCAB7"
"Positive Regulation of Vascular Endothelial Growth Factor Production","GOBP_POSITIVE_REGULATION_OF_VASCULAR_ENDOTHELIAL_GROWTH_FACTOR_PRODUCTION",0.337090065838371,0.878620995595267,0.66962962962963,0.838734115658393,25,"C5;BRCA1;HPSE;C3;RELA;PTGS2;C3AR1;SULF2"
"Regulation of Dna Biosynthetic Process","GOBP_REGULATION_OF_DNA_BIOSYNTHETIC_PROCESS",-0.242717040892515,-0.906128389689776,0.669724770642202,0.838734115658393,72,"PINX1;RFC3;DKC1;CCT5;CCT8;CCT3;MEAF6;CTNNB1;PARP3;PTGES3;CCT7;ATR;FGF2;DNAJC2;POT1;FBXO4;SMG5;ANKRD1;HSP90AA1;TFDP1"
"Regulation of Neuron Projection Regeneration","GOBP_REGULATION_OF_NEURON_PROJECTION_REGENERATION",0.331915602497563,0.839172778448605,0.670605612998523,0.838734115658393,20,"PTPRS;NEO1;KLF4"
"Regulation of Response to Tumor Cell","GOBP_REGULATION_OF_RESPONSE_TO_TUMOR_CELL",0.335415973273412,0.866728502788407,0.671130952380952,0.838734115658393,24,"DAPK1"
"Rna 3 End Processing","GOBP_RNA_3_END_PROCESSING",0.279854921405213,0.89149161445098,0.670822942643391,0.838734115658393,81,"ERI2;FBLL1;TOE1;RPRD2;CDK9;PAF1;PAPOLG;INTS1;ZCCHC8;LIN28A;BARD1;CSTF1;ANGEL2;TUT1;CCNB1;PCF11"
"Amyloid Beta Formation","GOBP_AMYLOID_BETA_FORMATION",-0.270909901814384,-0.899053264558808,0.673228346456693,0.84005596635666,41,"APOA1;SPON1;CASP3;APOE;SLC2A13;EPHA4;PSEN1;PSENEN"
"Glycosphingolipid Metabolic Process","GOBP_GLYCOSPHINGOLIPID_METABOLIC_PROCESS",-0.25740668907678,-0.920992578645876,0.674107142857143,0.84005596635666,58,"HEXB;GALC;GM2A;SPTLC2;PRKAA1;SPTSSA;LCT;NEU1;GLB1;B3GNT5;KDSR;SPTLC1"
"Protein Export from Nucleus","GOBP_PROTEIN_EXPORT_FROM_NUCLEUS",0.290039264679012,0.874502898171914,0.674025974025974,0.84005596635666,53,"EGR2;CAMK1;FRAT2;CCHCR1;NXT1;RANGAP1;NUP214;GAS6;STRADA;BARD1;FRAT1;FAM76B;PKD1;PRKD1;SMURF1;XPO7;TPR;PRKACA"
"Regulation of Necroptotic Process","GOBP_REGULATION_OF_NECROPTOTIC_PROCESS",-0.285691264763719,-0.877933385950446,0.672782874617737,0.84005596635666,25,"PELI1;AIFM1;FADD;CASP6"
"Regulation of Peptidyl Serine Phosphorylation","GOBP_REGULATION_OF_PEPTIDYL_SERINE_PHOSPHORYLATION",0.334666417838184,0.872303787719084,0.674074074074074,0.84005596635666,25,"TRIM6;CREBL2;EGFR;MAD2L2;PAQR3;AKT1;IL11;ARAF;BRAF;STOX1"
"Regulation of Viral Process","GOBP_REGULATION_OF_VIRAL_PROCESS",-0.233595194218244,-0.946504494560485,0.673076923076923,0.84005596635666,113,"PPIA;STOM;APOBEC3G;P4HB;SRPK2;VAPB;IFIH1;PPIE;PPID;UBP1;APOBEC3C;STAU1"
"Striatum Development","GOBP_STRIATUM_DEVELOPMENT",-0.300193534540068,-0.859240119547043,0.673590504451039,0.84005596635666,19,"BBS4;MKKS;ALDH1A3;SLITRK5;HPRT1;CNTNAP2;SLC7A11;BCL11B"
"Torc2 Signaling","GOBP_TORC2_SIGNALING",-0.293927985294198,-0.873494453227505,0.673846153846154,0.84005596635666,23,"DEPTOR;RICTOR;GSK3B;OTUD7B"
"Positive Regulation of Cilium Assembly","GOBP_POSITIVE_REGULATION_OF_CILIUM_ASSEMBLY",0.334557735251504,0.860672378250982,0.675036927621861,0.84091548985042,23,"CEP120;KCTD17;CROCC;DZIP1;MNS1;MARK4;CCP110;TTBK2;WRAP73;IFT88"
"Positive Regulation of Epidermis Development","GOBP_POSITIVE_REGULATION_OF_EPIDERMIS_DEVELOPMENT",0.350796059935456,0.852047386625513,0.675675675675676,0.841411977210057,17,"SFRP4;NUMA1"
"Regulation of Immune Effector Process","GOBP_REGULATION_OF_IMMUNE_EFFECTOR_PROCESS",0.255582745258087,0.92300796110532,0.676220806794055,0.841791572920958,289,"WNT5A;NOS2;PLA2G5;NR4A3;TNFSF4;SEMA7A;PRKCZ;FZD5;TGFB2;JUNB;AZGP1;SUSD4;CFH;ARID5A;GAB2;CXCL6;ZBTB7B;IL10;CFB;TRAF2;CADM1;C3;TRIM6;SERPING1;ADORA3;AGER;MAD2L2;TLR3;FCGR2B;SOCS5;TGFB3;DNASE1;SPHK2;MAVS;DENND1B;IL18;C6;MYO18A;MASP2;NFKBIZ;CLU;BRD2;CX3CR1;IL20RB;CEACAM1;LGALS9;CD22;C2"
"Regulation of Microtubule Based Movement","GOBP_REGULATION_OF_MICROTUBULE_BASED_MOVEMENT",-0.27426508542399,-0.862980088435908,0.676975945017182,0.842432232822447,30,"PGAM4;BBS4;DNAH11;MKKS;CCDC39"
"Regulation of Megakaryocyte Differentiation","GOBP_REGULATION_OF_MEGAKARYOCYTE_DIFFERENTIATION",0.341812706845351,0.839768085428518,0.677661169415292,0.842985467493526,18,"MYB;HMGB2;L3MBTL1"
"Transcription by Rna Polymerase Iii","GOBP_TRANSCRIPTION_BY_RNA_POLYMERASE_III",-0.255382034539218,-0.913748431999555,0.678571428571429,0.843818144936356,58,"POLR1C;BRF2;POLR2H;BAZ1B;GTF3C4;DHX36;POLR2L;POLR3G;GTF3C6;PRDX5;ZNF143;POLR2F;POLR2K;DDX21;POLR3B;POLR3H;SNAPC3"
"Energy Reserve Metabolic Process","GOBP_ENERGY_RESERVE_METABOLIC_PROCESS",0.278398746405478,0.880652832357673,0.678841309823678,0.843854190316658,78,"PPP1R1A;IRS1;IGF1;PYGM;SORBS1;ENPP1;INSR;GRB10;INPP5K;COL6A1;WDR45;GSK3A"
"Negative Regulation of Programmed Necrotic Cell Death","GOBP_NEGATIVE_REGULATION_OF_PROGRAMMED_NECROTIC_CELL_DEATH",-0.316640444009967,-0.861517732521253,0.679411764705882,0.843964330413016,16,"PELI1;NOL3;FADD"
"Response to Leptin","GOBP_RESPONSE_TO_LEPTIN",-0.316407209362176,-0.860883145914548,0.679411764705882,0.843964330413016,16,"MT3;BBS4;MKKS"
"Acute Inflammatory Response","GOBP_ACUTE_INFLAMMATORY_RESPONSE",0.278791159704119,0.879311276132601,0.679697351828499,0.84401978853429,77,"TNFSF11;TNFSF4;F3;FN1;HPSE;ASS1;EDNRB;REG3G;C3;SAA2;FCGR2B;DNASE1;EXT1;CTNNBIP1;ITIH4;IL20RB;CEBPB;PTGS2;SAA1"
"Cerebral Cortex Cell Migration","GOBP_CEREBRAL_CORTEX_CELL_MIGRATION",0.310444160081635,0.866833025281148,0.680272108843537,0.844434159205851,34,"SYNE2;DAB2IP;SRGAP2;FOXG1;MDGA1;EGFR;SUN1"
"Regulation of t Helper 1 Type Immune Response","GOBP_REGULATION_OF_T_HELPER_1_TYPE_IMMUNE_RESPONSE",0.333109937211584,0.876502835505948,0.680758017492711,0.844737986283021,26,"TNFSF4;ARID5A;SOCS5;IL18;PLA2G4A;LGALS9"
"Cellular Response to Hydrogen Peroxide","GOBP_CELLULAR_RESPONSE_TO_HYDROGEN_PEROXIDE",0.285247115752634,0.86400471988343,0.681233933161954,0.844773413897281,55,"MAP1LC3A;MAP3K5;RHOB;AQP1;CDK1;PDGFD;FYN;KLF4;TNFAIP3;NPPA;PLEKHA1;SMPD3;RELA;SIRT1;KLF2"
"Long Chain Fatty Acid Biosynthetic Process","GOBP_LONG_CHAIN_FATTY_ACID_BIOSYNTHETIC_PROCESS",0.35602365163795,0.850896085484008,0.681268882175227,0.844773413897281,16,"GSTM4;CYP3A4;PLP1;CYP2E1;GSTM2"
"Biological Process Involved in Interaction with Host","GOBP_BIOLOGICAL_PROCESS_INVOLVED_IN_INTERACTION_WITH_HOST",-0.21983507945126,-0.928298172266981,0.683453237410072,0.844930551931905,135,"CLDN1;PPIA;P4HB;SCARB1;CXADR;FUCA2;ITGA5;VAPB;CD46;PPID;ARL8B;IDE;HSP90AB1;SLC1A5;NUP153;LRRC15;ITGAV;TFRC"
"Cellular Component Disassembly Involved in Execution Phase of Apoptosis","GOBP_CELLULAR_COMPONENT_DISASSEMBLY_INVOLVED_IN_EXECUTION_PHASE_OF_APOPTOSIS",0.333333746023402,0.85752358326314,0.682422451994092,0.844930551931905,23,"COL6A1;TOP2A;FOXL2;CDK5RAP3;BOK;DFFA;BLVRA"
"Negative Regulation of Binding","GOBP_NEGATIVE_REGULATION_OF_BINDING",0.309548487445339,0.872606124109325,0.683423913043478,0.844930551931905,36,"JUN;SMO;IL10;E2F1;IL11;HMGA2;DDX11;GOLGA2"
"Negative Regulation of Mononuclear Cell Migration","GOBP_NEGATIVE_REGULATION_OF_MONONUCLEAR_CELL_MIGRATION",0.330045212104693,0.834443923610333,0.683899556868538,0.844930551931905,20,"C5;DUSP1"
"Positive Regulation of Proteolysis Involved in Protein Catabolic Process","GOBP_POSITIVE_REGULATION_OF_PROTEOLYSIS_INVOLVED_IN_PROTEIN_CATABOLIC_PROCESS",0.265523167340858,0.886906948492737,0.68421052631579,0.844930551931905,112,"PRICKLE1;TF;L3MBTL3;DAB2IP;TGFB1I1;PLK1;DDA1;CDK1;CDC20;CSNK1E;GSK3A;AXIN1;PLK3;CDK5RAP3;SOCS5;IKBKG;OSBPL7;ATXN3;PAQR3;BAG6;FZR1;CLU;AXIN2;AKT1"
"Regulation of Androgen Receptor Signaling Pathway","GOBP_REGULATION_OF_ANDROGEN_RECEPTOR_SIGNALING_PATHWAY",0.322973157862463,0.874730953884223,0.682269503546099,0.844930551931905,29,"IGF1;HEYL;FOXP1;TRIM68;TCF7L2;KDM1A"
"Regulation of Binding","GOBP_REGULATION_OF_BINDING",0.279801102527233,0.880582316700895,0.683080808080808,0.844930551931905,76,"HES1;IGF1;JUN;SMO;HJURP;IL10;TRIM6;KDM4D;E2F1;ZC4H2;IL11;BCL3;HMGA2;DDX11;GOLGA2"
"Regulation of Bone Mineralization","GOBP_REGULATION_OF_BONE_MINERALIZATION",-0.253761716884475,-0.89958633627185,0.683035714285714,0.844930551931905,55,"KL;STATH;SRGN;S1PR1;FBN2;ATP2B1;TXLNG;SUV39H1;SGMS2;PTK2B;ZMPSTE24;CCR1;SMAD3;BMP2;PKDCC"
"Regulation of Erbb Signaling Pathway","GOBP_REGULATION_OF_ERBB_SIGNALING_PATHWAY",0.289905052465391,0.891589577747167,0.681759379042691,0.844930551931905,63,"HIP1R;ADRA2A;DAB2IP;CBLB;NPPA;EGFR;SOCS5;ANTXR1;RHBDF1;SPRY4;ZGPAT;CEACAM1;HIP1;AGT;SHKBP1;DGKD;MVP;AFAP1L2;RNF126;CBL;NEU3"
"Response to Heat","GOBP_RESPONSE_TO_HEAT",0.278187951241626,0.887371942052031,0.682440846824408,0.844930551931905,82,"ST8SIA1;HPCAL4;IGF1;EIF2B2;HMOX1;THBS1;HSPA2;LRP11;MAP2K7;PSIP1;ATXN3"
"Startle Response","GOBP_STARTLE_RESPONSE",0.354747636600967,0.847846411129532,0.68429003021148,0.844930551931905,16,"GRID2;MDGA1;TUBA1A;GRIN2A;NPAS1;CHD8;MECP2;GLRB;DVL1"
"Superoxide Anion Generation","GOBP_SUPEROXIDE_ANION_GENERATION",-0.270785412974565,-0.87323184212465,0.68421052631579,0.844930551931905,36,"DUOX2;SOD2"
"Brown Fat Cell Differentiation","GOBP_BROWN_FAT_CELL_DIFFERENTIATION",-0.26826430417954,-0.890273470337976,0.68503937007874,0.845481046516488,41,"BNIP3;FABP3;PEX11A;DUSP10;RGS2"
"Negative Regulation of Production of Molecular Mediator of Immune Response","GOBP_NEGATIVE_REGULATION_OF_PRODUCTION_OF_MOLECULAR_MEDIATOR_OF_IMMUNE_RESPONSE",-0.281120797171575,-0.868706288857706,0.685245901639344,0.845481046516488,27,"APOA1;ANGPT1;IL33;IRAK3;PARP3"
"Negative Regulation of Release of Cytochrome c from Mitochondria","GOBP_NEGATIVE_REGULATION_OF_RELEASE_OF_CYTOCHROME_C_FROM_MITOCHONDRIA",-0.298297688184449,-0.85381366273897,0.685459940652819,0.845481046516488,19,"NOL3;PPIF;GHITM;GPX1;PARL;HIGD1A;PRELID1;PSMD10"
"Cellular Response to Molecule of Bacterial Origin","GOBP_CELLULAR_RESPONSE_TO_MOLECULE_OF_BACTERIAL_ORIGIN",0.259655824806723,0.904480512022233,0.687569988801792,0.846295738149219,175,"WNT5A;NOS2;TNFSF4;FZD5;DAB2IP;ARID5A;HMGB2;CXCL6;PLSCR3;HDAC5;ZFP36;VIM;IL10;ASS1;AXL;EDNRB;TNFAIP3;PAF1;GSK3A;SASH1;MAP2K7;FCGR2B;NR1I2;CASP7;IL18;ADAMTS13;NFKBIZ;CX3CR1;AKT1;CEBPB;RELA;NFKBIA"
"Negative Regulation of Transmembrane Transport","GOBP_NEGATIVE_REGULATION_OF_TRANSMEMBRANE_TRANSPORT",0.278695515212933,0.874853026603733,0.68639798488665,0.846295738149219,74,"CAMK2D;ENPP1;ANK3;KCNQ1;GRB10;BCL2;SESTD1;INPP5K;THBS1;GOPC;GPR35;GSK3A"
"Organic Cation Transport","GOBP_ORGANIC_CATION_TRANSPORT",0.277436351245386,0.879364062538073,0.687185929648241,0.846295738149219,79,"SLC44A5;SLC38A4;LLGL2;ADRA2A;SLC36A1;SLC16A9;NFE2L1;TACR2;ADORA3;GABBR1;SLC22A5;SLC43A1;SLC7A8;SLC29A3;SLC6A17;SLC38A2;FLVCR2"
"Protein Localization to Cell Surface","GOBP_PROTEIN_LOCALIZATION_TO_CELL_SURFACE",0.284385532445582,0.875422210981783,0.6875,0.846295738149219,61,"PRRT1;ANK2;GPM6B;PTPRK;ABCA12;GOPC;VCL;FLNA;AKT1;RAB11B;TAX1BP3;RIC3;PTPRU"
"Regulation of Viral Life Cycle","GOBP_REGULATION_OF_VIRAL_LIFE_CYCLE",-0.238131355886859,-0.927844456496118,0.686813186813187,0.846295738149219,91,"PPIA;APOBEC3G;P4HB;SRPK2;VAPB;IFIH1;PPIE;PPID;APOBEC3C;STAU1"
"Response to Dsrna","GOBP_RESPONSE_TO_DSRNA",0.309264545004037,0.87180570051424,0.6875,0.846295738149219,36,"RFTN2;PMAIP1;KCNJ8;RFTN1;ZCCHC3;TLR3;MAVS"
"Response to Acid Chemical","GOBP_RESPONSE_TO_ACID_CHEMICAL",0.272934709012034,0.88930916818619,0.687951807228916,0.846468275631504,94,"STAMBPL1;CPEB3;CDO1;AVPR1A;PIK3CA;DNMT3A;PDGFD;ASS1;COL6A1;FYN;NTRK2;LRP11;UBR1;EGFR;TUBA1A;PPP1R9B;PDGFC;SESN3;CEBPB;JUND;MAT2A;KLF2;CPEB4;SH3BP4;CPS1;DNMT1;CAPN2"
"Regulation of Macrophage Differentiation","GOBP_REGULATION_OF_MACROPHAGE_DIFFERENTIATION",-0.296518181436679,-0.848720203304438,0.688427299703264,0.846755909712266,19,"INHA;FADD;LIF"
"Somatic Diversification of Immune Receptors","GOBP_SOMATIC_DIVERSIFICATION_OF_IMMUNE_RECEPTORS",0.285985884629938,0.883736830998598,0.688715953307393,0.846813613350578,65,"TNFSF4;POLQ;SAMHD1;HMGB2;IL10;MSH6;MAD2L2;EXO1;POLM;NFKBIZ;RAG1;LIG1;NDFIP1;EXOSC6;POLL;POLB;CD40;MSH3;LIG3;HMGB1;SWAP70;MCM3AP;STAT6"
"Negative Regulation of Protein Serine Threonine Kinase Activity","GOBP_NEGATIVE_REGULATION_OF_PROTEIN_SERINE_THREONINE_KINASE_ACTIVITY",0.319465875661607,0.873365292865108,0.689170182841069,0.846852116666217,30,"HIPK3;PKIA;NPPA;CDK5RAP3;PAQR3;MAPK8IP1;AGT"
"Subpallium Development","GOBP_SUBPALLIUM_DEVELOPMENT",-0.292731732005809,-0.844907795100758,0.689230769230769,0.846852116666217,20,"BBS4;MKKS;ALDH1A3;SLITRK5;HPRT1;CNTNAP2;SLC7A11;BCL11B"
"Adaptive Immune Response Based on Somatic Recombination of Immune Receptors Built from Immunoglobulin Superfamily Domains","GOBP_ADAPTIVE_IMMUNE_RESPONSE_BASED_ON_SOMATIC_RECOMBINATION_OF_IMMUNE_RECEPTORS_BUILT_FROM_IMMUNOGLOBULIN_SUPERFAMILY_DOMAINS",0.253924922142103,0.914498482137474,0.69017094017094,0.847115908696147,266,"C7;ZBTB16;TNFSF4;PRKCZ;GNL1;FZD5;JUNB;SEMA4A;C5;AZGP1;SUSD4;ARID5A;SOCS3;RFTN1;JAG1;ZBTB7B;IL10;BACH2;TRAF2;CADM1;PRKCQ;C3;MSH6;TNFAIP3;AGER;MAD2L2;EXO1;FCGR2B;TMEM98;SOCS5;IRF7;JAK1;C1QC;DENND1B;IL18;C6;C1R;PLA2G4A;MASP2;NFKBIZ;CLU;BRD2;IL20RB;CEACAM1;LGALS9"
"Negative Regulation of Exocytosis","GOBP_NEGATIVE_REGULATION_OF_EXOCYTOSIS",0.315639918378139,0.867305912101452,0.689944134078212,0.847115908696147,31,"ATP9A;ADRA2A"
"Phosphatidylinositol 3 Phosphate Biosynthetic Process","GOBP_PHOSPHATIDYLINOSITOL_3_PHOSPHATE_BIOSYNTHETIC_PROCESS",-0.287857394678242,-0.846020691643571,0.689969604863222,0.847115908696147,22,"PIK3C2A;PIK3C3"
"Autophagosome Organization","GOBP_AUTOPHAGOSOME_ORGANIZATION",-0.228493597442846,-0.925088465167261,0.69078947368421,0.847428062133945,114,"BNIP3;MTM1;RALB;PIK3C3;SCFD1;EPM2A;TBC1D14;ULK3;TCIRG1;RAB3GAP1;PSEN1;RAB1A;ATG4A;GABARAPL2;PIK3C2B;ATG4C;SNX7;UBQLN1;USP33;SEC22B;IFT20;FEZ2;CLN3;RAB7A"
"Positive Regulation of Defense Response to Virus by Host","GOBP_POSITIVE_REGULATION_OF_DEFENSE_RESPONSE_TO_VIRUS_BY_HOST",-0.285480624974839,-0.864372341048982,0.690909090909091,0.847428062133945,24,"APOBEC3G;EIF2AK4;TRIM22;HSP90AA1;AIM2"
"Positive Regulation of Signal Transduction by P53 Class Mediator","GOBP_POSITIVE_REGULATION_OF_SIGNAL_TRANSDUCTION_BY_P53_CLASS_MEDIATOR",0.313879068937403,0.864959495793034,0.691666666666667,0.847467063075668,32,"PMAIP1;PPP1R15A;CDK5RAP3;HIC1;DVL2"
"Regulation of Hormone Levels","GOBP_REGULATION_OF_HORMONE_LEVELS",0.252379181748439,0.922800217454062,0.691666666666667,0.847467063075668,355,"SOX4;FSHR;SYTL4;NOS2;FOXO1;CASR;TNFSF11;LRAT;LRP5;CRHBP;CYP3A4;IRS1;ADRA2A;PICK1;ABAT;ACE;C1QTNF1;RIMS2;KCNQ1;ALDH1A2;LTBP4;RAB3A;ILDR2;FZD4;STARD3;TBX3;EGR1;CYP3A5;MBOAT4;DGKQ;FGFR1;AQP1;MYRIP;PCSK5;PAX8;ABCA12;CPT1A;EDNRB;CHST10;C2CD2L;TACR2;CRABP2;FOXL2;INHBB;GABBR1;ACVR2B;GDF9;TCF7L2;PLA2G6;CYP3A7;GNRHR;NNAT;GNAO1;DISP1;PLEKHA1;RDH5;EXOC3L1;C1QTNF3;SLC16A2;CHD7;HSD17B11;SLC7A8;SMPD3;TOR2A"
"Regulation of Production of Molecular Mediator of Immune Response","GOBP_REGULATION_OF_PRODUCTION_OF_MOLECULAR_MEDIATOR_OF_IMMUNE_RESPONSE",0.266322845526162,0.897316904535024,0.69131455399061,0.847467063075668,125,"WNT5A;NR4A3;TNFSF4;SEMA7A;PRKCZ;FZD5;TGFB2;ARID5A;IL10;TRAF2;TRIM6;MAD2L2;TLR3;FCGR2B;TGFB3;SPHK2;MAVS;DENND1B;IL18"
"Regulation of Hematopoietic Progenitor Cell Differentiation","GOBP_REGULATION_OF_HEMATOPOIETIC_PROGENITOR_CELL_DIFFERENTIATION",0.308705082922686,0.86855922688657,0.691994572591587,0.847572373352563,35,"HES1;MYB;DPF2;CDK6;TMSB4X"
"Positive Regulation of Mrna Metabolic Process","GOBP_POSITIVE_REGULATION_OF_MRNA_METABOLIC_PROCESS",0.264326479658217,0.88439512216451,0.692579505300353,0.847696019240789,117,"CPEB3;BTG2;TOB1;DCP1B;ZFP36;ZFP36L2;CNOT10;EIF4ENIF1;PAN2;DND1;MEX3D;RBMX;FXR2;CCNB1;TNRC6B;PATL2;ROCK2;DIS3;SAMD4B;CNOT3;RBM24;TNRC6C;MOV10;TNRC6A;HNRNPU;NANOS1;SNRNP70"
"Regulation of Membrane Protein Ectodomain Proteolysis","GOBP_REGULATION_OF_MEMBRANE_PROTEIN_ECTODOMAIN_PROTEOLYSIS",0.32866761048303,0.843175765796353,0.692421991084695,0.847696019240789,22,"ADRA2A;SH3D19;IL10"
"Activin Receptor Signaling Pathway","GOBP_ACTIVIN_RECEPTOR_SIGNALING_PATHWAY",0.308918567703709,0.869995172727707,0.693259972489684,0.847885549072476,37,"SMAD6;FSTL3;DACT1;BMPR2;INHBB;ACVR2B;GDF7;TGIF2;SMAD4;GDF6;SMAD7;SMURF1;LEMD3"
"Positive Regulation of Response to Endoplasmic Reticulum Stress","GOBP_POSITIVE_REGULATION_OF_RESPONSE_TO_ENDOPLASMIC_RETICULUM_STRESS",0.305748544443431,0.866174270067343,0.693460490463215,0.847885549072476,38,"PMAIP1;DAB2IP;PIK3R1;FCGR2B;BOK;ATXN3;DDIT3;BAG6;NCK2"
"Sensory Perception of Smell","GOBP_SENSORY_PERCEPTION_OF_SMELL",0.351337093621427,0.839695217641923,0.693353474320242,0.847885549072476,16,"NXNL2;TTC8;ADCY3;OR2F2"
"Establishment of Protein Localization to Vacuole","GOBP_ESTABLISHMENT_OF_PROTEIN_LOCALIZATION_TO_VACUOLE",0.286803043556976,0.873573329093603,0.695372750642674,0.84933429062109,58,"NDP;WASH3P;TNFAIP3;VPS8;CLU;MON1A;VPS36;SORT1;AP4M1;SCARB2;HGS;SMURF1;PTPN23;VPS41;VPS37B;NAGPA;GNPTAB;GGA3;TSG101"
"Regulation of Acute Inflammatory Response","GOBP_REGULATION_OF_ACUTE_INFLAMMATORY_RESPONSE",-0.272880884669674,-0.8676482839945,0.695035460992908,0.84933429062109,32,"PTGES;PTGER3;PARK7;C2CD4A;ZP3;GSTP1;CREB3L3;OSMR;ASH1L"
"Regulation of Endocytosis","GOBP_REGULATION_OF_ENDOCYTOSIS",0.254310847750795,0.913732902572406,0.695187165775401,0.84933429062109,248,"WNT5A;SFRP4;PLA2G5;TF;HIP1R;IQSEC2;PICK1;SYT11;MERTK;NRG1;INSR;CLIP3;SUSD4;STON1;TUB;SELE;USP6;ACTG1;DGKQ;PRKCG;MTMR2;CFB;AXL;C3;CNN2;CBLB;DLG4;APLNR;CD47;FCGR2B;ANKRD13B;SYT1;GAS6;TGM2"
"Production of Molecular Mediator of Immune Response","GOBP_PRODUCTION_OF_MOLECULAR_MEDIATOR_OF_IMMUNE_RESPONSE",0.261456293017123,0.897440156412029,0.695752009184845,0.849501320381496,154,"WNT5A;NR4A3;TNFSF4;SEMA7A;PRKCZ;FZD5;TGFB2;POLQ;SAMHD1;ARID5A;IL10;TRAF2;TRIM6;MSH6;MAD2L2;TLR3;EXO1;FCGR2B;TGFB3;SPHK2;MAVS;DENND1B;IL18"
"Rna Surveillance","GOBP_RNA_SURVEILLANCE",-0.271828608024042,-0.870613737974471,0.696629213483146,0.850276005167756,34,"RBX1;EXOSC8;INTS10;EXOSC7;INTS2;REXO2;PPP2CA;SUPV3L1;EXOSC2;INTS7;WDR82;INTS12;TRNT1;EXOSC5"
"Regulatory Ncrna Mediated Gene Silencing","GOBP_REGULATORY_NCRNA_MEDIATED_GENE_SILENCING",0.26471344877801,0.881557922923856,0.697076023391813,0.850525012170505,109,"ERI2;DNM3OS;ZFP36;WTIP;DNMT3A;CNOT10;EIF4ENIF1;SMAD1;MOV10L1;DND1;TDRD12;PIWIL3;LIN28A;LIMD1;TDRD3;MIRLET7BHG;GPAT2;TNRC6B;DGCR8;PUS10;CNOT3;SPIN1;TNRC6C;MOV10;TNRC6A;HNRNPU"
"Response to Uv","GOBP_RESPONSE_TO_UV",0.264658304919847,0.893970697775767,0.697538100820633,0.850792467679205,128,"SCARA3;COL6A2;PIK3R1;BCL2;AQP1;MC1R;PTPRK;BRSK1;COL6A1;TP53;MSH6;EGFR;MAP2K7;ERCC2;UBE4B;USP28;BRCA2;CASP7;KDM1A;DTL;CRIP1;AKT1;RELA;RPAIN;SIRT1;XPC;BCL3"
"Regulation of Receptor Mediated Endocytosis","GOBP_REGULATION_OF_RECEPTOR_MEDIATED_ENDOCYTOSIS",0.272113306671611,0.888742386738481,0.699519230769231,0.852911891884656,95,"SFRP4;TF;HIP1R;IQSEC2;PICK1;NRG1;INSR;SUSD4;SELE;USP6;MTMR2;C3;CBLB;DLG4;APLNR;ANKRD13B;PROM2;NECAB2;DTNBP1;CLU"
"Endoderm Development","GOBP_ENDODERM_DEVELOPMENT",0.285914190442978,0.879315866215923,0.69987063389392,0.853043434422547,63,"ITGB5;COL11A1;DUSP1;LAMA3;MED12;FN1;COL6A1;PAF1;MMP14;EXT1;GATA6;SMAD4"
"Negative Regulation of Lipid Metabolic Process","GOBP_NEGATIVE_REGULATION_OF_LIPID_METABOLIC_PROCESS",0.280908364474668,0.877424187380445,0.700255102040816,0.853215173025732,69,"SIK1;PLIN5;ADRA2A;PDGFB;BRCA1;WDTC1;CRTC3;SNAI2;SCAP;SOX9;PDGFA;AKT1;CEACAM1;DCAF5;BSCL2;SIRT1;WNT4"
"Odontogenesis of Dentin Containing Tooth","GOBP_ODONTOGENESIS_OF_DENTIN_CONTAINING_TOOTH",0.288289834151408,0.852144596790532,0.701570680628272,0.854520895076786,46,"FAM20A;HAND2;SMO;SCN5A;ACVR2B;CSF1;STIM1;SMPD3"
"Inflammatory Response to Wounding","GOBP_INFLAMMATORY_RESPONSE_TO_WOUNDING",0.328764051191879,0.856919343664803,0.702222222222222,0.855017186112077,25,"HMOX1;MDK;AGER;TLR3;F2R;NFKBIZ;ALOX5"
"Lymphocyte Costimulation","GOBP_LYMPHOCYTE_COSTIMULATION",0.294165471553688,0.856163162198885,0.703703703703704,0.856523305793632,42,"TNFSF4;CD24;EFNB1;FYN"
"Negative Regulation of Inflammatory Response to Antigenic Stimulus","GOBP_NEGATIVE_REGULATION_OF_INFLAMMATORY_RESPONSE_TO_ANTIGENIC_STIMULUS",0.316531664121613,0.850375889169268,0.70487106017192,0.857646170122346,28,"IL10;FYN;PLK2;FCGR2B;PRKAR1B;IL20RB;PLCG1;HLA-DRB1"
"Regulation of Vascular Permeability","GOBP_REGULATION_OF_VASCULAR_PERMEABILITY",-0.268830573254447,-0.860613521716801,0.70566037735849,0.858308438155136,35,"TEK;ANGPT1;APOE;C2CD4A;PRKAA1"
"Negative Regulation of Osteoclast Differentiation","GOBP_NEGATIVE_REGULATION_OF_OSTEOCLAST_DIFFERENTIATION",0.315425566853088,0.847404311425726,0.706303724928367,0.85879276238253,28,"LRRC17;FSTL3;PIK3R1;TLR3;CLDN18;GPR137;ZNF675;TOB2;SFRP1"
"Myotube Cell Development","GOBP_MYOTUBE_CELL_DEVELOPMENT",0.32153825672665,0.855939528408929,0.707317073170732,0.859009286324013,27,"IGF1;SMO;BCL2;COL6A1;HOMER1"
"Negative Regulation of b Cell Activation","GOBP_NEGATIVE_REGULATION_OF_B_CELL_ACTIVATION",-0.274131157108212,-0.857919919011924,0.707236842105263,0.859009286324013,28,"INHA;CASP3;PARP3;BANK1;LYN"
"Pore Complex Assembly","GOBP_PORE_COMPLEX_ASSEMBLY",-0.3013637917503,-0.84267703346578,0.707462686567164,0.859009286324013,18,"PLEKHA7;NUP153;PDZD11"
"Positive Regulation of Rna Splicing","GOBP_POSITIVE_REGULATION_OF_RNA_SPLICING",-0.275585539921898,-0.862471550424024,0.707236842105263,0.859009286324013,28,"PRDX6;PRMT5;HABP4;ERN1"
"Rna Polymerase Ii Transcription Initiation Surveillance","GOBP_RNA_POLYMERASE_II_TRANSCRIPTION_INITIATION_SURVEILLANCE",-0.313909894171276,-0.84546910556215,0.708092485549133,0.859476083464523,15,"RBX1;INTS10;INTS2"
"Cellular Response to Virus","GOBP_CELLULAR_RESPONSE_TO_VIRUS",-0.25835521245534,-0.881339846965144,0.708860759493671,0.860110578630526,47,"IFNE;CALR;IFIH1;EIF5A;IFNGR2;LGALS8;ARF1;HSP90AA1;IFNGR1;SMAD3;IFNAR1;IL10RB"
"Myotube Differentiation","GOBP_MYOTUBE_DIFFERENTIATION",0.261891670998411,0.88632473034435,0.710772833723653,0.86183358827759,130,"SIK1;ADAM12;ADAMTS15;IGF1;SMO;MYOCD;AVPR1A;HDAC5;ADAMTS5;BCL2;NEO1;COL6A1;MMP14;HOMER1;DOCK1"
"Retinol Metabolic Process","GOBP_RETINOL_METABOLIC_PROCESS",0.315541009131745,0.854601941951293,0.71063829787234,0.86183358827759,29,"LRAT;CYP3A4;ALDH1A2;CYP3A5;CYP3A7;RDH5"
"Cellular Response to Prostaglandin e Stimulus","GOBP_CELLULAR_RESPONSE_TO_PROSTAGLANDIN_E_STIMULUS",0.347248812282547,0.829924230316766,0.711480362537764,0.862094676572047,16,"TNFSF4;IGFBP7;PTGER2;AKT1;ADCY6;SFRP1;PRKAA2"
"Regulation of Activin Receptor Signaling Pathway","GOBP_REGULATION_OF_ACTIVIN_RECEPTOR_SIGNALING_PATHWAY",-0.281952746851148,-0.828666771504839,0.711246200607903,0.862094676572047,22,"NOMO1;INHA"
"Maintenance of Protein Location in Nucleus","GOBP_MAINTENANCE_OF_PROTEIN_LOCATION_IN_NUCLEUS",-0.279553344737414,-0.846425844346001,0.712121212121212,0.862572823672409,24,"PARK7;SYNE1;BBS4"
"Peptidyl Serine Modification","GOBP_PEPTIDYL_SERINE_MODIFICATION",0.28100890396273,0.867119864048999,0.713188220230474,0.863268256899568,62,"HIPK3;CDK2;MBOAT4;BRSK1;TRIM6;CREBL2;EGFR;MAD2L2;ULK1;PAQR3;MAP3K10;AKT1;IL11;TNKS;ARAF;BRAF;TTBK2;CDK5R1;STOX1"
"Positive Regulation of Calcium Ion Transport","GOBP_POSITIVE_REGULATION_OF_CALCIUM_ION_TRANSPORT",0.280850340482127,0.866630578685422,0.713188220230474,0.863268256899568,62,"CASR;PDGFB;ANK2;CACNB2;WNK3;CAPN3;TRPC1;HOMER1;APLNR;F2R;TOR2A"
"Regulation of Protein Stability","GOBP_REGULATION_OF_PROTEIN_STABILITY",-0.207882236510958,-0.951871514410156,0.714285714285714,0.864298050826548,313,"MT3;RNF149;GAPDH;PINX1;LSS;APOA1;PARK7;CASP3;DAD1;ASPH;PTEN;MFSD8;RUVBL1;FBXW7;ATP1B3;CCT5;USP46;CALR;D2HGDH;MDM2;NPM1;BAG4;PPIB;HSP90AB1;CCT8;PEX19;UBL4A;CCT3;SERF2;EPHA4;PFDN6;PTGES3;CDK7;PIM2;PDRG1;CCT7;TNIP2;GTPBP4;USP47;FBXL3;USP27X;RUVBL2;TRIM24;TBL1X;UXT;USP18;NAA15;USP13;DDOST;SENP2;PDCL3;FBXO4;BAG2;NCLN;HSP90AA1;USP7;HSPD1;USP33;IP6K2;CDC73;USP38;SMAD3;BMP2;IFT46;USP4;SREBF1;DNAJA3;NAA16;CRYAB;PRKDC;CDC37L1;VPS35;BAG5;FLOT2;CCT6A;FBXW11;ATP1B2;PFN2;CCDC88C;ZNF207;NAPG;RABL3;NCKAP1;ATP1B1;COMMD1;USP12;CCT4;NEDD4L;LAMP2;SEL1L;XBP1;PDCD10"
"Protein Monoubiquitination","GOBP_PROTEIN_MONOUBIQUITINATION",0.283522544823606,0.840935659255374,0.716339869281046,0.866484310114469,47,"HUWE1;TOPORS;UBE2O;UBE4B;DTL;ZC4H2;TRIM41;UBE2T;FANCL;RNF126;CBL;MGRN1"
"Monocyte Chemotaxis","GOBP_MONOCYTE_CHEMOTAXIS",0.300043391492712,0.85001178366301,0.716621253405995,0.866525457604832,38,"TNFSF11;PDGFB;DUSP1;GPR35"
"Diacylglycerol Metabolic Process","GOBP_DIACYLGLYCEROL_METABOLIC_PROCESS",0.319032585443988,0.814164538839835,0.717455621301775,0.867235003940689,21,"DGKA;DGKQ;DGKZ;AVIL"
"Regulation of Mitotic Spindle Assembly","GOBP_REGULATION_OF_MITOTIC_SPINDLE_ASSEMBLY",0.32030206397166,0.821714490449923,0.719167904903418,0.869004888194781,22,"PLK1;CHMP4C;CEP97;CHMP1B;HNRNPU;EML3;TPR"
"Humoral Immune Response","GOBP_HUMORAL_IMMUNE_RESPONSE",0.262003782054694,0.882982224483942,0.719812426729191,0.869483769252537,124,"C7;TF;C5;SUSD4;CFH;ANG;CXCL6;BCL2;RNASE4;LEAP2;CFB;REG3G;C3;SERPING1;EXO1;FCGR2B;PLA2G6;C1QC;GATA6;TOR2A;C6;C1R;MASP2;ALOX5;CLU;C2;BCL3;HLA-DRB1;C1QB;HMGN2;C1S;SPON2"
"Release of Sequestered Calcium Ion into Cytosol by Endoplasmic Reticulum","GOBP_RELEASE_OF_SEQUESTERED_CALCIUM_ION_INTO_CYTOSOL_BY_ENDOPLASMIC_RETICULUM",-0.269527357126523,-0.845801533706751,0.720538720538721,0.870061061029692,29,"NOL3;RYR2;ASPH;ITPR1;FKBP1A"
"b Cell Apoptotic Process","GOBP_B_CELL_APOPTOTIC_PROCESS",-0.282063742409764,-0.838236325829653,0.723076923076923,0.872524480675735,23,"FNIP1;CRKL;LYN;MIF;TNFRSF21;HSH2D"
"Endothelial Cell Development","GOBP_ENDOTHELIAL_CELL_DEVELOPMENT",0.277866125171204,0.855353560226777,0.724489795918367,0.872524480675735,61,"ID1;PTPRS;AMOTL2;NOTCH4;ZDHHC21;S1PR3;HPSE;EDNRB;TJP2;VCL"
"Glycoprotein Metabolic Process","GOBP_GLYCOPROTEIN_METABOLIC_PROCESS",0.250735402682195,0.905724166579326,0.723809523809524,0.872524480675735,292,"B3GNT7;ST8SIA1;CHST7;UST;CSGALNACT1;CHST1;VANGL2;IGF1;B3GALT5;ADAMTS12;RNF103;COL11A1;PAWR;HS3ST3A1;ADAMTS4;ST6GALNAC6;FBXO44;ST6GAL1;TMTC4;GALNT13;MEST;BCL2;TMEM106A;IDS;HPSE;CHST14;ST3GAL3;EDNRB;CHST10;B3GNT4;HBEGF;BMPR2;CHST12;MAN2B1;HS6ST1;HS3ST1;TCF7L2;AATF;EXT1;GANC;MGAT3;NECAB1;B4GALT5;RAMP1;FUT10;ADAMTS13;CANT1;NUDT14;NECAB2;CHSY1;IDUA;NECAB3"
"Negative Regulation of Transport","GOBP_NEGATIVE_REGULATION_OF_TRANSPORT",0.24988765379841,0.903464651802419,0.723336853220697,0.872524480675735,295,"SYTL4;ATP9A;SFRP4;HES1;NPY2R;FOXO1;CAMK2D;CRHBP;IRS1;ADRA2A;ABAT;SYT11;NRG1;ENPP1;GPM6B;ANK3;KCNQ1;SVIP;GRB10;BCL2;WNK3;MTMR2;FRMD4A;SESTD1;NEO1;INPP5K;SUFU;THBS1;PKIA;GOPC;GPR35;CNN2;TACR2;DLG4;GSK3A;INHBB;GABBR1;CD47;FCGR2B;RANGAP1;ANKRD13B;SYT1;GNAO1"
"Regulation of Leukocyte Migration","GOBP_REGULATION_OF_LEUKOCYTE_MIGRATION",-0.21499177611736,-0.910255905929948,0.724137931034483,0.872524480675735,161,"TNFAIP6;P4HB;CCR2;MIA3;CD9;C1QBP;LYVE1;GPR18;IL33;CALR;CAMK1D;IL6R;MAPK1;RHOA;FADD;CRKL;ZP3;SLIT2;LYN;NEDD9;CD99L2;RARRES2;CCL20;MIF;PTK2B;MPP1;BST1;P2RX4;CHST2;RABGEF1"
"Regulation of Protein Ubiquitination","GOBP_REGULATION_OF_PROTEIN_UBIQUITINATION",-0.216197830243827,-0.915362230977881,0.724137931034483,0.872524480675735,161,"PPIA;HSPA5;PINX1;PELI1;PARK7;ANGPT1;RBX1;FBXW7;EPM2A;NPM1;NHLRC1;HSP90AB1;ARRB1;NMI;CTNNB1;TBC1D7;AIMP2;GTPBP4;SH3RF2;DNAJA1;BMI1;RPS3;PDCD6;ARRDC4;GSK3B;PLAA;SENP2;FBXO4;BAG2;UBQLN1;CDC14B;UBE2V2;HSP90AA1;PTPN22;UBE2V1;TRIB3;HSPBP1;IP6K2;USP4;DNAJA3;NOD2;UBE2L3;RPS2;BAG5"
"Regulation of Ubiquitin Dependent Protein Catabolic Process","GOBP_REGULATION_OF_UBIQUITIN_DEPENDENT_PROTEIN_CATABOLIC_PROCESS",0.256773522605293,0.880866116151417,0.724571428571429,0.872524480675735,150,"PRICKLE1;CBX4;TF;L3MBTL3;TGFB1I1;STK33;PLK1;QRICH2;CDK2;DDA1;CDK1;SUFU;CDC20;CSNK1E;GSK3A;AXIN1;PLK3;CDK5RAP3;SOCS5;IKBKG;ATXN3;PAQR3;DMWD;BAG6;FBXO32;FZR1;CLU;AXIN2;AKT1"
"Response to Acetylcholine","GOBP_RESPONSE_TO_ACETYLCHOLINE",0.31443972347732,0.837043129381078,0.724533715925395,0.872524480675735,27,"CHRNA7;CHRNB2;CHRNA10;RGS10;ROCK2;AGRN;GNA11;LYNX1;CHRNE;CDK5R1;CHRNB1;ACHE;EDNRA"
"Cellular Response to Carbohydrate Stimulus","GOBP_CELLULAR_RESPONSE_TO_CARBOHYDRATE_STIMULUS",0.260009029919351,0.868968430838699,0.7262044653349,0.873221963300638,115,"SOX4;CASR;LRP5;IGF1;ADRA2A;PIK3CA;ABCA12;ZBTB20;C2CD2L;UBTF;AGER;NPPA;PLA2G6;GAS6;LIN28A;SLC29A1;SRF;COLEC12;SMAD4"
"Fatty Acid Transmembrane Transport","GOBP_FATTY_ACID_TRANSMEMBRANE_TRANSPORT",0.333187205684898,0.809277298932914,0.726726726726727,0.873221963300638,17,"ABCD4;THBS1;CPT1A;AKT2;AKT1;SLC27A1"
"Immunological Memory Process","GOBP_IMMUNOLOGICAL_MEMORY_PROCESS",0.343127244969043,0.807292732856131,0.727134146341463,0.873221963300638,15,"TNFSF4"
"Mrna Splice Site Recognition","GOBP_MRNA_SPLICE_SITE_RECOGNITION",0.309280006534211,0.845518861520572,0.727144866385373,0.873221963300638,30,"SF3A2;SFSWAP;PSIP1;LUC7L2;SF1;CELF6;LUC7L;SF3A1"
"Negative Regulation of Potassium Ion Transport","GOBP_NEGATIVE_REGULATION_OF_POTASSIUM_ION_TRANSPORT",0.333131860667807,0.809142871604445,0.726726726726727,0.873221963300638,17,"ANK3;KCNQ1"
"Nucleus Localization","GOBP_NUCLEUS_LOCALIZATION",0.30994806165016,0.847345210424918,0.727144866385373,0.873221963300638,30,"SYNE2;CEP120;CDK9;LMNA;SUN1;SIRT1;DCTN1"
"Positive Regulation of Binding","GOBP_POSITIVE_REGULATION_OF_BINDING",0.307677804499033,0.845427854105311,0.726256983240223,0.873221963300638,31,"HES1;IGF1;TRIM6;KDM4D"
"Positive Regulation of Synaptic Transmission Glutamatergic","GOBP_POSITIVE_REGULATION_OF_SYNAPTIC_TRANSMISSION_GLUTAMATERGIC",0.33395957609404,0.811153306858253,0.726726726726727,0.873221963300638,17,"IQSEC2;TSHZ3"
"Regulation of Multicellular Organism Growth","GOBP_REGULATION_OF_MULTICELLULAR_ORGANISM_GROWTH",-0.25455356179444,-0.880151862327349,0.727678571428571,0.873264143787011,50,"STC2;IGF2;BBS4;MKKS;PPIB;GPAM;SUV39H1;PLS1;GPR21;GNAS;MFSD2A;GAMT;AFG3L2;ZMPSTE24;STAT3;SOD1;FTO;STAT5B"
"Synaptic Transmission Gabaergic","GOBP_SYNAPTIC_TRANSMISSION_GABAERGIC",0.307515130156524,0.844980862420197,0.727653631284916,0.873264143787011,31,"GABRB1;PLCL1"
"Negative Regulation of Intracellular Protein Transport","GOBP_NEGATIVE_REGULATION_OF_INTRACELLULAR_PROTEIN_TRANSPORT",-0.265530738401853,-0.85004968420682,0.728301886792453,0.873712845696562,35,"PARK7;ANGPT1;YOD1;DERL2;UBE2J1;INSIG1;UBAC2;UFM1"
"Regulation of Inflammatory Response to Antigenic Stimulus","GOBP_REGULATION_OF_INFLAMMATORY_RESPONSE_TO_ANTIGENIC_STIMULUS",-0.262295361751107,-0.861309332048849,0.729007633587786,0.874260096014384,39,"PSMA1;PARK7;ZP3;LYN;MKRN2;GPX1;PSMB4;GNAS;CD28"
"Male Gamete Generation","GOBP_MALE_GAMETE_GENERATION",0.248573940533304,0.916578202684569,0.731006160164271,0.876056989071311,418,"FSHR;ASPM;KIFC1;ZBTB16;CCNB1IP1;PARP11;KLC3;MERTK;ACE;AGFG2;SKIL;SFMBT1;TUBA8;STK33;HMGB2;ING2;CEP57;DHH;DNMT3A;KIF18A;POC1A;CCDC159;FANCG;CCDC136;CADM1;ZNF449;SUFU;SPATA20;MCM8;AXL;HOOK1;WIPF3;HSPA2;MOV10L1;FSIP2;TESK1;CATSPERG;DND1;RBM46;CLDN11;INHBB;TDRD12;INPP5B;PIWIL3;TESK2;SOX9;TTC21A;ATRX;TTLL3;PLEKHA1;PATZ1;DPY19L2;TYRO3;EHMT2;TSGA10;BRCA2;ASF1B;MAST2;BAG6;CREB3L4;SUN1;CEP70;SMAD4;DZIP1;CNTLN;SIX5;IFT27;PTCH1;SBF1;PTTG1;BRD2;DNAH1;APOB;CHN2;MNS1;MYCBPAP;PYGO1;TSSK4;SHISA6;ATAT1;E2F1;CCNB1;PMFBP1;SIRT1;FOXJ2;KDM2B;ZSCAN21;GLI1;GGN;HMGA2;ZCWPW1"
"Positive Regulation of Isotype Switching","GOBP_POSITIVE_REGULATION_OF_ISOTYPE_SWITCHING",0.32411688232504,0.806234056987964,0.730827067669173,0.876056989071311,19,"TNFSF4;MAD2L2"
"Somatic Diversification of Immunoglobulins","GOBP_SOMATIC_DIVERSIFICATION_OF_IMMUNOGLOBULINS",0.275098294070226,0.833264251880029,0.731362467866324,0.876184242454081,55,"TNFSF4;POLQ;SAMHD1;IL10;MSH6;MAD2L2;EXO1;POLM;NFKBIZ"
"Bone Mineralization","GOBP_BONE_MINERALIZATION",0.265742619250987,0.853583960574375,0.732098765432099,0.876466840501928,87,"PRICKLE1;IGF1;ENPP1;GPM6B;LTBP3;COL6A1;KLF10;FOSL2;BMPR2;BCOR;SOX9;ACVR2B;ERCC2;SMPD3;FGFR2;PHEX;ALOX5;AXIN2;ECM1;WNT4;DDR2;GREM1;SLC20A2;FAM20C;RXRB"
"Positive Regulation of Dna Metabolic Process","GOBP_POSITIVE_REGULATION_OF_DNA_METABOLIC_PROCESS",0.249626595048794,0.892964554307547,0.731969860064586,0.876466840501928,235,"TNFSF4;DPF3;PDGFB;CCNA2;SMARCC2;BRCA1;BCL7A;FOXM1;CDK2;PRKCG;FGFR1;CDK1;E2F8;DPF2;PRKCQ;SMARCA2;CHTF18;KLF4;PRKD2;KDM4D;TNFAIP1;AGER;EGFR;MAD2L2;MAP2K7;ATRX;POLG2;BRD7;ERCC2;CIZ1;TRIM28;INO80E;ARID2;DBF4B;ACD;NAF1;E2F7;AKT1;ARID1B;SLX4;NEK2;ARID1A;UIMC1;BRD8;ACTR8;SIRT1;CDC7;GLI1;ZCWPW1;DDX11;BRPF3;KAT7;KCTD13;TNKS;SMARCC1;FAM168A;SPIRE1;SMARCD1;RNF126;MGMT;EXOSC6;RAD51AP1;CTC1;RFC2;MORF4L2;WRAP53;TERF2IP;MAPK3;SETMAR;CD40;MAP3K4;NEK7;TINF2;PPP1R10;CDC25A;BABAM1;HMGB1;NFRKB;KAT5;YEATS4;INO80B;ACTB;TFPT;STAT6;PDGFRB;ING3;SMARCE1"
"Amino Acid Import Across Plasma Membrane","GOBP_AMINO_ACID_IMPORT_ACROSS_PLASMA_MEMBRANE",0.29443172765103,0.834114148432137,0.73433242506812,0.878676815579953,38,"SLC38A4;SLC6A13;SLC36A1;SLC1A3;SLC16A2;SLC43A1;SLC7A8"
"Cellular Response to Unfolded Protein","GOBP_CELLULAR_RESPONSE_TO_UNFOLDED_PROTEIN",0.265303330759694,0.864443680501358,0.734939759036145,0.878676815579953,94,"AKT3;CREBZF;DAB2IP;ATF3;TMTC4;PIK3R1;MBTPS1;ATF6B;PPP1R15A;PARP6;CDK5RAP3;BOK;AATF;DDIT3;NCK2;AKT2;ERMP1;AKT1;OPTN;SIRT1;DERL3"
"Membrane Protein Ectodomain Proteolysis","GOBP_MEMBRANE_PROTEIN_ECTODOMAIN_PROTEOLYSIS",0.287869962519541,0.837840199636833,0.735449735449735,0.878676815579953,42,"ADRA2A;SH3D19;IL10;PRKCQ;SPPL2B;RBMX;SPPL3;TSPAN17;DAG1;TIMP3"
"Phosphatidylserine Metabolic Process","GOBP_PHOSPHATIDYLSERINE_METABOLIC_PROCESS",-0.303775328884009,-0.840954112584368,0.735119047619048,0.878676815579953,17,"OSBPL10;LPCAT3"
"Positive Regulation of b Cell Differentiation","GOBP_POSITIVE_REGULATION_OF_B_CELL_DIFFERENTIATION",0.339712431911747,0.799258530368171,0.734756097560976,0.878676815579953,15,"IL10;MMP14"
"Positive Regulation of Cellular Extravasation","GOBP_POSITIVE_REGULATION_OF_CELLULAR_EXTRAVASATION",-0.307901183494034,-0.837739885925755,0.735294117647059,0.878676815579953,16,"CCR2;LYVE1;FADD;CD99L2"
"Mhc Class Ii Biosynthetic Process","GOBP_MHC_CLASS_II_BIOSYNTHETIC_PROCESS",0.330394384658819,0.802493825204558,0.735735735735736,0.87871667648575,17,"TMEM106A;IL10"
"Negative Regulation of t Cell Mediated Immunity","GOBP_NEGATIVE_REGULATION_OF_T_CELL_MEDIATED_IMMUNITY",-0.276307253177917,-0.836597395354797,0.736363636363636,0.87871667648575,24,"HLA-G"
"Positive Regulation of Inflammatory Response","GOBP_POSITIVE_REGULATION_OF_INFLAMMATORY_RESPONSE",-0.219143208382857,-0.91893221052106,0.736486486486487,0.87871667648575,130,"ETS1;CTSC;PTGER3;CCR2;PARK7;CASP3;MAP3K8;C2CD4A;IL1RAP;IL33;MAPK1;ADORA2B;NMI;ZP3;GBP5;ZDHHC9;CREB3L3;CD28;OSMR;STAT3;CCR1;PDCD4;IL1RL1;AIM2;TLR2;TTC1;CEBPA;STAT5B;CASP4;RPS19;NKG7"
"Regulation of Cell Killing","GOBP_REGULATION_OF_CELL_KILLING",0.26797856337852,0.852357437328509,0.73625,0.87871667648575,80,"NOS2;TGFB2;AZGP1;CFH;CXCL6;IL10;CADM1;AGER;FCGR2B;DNASE1;CLU;CX3CR1;CEACAM1;LGALS9;LAG3;IL11;HLA-DRB1"
"Positive Regulation of b Cell Mediated Immunity","GOBP_POSITIVE_REGULATION_OF_B_CELL_MEDIATED_IMMUNITY",0.306336038751764,0.822984904404498,0.7378223495702,0.879411939620419,28,"TNFSF4;C3;MAD2L2"
"Positive Regulation of Organelle Assembly","GOBP_POSITIVE_REGULATION_OF_ORGANELLE_ASSEMBLY",0.27219537560597,0.856565730350144,0.737766624843162,0.879411939620419,75,"FSCN1;NUMA1;CEP120;KCTD17;WDR45;PAN2;SPAG5;ULK1;PLK4;CROCC;DZIP1;MNS1;CCDC15;MARK4;ARHGEF5;STIL;CCP110;TTBK2;TRIM32;MAPK9;WRAP73;ATG2A;SNX18;IFT88;UBAP2L"
"Regulation of Reactive Oxygen Species Metabolic Process","GOBP_REGULATION_OF_REACTIVE_OXYGEN_SPECIES_METABOLIC_PROCESS",-0.223913809837539,-0.921561321162265,0.7375,0.879411939620419,120,"MT3;DUOXA2;SOD2;VDAC1;HK2;PARK7;PDK3;RHOA;ROMO1;NDUFC2;GSTP1;AKR1C1;CBR1;SLC25A33;SHC1;PRCP;PRDX2;SLC5A3;BST1;TRAP1;PARL;STAT3;SLC18A2;CRYAB;FOXO3;SOD1"
"Regulation of Cholesterol Storage","GOBP_REGULATION_OF_CHOLESTEROL_STORAGE",-0.307250358869287,-0.835969117328162,0.738235294117647,0.879604841936775,16,"SCARB1;ABCA1"
"Negative Regulation of Adaptive Immune Response","GOBP_NEGATIVE_REGULATION_OF_ADAPTIVE_IMMUNE_RESPONSE",0.279311568248839,0.839514986356822,0.738961038961039,0.87987101273981,52,"TNFSF4;SUSD4;ZBTB7B;FCGR2B;IL18;IL20RB;CEACAM1;LGALS9;LAG3;NDFIP1;SMAD7;LOXL3"
"Nuclear Export","GOBP_NUCLEAR_EXPORT",-0.213524263671046,-0.908505998762233,0.738805970149254,0.87987101273981,152,"CETN2;XPOT;XPO5;PARK7;PTPN11;RAN;AGFG1;STRADB;CALR;NPM1;ERH;SSB;NUP153;RANBP1;MAGOHB;ZC3H11A;NCBP2;NUP155;ATXN1;CSE1L;MAGOH;NUP188;GSK3B;SMG5;NUTF2;THOC7;EIF4E;HSPA9;ANP32B;YWHAE;CETN3;FYTTD1;NUP160;DHX9;SDAD1;XPO6;DDX19B;RAE1;NMD3;THOC3"
"Antigen Processing and Presentation of Exogenous Peptide Antigen via Mhc Class Ii","GOBP_ANTIGEN_PROCESSING_AND_PRESENTATION_OF_EXOGENOUS_PEPTIDE_ANTIGEN_VIA_MHC_CLASS_II",0.317134637576646,0.819488788582804,0.739583333333333,0.880312747763054,24,"HLA-DRB5;FCGR2B;CTSF;HLA-DRB1;TRAF6;HLA-DMB;CD74;HLA-DQA1;HLA-DOA"
"Erythrocyte Homeostasis","GOBP_ERYTHROCYTE_HOMEOSTASIS",-0.217521633109181,-0.906347840813111,0.74,0.88036165154613,125,"ETS1;INHA;SFXN1;CASP3;BBS4;PRDX1;TGFBR3;B2M;SH2B3;CEBPG;SLC1A5;HEATR3;LYN;TMOD3;TCEA1;MAFB;IREB2;SLC11A2;STAT3;RPS24;HSPA9;PRKDC;RPS17;FOXO3;SLC25A40;RPS14;STAT5B;RPS19;ACVR2A;TMEM14C"
"Negative Regulation of Small Molecule Metabolic Process","GOBP_NEGATIVE_REGULATION_OF_SMALL_MOLECULE_METABOLIC_PROCESS",0.271380678459209,0.851891024261434,0.740554156171285,0.88036165154613,74,"SIK1;DDIT4;PLIN5;IER3;BRCA1;WDTC1;SNAI2;TP53;SCAP;SOX9;MST1;C1QTNF3;AKT1;CEACAM1;DCAF5;SIRT1;WNT4"
"Positive Regulation of Calcineurin Mediated Signaling","GOBP_POSITIVE_REGULATION_OF_CALCINEURIN_MEDIATED_SIGNALING",0.325988619355203,0.800891345655155,0.740629685157421,0.88036165154613,18,"IGF1;CHP2;CAMTA1;SPPL3;ERBB3"
"Regulation of Generation of Precursor Metabolites and Energy","GOBP_REGULATION_OF_GENERATION_OF_PRECURSOR_METABOLITES_AND_ENERGY",0.261464705709183,0.86527248592029,0.740213523131673,0.88036165154613,103,"NOS2;DDIT4;IRS1;IGF1;SORBS1;ENPP1;INSR;IER3;PIK3CA;GRB10;CDK1;INPP5K;ZBTB20;TP53"
"Positive Regulation of Nf Kappab Transcription Factor Activity","GOBP_POSITIVE_REGULATION_OF_NF_KAPPAB_TRANSCRIPTION_FACTOR_ACTIVITY",0.272636412552373,0.851586542043526,0.741071428571429,0.88049305232263,69,"PRKCZ;RTKN2;ARHGEF2;RPS6KA5;TRAF2;PRKCQ;PRKD2;RNF31;AGER;IKBKG;IL18;CLU;LGALS9;ERC1;RPS6KA4;PRKD1;RBCK1;TRAF6;CARD9;CLOCK;SPHK1;CARD11;MTPN"
"Positive Regulation of Protein Containing Complex Assembly","GOBP_POSITIVE_REGULATION_OF_PROTEIN_CONTAINING_COMPLEX_ASSEMBLY",0.252980570069945,0.876496621242276,0.741242937853107,0.88049305232263,162,"CASR;FSCN1;HIP1R;FCHSD1;NRG1;PPP2R5B;DAB2IP;NUMA1;BMF;PAK1;ZDHHC1;KCNK6;TP53;AMBRA1;CDC42EP1;AKAP9;MAVS;FERMT2;NCK2;CLASP1;CLU;ATAT1;BAIAP2L1;MARK4;DCTN1;TAL1;PRKD1;ARHGEF5"
"Vacuolar Localization","GOBP_VACUOLAR_LOCALIZATION",0.273332390302217,0.851736373166066,0.741687979539642,0.880723048246565,68,"SYTL4;NR4A3;GAB2;RAB3A"
"Positive Regulation of Dna Repair","GOBP_POSITIVE_REGULATION_OF_DNA_REPAIR",0.257622732545,0.860993257493577,0.742655699177438,0.880976266244012,115,"DPF3;SMARCC2;BRCA1;BCL7A;FOXM1;PRKCG;DPF2;SMARCA2;KDM4D;AGER;EGFR;MAD2L2;BRD7;TRIM28;INO80E;ARID2;ARID1B;ARID1A;UIMC1;BRD8;ACTR8;SIRT1;ZCWPW1;DDX11;SMARCC1;FAM168A;SPIRE1;SMARCD1;RNF126;MGMT;RAD51AP1;MORF4L2;WRAP53;SETMAR;BABAM1;HMGB1;NFRKB;KAT5;YEATS4;INO80B;ACTB;TFPT;ING3;SMARCE1;CREBBP;FANCB"
"Regulation of Microtubule Polymerization","GOBP_REGULATION_OF_MICROTUBULE_POLYMERIZATION",0.274247865807895,0.831708702476658,0.742268041237113,0.880976266244012,56,"STMN1;CLIP3;NUMA1;PAK1;MAPRE3;GBA2;AKAP9;CLASP1;DCTN1;HAUS4;CDK5R1;HAUS7;HAUS1;ABL1;GIT1;CKAP5;HAUS5;MECP2;CLASP2;ANKRD53;PSRC1"
"Stress Activated Protein Kinase Signaling Cascade","GOBP_STRESS_ACTIVATED_PROTEIN_KINASE_SIGNALING_CASCADE",0.278265633411848,0.825343515546152,0.742483660130719,0.880976266244012,47,"FOXO1;TGFB2;MAPK8IP2;MAP3K5;FOXM1;SEMA4C;MAP2K7"
"Microvillus Organization","GOBP_MICROVILLUS_ORGANIZATION",-0.294142296579547,-0.822484202428137,0.743283582089552,0.881422609363474,18,"PTPN11;PODXL;RAPGEF6;PLS1;RAP2A;TNIK;GLDN"
"Olefinic Compound Biosynthetic Process","GOBP_OLEFINIC_COMPOUND_BIOSYNTHETIC_PROCESS",0.313893133572942,0.801048764297066,0.744082840236686,0.88177340641039,21,"STARD3;EGR1;DGKQ;WNT4;GGCX;CREB1;DAB2;CYP17A1;CYP19A1"
"Protein Polyubiquitination","GOBP_PROTEIN_POLYUBIQUITINATION",0.250877932670865,0.897889350436425,0.744060475161987,0.88177340641039,244,"UBE2QL1;UBE2C;DTX4;STK33;TRIM26;BRCA1;PIK3R1;DZIP3;UBE2S;BCL2;HUWE1;DDA1;TRAF2;TRIM8;TRIM6;AMBRA1;TNFAIP3;RNF31;KLHL3;SPSB3;NFE2L1;RUSC1;TOPORS;DCAF15;CBLB;AXIN1;SASH1;UBE2O;WSB1;IRF2BP1;UBE4B;WDR24;ZNF738;DTL;FZR1;BARD1;RNF146;ANAPC2;SHPRH;RNF180;TCF25;IL17RC;RNF123;ARIH2;ASB3;RBCK1;WWP2;TRIM62;MKRN1;TNKS;RNF39;RFFL;FBXO7;CHFR;UBE2T;SMURF1;TRAF6;RNF126;CBL;MGRN1;IL17RB;UBR5;UBE2Q1"
"Cell Cell Recognition","GOBP_CELL_CELL_RECOGNITION",0.285087621014391,0.829742246166003,0.744708994708995,0.882216979528444,42,"CLEC4M;CLGN;ST6GALNAC6;SPESP1"
"Negative Regulation of Hemopoiesis","GOBP_NEGATIVE_REGULATION_OF_HEMOPOIESIS",0.258990114453469,0.856807452943855,0.745305164319249,0.882624743275973,99,"LRRC17;TNFSF4;ERBB2;TMEM176B;FSTL3;PIK3R1;ZBTB7B;TMEM176A;IRF1;CDK6;MDK;TLR3;FCGR2B;CLDN18;SOCS5;C1QC"
"Regulation of Mast Cell Degranulation","GOBP_REGULATION_OF_MAST_CELL_DEGRANULATION",0.313222210130457,0.799336581592008,0.745562130177515,0.882630666445365,21,"GAB2;ADORA3;SPHK2;LGALS9;CD84"
"Cyclic Nucleotide Metabolic Process","GOBP_CYCLIC_NUCLEOTIDE_METABOLIC_PROCESS",0.305892636096785,0.828470573622857,0.746099290780142,0.882968180946904,29,"ADCY1;PDE9A;PDE4C;ADCY3;NPPA;ADCY2;ADCY6;PDE7A;PDE2A;GUCY1A2;ADCY5;PDE5A;PDE8B;AMPD2"
"Phosphatidylethanolamine Metabolic Process","GOBP_PHOSPHATIDYLETHANOLAMINE_METABOLIC_PROCESS",-0.300875999069829,-0.832927775027824,0.74702380952381,0.88316719701718,17,"LPIN1;PCYT2;ABHD4;MFSD2A;PNPLA8;ETNK1;CHKA"
"Positive Regulation of Rho Protein Signal Transduction","GOBP_POSITIVE_REGULATION_OF_RHO_PROTEIN_SIGNAL_TRANSDUCTION",0.315403263686783,0.815014848106199,0.74702380952381,0.88316719701718,24,"MCF2L;ERBB2;PLXNB1;FERMT2;F2R;SYNPO2L"
"Trabecula Formation","GOBP_TRABECULA_FORMATION",-0.300080983709946,-0.830726900325728,0.74702380952381,0.88316719701718,17,"TEK;TGFBR3;FBN2;FKBP1A"
"Negative Regulation of Monoatomic Ion Transmembrane Transport","GOBP_NEGATIVE_REGULATION_OF_MONOATOMIC_ION_TRANSMEMBRANE_TRANSPORT",0.277078534869315,0.821822548647074,0.747712418300654,0.883683063868822,47,"CAMK2D;ANK3;KCNQ1;BCL2;SESTD1;GOPC;GPR35"
"Leukocyte Chemotaxis","GOBP_LEUKOCYTE_CHEMOTAXIS",0.251917524945308,0.875814599241772,0.748597081930415,0.884430211805142,169,"WNT5A;TNFSF11;PGF;TGFB2;PDGFB;C5;DUSP1;ITGA9;CXCL6;IL10;CMKLR1;THBS1;EDNRB;C3;GPR35;MDK"
"Cd4 Positive or Cd8 Positive Alpha Beta t Cell Lineage Commitment","GOBP_CD4_POSITIVE_OR_CD8_POSITIVE_ALPHA_BETA_T_CELL_LINEAGE_COMMITMENT",0.30347050876731,0.821910555560172,0.748936170212766,0.884532503120472,29,"SOCS3;BCL2;JAK1;BRD2;LOXL3;BRAF;ZFPM1;STAT6;IL6ST;MTOR;BRD4"
"Immune Response Regulating Signaling Pathway","GOBP_IMMUNE_RESPONSE_REGULATING_SIGNALING_PATHWAY",0.24600657614529,0.909919792240509,0.75,0.885329597370763,469,"CACNB3;NOS2;CASR;NR4A3;PAK3;CD24;BTNL9;PTPRS;C1QTNF4;EIF2B2;PAWR;KCNJ8;MAPK10;DAB2IP;PIK3CA;PIK3R1;FOXP1;BCL2;RFTN1;PAK1;IRF1;IFI35;GDI1;ZDHHC1;GRAMD4;KCNK6;TRAF2;CMKLR1;FYN;TRIM11;ZCCHC3;PRKCQ;FOSL2;REG3G;C3;DGKZ;PRKD2;TNFAIP3;RNF31;SPSB3;TSPAN6;NLRC3;CBLB;LIMK1;MAP2K7;TLR3;CD47;FCGR2B;PLA2G6;IRF7;IKBKG;PLEKHA1;MAVS;TYRO3;DENND1B;BAG6;LRCH4;SPPL3;ESR1;MASP2;LPXN;NFKBIZ;CMTM3;AKT1;ERMAP;IL20RB;CEACAM1;LGALS9;BLVRA;CD22;RELA;PIGR;ATAT1;NFKBIA;C3AR1"
"Negative Regulation of Intrinsic Apoptotic Signaling Pathway by P53 Class Mediator","GOBP_NEGATIVE_REGULATION_OF_INTRINSIC_APOPTOTIC_SIGNALING_PATHWAY_BY_P53_CLASS_MEDIATOR",0.309793796731572,0.783242846052362,0.750369276218611,0.885329597370763,20,"ING2;BCL2;KDM1A;SIRT1;PTTG1IP"
"Response to Nutrient","GOBP_RESPONSE_TO_NUTRIENT",0.256206331578052,0.857226374778184,0.750294464075383,0.885329597370763,117,"CASR;PIM1;LRAT;KANK2;ALDH1A2;VCAM1;F5;DNMT3A;PDK2;MN1;ASS1;LPL;CPT1A;SNAI2;IGFBP2;SCAP"
"Negative Regulation of Interleukin 6 Production","GOBP_NEGATIVE_REGULATION_OF_INTERLEUKIN_6_PRODUCTION",0.295825888059162,0.826015375632688,0.751020408163265,0.885799491513777,34,"SYT11;IL10;TNFAIP3;NLRC3;SOCS5;GAS6;ELF4;C1QTNF3"
"Negative Regulation of Lipid Biosynthetic Process","GOBP_NEGATIVE_REGULATION_OF_LIPID_BIOSYNTHETIC_PROCESS",-0.251691248181456,-0.8510496949235,0.752066115702479,0.886556643501262,45,"APOC1;LPIN1;TMX1;APOE;FBXW7;PRKAA1;INSIG2"
"Regulation of Cilium Assembly","GOBP_REGULATION_OF_CILIUM_ASSEMBLY",0.262714158256142,0.842023801615362,0.752168525402726,0.886556643501262,86,"CDKL5;SYNE2;WDR44;CEP120;KCTD17;TCHP;KIF24;TESK1;CROCC;EVI5L;DZIP1;AKT1;MNS1;CEP97;CNTROB;RAB11B;MARK4;TBC1D17;CCP110;IFT140;MPHOSPH9;TBC1D8;TTBK2;TRIM32;WRAP73;MAP4"
"Dna Replication Checkpoint Signaling","GOBP_DNA_REPLICATION_CHECKPOINT_SIGNALING",0.313847473689355,0.807393831098293,0.753323485967504,0.887320837708193,23,"ORC1;MDC1;CDC6;HUS1B;CDC7;RAD9A;CLSPN;RFC2"
"Regulation of Integrin Mediated Signaling Pathway","GOBP_REGULATION_OF_INTEGRIN_MEDIATED_SIGNALING_PATHWAY",0.313978819217067,0.807731726342662,0.753323485967504,0.887320837708193,23,"LIMS2;PHACTR4;FLNA;LAMA2;LAMB2;PRKD1;LOXL3"
"Import Across Plasma Membrane","GOBP_IMPORT_ACROSS_PLASMA_MEMBRANE",0.256352220306364,0.872429165406376,0.754345307068366,0.887629026086828,137,"SLC38A4;KCNK5;FXYD6;SLC6A13;ANK2;KCNJ8;SLC9A7;SLC39A4;KCNQ1;SLC12A4;LRRC8C;SLC36A1;SLC12A5;FYN;THBS1;KCNJ16"
"Membrane Fusion","GOBP_MEMBRANE_FUSION",0.256468087612859,0.872823490126413,0.754345307068366,0.887629026086828,137,"RIMS1;PLA2G5;SYT2;SYT11;RAB3A;HUWE1;SPESP1;ERC2;VPS8;UVRAG;ATL1;RABIF;DIAPH3;SYT1;GAS6;SYT5"
"Negative Regulation of Muscle Contraction","GOBP_NEGATIVE_REGULATION_OF_MUSCLE_CONTRACTION",-0.305749271594073,-0.823489695548989,0.754335260115607,0.887629026086828,15,"RGS2;ADORA2B;DOCK4;DOCK5;SOD1;ARHGAP42;STUB1"
"Regulation of Mitochondrion Organization","GOBP_REGULATION_OF_MITOCHONDRION_ORGANIZATION",0.259042049951021,0.85462063311337,0.754761904761905,0.887821004829064,102,"AKT3;IGF1;HIP1R;DDHD1;PMAIP1;IER3;VAT1;PLSCR3;BMF;HUWE1;TP53;GSK3A;BOK;LMNA"
"Mononuclear Cell Migration","GOBP_MONONUCLEAR_CELL_MIGRATION",0.250583061606064,0.87142000941666,0.75645342312009,0.8895120312822,170,"WNT5A;TNFSF11;PDGFB;C5;EPS8;DUSP1;LRP12;PDGFD;CMKLR1;THBS1;EDNRB;GPR35;MDK;MMP14;AGER;CYP7B1;CD47;GAS6;EXT1;CSF1;ALOX5;CX3CR1;AKIRIN1;AKT1;FOLR2;LGALS9;XG;C3AR1;SAA1;ECM1"
"Neutral Amino Acid Transport","GOBP_NEUTRAL_AMINO_ACID_TRANSPORT",0.287142165426594,0.820427976915429,0.756756756756757,0.889570107019771,39,"SLC38A4;LLGL2;SLC36A1;NFE2L1;SLC1A3;CTNS;SLC43A1;SLC7A8;SLC6A17;SLC38A2;SLC25A12"
"One Carbon Metabolic Process","GOBP_ONE_CARBON_METABOLIC_PROCESS",0.308933191408965,0.788391094802312,0.75887573964497,0.891761729612993,21,"ALDH1L1;AHCYL2;MAT1A;FPGS;MAT2A"
"Phosphatidylglycerol Metabolic Process","GOBP_PHOSPHATIDYLGLYCEROL_METABOLIC_PROCESS",-0.275702437017603,-0.810296941352401,0.759878419452888,0.892640544380773,22,"SPATA18;PTPMT1;LPGAT1;GPAM;PGS1;PNPLA8"
"Peroxisomal Transport","GOBP_PEROXISOMAL_TRANSPORT",0.308657424842186,0.787687344245432,0.760355029585799,0.892900995185737,21,"ABCD4"
"Negative Regulation of Dna Biosynthetic Process","GOBP_NEGATIVE_REGULATION_OF_DNA_BIOSYNTHETIC_PROCESS",0.311740750313697,0.801974142874131,0.760709010339734,0.893017313411558,23,"DACH1;DUSP1;TP53"
"Modification of Postsynaptic Structure","GOBP_MODIFICATION_OF_POSTSYNAPTIC_STRUCTURE",0.30436393978894,0.810221246267136,0.761836441893831,0.894041224775239,27,"FILIP1;RHOB;ARHGAP44;WASF3;DLGAP4;AMOT;CTTNBP2"
"Camp Metabolic Process","GOBP_CAMP_METABOLIC_PROCESS",0.306936069367934,0.776017735229769,0.76218611521418,0.894110569359455,20,"ADCY1;PDE4C;ADCY3;ADCY2;ADCY6;PDE7A"
"Pyrimidine Nucleotide Catabolic Process","GOBP_PYRIMIDINE_NUCLEOTIDE_CATABOLIC_PROCESS",0.315007951794615,0.783575780246299,0.762406015037594,0.894110569359455,19,"NEIL1;OGG1"
"Nucleobase Containing Compound Transport","GOBP_NUCLEOBASE_CONTAINING_COMPOUND_TRANSPORT",-0.214642554671249,-0.921239537153625,0.763440860215054,0.894954226101767,197,"CETN2;XPOT;XPO5;LRPPRC;RAN;MRPL18;LRRC8D;NUP35;AGFG1;PANX1;SLC33A1;ERH;SLC35E3;SSB;NUP153;SLC35D1;LRRC8B;SLC25A16;MAGOHB;ZC3H11A;NCBP2;NUP155;SLC25A33;SNUPN;MAGOH;NUP37;NUP188;LRRC8E;SLC25A36;SLC17A9;SENP2;SLC25A4;SMG5;NUTF2;THOC7;ABCC4;EPG5;EIF4E"
"Regulation of Keratinocyte Differentiation","GOBP_REGULATION_OF_KERATINOCYTE_DIFFERENTIATION",-0.270204490019709,-0.818119575088035,0.763636363636364,0.894954226101767,24,"TRIM16;ERRFI1;GRHL1;CD109"
"Negative Regulation of Response to Endoplasmic Reticulum Stress","GOBP_NEGATIVE_REGULATION_OF_RESPONSE_TO_ENDOPLASMIC_RETICULUM_STRESS",0.280352313242288,0.822686054277452,0.764089121887287,0.895180338281072,44,"AKT3;SVIP;ATF6B;PPP1R15A;IKBKG;NCK2;AKT2;ALOX5;CLU;AKT1"
"Regulation of Autophagosome Assembly","GOBP_REGULATION_OF_AUTOPHAGOSOME_ASSEMBLY",-0.24895783478846,-0.842814221401674,0.764705882352941,0.895180338281072,46,"MTM1;RALB;SCFD1;TBC1D14;RAB3GAP1;SNX7;USP33;SEC22B;IFT20;FEZ2"
"Regulation of Dna Templated Transcription Initiation","GOBP_REGULATION_OF_DNA_TEMPLATED_TRANSCRIPTION_INITIATION",0.260739899109032,0.835150337687612,0.764851485148515,0.895180338281072,84,"FOXO1;JUN;MED12;TAF11;TP53;MED14;PPM1D;CTNNBIP1;SRF;TAF3;NFKBIA;TBP;DRAP1;MED29;TAF8;HEY2;GTF2A1;CREB1;PIAS1;TAF10;KAT8"
"Response to Cold","GOBP_RESPONSE_TO_COLD",0.293319215916922,0.819016158137745,0.764625850340136,0.895180338281072,34,"FOXO1;SLC25A27;HSPA2;NFE2L1;LRP11;SLC27A1;JUND;NFKBIA;SCN11A;CIRBP;UCP3;APPL2;PRKACA;ADRB1"
"Microtubule Polymerization","GOBP_MICROTUBULE_POLYMERIZATION",0.262040168359443,0.848127306272895,0.765853658536585,0.895577081498736,92,"STMN1;CLIP3;NUMA1;PAK1;CEP192;MAPRE3;GBA2;FBXO5;DIAPH3;AKAP9;MZT1;TUBA1A;CLASP1;PCNT;DCTN1;GOLGA2;HAUS4;TPPP3;PIN1;CDK5R1;TUBGCP6;TUBGCP2;HAUS7;HAUS1;MAP4;ABL1;GIT1;CKAP5;HAUS5;MECP2;ACTB;CLASP2;ANKRD53;PSRC1;TUBB1"
"Signaling Receptor Ligand Precursor Processing","GOBP_SIGNALING_RECEPTOR_LIGAND_PRECURSOR_PROCESSING",-0.261205502580481,-0.830525400700821,0.765957446808511,0.895577081498736,32,"P4HB;CTSZ;PCSK6;PREP;BACE2;PRCP;SCG5;ATP6AP2"
"t Cell Activation Involved in Immune Response","GOBP_T_CELL_ACTIVATION_INVOLVED_IN_IMMUNE_RESPONSE",0.253064453614106,0.848776108946798,0.765680473372781,0.895577081498736,122,"TNFSF4;PRKCZ;JUNB;SEMA4A;MYB;PIK3R1;FOXP1;SOCS3;ZBTB7B;IL10;MDK;FCGR2B;TMEM98;SOCS5;JAK1;IL18;NFKBIZ;BRD2;CEACAM1;LGALS9"
"Axo Dendritic Transport","GOBP_AXO_DENDRITIC_TRANSPORT",-0.232442495724951,-0.870056962831394,0.766355140186916,0.895743095120042,73,"UCHL1;TRAK2;KIF21A;AP3M2;AGTPBP1;ARL8B;STAU1;ARMCX3;NDEL1;KIF1B;SYBU;AP3S1;MAP2;RABGEF1;SOD1;FLOT2;FBXW11;AP3S2;BLOC1S1;KIF3B;ACTR10;BLOC1S2;KIF5B"
"Response to Temperature Stimulus","GOBP_RESPONSE_TO_TEMPERATURE_STIMULUS",0.25392064145447,0.857700698602563,0.766705744431418,0.895853976899019,128,"ST8SIA1;FOXO1;HPCAL4;SLC25A27;IGF1;EIF2B2;HMOX1;SLC12A5;SCN9A;THBS1;HSPA2;NFE2L1;LRP11;MAP2K7;PSIP1;ATXN3;GRIK2;AKT1;MMP24;SLC27A1;JUND;NFKBIA;SIRT1;SCN11A;DAXX;ALDH18A1;CIRBP;UCP3"
"Regulation of Lipid Storage","GOBP_REGULATION_OF_LIPID_STORAGE",-0.25549625146091,-0.833491084609192,0.767272727272727,0.896217527054473,37,"PLIN2;SCARB1;FBXW7;ABCA1"
"Cellular Response to Angiotensin","GOBP_CELLULAR_RESPONSE_TO_ANGIOTENSIN",0.297000247633523,0.811948092165621,0.769338959212377,0.897434024016302,30,"ACE;NONO;NPPA;CDC6;RELA;AGT;ROCK2;PRKD1;DDR2"
"Establishment of Endothelial Barrier","GOBP_ESTABLISHMENT_OF_ENDOTHELIAL_BARRIER",-0.247947097870793,-0.839392503627543,0.76890756302521,0.897434024016302,46,"CLDN1;RAP1A;FASN;CLDN3;RAPGEF6;PPP1R16B;RAB1A;F11R"
"Estrogen Metabolic Process","GOBP_ESTROGEN_METABOLIC_PROCESS",0.305933625307634,0.780736264346009,0.769230769230769,0.897434024016302,21,"CYP3A4;CYP3A5;CHST10;CYP3A7;PLEKHA1;HSD17B11"
"Regulation of Substrate Adhesion Dependent Cell Spreading","GOBP_REGULATION_OF_SUBSTRATE_ADHESION_DEPENDENT_CELL_SPREADING",0.27203760730025,0.817651949087008,0.768831168831169,0.897434024016302,52,"KANK1;FBLN1;NRP1;RCC2;HPSE;MDK;TESK1;GSK3A;DOCK1;CSPG5;FERMT2;FLNA"
"Positive Regulation of Amino Acid Transport","GOBP_POSITIVE_REGULATION_OF_AMINO_ACID_TRANSPORT",0.32284316639325,0.759569360646507,0.769817073170732,0.897686622069793,15,"ABAT;AVPR1A;GABBR1;DTNBP1"
"Regulation of Rac Protein Signal Transduction","GOBP_REGULATION_OF_RAC_PROTEIN_SIGNAL_TRANSDUCTION",0.292084067507385,0.815567333614106,0.770068027210884,0.897686622069793,34,"WNT5A;CDKL5;ARHGAP44;CADM4"
"Phagocytosis","GOBP_PHAGOCYTOSIS",0.246272638844512,0.865687764687803,0.770419426048565,0.897797488173029,191,"NOS2;PLA2G5;SYT11;MERTK;PIK3CA;SRPX;TUB;PAK1;PRKCG;CFB;FYN;THBS1;AXL;C3;CNN2;LIMK1;AGER;DOCK1;CD47;FCGR2B;PLA2G6;GAS6;TGM2;TYRO3;COLEC12;MYO18A;MASP2;MFGE8;C2;CDC42SE1;ANXA11;SYT7;RAP1GAP"
"Negative Regulation of Autophagy","GOBP_NEGATIVE_REGULATION_OF_AUTOPHAGY",0.260399916165224,0.836126954861614,0.770859277708593,0.898011323516196,89,"DAPL1;PIK3CA;BMF;HMOX1;BCL2;FEZ1;IL10;NRBP2;LZTS1;PHF23;EHMT2;CLEC16A;TAB3;AKT1;STK38L"
"Cilium or Flagellum Dependent Cell Motility","GOBP_CILIUM_OR_FLAGELLUM_DEPENDENT_CELL_MOTILITY",0.254620751259683,0.847946871041045,0.771929824561403,0.898959499813363,109,"KLC3;IQCA1;ING2;GAS8;QRICH2;DNAAF2;CCDC159;DNAH14;KIF9;FSIP2;CATSPERG;ADCY3;TACR2;SLC9B1;INPP5B;TTC21A;TTLL3;EFHC2;TUBA1A;CYB5D1;CEP70;DZIP1;RSPH4A;FBXL13;DNAH1;APOB;MNS1;MYCBPAP;TSSK4"
"Positive Regulation of Nitric Oxide Biosynthetic Process","GOBP_POSITIVE_REGULATION_OF_NITRIC_OXIDE_BIOSYNTHETIC_PROCESS",0.29490925862552,0.812684211498981,0.772222222222222,0.899001144714006,32,"INSR;DDAH2;ASS1;KLF4;ESR1;CLU;AKT1;PTGS2;KLF2"
"Mitotic Dna Replication","GOBP_MITOTIC_DNA_REPLICATION",0.326549207057929,0.780452199524265,0.773413897280967,0.899790395939962,16,"FGFR1;TK1;BRCA2;LIG1;MCM4"
"Regulation of Steroid Hormone Secretion","GOBP_REGULATION_OF_STEROID_HORMONE_SECRETION",0.326243716739475,0.779722078042362,0.773413897280967,0.899790395939962,16,"C1QTNF1;GDF9;AGT;CRY2;DAB2;AGTR1;CYP19A1"
"Regulation of Mrna Catabolic Process","GOBP_REGULATION_OF_MRNA_CATABOLIC_PROCESS",0.247554938485193,0.861081847316046,0.773796192609183,0.899936275800122,172,"CPEB3;BTG2;FBLL1;ARID5A;TOB1;DCP1B;ZFP36;ZFP36L2;VIM;CNOT10;EIF4ENIF1;TRAF2;PAN2;DND1;CASC3;RBM46;SECISBP2;MEX3D;HNRNPA0;DHX34;FXR2;ANGEL2;AXIN2;AKT1;RBM10;FAM76B;E2F1;TNRC6B;PATL2;ROCK2;DIS3;SAMD4B;CNOT3;CIRBP;RBM24;TNRC6C;MOV10;TNRC6A;HNRNPU"
"Granulocyte Chemotaxis","GOBP_GRANULOCYTE_CHEMOTAXIS",-0.228155638752616,-0.875468464094558,0.775,0.900738221632382,83,"TNFAIP6;PPIA;CXADR;C1QBP;CAMK1D;PPIB;MAPK1;SLIT2;RARRES2;MPP1;BST1;MOSPD2;CCL26;CXCL5;BSG;ANXA1;DNM1L;CCL2;DPP4;RAC1;CXCL3;CCR7;IL1B;CCL22;PIKFYVE;SRP54;S100A8;TREM1;CSF3R;GBF1;S100A9;PDE4B;CXCR1;TIRAP"
"Positive Regulation of Ras Protein Signal Transduction","GOBP_POSITIVE_REGULATION_OF_RAS_PROTEIN_SIGNAL_TRANSDUCTION",0.321308519049663,0.78042519635811,0.774774774774775,0.900738221632382,17,"IGF1;MRAS"
"Negative Regulation of Rna Catabolic Process","GOBP_NEGATIVE_REGULATION_OF_RNA_CATABOLIC_PROCESS",0.26433614016932,0.831911413484929,0.777777777777778,0.903666850930533,76,"FBLL1;ARID5A;TOB1;ZFP36;EIF4ENIF1;TRAF2;DND1;RBM46;SECISBP2;HNRNPA0;DHX34;NAF1;ANGEL2;AXIN2;RBM10;FAM76B;E2F1"
"Response to x Ray","GOBP_RESPONSE_TO_X_RAY",0.30368467970365,0.774997001825237,0.77810650887574,0.903749038657731,21,"CCND2;XRRA1"
"Response to Prostaglandin","GOBP_RESPONSE_TO_PROSTAGLANDIN",-0.264587568132399,-0.816209682362641,0.778481012658228,0.903884317978711,26,"GNG2;TGFBR3;AKR1C2;PRKAA1;GNRH1;ACACA"
"Adaptive Thermogenesis","GOBP_ADAPTIVE_THERMOGENESIS",0.252484163940192,0.852848522109682,0.779601406799531,0.904885264419734,128,"S100B;ID1;PLCL1;PRLR;MFAP2;GATM;GRB10;SLC25A44;ADAMTS5;ZBTB7B;NPR3;CMKLR1;OXTR;ZNF423;ARRDC3;ACVR2B;KDM1A;DDIT3;IL18;GADD45G;PDGFC;CLSTN3;CEBPB;SFXN5;BSCL2;CKB;OMA1;CNOT3;BMP8A;UCP3;HNRNPU;NR1H2;RB1;PER2;APPL2;PWWP2B;EHMT1;MAP2K6;ADRB1;ACHE;TRPV1;KDM6B"
"b Cell Differentiation","GOBP_B_CELL_DIFFERENTIATION",0.251310230558449,0.842318900705705,0.780516431924883,0.905347371202935,118,"IRF2BP2;MYB;VCAM1;PIK3R1;HDAC5;BCL2;ZFP36L2;IL10;CFB;FOSL2;MMP14;FCGR2B;KLF6;POLM;NFKBIZ;HMGB3;IL11;RAG1;BCL3"
"Regulation of Calcium Ion Transmembrane Transport","GOBP_REGULATION_OF_CALCIUM_ION_TRANSMEMBRANE_TRANSPORT",0.256333736784314,0.829732501209758,0.780487804878049,0.905347371202935,91,"CAMK2D;ANK2;CACNB2;BCL2;CAPN3;SESTD1;FYN;TRPC1;GPR35;GSTM2;NPPA;APLNR;CACNB1;F2R;CHD7;TOR2A;TMEM38A"
"Pyrimidine Deoxyribonucleotide Metabolic Process","GOBP_PYRIMIDINE_DEOXYRIBONUCLEOTIDE_METABOLIC_PROCESS",-0.272765279642313,-0.810603177380786,0.781538461538462,0.906232780790874,23,"UNG;UPP1;DCTD;TBPL1;DTYMK;NME3;DCTPP1;CMPK2;CDA"
"Cellular Response to Nutrient Levels","GOBP_CELLULAR_RESPONSE_TO_NUTRIENT_LEVELS",0.243411757068664,0.863420298419594,0.782275711159737,0.906631724623054,213,"FOXO1;CASR;PIM1;PAK3;FOS;MAP1LC3A;PMAIP1;PICK1;KANK2;ATF3;SLC39A4;MAP3K5;BCL2;PDK2;PAK1;MN1;DEPDC5;LPL;SNAI2;KLF10;TP53;WDR45;BMPR2;AMBRA1;PPM1D;INHBB;GPR155;ULK1;GAS6;ATXN3;EHMT2;WDR24;SRF"
"Lipid Modification","GOBP_LIPID_MODIFICATION",0.251464275617979,0.856066644371376,0.782658959537572,0.906631724623054,138,"ABCD4;ACSM1;CYP3A4;IRS1;DGKA;PLIN5;MBOAT2;INPP5A;CYP2E1;CYP3A5;MBOAT4;DGKQ;MTMR2;INPP5K;CPT1A;DGKZ;SAMD1;INPP5B;SOX9;EPHX2;CYP3A7"
"Negative Regulation of Inflammasome Mediated Signaling Pathway","GOBP_NEGATIVE_REGULATION_OF_INFLAMMASOME_MEDIATED_SIGNALING_PATHWAY",0.318760375539299,0.761836901862984,0.782477341389728,0.906631724623054,16,"TRIM11;NLRC3;IFI16;ZDHHC12"
"Cerebellar Purkinje Cell Layer Development","GOBP_CEREBELLAR_PURKINJE_CELL_LAYER_DEVELOPMENT",0.309670881488808,0.770299927985184,0.783458646616541,0.906658618796744,19,"LDB1;SPTBN2;KIF14;FOXP2"
"Positive Regulation of Leukocyte Proliferation","GOBP_POSITIVE_REGULATION_OF_LEUKOCYTE_PROLIFERATION",0.252163206280336,0.843625136033768,0.783333333333333,0.906658618796744,121,"HES1;TNFSF4;CD24;PRLR;IGF1;EFNB1;VCAM1;BCL2;PRKCQ;IGFBP2;AGER;CSF1;IL18;NCK2;CHRNB2"
"Regulation of Adaptive Immune Response","GOBP_REGULATION_OF_ADAPTIVE_IMMUNE_RESPONSE",0.247113422547958,0.857798660449483,0.783295711060948,0.906658618796744,168,"TNFSF4;PRKCZ;FZD5;JUNB;AZGP1;SUSD4;ARID5A;ZBTB7B;IRF1;IL10;TRAF2;PRKCQ;C3;TNFAIP3;AGER;MAD2L2;FCGR2B;SOCS5;IRF7;DENND1B;IL18;PLA2G4A;NFKBIZ;BRD2;IL20RB;CEACAM1;LGALS9"
"Negative Regulation of Apoptotic Signaling Pathway","GOBP_NEGATIVE_REGULATION_OF_APOPTOTIC_SIGNALING_PATHWAY",0.244959651639332,0.855798397182218,0.784511784511784,0.907577536705674,184,"IGF1;NRP1;NRG1;MAPK8IP2;IER3;RTKN2;NONO;BRCA1;HMGB2;ING2;ARHGEF2;HMOX1;BCL2;IL10;FYN;THBS1;SNAI2;KLF4;NR4A2;TNFAIP3;PHIP;IVNS1ABP;BOK;TCF7L2;AATF;IKBKG;LMNA;KDM1A;CLU;CX3CR1;AKT1;MAPK8IP1;RELA;PTGS2;SH3RF1;SIRT1;WNT4;PTTG1IP"
"Negative Regulation of Defense Response to Virus","GOBP_NEGATIVE_REGULATION_OF_DEFENSE_RESPONSE_TO_VIRUS",-0.294536560477706,-0.793289943918003,0.786127167630058,0.908846029111582,15,"C1QBP"
"Regulation of Stress Activated Protein Kinase Signaling Cascade","GOBP_REGULATION_OF_STRESS_ACTIVATED_PROTEIN_KINASE_SIGNALING_CASCADE",0.288879247773369,0.800499459564484,0.786008230452675,0.908846029111582,33,"FOXO1;TGFB2;MAPK8IP2;FOXM1;SEMA4C"
"Response to Topologically Incorrect Protein","GOBP_RESPONSE_TO_TOPOLOGICALLY_INCORRECT_PROTEIN",0.249239077251246,0.855019067947088,0.787428571428571,0.910050242729887,150,"AKT3;DNAJC4;CREBZF;DAB2IP;ATF3;DNAJC18;TMTC4;PIK3R1;MBTPS1;ATF6B;PPP1R15A;THBS1;HSPA2;PARP6;CDK5RAP3;BOK;AATF;ATXN3;SERPINH1;DNAJB12;DDIT3;CREB3L4;NCK2;AKT2;ERMP1;CLU;AKT1;DNAJB5;OPTN"
"Antigen Processing and Presentation of Peptide or Polysaccharide Antigen via Mhc Class Ii","GOBP_ANTIGEN_PROCESSING_AND_PRESENTATION_OF_PEPTIDE_OR_POLYSACCHARIDE_ANTIGEN_VIA_MHC_CLASS_II",0.291908864622421,0.784225682440132,0.787965616045845,0.91037056497645,28,"THBS1;HLA-DRB5;FCGR2B;CTSF;HLA-DRB1;TRAF6;HLA-DMB;CD74;HLA-DQA1;HLA-DOA"
"Megakaryocyte Differentiation","GOBP_MEGAKARYOCYTE_DIFFERENTIATION",-0.242841524167111,-0.821125909424468,0.789256198347107,0.911152152999979,45,"MXRA7;PTPN11;LOX;CIB1;SH2B3"
"Protein K11 Linked Ubiquitination","GOBP_PROTEIN_K11_LINKED_UBIQUITINATION",0.289173360847927,0.807439956830274,0.789115646258503,0.911152152999979,34,"UBE2C;TRIM26;UBE2S"
"Protein Stabilization","GOBP_PROTEIN_STABILIZATION",-0.210516800042304,-0.90990432512453,0.789473684210526,0.911152152999979,198,"MT3;GAPDH;APOA1;PARK7;PTEN;MFSD8;RUVBL1;FBXW7;ATP1B3;CCT5;CALR;NPM1;BAG4;PPIB;HSP90AB1;CCT8;PEX19;CCT3;EPHA4;PFDN6;PTGES3;CDK7;PIM2;PDRG1;CCT7;TNIP2;GTPBP4;USP27X;RUVBL2;TBL1X;UXT;NAA15;USP13;PDCL3;BAG2;NCLN;HSP90AA1;USP7;HSPD1;USP33;IP6K2;SMAD3;IFT46;DNAJA3;NAA16;CRYAB;CDC37L1;BAG5;FLOT2;CCT6A;ATP1B2;PFN2;ZNF207;NAPG;RABL3;NCKAP1;ATP1B1;CCT4;LAMP2;SEL1L;PDCD10"
"Regulation of Spindle Organization","GOBP_REGULATION_OF_SPINDLE_ORGANIZATION",0.276244772404129,0.804005298899485,0.78968253968254,0.911152152999979,42,"NUMA1;PLK1;MAP9;SPAG5;CHMP4C;CEP97;PKD1;DCTN1;CHMP1B;STIL;HNRNPU;EML3;TPR"
"Base Excision Repair","GOBP_BASE_EXCISION_REPAIR",0.268701748773147,0.796976770888539,0.790849673202614,0.911898092570361,47,"NEIL1;POLQ;HUWE1;OGG1;XRCC1;POLE;LIG1;HMGA2;FAM168A;POLD1"
"Homeostasis of Number of Cells","GOBP_HOMEOSTASIS_OF_NUMBER_OF_CELLS",0.242356932889813,0.87703379992929,0.790697674418605,0.911898092570361,299,"SOX4;AKT3;SLC40A1;L3MBTL3;CD101;TGFB2;PMAIP1;PACS1;MERTK;SKIL;SMO;KCNQ1;MYB;LDB1;HMGB2;CXCL6;ILDR2;ZNF251;ZFP36;HMOX1;BCL2;FANCE;COL6A1;AXL;CDK6;FOSL2;TNFAIP3;TSPAN9;NFE2L1;SOX9;DIAPH3;CDK5RAP3;IKBKG;EXT1;ERCC2;BRD1;TUBA1A;FSTL1;ASXL1;SRF;CSF1;GPRASP2;F2R;YPEL4"
"Regulation of Cholesterol Efflux","GOBP_REGULATION_OF_CHOLESTEROL_EFFLUX",-0.252775977662549,-0.793234170625751,0.791245791245791,0.912054625447189,29,"APOA1;APOE;PLTP;ABCA1"
"Mrna Methylguanosine Cap Decapping","GOBP_MRNA_METHYLGUANOSINE_CAP_DECAPPING",0.302021292149337,0.780435289947967,0.793154761904762,0.913936601501149,24,"DCP1B;ZFP36;EIF4ENIF1"
"Transepithelial Transport","GOBP_TRANSEPITHELIAL_TRANSPORT",0.296494220726581,0.789271939358775,0.793400286944046,0.913936601501149,27,"RHBG;ACTG1;AQP1;EDNRB;SLC1A3;CLDN18"
"Negative Regulation of Transcription Elongation by Rna Polymerase Ii","GOBP_NEGATIVE_REGULATION_OF_TRANSCRIPTION_ELONGATION_BY_RNA_POLYMERASE_II",0.315909665799257,0.755023709122857,0.794561933534743,0.914766325524623,16,"AXIN1;HNRNPU;PPP1R10;PPP1CA;VHL;RECQL5"
"Response to Testosterone","GOBP_RESPONSE_TO_TESTOSTERONE",0.301859571155163,0.780017396328347,0.794642857142857,0.914766325524623,24,"DUSP1;FOXP1;NASP;THBS1"
"Negative Regulation of Dna Templated Transcription Elongation","GOBP_NEGATIVE_REGULATION_OF_DNA_TEMPLATED_TRANSCRIPTION_ELONGATION",0.300844510614251,0.771797379881755,0.794947994056464,0.914816958994675,22,"AXIN1;ZC3H4;HNRNPU;PPP1R10;ZC3H6;PPP1CA;VHL;RECQL5"
"Protein Targeting to Vacuole","GOBP_PROTEIN_TARGETING_TO_VACUOLE",0.26714907008424,0.79520693754378,0.795572916666667,0.915235444033935,48,"NDP;WASH3P;VPS8;CLU;MON1A;SORT1;AP4M1;SCARB2;HGS;SMURF1;VPS41;VPS37B;NAGPA;GNPTAB;GGA3"
"Receptor Catabolic Process","GOBP_RECEPTOR_CATABOLIC_PROCESS",0.289859145401007,0.778719023855772,0.796561604584527,0.916071996342613,28,"ZNRF3;MTMR2;PCSK5;GPRASP1;UVRAG"
"Regulation of Tube Size","GOBP_REGULATION_OF_TUBE_SIZE",0.252035118795939,0.834066889403951,0.797153024911032,0.91645127872115,103,"CASR;VSTM4;ADRA2A;ACE;KCNJ8;KCNMB2;GJA5;AVPR1A;ITGA9;ZDHHC21;OXTR;EDNRB;BMPR2;FAAH;NPPA"
"Negative Regulation of Protein Catabolic Process","GOBP_NEGATIVE_REGULATION_OF_PROTEIN_CATABOLIC_PROCESS",0.250030180869121,0.825214067008591,0.799054373522459,0.917778713288099,100,"NOS2;CBX4;DAB2IP;STK33;SVIP;IL10;PRKCG;PCSK5;FYN;EGFR;MAD2L2;CDK5RAP3;MGAT3;FLNA;BAG6;FBXO32;SMAD4;AZIN1"
"Regulation of Lamellipodium Assembly","GOBP_REGULATION_OF_LAMELLIPODIUM_ASSEMBLY",0.290002178411784,0.796859298251106,0.798882681564246,0.917778713288099,31,"FSCN1;PIK3CA;PIK3R1"
"Regulation of Mrna 3 End Processing","GOBP_REGULATION_OF_MRNA_3_END_PROCESSING",0.314415989488909,0.75145382459522,0.799093655589124,0.917778713288099,16,"CDK9;BARD1;CSTF1;CCNB1;PCF11;CSTF2T"
"Magnesium Ion Transport","GOBP_MAGNESIUM_ION_TRANSPORT",-0.280017765811926,-0.782989020816483,0.8,0.917916803144448,18,"SLC41A2;MRS2;TUSC3;TRPM7;NIPA1;SLC41A3"
"Negative Regulation of Immune System Process","GOBP_NEGATIVE_REGULATION_OF_IMMUNE_SYSTEM_PROCESS",0.239944927714262,0.884213988557066,0.799794661190965,0.917916803144448,412,"DAPL1;PLA2G5;PIM1;LRRC17;TNFSF4;TGFB2;SYT11;C5;PTPRS;MERTK;PAWR;ERBB2;SAMHD1;DTX4;DAB2IP;DUSP1;SUSD4;ARG2;TMEM176B;PAG1;FSTL3;PIK3R1;ILDR2;DLG5;HMOX1;ZBTB7B;TMEM176A;IRF1;IL10;FN1;GRAMD4;FYN;THBS1;TRIM11;AXL;CDK6;SERPING1;DGKZ;TNFAIP3;MDK;SPSB3;TSPAN6;NLRC3;PLK2;CBLB;SOX9;TLR3;FCGR2B;CLDN18;SOCS5;TGFB3"
"Protein Dephosphorylation","GOBP_PROTEIN_DEPHOSPHORYLATION",0.261275422411644,0.824066392014338,0.799495586380832,0.917916803144448,77,"PTPRZ1;PTPN13;PTPRS;DUSP1;PTPRK;PPM1B;PPM1D;CTDSP2;PPP2R3B"
"Trna Decay","GOBP_TRNA_DECAY",-0.286202749704613,-0.792307197168566,0.800595238095238,0.917998402306913,17,"EXOSC8;EXOSC7;POP1;DICER1;EXOSC2;TRNT1;NSUN2"
"t Cell Mediated Immune Response to Tumor Cell","GOBP_T_CELL_MEDIATED_IMMUNE_RESPONSE_TO_TUMOR_CELL",-0.285718451647358,-0.790966494339073,0.800595238095238,0.917998402306913,17,"HLA-A;PRKAA1"
"Dna Templated Transcription Initiation","GOBP_DNA_TEMPLATED_TRANSCRIPTION_INITIATION",0.24006125453054,0.856455053589035,0.802588996763754,0.919983395177824,223,"ATAD2;FOXO1;L3MBTL3;JUN;PHF2;KDM5A;MYOCD;MED12;EGR1;TAF11;TP53;ARMC5;MED14;POLR3GL;CDK9;PPM1D;OGG1;UBTF;SAMD1;INTS1;BRD7;ERCC2;SPHK2;USP21;CTNNBIP1;SRF;KDM1A;POLR2A;ASH2L;ESR1;NFKBIZ;ARID1B;TAF3;ARID1A;NFKBIA;APOBEC3A;GTF3C3;CCNH;KAT7;SNAPC5;TBP;DRAP1;MED29;TAF8;HEY2;TET1;RRN3P2;GTF2A1"
"Negative Regulation of Erbb Signaling Pathway","GOBP_NEGATIVE_REGULATION_OF_ERBB_SIGNALING_PATHWAY",0.282137659789288,0.787794626629731,0.804081632653061,0.921091549765753,34,"DAB2IP;CBLB;NPPA;EGFR;SOCS5;SPRY4;ZGPAT;MVP;RNF126;CBL"
"Ventral Spinal Cord Development","GOBP_VENTRAL_SPINAL_CORD_DEVELOPMENT",0.297491776909348,0.763196155669281,0.803863298662704,0.921091549765753,22,"LONRF2;LHX4;NFE2L1;PTCH1;AKT1;ZC4H2;DCTN1"
"Dendritic Cell Migration","GOBP_DENDRITIC_CELL_MIGRATION",-0.252119909993035,-0.791175370187061,0.804713804713805,0.921514370026956,29,"CCR2;C1QBP;CALR"
"Dna Catabolic Process","GOBP_DNA_CATABOLIC_PROCESS",-0.261814129484886,-0.792715414723848,0.806060606060606,0.922197603912746,24,"NME1;CASP3"
"Negative Regulation of Jnk Cascade","GOBP_NEGATIVE_REGULATION_OF_JNK_CASCADE",-0.2559729424041,-0.813665339251314,0.805860805860806,0.922197603912746,33,"DUSP10;RGS2;GSTP1;SH3RF2;DUSP3;DNAJA1;AIDA;PTPN22;PDCD4"
"Receptor Mediated Endocytosis","GOBP_RECEPTOR_MEDIATED_ENDOCYTOSIS",0.240031979086846,0.853172207111525,0.806100217864924,0.922197603912746,216,"CLEC4M;SFRP4;PDLIM7;TF;HIP1R;IQSEC2;PICK1;MRC2;NRG1;INSR;TMEM108;SUSD4;STON1;LMBR1L;RAB15;SELE;USP6;MTMR2;LRP3;RAB9B;C3;CBLB;DLG4;APLNR;FCGR2B;ANKRD13B;CNTN2;PROM2;RAMP1;HMMR;NECAB2;DTNBP1;CLU;CEACAM1;GAK"
"Response to Gamma Radiation","GOBP_RESPONSE_TO_GAMMA_RADIATION",-0.240635205666216,-0.827071812096802,0.807692307692308,0.923717320876968,48,"SOD2;PRKAA1;MDM2;ATR;GPX1;TMEM109;ZMPSTE24;SMAD3;CRYAB;PRKDC;XRCC5;XRCC6;RAD51;RPL26;TOP1"
"Cellular Extravasation","GOBP_CELLULAR_EXTRAVASATION",0.261417449552,0.792798030100083,0.809278350515464,0.924434111936665,56,"VCAM1;SELE;PDGFD;MDK;AGER;CD47;EXT1;CX3CR1;SELP;XG"
"Lens Morphogenesis in Camera Type Eye","GOBP_LENS_MORPHOGENESIS_IN_CAMERA_TYPE_EYE",0.314781283466055,0.740601763069554,0.809451219512195,0.924434111936665,15,"SHROOM2;EFNA5;ABI2;PROX1;BCAR3;HIPK2;EPHA2;SKI;PROX2"
"Protein Targeting to Membrane","GOBP_PROTEIN_TARGETING_TO_MEMBRANE",0.252655320952721,0.823232391833217,0.809638554216867,0.924434111936665,94,"RAB3IP;GOLGA7B;ERBB2;ANK3;ZDHHC21;PAK1;MYO1C;GDI1;ZDHHC1;INPP5K;FYN;ZDHHC15;NACAD"
"Rig i Signaling Pathway","GOBP_RIG_I_SIGNALING_PATHWAY",-0.266789273773945,-0.792843698053733,0.809230769230769,0.924434111936665,23,"C1QBP;RNF125;TRIM25;OAS3;BIRC3;NPLOC4;ZC3HAV1;PUM2;CLPB;SEC14L1;RNF135"
"Sarcoplasmic Reticulum Calcium Ion Transport","GOBP_SARCOPLASMIC_RETICULUM_CALCIUM_ION_TRANSPORT",0.285352091760271,0.78408192945262,0.808659217877095,0.924434111936665,31,"CAMK2D;ANK2;GSTM2;CHD7;TMEM38A;CACNA1C"
"Negative Regulation of Lipid Catabolic Process","GOBP_NEGATIVE_REGULATION_OF_LIPID_CATABOLIC_PROCESS",0.301650086062772,0.750348364863214,0.810526315789474,0.925146198830409,19,"PLIN5;ADRA2A;CRTC3"
"Regulation of Response to Endoplasmic Reticulum Stress","GOBP_REGULATION_OF_RESPONSE_TO_ENDOPLASMIC_RETICULUM_STRESS",0.252089669543396,0.807411041451654,0.811414392059553,0.925858180907041,85,"AKT3;PMAIP1;DAB2IP;SVIP;PIK3R1;ATF6B;PPP1R15A;NFE2L1;FCGR2B;BOK;IKBKG;ATXN3;DDIT3;BAG6;NCK2;AKT2;ALOX5;CLU;AKT1;USP19;SIRT1"
"Cellular Response to Biotic Stimulus","GOBP_CELLULAR_RESPONSE_TO_BIOTIC_STIMULUS",0.240482688093374,0.849173626805467,0.8125,0.92619183208591,200,"WNT5A;NOS2;TNFSF4;FZD5;DAB2IP;ARID5A;HMGB2;CXCL6;PLSCR3;HDAC5;ZFP36;VIM;IL10;ASS1;AXL;EDNRB;TP53;TNFAIP3;PAF1;GSK3A;SASH1;MAP2K7;FCGR2B;MUS81;NR1I2;CASP7;DDIT3;IL18;ADAMTS13;NFKBIZ;CX3CR1;AKT1;SLX4;CEBPB;RELA;NFKBIA;EME1"
"Nucleolus Organization","GOBP_NUCLEOLUS_ORGANIZATION",0.30904731904315,0.750644008324344,0.812312312312312,0.92619183208591,17,"PHF2;PHF8"
"Positive Regulation of Dna Damage Response Signal Transduction by P53 Class Mediator","GOBP_POSITIVE_REGULATION_OF_DNA_DAMAGE_RESPONSE_SIGNAL_TRANSDUCTION_BY_P53_CLASS_MEDIATOR",0.313411549359209,0.737379120721519,0.8125,0.92619183208591,15,"PMAIP1;HIC1"
"Endosome Organization","GOBP_ENDOSOME_ORGANIZATION",-0.224861232771586,-0.876139337177949,0.813186813186813,0.926673196679703,91,"PIK3C3;PI4K2B;HOOK3;VTA1;VPS37A;AKTIP;ATP6AP1;SNX3;EEA1;SNX2;TMEM9;LAMTOR1;PLEKHF1;ATP6AP2;ATP6V1H;VPS37D;RAB7A;RNASEK;STAM;RAB11A;CHMP2A;USP8;PLEKHF2"
"Positive t Cell Selection","GOBP_POSITIVE_T_CELL_SELECTION",0.268115594967892,0.783281631669675,0.813738441215324,0.927000247017001,43,"SOCS3;BCL2;JAK1;SRF;BRD2;LOXL3;BRAF;ZFPM1;CD74;NFATC3;STAT6;IL6ST;MTOR;ZAP70;BRD4"
"Maturation of 5 8s Rrna from Tricistronic Rrna Transcript Ssu Rrna 5 8s Rrna Lsu Rrna","GOBP_MATURATION_OF_5_8S_RRNA_FROM_TRICISTRONIC_RRNA_TRANSCRIPT_SSU_RRNA_5_8S_RRNA_LSU_RRNA",0.278805977495398,0.762208056442738,0.814345991561181,0.927024895746583,30,"ERI2"
"Phosphatidylinositol Metabolic Process","GOBP_PHOSPHATIDYLINOSITOL_METABOLIC_PROCESS",0.244478679154188,0.823717736907016,0.814553990610329,0.927024895746583,125,"PLCL1;DDHD1;PDGFB;INPP5A;PIK3CA;PIK3R1;PI4KAP2;PITPNM1;MTMR2;PLCB4;INPP5K;CDS1;UVRAG;INPP5B;PLCB3;INPP1;PDGFA;ITPKC;SBF1"
"Positive Regulation of Protein Localization to Plasma Membrane","GOBP_POSITIVE_REGULATION_OF_PROTEIN_LOCALIZATION_TO_PLASMA_MEMBRANE",0.263986463157565,0.795950601257159,0.814285714285714,0.927024895746583,53,"SORBS1;CLIP3;PIK3R1;ITGA3;WNK3"
"Negative Regulation of Regulated Secretory Pathway","GOBP_NEGATIVE_REGULATION_OF_REGULATED_SECRETORY_PATHWAY",-0.263534041828412,-0.767720230623702,0.815950920245399,0.928313112575392,21,"CCR2;RAP1A"
"Anterograde Axonal Transport","GOBP_ANTEROGRADE_AXONAL_TRANSPORT",-0.249618686442272,-0.79947971352803,0.816479400749064,0.928612772994795,34,"KIF21A;AP3M2;AGTPBP1;ARL8B;KIF1B;AP3S1;MAP2;SOD1;AP3S2;BLOC1S1;KIF3B;BLOC1S2;KIF5B"
"Regulation of Establishment of Protein Localization to Mitochondrion","GOBP_REGULATION_OF_ESTABLISHMENT_OF_PROTEIN_LOCALIZATION_TO_MITOCHONDRION",0.265472181004923,0.781482952864466,0.817105263157895,0.928870409886095,45,"FZD5;HUWE1;ATG13;MICALL2;RNF31;GSK3A"
"Synaptic Vesicle Maturation","GOBP_SYNAPTIC_VESICLE_MATURATION",0.295300344152854,0.757574174878621,0.817236255572065,0.928870409886095,22,"RAB3A;ZDHHC15;DLG4"
"Membrane Protein Proteolysis","GOBP_MEMBRANE_PROTEIN_PROTEOLYSIS",0.260231326905273,0.782166310640827,0.81948051948052,0.931119124145397,52,"ADRA2A;SH3D19;MBTPS1;IL10;PRKCQ;SPPL2B;RBMX;SPPL3;TSPAN17;DAG1;TIMP3"
"Regulation of Signal Transduction by P53 Class Mediator","GOBP_REGULATION_OF_SIGNAL_TRANSDUCTION_BY_P53_CLASS_MEDIATOR",0.246115245750925,0.814213999200296,0.820422535211268,0.931887205202682,99,"SOX4;PMAIP1;ING2;BCL2;CHEK1;PPP1R15A;SGK1;SNAI2;NUAK1;PLK3;CDK5RAP3;HIC1;DVL2"
"Regulation of Cell Fate Commitment","GOBP_REGULATION_OF_CELL_FATE_COMMITMENT",0.282155978833228,0.775299746097576,0.82122905027933,0.932500928080548,31,"HES1;FGFR1;BRD2;CHD3;GATAD2B;LOXL3;MTA2"
"Phospholipid Dephosphorylation","GOBP_PHOSPHOLIPID_DEPHOSPHORYLATION",0.293843858349029,0.76590030243125,0.822222222222222,0.933326132354,25,"INPP5A;MTMR2;INPP5K;INPP5B;EPHX2"
"Granulocyte Migration","GOBP_GRANULOCYTE_MIGRATION",-0.220115625581692,-0.868159900719861,0.822784810126582,0.933662193026698,101,"TNFAIP6;PPIA;CXADR;C1QBP;CAMK1D;PPIB;MAPK1;SLIT2;CD99L2;RARRES2;MPP1;BST1;JAGN1;MOSPD2;CCL26;CXCL5;BSG;ANXA1;RAC3;DNM1L;PTGER4;CCL2;DPP4;RAC1;CXCL3;CCR7;IL1B;CCL22;PIKFYVE;SRP54;CD177;IL1R1;S100A8;TREM1;CSF3R;GBF1;S100A9;PDE4B;ADAM8;CXCR1;TIRAP"
"Positive Regulation of Post Translational Protein Modification","GOBP_POSITIVE_REGULATION_OF_POST_TRANSLATIONAL_PROTEIN_MODIFICATION",-0.218839912758625,-0.875429882974943,0.82312925170068,0.933750572767967,109,"HSPA5;PELI1;ANGPT1;RBX1;FBXW7;NPM1;NHLRC1;NMI;TBC1D7;AIMP2;BMI1;PDCD6;ARRDC4;GSK3B;DCUN1D4;SENP2;FBXO4;UBQLN1;CDC14B;UBE2V2;PTPN22;UBE2V1;TRIB3;HSPBP1;IP6K2;DNAJA3;NOD2;UBE2L3;RPS2;TANK;VCP;XIAP;BIRC3;COMMD1;PSMD10;LAPTM5;GNL3;MYCBP2;CRY1;RASSF5"
"Amyloid Precursor Protein Metabolic Process","GOBP_AMYLOID_PRECURSOR_PROTEIN_METABOLIC_PROCESS",0.259211661990769,0.807734497262672,0.823529411764706,0.93390208138937,68,"IGF1;PAWR;TMCC2;RTN2;NTRK2;GSK3A;AGER;AATF;NECAB1;CHRNA7;NECAB2;CLU;NECAB3;RELA;EFNA1;ROCK2"
"Heart Trabecula Morphogenesis","GOBP_HEART_TRABECULA_MORPHOGENESIS",0.295953282526698,0.764755306541665,0.824404761904762,0.934566667102243,24,"TGFB2;NRG1;UBE4B;SRF;CHD7"
"Inositol Phosphate Metabolic Process","GOBP_INOSITOL_PHOSPHATE_METABOLIC_PROCESS",-0.2467429830415,-0.774302080919797,0.824915824915825,0.934566667102243,29,"MINPP1;PPIP5K2;IPMK;IPPK;NUDT3;LHCGR;SCP2;IP6K2;ITPKA;PLCG2;PLEK"
"Positive Regulation of Erythrocyte Differentiation","GOBP_POSITIVE_REGULATION_OF_ERYTHROCYTE_DIFFERENTIATION",-0.246935813585637,-0.774907200829388,0.824915824915825,0.934566667102243,29,"ETS1;STAT3;PRKDC;FOXO3;STAT5B;ACVR2A;PRMT1;STAT1;INPP5D"
"Positive Regulation of Fatty Acid Metabolic Process","GOBP_POSITIVE_REGULATION_OF_FATTY_ACID_METABOLIC_PROCESS",0.282127960590253,0.757948864333119,0.825214899713467,0.934603231068954,28,"IRS1;PLIN5;AVPR1A;CPT1A;AKT2;PTGS2;NR1H2;GHSR;KAT2B;IRS2;MID1IP1;CD74;PPARD;KLHL25"
"Nuclear Transport","GOBP_NUCLEAR_TRANSPORT",0.236724394592396,0.855454365098022,0.825765575501584,0.934690748907227,294,"PRICKLE1;EGR2;JUP;NR4A1;CAMK1;FCHSD1;SMO;CITED1;ING1;IER3;PIK3R1;CHP2;MBTPS1;EFCAB7;EIF4ENIF1;CDK1;BACH2;SUFU;CDH1;PKIA;FRAT2;CCHCR1;NXT1;CASC3;CBLB;TMCO6;NUP210;AXIN1;NUP93;AKAP8L;RANGAP1;NUP214;GAS6;LMNA;STRADA;MAVS;FLNA;FAM53C;TRIM28;ASF1B;RBM15B;BARD1;FRAT1;AKT1;THOC6;RBM10;FAM76B;PKD1;IPO13;NFKBIA;RPAIN"
"Regulation of b Cell Apoptotic Process","GOBP_REGULATION_OF_B_CELL_APOPTOTIC_PROCESS",0.301958796177593,0.733426718643996,0.825825825825826,0.934690748907227,17,"FOXP1;IL10"
"Virion Assembly","GOBP_VIRION_ASSEMBLY",-0.251267650369399,-0.798927143358705,0.826241134751773,0.934858751626441,32,"SPCS1;APOE;VPS37A;RAB1A"
"Antigen Receptor Mediated Signaling Pathway","GOBP_ANTIGEN_RECEPTOR_MEDIATED_SIGNALING_PATHWAY",0.242399356020798,0.841434838887007,0.827313769751693,0.935735140679615,168,"CACNB3;BTNL9;EIF2B2;PAWR;PIK3CA;FOXP1;BCL2;RFTN1;FYN;FOSL2;DGKZ;PRKD2;RNF31;CBLB;FCGR2B;IKBKG;PLEKHA1;DENND1B;SPPL3;LPXN;NFKBIZ;CMTM3;ERMAP;CEACAM1;CD22;NFKBIA;LAG3;PLCG1;HLA-DRB1;RBCK1;BTN2A1"
"Regulation of Apoptotic Signaling Pathway","GOBP_REGULATION_OF_APOPTOTIC_SIGNALING_PATHWAY",0.237744723011944,0.863024325495214,0.827549947423764,0.935735140679615,315,"WNT5A;TNFSF11;IGF1;TGFB2;PMAIP1;NRP1;NRG1;SKIL;MAPK8IP2;DAB2IP;ATF3;IER3;RTKN2;NONO;BRCA1;HMGB2;ING2;SRPX;ARHGEF2;HMOX1;BCL2;IL10;FGFR1;TRAF2;TNFSF12;FYN;THBS1;SNAI2;KLF4;TP53;NR4A2;TNFAIP3;PHIP;IVNS1ABP;INHBB;FCGR2B;BOK;TCF7L2;AATF;IKBKG;LMNA"
"Regulation of Monocyte Chemotaxis","GOBP_REGULATION_OF_MONOCYTE_CHEMOTAXIS",-0.262489807477561,-0.764678195404651,0.828220858895706,0.936191567832093,21,"CCR2;SLIT2;LYN;MOSPD2;CCR1"
"Astrocyte Activation","GOBP_ASTROCYTE_ACTIVATION",0.297691093265485,0.740500451969427,0.830075187969925,0.936329460660925,19,"SMO;AGER"
"g Protein Coupled Dopamine Receptor Signaling Pathway","GOBP_G_PROTEIN_COUPLED_DOPAMINE_RECEPTOR_SIGNALING_PATHWAY",-0.262894987989565,-0.772655501232364,0.829787234042553,0.936329460660925,22,"GNG2;PRMT5;GABRB3"
"Intraciliary Transport","GOBP_INTRACILIARY_TRANSPORT",0.269622168508842,0.778647744872917,0.830213903743315,0.936329460660925,41,"RPGR;LCA5;TUB"
"Mrna Cis Splicing via Spliceosome","GOBP_MRNA_CIS_SPLICING_VIA_SPLICEOSOME",0.278262056857486,0.753636729552577,0.829787234042553,0.936329460660925,29,"PRPF40B;SFSWAP;PSIP1;SF1;SART1;SF3A1;DDX23;C9orf78;DCPS;SLU7"
"Neuromuscular Process Controlling Balance","GOBP_NEUROMUSCULAR_PROCESS_CONTROLLING_BALANCE",0.280263014906289,0.772323420237761,0.829166666666667,0.936329460660925,32,"NR4A3;CAMTA1;DLG4;SLC1A3"
"Neutrophil Homeostasis","GOBP_NEUTROPHIL_HOMEOSTASIS",0.302934960953587,0.74425294049836,0.829085457271364,0.936329460660925,18,"MERTK;AXL;TSPAN9"
"Regulation of Heterotypic Cell Cell Adhesion","GOBP_REGULATION_OF_HETEROTYPIC_CELL_CELL_ADHESION",-0.274437756110525,-0.767386131051334,0.829850746268657,0.936329460660925,18,"APOA1;FGG"
"Non Motile Cilium Assembly","GOBP_NON_MOTILE_CILIUM_ASSEMBLY",0.255979654781013,0.768288182063395,0.831824062095731,0.937248924704698,51,"VANGL2;KCNQ1;TTC8;POC1A;ARL13B;DCTN1;IFT140;CC2D2A;BBS1;TTBK2;DISC1;BBS2;WRAP73;MAP4;IFT88;PIBF1;CEP350;FUZ;IFT80;IFT172"
"Positive Regulation of Translational Initiation","GOBP_POSITIVE_REGULATION_OF_TRANSLATIONAL_INITIATION",-0.246134301234101,-0.772391981656678,0.831649831649832,0.937248924704698,29,"EIF2AK4;POLR2G;HBS1L;HABP4"
"Retrograde Axonal Transport","GOBP_RETROGRADE_AXONAL_TRANSPORT",0.295818972327378,0.718513720855826,0.831831831831832,0.937248924704698,17,"TMEM108;KIF1A"
"Negative Regulation of Viral Genome Replication","GOBP_NEGATIVE_REGULATION_OF_VIRAL_GENOME_REPLICATION",-0.238885156158036,-0.792325442401505,0.833333333333333,0.938009979744084,42,"APOBEC3G;SRPK2;IFIH1;APOBEC3C;IFITM1;BST2;N4BP1;OAS3;SRPK1"
"Pinocytosis","GOBP_PINOCYTOSIS",-0.261179249617002,-0.747570030140561,0.833827893175074,0.938009979744084,19,"PPT1;EHD4;NR1H3;CDC42;CLN3;APPL1"
"Positive Regulation of Autophagosome Assembly","GOBP_POSITIVE_REGULATION_OF_AUTOPHAGOSOME_ASSEMBLY",-0.263727135915128,-0.761192206213799,0.833846153846154,0.938009979744084,20,"RALB;RAB3GAP1;SNX7;USP33"
"Response to Prostaglandin e","GOBP_RESPONSE_TO_PROSTAGLANDIN_E",0.28869448739886,0.740627271229963,0.833580980683507,0.938009979744084,22,"TNFSF4;IGFBP7;PTGER2;PPP1R9B;AKT1;ADCY6;SCN11A;SFRP1"
"t Cell Mediated Immunity","GOBP_T_CELL_MEDIATED_IMMUNITY",0.247291876217587,0.818656190051554,0.833134684147795,0.938009979744084,104,"TNFSF4;PRKCZ;GNL1;FZD5;AZGP1;ARID5A;RFTN1;JAG1;TRAF2;CADM1"
"Cell Surface Toll Like Receptor Signaling Pathway","GOBP_CELL_SURFACE_TOLL_LIKE_RECEPTOR_SIGNALING_PATHWAY",-0.235511525104035,-0.843817589971862,0.834862385321101,0.938565229005741,61,"IRAK1;PELI1;IRAK2;NMI;TMEM126A;LYN;TNIP2;MAP3K7;PJA2;NR1H3;PTPN22;RAB11FIP2;WDFY1"
"Peptide Catabolic Process","GOBP_PEPTIDE_CATABOLIC_PROCESS",-0.281251770560585,-0.757509359561268,0.835260115606936,0.938565229005741,15,"LTA4H;IDE;ERAP1"
"Positive Regulation of Myeloid Cell Differentiation","GOBP_POSITIVE_REGULATION_OF_MYELOID_CELL_DIFFERENTIATION",0.249981206546823,0.796327426681728,0.835411471321696,0.938565229005741,81,"TNFSF11;FOS;CD101;HMGB2;JAG1;KLF10;BRD1;CTNNBIP1;CSF1"
"Regulation of Steroid Hormone Biosynthetic Process","GOBP_REGULATION_OF_STEROID_HORMONE_BIOSYNTHETIC_PROCESS",-0.282181022635458,-0.767760276301835,0.835294117647059,0.938565229005741,16,"NR3C1;LHCGR;BMP2;POR;CLCN2"
"Heterotypic Cell Cell Adhesion","GOBP_HETEROTYPIC_CELL_CELL_ADHESION",0.256174840337613,0.769973900255333,0.836363636363636,0.939031095520149,52,"JUP;DSP;VCAM1;IL10;KLF4;AGER;CD47"
"Positive Regulation of Calcium Ion Transmembrane Transport","GOBP_POSITIVE_REGULATION_OF_CALCIUM_ION_TRANSMEMBRANE_TRANSPORT",-0.247681910936787,-0.787525975888425,0.836879432624113,0.939031095520149,32,"TRPC3;AKAP5;ASPH;PPP3R1;PPP3CA;P2RX4;P2RX1;MS4A1"
"Positive Regulation of Proteasomal Protein Catabolic Process","GOBP_POSITIVE_REGULATION_OF_PROTEASOMAL_PROTEIN_CATABOLIC_PROCESS",0.2475437423484,0.808496354286686,0.836538461538462,0.939031095520149,95,"PRICKLE1;TF;DAB2IP;PLK1;DDA1;CDC20;CSNK1E;GSK3A;AXIN1;PLK3;SOCS5;OSBPL7;ATXN3;PAQR3;BAG6;FZR1;CLU;AXIN2;AKT1;RNF180;SIRT1"
"Response to Fungus","GOBP_RESPONSE_TO_FUNGUS",0.267338935456797,0.772053946310928,0.836898395721925,0.939031095520149,41,"PLA2G5;ANG;LEAP2"
"Cellular Response to Gamma Radiation","GOBP_CELLULAR_RESPONSE_TO_GAMMA_RADIATION",-0.254064153046965,-0.783746655679714,0.838607594936709,0.93990340701498,26,"MDM2;ATR;TMEM109;ZMPSTE24;CRYAB;XRCC5;XRCC6;RAD51;RPL26"
"Negative Regulation of Phosphatidylinositol 3 Kinase Protein Kinase b Signal Transduction","GOBP_NEGATIVE_REGULATION_OF_PHOSPHATIDYLINOSITOL_3_KINASE_PROTEIN_KINASE_B_SIGNAL_TRANSDUCTION",0.258631698400334,0.77169008077189,0.838541666666667,0.93990340701498,49,"DAB2IP;SFRP5;INPP5K;KLF4;NLRC3;PLK3;PLEKHA1;DDIT3;SMPD3;DAG1;WDR91;SIRT1;TSC2"
"Negative Regulation of Proteasomal Protein Catabolic Process","GOBP_NEGATIVE_REGULATION_OF_PROTEASOMAL_PROTEIN_CATABOLIC_PROCESS",-0.234468226188024,-0.810704216751946,0.839285714285714,0.93990340701498,50,"MTM1;PARK7;UCHL5;ALAD;HSP90AB1;RYBP;USP14;GABARAPL2;SGTA;USP7;USP38;BAG5;N4BP1;RPL11"
"Negative Regulation of Telomere Maintenance via Telomerase","GOBP_NEGATIVE_REGULATION_OF_TELOMERE_MAINTENANCE_VIA_TELOMERASE",-0.272337359491698,-0.761512976942227,0.838805970149254,0.93990340701498,18,"PINX1;PARP3;POT1"
"Regulation of Bicellular Tight Junction Assembly","GOBP_REGULATION_OF_BICELLULAR_TIGHT_JUNCTION_ASSEMBLY",0.283977754382468,0.717972880363408,0.838995568685377,0.93990340701498,20,"FZD5;MYO1C;SNAI2"
"Regulation of Protein Depolymerization","GOBP_REGULATION_OF_PROTEIN_DEPOLYMERIZATION",0.25556832920435,0.79823644160492,0.839285714285714,0.93990340701498,72,"SEMA5A;PLEKHH2;EPS8;PIK3CA;ARHGEF2;TMOD2;SPTBN2;TMOD1;APC2"
"Photoreceptor Cell Development","GOBP_PHOTORECEPTOR_CELL_DEVELOPMENT",0.2715949467246,0.76414775785372,0.83989145183175,0.940281161958013,35,"RPGR;PRDM1;NTRK2;ROM1;TOPORS;NR2E3;IFT140;PRPH2;RORB;CABP4;BBS1"
"Membrane Lipid Biosynthetic Process","GOBP_MEMBRANE_LIPID_BIOSYNTHETIC_PROCESS",-0.218004372642692,-0.883643935953005,0.841059602649007,0.941009693173215,115,"ELOVL6;PPM1L;SPTLC2;ST3GAL6;PRKAA1;SPTSSA;PGAP2;AGK;ELOVL5;PIGU;OSBP;MECR;SGMS2;ACER2;DPM3;PIGA;B3GNT5;KDSR;SGMS1;SPTLC1;PIGP;ASAH1;SCCPDH"
"Piecemeal Microautophagy of the Nucleus","GOBP_PIECEMEAL_MICROAUTOPHAGY_OF_THE_NUCLEUS",0.297308852135564,0.730430673110678,0.841079460269865,0.941009693173215,18,"ULK2;ATG13;ULK1;ATG4D"
"Tor Signaling","GOBP_TOR_SIGNALING",0.240843592647849,0.825814567167784,0.841561423650976,0.941248297269913,153,"AKT3;PIM1;DDIT4;STAMBPL1;RPS6KA6;PIK3CA;F3;RPS6KA5;GPR137C;DGKQ;DEPDC5;FAM83D;GSK3A;UBR1;GPR155;GAS6;ATXN3;LIN28A;CTNS;WDR24;CLEC16A;GPR137;AKT1;NLK;SESN3;RPS6KA4;MAT2A;SIRT1;TSC2;TMEM127;PRR5;SH3BP4;ARAF;RFFL;SZT2;PRKAA2;TNFAIP8L1;PRKACA;TSC1;CARD11;DISC1"
"Thymus Development","GOBP_THYMUS_DEVELOPMENT",0.269522352800975,0.770084318036248,0.841891891891892,0.941317362686657,39,"HES1;HAND2;MYB;BCL2;ASXL1;SRF;MAD1L1;RAG1;BRAF;BCL2L11;CTC1;MAPK3;CCNB2;ABL1;PBX1"
"Cell Adhesion Mediated by Integrin","GOBP_CELL_ADHESION_MEDIATED_BY_INTEGRIN",0.255409470010822,0.792351506065019,0.842783505154639,0.941414871453534,66,"NPNT;TGFB2;ITGB5;VCAM1;SNAI2"
"Nucleoside Monophosphate Catabolic Process","GOBP_NUCLEOSIDE_MONOPHOSPHATE_CATABOLIC_PROCESS",0.298677155824213,0.702712771726359,0.842987804878049,0.941414871453534,15,"NT5C1A"
"Protein Localization to Nucleus","GOBP_PROTEIN_LOCALIZATION_TO_NUCLEUS",0.236099386036322,0.852281678554325,0.84305408271474,0.941414871453534,288,"PRICKLE1;JUP;ZBTB16;NR4A1;TGFB2;SMO;ING1;PLK1;PIK3R1;CHP2;MBTPS1;EFCAB7;EIF4ENIF1;CDK1;TRIM8;SUFU;CDH1;FYN;PKIA;TESK1;PAF1;TOPORS;CBLB;TMCO6;NUP93;SOX9;CDK5RAP3;RANGAP1;CLDN18;TCF7L2;TMEM98;NUP214;LMNA;JAK1;MAVS;FERMT2;CIZ1;FLNA;FAM53C;TRIM28;ASF1B;SUN1;BARD1;TOR1AIP1;AKT1;PYGO1;TAF3;MEPCE;FAM76B;IPO13;NFKBIA;RPAIN;TSC2;BCL3;PTTG1IP;KAT7;PRKD1"
"Response to Starvation","GOBP_RESPONSE_TO_STARVATION",0.237779275403598,0.832214293461966,0.842458100558659,0.941414871453534,186,"FOXO1;PAK3;FOS;MAP1LC3A;PMAIP1;PICK1;BCAS3;ATF3;SLC39A4;MAP3K5;ZFP36;BCL2;PAK1;ULK2;FOXO3B;DEPDC5;KLF10;TP53;WDR45;BMPR2;AMBRA1;PPM1D;INHBB;LRP11;GPR155;ULK1;GAS6;ATXN3;EHMT2;WDR24;DDIT3"
"Protein Localization to Cilium","GOBP_PROTEIN_LOCALIZATION_TO_CILIUM",0.254439586662912,0.794710952227693,0.844387755102041,0.942029076144476,72,"RPGR;GAS8;TUB;EFCAB7;ZNF423;FSIP2;ROM1;TTC21A;TULP3;CROCC;DZIP1;INVS;ARL13B;DZIP1L;IFT140;CC2D2A;BBS1"
"Regulation of Cellular Extravasation","GOBP_REGULATION_OF_CELLULAR_EXTRAVASATION",0.272724081224253,0.745581187901542,0.843881856540084,0.942029076144476,30,"SELE;PDGFD;MDK;AGER;CD47;SELP;XG"
"Response to Uv b","GOBP_RESPONSE_TO_UV_B",0.296533565281512,0.708714852936921,0.84441087613293,0.942029076144476,16,"BCL2;CRIP1;RELA;XPC"
"Dosage Compensation by Inactivation of x Chromosome","GOBP_DOSAGE_COMPENSATION_BY_INACTIVATION_OF_X_CHROMOSOME",0.282749956281674,0.714868673342514,0.846381093057607,0.943626024500572,20,"BRCA1;CIZ1;RBM15B"
"Microtubule Anchoring","GOBP_MICROTUBULE_ANCHORING",0.281202813694919,0.717623746219438,0.846153846153846,0.943626024500572,21,"NINL;CCDC68;CLASP1;DAG1;DCTN1;BICD1;MAP1S;KIF3A;CLASP2;CEP350;CCDC120;PEX14"
"Innate Immune Response Activating Cell Surface Receptor Signaling Pathway","GOBP_INNATE_IMMUNE_RESPONSE_ACTIVATING_CELL_SURFACE_RECEPTOR_SIGNALING_PATHWAY",0.248997227858923,0.787647634173595,0.847607052896725,0.943770385711786,78,"PAK3;C1QTNF4;DAB2IP;PIK3R1;PAK1;IFI35;FYN;TNFAIP3"
"Myeloid Cell Differentiation","GOBP_MYELOID_CELL_DIFFERENTIATION",0.235163804218504,0.860449677899447,0.848232848232848,0.943770385711786,362,"FSHR;NDP;TNFSF11;ZBTB16;LRRC17;TF;MFAP2;FOS;L3MBTL3;CD101;JUN;JUNB;CDKN1C;KCNQ1;MYB;LDB1;FARP2;GAB2;HMGB2;FSTL3;PIK3R1;FOXP1;ZFP36;JAG1;GP1BA;KLF10;CDK6;FOSL2;NFE2L1;PAF1;RARG;TPM4;TLR3;DIAPH3;CDK5RAP3;CLDN18;IRF7;C1QC;ERCC2;BRD1;CTNNBIP1;FLNA;L3MBTL1;SRF;CSF1;YPEL4"
"Negative Regulation of Lymphocyte Apoptotic Process","GOBP_NEGATIVE_REGULATION_OF_LYMPHOCYTE_APOPTOTIC_PROCESS",0.284726153845868,0.749191943289549,0.848396501457726,0.943770385711786,26,"ARG2;FOXP1;PRKCQ"
"Positive Regulation of Transcription by Rna Polymerase i","GOBP_POSITIVE_REGULATION_OF_TRANSCRIPTION_BY_RNA_POLYMERASE_I",-0.247026662594533,-0.785442557328581,0.847517730496454,0.943770385711786,32,"WDR43;EIF2AK3;NOL11;CARM1;BAZ1B;IPPK"
"Regulation of Antigen Receptor Mediated Signaling Pathway","GOBP_REGULATION_OF_ANTIGEN_RECEPTOR_MEDIATED_SIGNALING_PATHWAY",0.25238400073371,0.779902257385075,0.848249027237354,0.943770385711786,65,"PAWR;FOXP1;FYN;DGKZ;PRKD2;CBLB;FCGR2B;IKBKG;LPXN;CMTM3;CEACAM1;CD22;LAG3"
"Sphingolipid Mediated Signaling Pathway","GOBP_SPHINGOLIPID_MEDIATED_SIGNALING_PATHWAY",0.295499098547231,0.695235596474537,0.847560975609756,0.943770385711786,15,"S1PR3;SPHK2;SMPD3;AKT1;S1PR5"
"Transcription Elongation by Rna Polymerase Ii","GOBP_TRANSCRIPTION_ELONGATION_BY_RNA_POLYMERASE_II",-0.208099765352071,-0.86105258419422,0.847133757961783,0.943770385711786,122,"WDR43;MAP2K1;MED6;INTS10;POLR2G;MED11;POLR2H;POLR2D;MED28;CTNNB1;CTR9;NCBP2;TCEA1;POLR2L;INTS2;POLR2I;POLR2B;POLR2F;CDC73;POLR2K;RNF8;PPP2CA;MED31"
"Nucleotide Transport","GOBP_NUCLEOTIDE_TRANSPORT",0.266157925686761,0.754015517634041,0.850136239782016,0.944887987445928,38,"CALHM2;SLC25A25;LRRC8C"
"Positive Regulation of Leukocyte Chemotaxis","GOBP_POSITIVE_REGULATION_OF_LEUKOCYTE_CHEMOTAXIS",0.25215562110051,0.78742239336902,0.849872773536896,0.944887987445928,70,"WNT5A;PGF;CMKLR1;THBS1;MDK;GAS6;CSF1;CX3CR1;AKIRIN1;LGALS9;C3AR1"
"Regulation of Long Term Synaptic Potentiation","GOBP_REGULATION_OF_LONG_TERM_SYNAPTIC_POTENTIATION",0.2732433735072,0.75717163661991,0.850480109739369,0.944887987445928,33,"IGSF11;ADCY1;PDE9A;AGER;PRKAR1B;C22orf39;CHRNA7"
"Snrna Metabolic Process","GOBP_SNRNA_METABOLIC_PROCESS",-0.233114132604377,-0.808304903441095,0.85042735042735,0.944887987445928,49,"DKC1;EXOSC8;NHP2;INTS10;EXOSC7;CDK7;NOP10;INTS2;POLR3B;PPP2CA;FTO;SNAPC3"
"Iron Ion Transmembrane Transport","GOBP_IRON_ION_TRANSMEMBRANE_TRANSPORT",0.293212857858488,0.700778366317873,0.851963746223565,0.945998150342692,16,"SLC40A1;HEPH"
"Regulation of Post Translational Protein Modification","GOBP_REGULATION_OF_POST_TRANSLATIONAL_PROTEIN_MODIFICATION",-0.202204739087595,-0.882474248305152,0.852272727272727,0.945998150342692,205,"PPIA;HSPA5;PINX1;COPS6;PELI1;PARK7;ANGPT1;RBX1;FBXW7;EPM2A;NPM1;NHLRC1;PPIB;HSP90AB1;ARRB1;NMI;CTNNB1;COPS5;TBC1D7;AIMP2;GTPBP4;SH3RF2;DNAJA1;BMI1;RPS3;PDCD6;ARRDC4;GSK3B;DCUN1D4;PLAA;SENP2;FBXO4;BAG2;UBQLN1;CDC14B;UBE2V2;HSP90AA1;PTPN22;UBE2V1;TRIB3;HSPBP1;IP6K2;HMG20A;USP4;DNAJA3;NOD2;UBE2L3;RPS2;TANK;BAG5;N4BP1;VCP;XIAP;BIRC3;COPS2;COMMD1;COPS3;PSMD10;LAPTM5;GNL3"
"Telomere Capping","GOBP_TELOMERE_CAPPING",0.284509140611632,0.731918987018117,0.852289512555391,0.945998150342692,23,"ACD;XRCC1;DCLRE1B;SMG6;TNKS;CTC1;TERF2IP;TINF2"
"Negative Regulation of t Cell Apoptotic Process","GOBP_NEGATIVE_REGULATION_OF_T_CELL_APOPTOTIC_PROCESS",0.292553827151063,0.69920328374518,0.853474320241692,0.946713281762713,16,"ARG2;PRKCQ;EFNA1;RAG1"
"Regulation of Response to Cytokine Stimulus","GOBP_REGULATION_OF_RESPONSE_TO_CYTOKINE_STIMULUS",-0.204702474712992,-0.866691926226341,0.853448275862069,0.946713281762713,161,"IRAK1;NR1H4;APOA1;NOL3;ANGPT1;IL1RAP;PTPN11;RBM47;ROBO1;TNFRSF11B;IRAK2;TTLL12;IFIH1;SH2B3;FADD;IRAK3;CARD16;SLIT2;CPNE1;NKIRAS1;GSTP1"
"Pentose Phosphate Shunt","GOBP_PENTOSE_PHOSPHATE_SHUNT",-0.262534529852373,-0.726785461432442,0.854166666666667,0.946881592827004,17,"TKT;PGD;RPE;RPIA;TALDO1"
"Regulation of Protein Sumoylation","GOBP_REGULATION_OF_PROTEIN_SUMOYLATION",0.287975499737623,0.716333113539462,0.854135338345865,0.946881592827004,19,"EGR1;CAPN3;RWDD3;RELA;HMG20B;PIAS1"
"Motile Cilium Assembly","GOBP_MOTILE_CILIUM_ASSEMBLY",0.258380990852275,0.75821182071307,0.855832241153342,0.948127875003212,44,"KLC3;CCDC159;FSIP2;CEP70;DZIP1;DNAH1;MNS1;MYCBPAP;CC2D2A;CEP128;RSPH9;BBS2;SPATA6"
"Regulation of Proteasomal Ubiquitin Dependent Protein Catabolic Process","GOBP_REGULATION_OF_PROTEASOMAL_UBIQUITIN_DEPENDENT_PROTEIN_CATABOLIC_PROCESS",0.240935093604175,0.803050591827564,0.855791962174941,0.948127875003212,113,"PRICKLE1;CBX4;TF;STK33;PLK1;CDK2;DDA1;CDC20;CSNK1E;GSK3A;AXIN1;PLK3;SOCS5;PAQR3;BAG6;FBXO32;FZR1;CLU;AXIN2;AKT1;RNF180;SIRT1;TRIM39"
"Leukocyte Mediated Immunity","GOBP_LEUKOCYTE_MEDIATED_IMMUNITY",0.233022528284032,0.843973431786062,0.856691253951528,0.948243336235444,303,"C7;NOS2;NR4A3;TNFSF4;PRKCZ;GNL1;FZD5;C5;ACE;AZGP1;SUSD4;ARID5A;GAB2;CXCL6;PIK3R1;RFTN1;JAG1;IL10;TRAF2;CADM1;C3;MSH6;ADORA3;AGER;MAD2L2;TLR3;EXO1;FCGR2B;IRF7;DNASE1;C1QC;SPHK2;MAVS;DENND1B;IL18;C6;C1R;MASP2;NFKBIZ;CLU;CX3CR1;IL20RB;CEACAM1;LGALS9"
"Peptide Metabolic Process","GOBP_PEPTIDE_METABOLIC_PROCESS",-0.237684021253449,-0.788916230774619,0.857142857142857,0.948243336235444,43,"LTA4H;SLC1A2;ABCB9;GCLM;IDE;PAM;ERAP1;CPD"
"Positive Regulation of Chromosome Organization","GOBP_POSITIVE_REGULATION_OF_CHROMOSOME_ORGANIZATION",0.243007324516326,0.79179611274445,0.857831325301205,0.948243336235444,94,"BUB1;NCAPG;NUMA1;CDK2;CDK1;PRKCQ;KLF4;SKA3;MAP2K7;ATRX;NCAPH;NCAPD2;INO80E;ACD;NAF1;NCAPH2;MAD1L1;NCAPD3;SLX4;NEK2;ACTR8;TAL1;DDX11;NCAPG2;TNKS;TPR;RAD21;WRAP53;TERF2IP;MAPK3;MAP3K4;NEK7;TINF2;PPP1R10;NFRKB;KAT5;SMC4;INO80B;TFPT"
"Positive Regulation of Leukocyte Mediated Immunity","GOBP_POSITIVE_REGULATION_OF_LEUKOCYTE_MEDIATED_IMMUNITY",0.240362076172709,0.802863259152278,0.857309941520468,0.948243336235444,112,"NOS2;TNFSF4;PRKCZ;FZD5;AZGP1;ARID5A;TRAF2;CADM1;C3;MAD2L2;MAVS;DENND1B;IL18"
"Regulation of Isotype Switching","GOBP_REGULATION_OF_ISOTYPE_SWITCHING",0.277715905584616,0.739283790606098,0.856527977044476,0.948243336235444,27,"TNFSF4;IL10;MAD2L2"
"Regulation of Response to Biotic Stimulus","GOBP_REGULATION_OF_RESPONSE_TO_BIOTIC_STIMULUS",0.23547546842326,0.8713998180812,0.857727737973388,0.948243336235444,476,"DAPK1;WNT5A;PLA2G5;CASR;PIM1;PAK3;SYT11;PTPRS;C1QTNF4;KCNJ8;SAMHD1;DTX4;DAB2IP;SUSD4;ARG2;CFH;NONO;HMGB2;CXCL6;PIK3R1;FOXP1;RFTN1;PAK1;IRF1;IFI35;GDI1;ZDHHC1;GRAMD4;KCNK6;TRAF2;PPM1B;CADM1;FYN;TRIM11;ZCCHC3;CPT1A;PLSCR2;REG3G;C3;TRIM6;SERPING1;TNFAIP3;RNF31;SPSB3;TSPAN6;NLRC3"
"Type Ii Interferon Mediated Signaling Pathway","GOBP_TYPE_II_INTERFERON_MEDIATED_SIGNALING_PATHWAY",0.283270291547662,0.738340434219456,0.857777777777778,0.948243336235444,25,"IRF1;TP53;JAK1;HPX;NR1H2"
"Positive Regulation of Autophagy","GOBP_POSITIVE_REGULATION_OF_AUTOPHAGY",0.236043414047475,0.808944089460771,0.858115777525539,0.948258539013238,144,"DAPK1;FOXO1;RPGR;SVIP;HMOX1;HUWE1;HPSE;TRIM8;DEPDC5;ATG13;WDR45;AMBRA1;RNF31;UVRAG;PLK2;GSK3A;PLK3;CDK5RAP3;ULK1;IKBKG"
"Regulation of Cellular Localization","GOBP_REGULATION_OF_CELLULAR_LOCALIZATION",0.233252155920066,0.861451017097264,0.860798362333674,0.9506522926119,430,"ATP9A;JUP;CAMK2D;LRP5;GPC4;CAMK1;IQSEC2;ADRA2A;SORBS1;ERBB2;SMO;TMEM108;ANK3;CLIP3;KIF2C;NUMA1;IER3;PIK3CA;SVIP;PIK3R1;ITGA3;MEST;CHP2;BCL2;PAK1;ARHGAP44;WNK3;MYO1C;FEZ1;EFCAB7;GDI1;MTMR2;KIAA1614;CDK1;INPP5K;SUFU;CDH1;FYN;ABCA12;GPC2;SEC31B;PKIA;FRAT2;C2CD2L;GPC5;MMP14;ZMYND8;PLK3;EGFR;NDRG4;GRIPAP1;AKAP8L;SPAG5;RANGAP1;GPC6;PLA2G6;NUP214;GAS6"
"Regulation of Epithelial Cell Migration","GOBP_REGULATION_OF_EPITHELIAL_CELL_MIGRATION",0.250749060949779,0.76044411691381,0.860824742268041,0.9506522926119,56,"TGFB2;JUN;DAB2IP;HBEGF;BMPR2;SASH1;DOCK1;SOX9"
"Positive Regulation of Interferon Beta Production","GOBP_POSITIVE_REGULATION_OF_INTERFERON_BETA_PRODUCTION",0.261867021721385,0.748211362593028,0.862162162162162,0.951775608007723,39,"HMGB2;IRF1;ZBTB20;TLR3;IRF7;MAVS"
"Regulation of Tumor Necrosis Factor Mediated Signaling Pathway","GOBP_REGULATION_OF_TUMOR_NECROSIS_FACTOR_MEDIATED_SIGNALING_PATHWAY",-0.229612688916858,-0.822682565972914,0.862385321100917,0.951775608007723,61,"NR1H4;APOA1;NOL3;TNFRSF11B;CARD16;CPNE1;NKIRAS1;GSTP1"
"Clathrin Coat Assembly","GOBP_CLATHRIN_COAT_ASSEMBLY",0.283447701929368,0.688465183213181,0.863363363363363,0.952254994288999,17,"HIP1R;GAK;HIP1;DAB2;AP2B1;FCHO2;PICALM"
"Positive Regulation of Focal Adhesion Assembly","GOBP_POSITIVE_REGULATION_OF_FOCAL_ADHESION_ASSEMBLY",-0.255552011845543,-0.751074295152767,0.86322188449848,0.952254994288999,22,"TEK;S100A10"
"Cellular Response to Prostaglandin Stimulus","GOBP_CELLULAR_RESPONSE_TO_PROSTAGLANDIN_STIMULUS",0.284479422995754,0.707636694781766,0.864661654135338,0.952395058441991,19,"TNFSF4;IGFBP7;PTGER2"
"Lamellipodium Morphogenesis","GOBP_LAMELLIPODIUM_MORPHOGENESIS",0.284291462829996,0.679456243273868,0.865558912386707,0.952395058441991,16,"KANK1"
"Lymphocyte Chemotaxis","GOBP_LYMPHOCYTE_CHEMOTAXIS",0.268019356086959,0.73645555760587,0.865921787709497,0.952395058441991,31,"WNT5A;CYP7B1;GAS6"
"Myeloid Cell Activation Involved in Immune Response","GOBP_MYELOID_CELL_ACTIVATION_INVOLVED_IN_IMMUNE_RESPONSE",-0.218287371925229,-0.829848024842436,0.865,0.952395058441991,81,"ENPP3;CCR2;IL1RAP;IL33;ADORA2B;NMI;LYN;UNC13D;LAT;RABGEF1;RASGRP1;VAMP3"
"Myeloid Leukocyte Migration","GOBP_MYELOID_LEUKOCYTE_MIGRATION",0.234536977517274,0.810968714093257,0.864864864864865,0.952395058441991,160,"TNFSF11;PGF;TGFB2;PDGFB;C5;DUSP1;ITGA9;CXCL6;PDGFD;CMKLR1;THBS1;EDNRB;GPR35;MDK;MMP14;AGER;CD47"
"Negative Regulation of Fatty Acid Metabolic Process","GOBP_NEGATIVE_REGULATION_OF_FATTY_ACID_METABOLIC_PROCESS",0.273346328834161,0.727651913574711,0.866571018651363,0.952395058441991,27,"PLIN5;BRCA1;WDTC1;SOX9;AKT1;CEACAM1;DCAF5;SIRT1;APPL2;APOC3;ACACB"
"Negative Regulation of Myeloid Leukocyte Differentiation","GOBP_NEGATIVE_REGULATION_OF_MYELOID_LEUKOCYTE_DIFFERENTIATION",0.255058845028825,0.74846307632919,0.866317169069463,0.952395058441991,44,"LRRC17;FSTL3;PIK3R1;CDK6;TLR3;CLDN18;C1QC;GPR137;CEACAM1;ZNF675;TOB2;SFRP1"
"Phosphatidylinositol Dephosphorylation","GOBP_PHOSPHATIDYLINOSITOL_DEPHOSPHORYLATION",0.27567776553694,0.707233702548363,0.866270430906389,0.952395058441991,22,"INPP5A;MTMR2;INPP5K;INPP5B"
"Protein K48 Linked Ubiquitination","GOBP_PROTEIN_K48_LINKED_UBIQUITINATION",-0.214825055558443,-0.844640281962456,0.866666666666667,0.952395058441991,97,"PPIA;PELI1;RBX1;ANAPC13;CDC23;RNF170;RNF6;NMI;ANAPC16;CDC16;TTC3;FBXO9;SKP1;KBTBD7;ANAPC11;IP6K2;RNF4;ANAPC5;RNF8;TRIM65;AMFR;TRIM25"
"Receptor Clustering","GOBP_RECEPTOR_CLUSTERING",0.248579168667835,0.746076627683645,0.866752910737387,0.952395058441991,51,"COLQ;PICK1;DLG3;DLG4;GRIPAP1;SYNGAP1;GRIK2;FLNA;DAG1;SHISA6;PIGR;AGRN;CDH2"
"Regulation of Leukocyte Mediated Immunity","GOBP_REGULATION_OF_LEUKOCYTE_MEDIATED_IMMUNITY",0.231711947822602,0.814568232262662,0.86644591611479,0.952395058441991,189,"NOS2;TNFSF4;PRKCZ;FZD5;AZGP1;SUSD4;ARID5A;GAB2;CXCL6;IL10;TRAF2;CADM1;C3;ADORA3;AGER;MAD2L2;TLR3;FCGR2B;DNASE1;SPHK2;MAVS;DENND1B;IL18;CX3CR1;IL20RB;CEACAM1;LGALS9"
"Regulation of Transcription by Rna Polymerase i","GOBP_REGULATION_OF_TRANSCRIPTION_BY_RNA_POLYMERASE_I",-0.228869476737313,-0.759536099789847,0.866141732283465,0.952395058441991,41,"WDR43;EIF2AK3;NOL11;CARM1;BAZ1B;IPPK;POLR2L;ZMPSTE24;POLR2K;DDX21;ATF4;PWP1;HEATR1"
"Negative Regulation of Cytokine Production Involved in Immune Response","GOBP_NEGATIVE_REGULATION_OF_CYTOKINE_PRODUCTION_INVOLVED_IN_IMMUNE_RESPONSE",0.274325375272467,0.693569044763547,0.868537666174298,0.95380437356164,20,"TGFB2;IL10;TGFB3"
"Organelle Inheritance","GOBP_ORGANELLE_INHERITANCE",0.283376926404368,0.677270502351828,0.868580060422961,0.95380437356164,16,"PLK1;CDK1;PLK3"
"Negative Regulation of Type i Interferon Production","GOBP_NEGATIVE_REGULATION_OF_TYPE_I_INTERFERON_PRODUCTION",0.256926129800714,0.750592363689171,0.869220607661823,0.953856526429342,43,"PTPRS;IL10;PPM1B;NLRC3"
"Polysaccharide Catabolic Process","GOBP_POLYSACCHARIDE_CATABOLIC_PROCESS",-0.24111277603822,-0.758665742913737,0.869415807560137,0.953856526429342,30,"AGL;PYGL;PHKA1;PGM2;GAA;PGM1"
"Protein Targeting to Lysosome","GOBP_PROTEIN_TARGETING_TO_LYSOSOME",0.268703876738077,0.740469794713682,0.869444444444444,0.953856526429342,32,"NDP;WASH3P;CLU;SORT1;AP4M1;SCARB2;HGS;NAGPA;GNPTAB;GGA3"
"Inflammatory Response to Antigenic Stimulus","GOBP_INFLAMMATORY_RESPONSE_TO_ANTIGENIC_STIMULUS",0.247741939154475,0.759894941444791,0.869731800766284,0.953873042606228,60,"HMGB2;IL10;FYN;FOSL2;C3;PLK2;FCGR2B;EXT1;PRKAR1B"
"Regulation of Amyloid Precursor Protein Catabolic Process","GOBP_REGULATION_OF_AMYLOID_PRECURSOR_PROTEIN_CATABOLIC_PROCESS",0.259376621251866,0.741095743694349,0.87027027027027,0.954164869094447,39,"IGF1;RTN2;NTRK2;GSK3A;AGER;CHRNA7;CLU;RELA;EFNA1;ROCK2"
"g Protein Coupled Receptor Signaling Pathway Coupled to Cyclic Nucleotide Second Messenger","GOBP_G_PROTEIN_COUPLED_RECEPTOR_SIGNALING_PATHWAY_COUPLED_TO_CYCLIC_NUCLEOTIDE_SECOND_MESSENGER",-0.258961245627155,-0.704583730107967,0.870588235294118,0.954214827357727,16,"LPAR3;LHCGR;CCR1;ANXA1;CCL2;HRH2;HTR7;HTR2B"
"Regulation of Endoplasmic Reticulum Stress Induced Intrinsic Apoptotic Signaling Pathway","GOBP_REGULATION_OF_ENDOPLASMIC_RETICULUM_STRESS_INDUCED_INTRINSIC_APOPTOTIC_SIGNALING_PATHWAY",0.265718153876849,0.730132383109993,0.871508379888268,0.954924571394621,31,"PMAIP1;FCGR2B;BOK;IKBKG;DDIT3;NCK2;SIRT1"
"Inflammatory Cell Apoptotic Process","GOBP_INFLAMMATORY_CELL_APOPTOTIC_PROCESS",-0.255683989202239,-0.707820819523171,0.87202380952381,0.9551905580869,17,"HCAR2;ZMPSTE24;FCAR;NOD2;ANXA1;SLC7A11"
"Establishment of Rna Localization","GOBP_ESTABLISHMENT_OF_RNA_LOCALIZATION",-0.211275917835662,-0.877305909813975,0.873015873015873,0.955679563492064,142,"CETN2;XPOT;XPO5;LRPPRC;RAN;MRPL18;NUP35;AGFG1;ERH;SSB;NUP153;MAGOHB;ATR;ZC3H11A;NCBP2;NUP155;SNUPN;MAGOH;NUP37;NUP188;SENP2;SMG5;NUTF2;THOC7;EIF4E;CETN3;FYTTD1;SEH1L;ARC;UPF3A;NUP160;DHX9;MX2;DDX19B;RAE1;THOC3"
"Xenophagy","GOBP_XENOPHAGY",-0.266343644054923,-0.717356562161795,0.872832369942196,0.955679563492064,15,"RBX1;LGALS8;SKP1"
"Regulation of Mitotic Cytokinesis","GOBP_REGULATION_OF_MITOTIC_CYTOKINESIS",0.275246587423264,0.668545523386818,0.873873873873874,0.956319956319956,17,"BIRC5;MAP9;INCENP"
"Acute Inflammatory Response to Antigenic Stimulus","GOBP_ACUTE_INFLAMMATORY_RESPONSE_TO_ANTIGENIC_STIMULUS",0.271349777817212,0.686045926340426,0.874446085672083,0.956647294849877,20,"C3;FCGR2B;EXT1;IL20RB"
"Negative Regulation of Mrna Metabolic Process","GOBP_NEGATIVE_REGULATION_OF_MRNA_METABOLIC_PROCESS",0.238529808754026,0.779056173817183,0.876201923076923,0.958174244000555,95,"FBLL1;ARID5A;TOB1;ZFP36;EIF4ENIF1;TRAF2;DND1;SFSWAP;RBM46;SECISBP2;RBMX;HNRNPA0;DHX34;BARD1;ANGEL2;AXIN2;RBM10;FAM76B;E2F1"
"Positive Regulation of Microtubule Polymerization or Depolymerization","GOBP_POSITIVE_REGULATION_OF_MICROTUBULE_POLYMERIZATION_OR_DEPOLYMERIZATION",0.266307359540985,0.733865689784119,0.876388888888889,0.958174244000555,32,"NUMA1;PAK1;AKAP9;CLASP1;DCTN1;CDK5R1;GIT1;CKAP5;MECP2;ANKRD53;PSRC1;FES"
"Negative Regulation of Nucleocytoplasmic Transport","GOBP_NEGATIVE_REGULATION_OF_NUCLEOCYTOPLASMIC_TRANSPORT",0.266893828486642,0.717021715166919,0.876790830945559,0.958314596194163,28,"SUFU;PKIA;RANGAP1;BARD1;RBM10;FAM76B;NFKBIA"
"Androgen Receptor Signaling Pathway","GOBP_ANDROGEN_RECEPTOR_SIGNALING_PATHWAY",0.258290001611923,0.751748270714563,0.878306878306878,0.959091598712829,42,"IGF1;HEYL;FOXP1;TRIM68;TCF7L2;KDM1A;SIRT1;DAXX;SFRP1;ZDHHC7;DAB2;SAFB2"
"Regulation of Cellular Response to Stress","GOBP_REGULATION_OF_CELLULAR_RESPONSE_TO_STRESS",0.231229351085645,0.854782487277474,0.878323108384458,0.959091598712829,455,"SOX4;FOXO1;AKT3;CRHBP;TGFB2;DPF3;PMAIP1;PTPRS;POLQ;SKIL;MAPK8IP2;DAB2IP;SMARCC2;IER3;PLK1;EFHD1;BRCA1;ING2;SVIP;PIK3R1;TADA3;USP51;ARHGEF2;DNMT3A;BCL2;BCL7A;FOXM1;ZBTB7B;PRKCG;CHEK1;ATF6B;NEO1;PPP1R15A;DPF2;SNAI2;SMARCA2;KLF4;NFE2L1;SEMA4C;CDK9;MMP14;OGG1;KDM4D;AGER;EGFR;MAD2L2;FCGR2B;HIC1;BOK;IKBKG;BRD7;RMI2;ATXN3;PAQR3;RAD52;TRIM28;BRCA2;KDM1A;IGBP1;DDIT3;BAG6;ATXN7L3;NCK2;HELB;INO80E;ARID2;RFWD3;BARD1;AKT2;TADA1;MICU1;ALOX5;CLU;AXIN2;AKT1;XRCC1;ARID1B;USP19;ARID1A;PTGS2;UIMC1;BRD8;ACTR8;SIRT1;SLC38A2"
"Regulation of Rig i Signaling Pathway","GOBP_REGULATION_OF_RIG_I_SIGNALING_PATHWAY",-0.254243594250839,-0.703833313155961,0.87797619047619,0.959091598712829,17,"C1QBP;RNF125;BIRC3;NPLOC4;ZC3HAV1;PUM2"
"Response to Amphetamine","GOBP_RESPONSE_TO_AMPHETAMINE",0.269859614504625,0.688676137231842,0.878698224852071,0.959202206811095,21,"FOSB;NR4A2;PPP1R9B"
"Regulation of Collagen Metabolic Process","GOBP_REGULATION_OF_COLLAGEN_METABOLIC_PROCESS",-0.242217077528251,-0.74720035150409,0.879746835443038,0.959748727672676,26,"RAP1A;ERRFI1;IL6R;MFAP4;GOT1;PRDX5"
"Regulation of Hematopoietic Stem Cell Differentiation","GOBP_REGULATION_OF_HEMATOPOIETIC_STEM_CELL_DIFFERENTIATION",0.284887695539018,0.670269614730036,0.879573170731707,0.959748727672676,15,"CDK6;TMSB4X;N4BP2L2"
"Golgi to Plasma Membrane Transport","GOBP_GOLGI_TO_PLASMA_MEMBRANE_TRANSPORT",0.245322974125949,0.754479458196905,0.88098318240621,0.959842703774361,63,"RAB3IP;LLGL2;KRT18;ANK3"
"Modulation of Process of Another Organism","GOBP_MODULATION_OF_PROCESS_OF_ANOTHER_ORGANISM",0.237578902868096,0.779674831946246,0.8805256869773,0.959842703774361,97,"JUN;FBLN1;TRIM26;CXCL6;PC;TRIM8;INPP5K;SMC6;TRIM11;TAF11;CDK9"
"Negative Regulation of Antigen Receptor Mediated Signaling Pathway","GOBP_NEGATIVE_REGULATION_OF_ANTIGEN_RECEPTOR_MEDIATED_SIGNALING_PATHWAY",0.253451833022287,0.740442439922756,0.88110964332893,0.959842703774361,43,"PAWR;FYN;DGKZ;CBLB;FCGR2B;LPXN;CEACAM1;CD22;LAG3"
"Phototransduction","GOBP_PHOTOTRANSDUCTION",0.268205006304139,0.684453611433625,0.880177514792899,0.959842703774361,21,"PITPNM1;CDS1;PLEKHB1;NR2E3;GRK4;GNA11;CABP4;OPN1SW;PDE6B;AIPL1"
"Regulation of Antigen Processing and Presentation","GOBP_REGULATION_OF_ANTIGEN_PROCESSING_AND_PRESENTATION",0.275164978599132,0.68446720653849,0.881203007518797,0.959842703774361,19,"THBS1;FCGR2B"
"Protein Localization to Vacuole","GOBP_PROTEIN_LOCALIZATION_TO_VACUOLE",0.244108922310681,0.766282260915855,0.881612090680101,0.959989789758282,74,"NDP;WASH3P;VPS8;CLU;AKT1;MON1A;VPS36;SORT1;ROCK2;AP4M1;SCARB2;SH3BP4;HGS;SMURF1;SZT2;PTPN23;VPS41;VPS37B;NAGPA;GNPTAB;GGA3;TSG101"
"Endosome to Plasma Membrane Protein Transport","GOBP_ENDOSOME_TO_PLASMA_MEMBRANE_PROTEIN_TRANSPORT",-0.256132890170737,-0.696888319033126,0.88235294117647,0.960284112290672,16,"AKAP5;ATP6AP1;VPS35;RAB7A;COMMD1;RAB11A;GRIP1"
"Mrna 3 End Processing","GOBP_MRNA_3_END_PROCESSING",0.253367013230344,0.740194644619993,0.882430647291942,0.960284112290672,43,"RPRD2;CDK9;PAF1;ZCCHC8;BARD1;CSTF1;ANGEL2;TUT1;CCNB1;PCF11;CPSF7;CSTF2T;CPSF6"
"Dendritic Cell Differentiation","GOBP_DENDRITIC_CELL_DIFFERENTIATION",0.257858163386571,0.741231330549074,0.883378016085791,0.961016518741778,40,"TMEM176B;TMEM176A;AXL;AGER;FCGR2B;GAS6;IL20RB;LGALS9;CEBPB"
"Negative Regulation of Notch Signaling Pathway","GOBP_NEGATIVE_REGULATION_OF_NOTCH_SIGNALING_PATHWAY",0.273027463694798,0.702381597392701,0.884785819793205,0.961950566957045,23,"MMP14;BEND6;AKT1;NFKBIA;EGFL7;WWP2;HEY2"
"Negative Regulation of Protein Metabolic Process","GOBP_NEGATIVE_REGULATION_OF_PROTEIN_METABOLIC_PROCESS",0.229434928725233,0.848526025320574,0.884576098059244,0.961950566957045,456,"DAPK1;DAPL1;NOS2;CBX4;CPEB3;IGFBP3;PLAT;BTG2;PTPN13;IGF1;FBLN1;IGFBP5;SMO;DAB2IP;STK33;ANG;TOB1;HIPK3;SVIP;QRICH2;MEST;RTN2;ZFP36;WTIP;ZFP36L2;IL10;PRKCG;CNOT10;CAPN3;EIF4ENIF1;CDK1;PCSK5;SUFU;FYN;THBS1;TIA1;EDNRB;BEX1;PKIA;HBEGF;TNFAIP3;NTRK2;CADM4;IVNS1ABP;INHBB;FBXO5;AXIN1;NPPA;EGFR;MAD2L2;CDK5RAP3;TMEM98;SOCS5;AATF;PAQR3;LIN28A;MGAT3;DMWD;FLNA;LIMD1;CHRNA7;BAG6;FBXO32;UNK;USP44;SMAD4;AZIN1;CLU;ZGPAT;AKT1;CEACAM1;GIGYF1;MAPK8IP1;BEX4;RELA;WT1;TIMP3;SIRT1;EFNA1;TRIM39;AGT;ECM1;TNRC6B;PATL2;ZBED3"
"Organelle Disassembly","GOBP_ORGANELLE_DISASSEMBLY",-0.225390704437236,-0.80755555778544,0.885321100917431,0.962233886600608,61,"PLIN2;PRKAA1;RRP7A;MRRF;HBS1L;NEDD9;FAF2;GFM2;LTN1;ABCE1;KLHDC10;VCP;EIF4E2;CHKA;RNF14;KIF5B;UFSP2;MTIF3"
"Endosomal Transport","GOBP_ENDOSOMAL_TRANSPORT",-0.19719861788381,-0.894876681286862,0.887096774193548,0.963008224203095,260,"SNX8;MAP2K1;AP1S1;AKAP5;PIK3C3;SNX27;HOOK3;VTA1;TMED9;ABCA1;LMAN1;CLN5;TBC1D14;ARL8B;MAPK1;VPS37A;EHD3;VPS26A;EVI5;AKTIP;ATP6AP1;CLTC;ACTN2;SNX3;MTMR4;RAB6A;ARL1;TMEM50A;RAB8B;ANKRD27;VAMP4;ARFIP1;EEA1;SNX2;GOLT1B;TBC1D23;LAMTOR1;VPS29;PREPL;LMTK2;EHD4;SNX7;RABGEF1;STX8;VAMP3;VTI1A;SNX16;USP7;CCDC93;EPG5;DPY30"
"Negative Regulation of Defense Response","GOBP_NEGATIVE_REGULATION_OF_DEFENSE_RESPONSE",0.226270630054918,0.807127229487469,0.886609071274298,0.963008224203095,221,"PIM1;NR4A3;PTGIS;IGF1;SYT11;SAMHD1;DTX4;SUSD4;ARG2;IER3;SOCS3;IL10;PPM1B;FYN;KLF4;SERPING1;TNFAIP3;MDK;NLRC3;PPP1R13L;PLK2;NFATC1;ACP5;FCGR2B;SOCS5;TMSB4X;MAPKBP1;PRKAR1B;ELF4;TYRO3;C1QTNF3"
"Protein Homooligomerization","GOBP_PROTEIN_HOMOOLIGOMERIZATION",0.231580401327859,0.800821366566055,0.887133182844244,0.963008224203095,161,"KCTD15;POLQ;BCL11A;SAMHD1;KCTD8;ALDH1A2;CRTC2;CEP57;IKZF4;CRTC1;KCTD17;CRTC3;TK1;PEG10;ROM1;SAMD1;ATL1;KCNC1;TNFAIP1;TGM2;KCND2;KCTD11;PXDN;RBMX;MAT1A"
"Regulation of Innate Immune Response","GOBP_REGULATION_OF_INNATE_IMMUNE_RESPONSE",0.227670555800427,0.838068451885522,0.887063655030801,0.963008224203095,403,"WNT5A;PLA2G5;CASR;PIM1;PAK3;PTPRS;C1QTNF4;KCNJ8;SAMHD1;DTX4;DAB2IP;SUSD4;CFH;NONO;HMGB2;PIK3R1;RFTN1;PAK1;IRF1;IFI35;GDI1;ZDHHC1;GRAMD4;KCNK6;TRAF2;CADM1;FYN;TRIM11;ZCCHC3;CPT1A;PLSCR2;REG3G;C3;TRIM6;SERPING1;TNFAIP3;SPSB3;TSPAN6;NLRC3"
"Mrna Export from Nucleus","GOBP_MRNA_EXPORT_FROM_NUCLEUS",-0.220920588919179,-0.811348875708712,0.887445887445887,0.963049239071544,65,"CETN2;AGFG1;ERH;MAGOHB;ZC3H11A;NCBP2;NUP155;MAGOH;SMG5;THOC7;EIF4E;CETN3;FYTTD1;NUP160;DDX19B;RAE1;THOC3"
"Protein Localization to Lysosome","GOBP_PROTEIN_LOCALIZATION_TO_LYSOSOME",0.247150161609731,0.73567736195058,0.888020833333333,0.963374722566326,48,"NDP;WASH3P;CLU;AKT1;SORT1;ROCK2;AP4M1;SCARB2;SH3BP4;HGS;SZT2;NAGPA;GNPTAB;GGA3;RTN4;PIK3R4"
"Microautophagy","GOBP_MICROAUTOPHAGY",0.267033319274871,0.685056927702211,0.888558692421991,0.963659783143726,22,"ULK2;ATG13;ULK1"
"Regulation of Microtubule Depolymerization","GOBP_REGULATION_OF_MICROTUBULE_DEPOLYMERIZATION",-0.234185108376086,-0.734894319995854,0.888888888888889,0.963719522679597,29,"TPX2;KIF21A;CIB1;NAV3"
"p Body Assembly","GOBP_P_BODY_ASSEMBLY",0.266486932332278,0.673751332395304,0.89069423929099,0.965079468059492,20,"EIF4ENIF1;PAN2;LIMD1;PATL2;TNRC6A"
"Ribosome Disassembly","GOBP_RIBOSOME_DISASSEMBLY",-0.241518676501953,-0.773179315984991,0.890566037735849,0.965079468059492,35,"MRRF;HBS1L;GFM2;LTN1;ABCE1;KLHDC10;VCP;EIF4E2;RNF14;UFSP2;MTIF3;NPLOC4;USP10;TRNT1"
"Positive Regulation of b Cell Activation","GOBP_POSITIVE_REGULATION_OF_B_CELL_ACTIVATION",0.242548988376157,0.749510678216956,0.891050583657588,0.965167036039743,65,"TNFSF4;PRLR;BCL2;IL10;MMP14;MAD2L2"
"Regulation of Cytoplasmic Translation","GOBP_REGULATION_OF_CYTOPLASMIC_TRANSLATION",-0.233946678440763,-0.749285344484456,0.891385767790262,0.965231636652021,34,"GAPDH;CPEB2;CNBP;DHX36;ALKBH3;SYNCRIP;RPL13A;DHX9;IMPACT;NCK1"
"Mismatch Repair","GOBP_MISMATCH_REPAIR",0.261342608528177,0.72018427882762,0.891666666666667,0.965237433044911,32,"PRKCG;MCM8;MSH6;EXO1;AXIN2;XPC;LIG1;POLD3;RNASEH2B;RNASEH2C;MSH3;ABL1;HMGB1"
"Neuron Cellular Homeostasis","GOBP_NEURON_CELLULAR_HOMEOSTASIS",0.260031957350118,0.726070312291617,0.892517006802721,0.965859460868067,34,"NELL2;CACNB2;ERC2"
"Neuromuscular Process","GOBP_NEUROMUSCULAR_PROCESS",0.232764867399067,0.774675009292752,0.892941176470588,0.966020055953203,108,"GRID2;NR4A3;FGF12;KCNJ8;TNNI3;CAMTA1;LONRF2;DLG4;GSTM2;HOMER1;MDGA1;SLC1A3;TUBA1A;DDIT3;SCN4A;ATP8A2;TNNC2;DCTN1;PRKD1;CHRNE;GRIN2A;NPAS1;STAC2;CHRNB1;DMPK;CHD8;TNNT1;ABL1;EDNRA;ADCY5;FKRP;MECP2;GLRB;DMD;DVL1;PDE8B;HIPK2;NLGN2;STAC3;MAP1A;CLN8;MYH3;MTOR;HEXA"
"Positive Regulation of Amide Metabolic Process","GOBP_POSITIVE_REGULATION_OF_AMIDE_METABOLIC_PROCESS",0.271888753470556,0.702571585726032,0.894345238095238,0.967240311530602,24,"GSK3A;PLA2G6;SPHK2;CHRNA7;CLU;RELA;EFNA1;ROCK2;LRRTM3"
"Neutrophil Activation Involved in Immune Response","GOBP_NEUTROPHIL_ACTIVATION_INVOLVED_IN_IMMUNE_RESPONSE",0.26718388457874,0.656419421269663,0.895052473763118,0.967407841898243,18,"DNASE1;STXBP2;VAMP2;SPI1;TYROBP;BCR;VAMP7;PRAM1;ITGB2;SYK;STXBP3;FCER1G;LILRA2;ITGAM;VAMP8;MYD88;ANXA3;CD177"
"Plasma Membrane Tubulation","GOBP_PLASMA_MEMBRANE_TUBULATION",0.26647864219834,0.654686776368841,0.895052473763118,0.967407841898243,18,"ATP10A;FNBP1L;BIN3;SNX18;WHAMM;MICALL1;EHD2;WASL;PACSIN1;PACSIN2"
"Regulation of Nuclear Transcribed Mrna Catabolic Process Nonsense Mediated Decay","GOBP_REGULATION_OF_NUCLEAR_TRANSCRIBED_MRNA_CATABOLIC_PROCESS_NONSENSE_MEDIATED_DECAY",0.279541221352509,0.657690695916519,0.896341463414634,0.968502204300266,15,"CASC3;SECISBP2;DHX34"
"Postsynaptic Signal Transduction","GOBP_POSTSYNAPTIC_SIGNAL_TRANSDUCTION",0.253948504299282,0.69425195843117,0.89732770745429,0.968671482037712,30,"CHRNA7;CHRNB2;CHRNA10;RGS10;RELA;AGRN;GNA11;LYNX1;CHRNE;CDK5R1;CHRNB1;ACHE"
"Response to Carbohydrate","GOBP_RESPONSE_TO_CARBOHYDRATE",0.228259756136857,0.792526831712102,0.897175141242938,0.968671482037712,167,"SOX4;CASR;LRP5;IGF1;ADRA2A;EIF2B2;PIK3CA;ILDR2;EGR1;THBS1;ABCA12;LPL;ZBTB20;C2CD2L;UBTF;AGER;NPPA;ACVR2B;TCF7L2;PLA2G6;GAS6;LIN28A;SLC29A1;SRF"
"Toll Like Receptor 3 Signaling Pathway","GOBP_TOLL_LIKE_RECEPTOR_3_SIGNALING_PATHWAY",0.271183829753376,0.7007500342,0.897321428571429,0.968671482037712,24,"RFTN1;IRF1;TNFAIP3;TLR3"
"Positive Regulation of Alpha Beta t Cell Proliferation","GOBP_POSITIVE_REGULATION_OF_ALPHA_BETA_T_CELL_PROLIFERATION",0.268960506355176,0.669033709854113,0.897744360902256,0.968822703709366,19,"TNFSF4"
"Arachidonate Metabolic Process","GOBP_ARACHIDONATE_METABOLIC_PROCESS",-0.228850956457653,-0.718155262700392,0.898989898989899,0.969569463103946,29,"SIGMAR1;PTGES;ABHD6"
"Modification of Postsynaptic Actin Cytoskeleton","GOBP_MODIFICATION_OF_POSTSYNAPTIC_ACTIN_CYTOSKELETON",-0.24852583168146,-0.688004588798507,0.898809523809524,0.969569463103946,17,"RHOA;CAP1;DIXDC1;PFN2;ITPKA"
"Glycolipid Biosynthetic Process","GOBP_GLYCOLIPID_BIOSYNTHETIC_PROCESS",0.240815133886668,0.751896327723355,0.899618805590851,0.96965066953377,71,"ST8SIA1;ST6GALNAC6;B3GALT4;B3GALNT1;ST3GAL3;B4GALT3;GBA2"
"Neutrophil Mediated Immunity","GOBP_NEUTROPHIL_MEDIATED_IMMUNITY",0.255367155024091,0.701690218547027,0.899441340782123,0.96965066953377,31,"ACE;CXCL6"
"Regulation of Cell Fate Specification","GOBP_REGULATION_OF_CELL_FATE_SPECIFICATION",-0.242830614918738,-0.679005865389234,0.901492537313433,0.971371380562582,18,"HDAC1;FGF2;LMO4;RBBP7"
"Positive Regulation of Antigen Receptor Mediated Signaling Pathway","GOBP_POSITIVE_REGULATION_OF_ANTIGEN_RECEPTOR_MEDIATED_SIGNALING_PATHWAY",0.259959605956322,0.666909767914772,0.901931649331352,0.971545684996226,22,"FOXP1;PRKD2;IKBKG;CMTM3"
"Sensory Perception of Pain","GOBP_SENSORY_PERCEPTION_OF_PAIN",0.248161616296732,0.72498742847825,0.90224570673712,0.971585216938252,43,"AQP1;MC1R;OPRL1;SCN9A;FYN;KCND2;CHRNB2;MMP24;SCN11A;GRIN2A;MGLL;ZFHX2;DISC1;MAPK3;TRPV1;LXN"
"Protein o Linked Glycosylation via n Acetyl Galactosamine","GOBP_PROTEIN_O_LINKED_GLYCOSYLATION_VIA_N_ACETYL_GALACTOSAMINE",0.265118127839756,0.697597894379157,0.903790087463557,0.972167040819175,26,"ST6GAL1;GALNT13;ST3GAL3;B3GNT4"
"Regulation of b Cell Proliferation","GOBP_REGULATION_OF_B_CELL_PROLIFERATION",0.240030219940076,0.723719677122833,0.903896103896104,0.972167040819175,53,"PRLR;PAWR;BCL2;IL10"
"Regulation of Mitochondrial Depolarization","GOBP_REGULATION_OF_MITOCHONDRIAL_DEPOLARIZATION",0.267187882678401,0.664624345034275,0.903759398496241,0.972167040819175,19,"BCL2;BOK;ALB;KDR;MLLT11"
"Response to Angiotensin","GOBP_RESPONSE_TO_ANGIOTENSIN",0.252626662059969,0.712145532501602,0.903532608695652,0.972167040819175,36,"ACE;NONO;PRKCG;NPPA;CDC6;RELA;AGT;ROCK2;PRKD1;DDR2"
"Cellular Response to Dsrna","GOBP_CELLULAR_RESPONSE_TO_DSRNA",0.268816022996117,0.642469961280497,0.904833836858006,0.972876897026886,16,"ZCCHC3;TLR3;MAVS;IRF3"
"Negative Regulation of Proteasomal Ubiquitin Dependent Protein Catabolic Process","GOBP_NEGATIVE_REGULATION_OF_PROTEASOMAL_UBIQUITIN_DEPENDENT_PROTEIN_CATABOLIC_PROCESS",-0.230594514313057,-0.752255544810314,0.905454545454545,0.973245557756144,37,"MTM1;PARK7;UCHL5;HSP90AB1;RYBP;USP7;USP38;BAG5;N4BP1;RPL11"
"Regulation of Protein Binding","GOBP_REGULATION_OF_PROTEIN_BINDING",-0.228607018639636,-0.732183461011763,0.906367041198502,0.973927529238758,34,"IDE;AKTIP;CARD16;RARRES2;GSK3B;NVL;ITGB1BP1;BTBD1"
"Cell Surface Pattern Recognition Receptor Signaling Pathway","GOBP_CELL_SURFACE_PATTERN_RECOGNITION_RECEPTOR_SIGNALING_PATHWAY",-0.213565574715308,-0.788621056399464,0.906666666666667,0.973950730859655,67,"IRAK1;PELI1;IRAK2;NMI;TMEM126A;LYN;TNIP2;MAP3K7;PJA2;NR1H3;PTPN22;RAB11FIP2;WDFY1"
"Regulation of Adenylate Cyclase Activating g Protein Coupled Receptor Signaling Pathway","GOBP_REGULATION_OF_ADENYLATE_CYCLASE_ACTIVATING_G_PROTEIN_COUPLED_RECEPTOR_SIGNALING_PATHWAY",0.274510429315729,0.645854498379452,0.907012195121951,0.97402321260337,15,"CRTC3;GSK3A;ARRDC3"
"Negative Regulation of Microtubule Depolymerization","GOBP_NEGATIVE_REGULATION_OF_MICROTUBULE_DEPOLYMERIZATION",0.266280863984927,0.688080571448306,0.907738095238095,0.974205437383287,24,"ARHGEF2;APC2;DIAPH3;CLASP1;CKAP2;MID1;TTBK2;MID1IP1;MAP6D1;WDR47"
"Pyrimidine Nucleoside Monophosphate Biosynthetic Process","GOBP_PYRIMIDINE_NUCLEOSIDE_MONOPHOSPHATE_BIOSYNTHETIC_PROCESS",-0.255034360436116,-0.686896707014558,0.907514450867052,0.974205437383287,15,"UPP1;DCTD;DHODH;CMPK1;CDA"
"Late Endosome to Vacuole Transport via Multivesicular Body Sorting Pathway","GOBP_LATE_ENDOSOME_TO_VACUOLE_TRANSPORT_VIA_MULTIVESICULAR_BODY_SORTING_PATHWAY",-0.236119736855254,-0.725599364189544,0.908256880733945,0.974463661014092,25,"VTA1;VPS37A;TMEM50A"
"Regulation of Protein Localization to Plasma Membrane","GOBP_REGULATION_OF_PROTEIN_LOCALIZATION_TO_PLASMA_MEMBRANE",0.227694679711554,0.751496687431287,0.908983451536643,0.974944589936577,100,"CAMK2D;SORBS1;CLIP3;PIK3R1;ITGA3;MEST;ARHGAP44;WNK3;MMP14;EGFR;GRIPAP1"
"Ceramide Biosynthetic Process","GOBP_CERAMIDE_BIOSYNTHETIC_PROCESS",0.24065408190031,0.720804088624366,0.910025706940874,0.975763713319217,50,"ST6GALNAC6;B3GALT4;CERS4;ST3GAL3;B4GALT3;PLA2G6;SPHK2;B4GALT5"
"Viral Genome Replication","GOBP_VIRAL_GENOME_REPLICATION",-0.208096450321936,-0.81879899098186,0.911764705882353,0.977329181366549,95,"PPIA;APOBEC3G;SRPK2;VAPB;IFIH1;EIF2AK4;PPIE;PPID;APOBEC3C;STAU1"
"Negative Regulation of Protein Import into Nucleus","GOBP_NEGATIVE_REGULATION_OF_PROTEIN_IMPORT_INTO_NUCLEUS",0.258660376454028,0.628259330568812,0.914414414414414,0.979077154484332,17,"SUFU;PKIA"
"Positive Regulation of Proteolysis","GOBP_POSITIVE_REGULATION_OF_PROTEOLYSIS",0.226717405377263,0.785971883480088,0.914675767918089,0.979077154484332,164,"PRICKLE1;TF;L3MBTL3;ADRA2A;DAB2IP;TGFB1I1;PLK1;SH3D19;HPSE;CAPN3;DDA1;CDK1;CDC20;CSNK1E;MMP14;GSK3A;AXIN1;PLK3;CDK5RAP3;SOCS5;IKBKG;OSBPL7;ATXN3;CNTN2;PAQR3;BAG6;FZR1;CLU;AXIN2;AKT1"
"Receptor Internalization","GOBP_RECEPTOR_INTERNALIZATION",0.22847167931813,0.758153323107444,0.914792899408284,0.979077154484332,106,"SFRP4;IQSEC2;PICK1;NRG1;INSR;SUSD4;SELE;USP6;MTMR2;CBLB;DLG4;APLNR;ANKRD13B;CNTN2;RAMP1;NECAB2;DTNBP1;CEACAM1"
"Regulation of Amino Acid Transport","GOBP_REGULATION_OF_AMINO_ACID_TRANSPORT",0.263786993693179,0.687557464641847,0.914074074074074,0.979077154484332,25,"ABAT;AVPR1A;GABBR1;SLC43A1;DTNBP1;SLC38A2"
"Regulation of Biomineral Tissue Development","GOBP_REGULATION_OF_BIOMINERAL_TISSUE_DEVELOPMENT",0.23535783159958,0.731547376811909,0.913770913770914,0.979077154484332,67,"ENPP1;GPM6B;LTBP3;BMPR2;BCOR;FBXO5;SOX9;ACVR2B;GAS6;ALOX5;CEBPB;ECM1;WNT4;ROCK2;DDR2;GREM1;SLC20A2;FAM20C;HEY2;RXRB"
"Positive Regulation of Cytokine Production Involved in Inflammatory Response","GOBP_POSITIVE_REGULATION_OF_CYTOKINE_PRODUCTION_INVOLVED_IN_INFLAMMATORY_RESPONSE",-0.236679029129531,-0.716611876914323,0.915151515151515,0.979161807445253,24,"IL1RAP;GBP5;STAT3;NOD2;CD6;XBP1;APPL1;CLEC7A;GPSM3"
"Organelle Membrane Fusion","GOBP_ORGANELLE_MEMBRANE_FUSION",0.227044773801466,0.756112392955851,0.91578947368421,0.979351385893442,109,"PLA2G5;SYT2;SYT11;RAB3A;ERC2;VPS8;UVRAG;ATL1;DIAPH3;SYT1;SYT5"
"Toll Like Receptor Signaling Pathway","GOBP_TOLL_LIKE_RECEPTOR_SIGNALING_PATHWAY",-0.207127060784227,-0.775298599613054,0.91588785046729,0.979351385893442,73,"IRAK1;CCDC134;HSP90B1;IRAK2;RPS6KA3;IRAK3;MAP3K7;LGR4;RAB11FIP2;HSPD1;YWHAE;GFI1;TLR2;BIRC3;PLCG2"
"Leukocyte Migration","GOBP_LEUKOCYTE_MIGRATION",0.223546914319108,0.807631027607076,0.916666666666667,0.979713896302729,287,"WNT5A;TNFSF11;PGF;TGFB2;PDGFB;C5;EPS8;DUSP1;ITGA9;CXCL6;VCAM1;ITGA3;HMOX1;SELE;IL10;LRP12;PDGFD;CMKLR1;FYN;THBS1;EDNRB;C3;GPR35;MDK;MMP14;AGER;CYP7B1;CD47;GAS6;EXT1;CSF1;SMPD3;ALOX5;CX3CR1;AKIRIN1;AKT1;FOLR2;LGALS9;SELP;XG;C3AR1;IL17RC;SAA1;ECM1"
"Rna Decapping","GOBP_RNA_DECAPPING",0.249976332849769,0.665440643458867,0.916786226685796,0.979713896302729,27,"DCP1B;ZFP36;EIF4ENIF1"
"Regulation of Lipopolysaccharide Mediated Signaling Pathway","GOBP_REGULATION_OF_LIPOPOLYSACCHARIDE_MEDIATED_SIGNALING_PATHWAY",-0.232448433238366,-0.714317395110468,0.91743119266055,0.98010413781333,25,"PTPN11;CARD16;PRDX2;MIF;SMAD3"
"Branching Involved in Blood Vessel Morphogenesis","GOBP_BRANCHING_INVOLVED_IN_BLOOD_VESSEL_MORPHOGENESIS",0.261962424492981,0.682801748085134,0.918518518518519,0.980368790484574,25,"NRP1;NOTCH4;MDK;SRF;FKBPL;KDR;CTNND1;ABL1;EDNRA"
"Positive Regulation of Neutrophil Migration","GOBP_POSITIVE_REGULATION_OF_NEUTROPHIL_MIGRATION",-0.234006135923473,-0.708518946060965,0.918181818181818,0.980368790484574,24,"C1QBP;CAMK1D;CD99L2;MOSPD2;DNM1L;RAC1;CCR7;IL1R1;ADAM8;TIRAP"
"Regulation of Biological Process Involved in Symbiotic Interaction","GOBP_REGULATION_OF_BIOLOGICAL_PROCESS_INVOLVED_IN_SYMBIOTIC_INTERACTION",0.261655408812764,0.682001515595502,0.918518518518519,0.980368790484574,25,"FBLN1;CXCL6;TRIM11;LGALS9;EXOC2;TRIM62;FMR1;FURIN;TRIM21;HMGB1"
"Positive Regulation of Mononuclear Cell Migration","GOBP_POSITIVE_REGULATION_OF_MONONUCLEAR_CELL_MIGRATION",0.2322248427253,0.73085162336929,0.919191919191919,0.980788697206608,76,"WNT5A;PDGFD;CMKLR1;THBS1;MDK;MMP14;AGER;CD47;GAS6;CSF1;CX3CR1;AKIRIN1;LGALS9;C3AR1"
"Immune Effector Process","GOBP_IMMUNE_EFFECTOR_PROCESS",0.224714756516749,0.833036165529329,0.920408163265306,0.981330089672145,489,"C7;WNT5A;NOS2;PLA2G5;NR4A3;TNFSF4;SEMA7A;PRKCZ;GNL1;FZD5;TGFB2;JUNB;SEMA4A;C5;ACE;AZGP1;SUSD4;CFH;ARID5A;MYB;GAB2;CXCL6;PIK3R1;FOXP1;SOCS3;RFTN1;PAK1;JAG1;ZBTB7B;IFI35;IL10;CFB;TRAF2;CADM1;FYN;C3;TRIM6;SERPING1;MSH6;MDK;ADORA3;LIMK1;AGER;MAD2L2;TLR3;EXO1;FCGR2B;TMEM98;SOCS5;TGFB3;PLA2G6;IRF7;DNASE1;JAK1;C1QC;SPHK2;MAVS"
"Megakaryocyte Development","GOBP_MEGAKARYOCYTE_DEVELOPMENT",0.257274778154773,0.632074652443598,0.920539730134933,0.981330089672145,18,"GP1BA;FLNA;SRF;TAL1;ZFPM1;ABI1;FLI1;PIP4K2A;WASF2;VPS33B"
"Negative Regulation of Type i Interferon Mediated Signaling Pathway","GOBP_NEGATIVE_REGULATION_OF_TYPE_I_INTERFERON_MEDIATED_SIGNALING_PATHWAY",0.255807025834992,0.628468667262878,0.920539730134933,0.981330089672145,18,"SAMHD1"
"Mitochondrial Depolarization","GOBP_MITOCHONDRIAL_DEPOLARIZATION",0.251632858924358,0.645548030155002,0.921248142644874,0.981699112923288,22,"BCL2;COL6A1;BOK;ALB;KDR;MLLT11"
"Regulation of t Cell Mediated Immunity","GOBP_REGULATION_OF_T_CELL_MEDIATED_IMMUNITY",0.230647483647431,0.734738901618878,0.9214463840399,0.981699112923288,81,"TNFSF4;PRKCZ;FZD5;AZGP1;ARID5A;TRAF2;AGER;FCGR2B;DENND1B;IL18;IL20RB;CEACAM1"
"Secretory Granule Localization","GOBP_SECRETORY_GRANULE_LOCALIZATION",0.254421434384695,0.625064535537813,0.922038980509745,0.982031787389978,18,"RAB3A;KIF1A"
"Regulation of Protein Catabolic Process","GOBP_REGULATION_OF_PROTEIN_CATABOLIC_PROCESS",0.220989045744395,0.804686980741404,0.922513089005236,0.982238100542657,330,"WNT5A;PRICKLE1;NOS2;FOXO1;CBX4;TF;ADRA2A;DAB2IP;IER3;STK33;NKD1;PLK1;SVIP;DACT1;SH3D19;CDK2;IL10;PRKCG;DDA1;VGLL4;TNFSF12;PCSK5;CDH1;CDC20;FYN;TNFAIP3;NFE2L1;FAM83D;CSNK1E;PLK2;CBLB;GSK3A;AXIN1;PLK3;EGFR;MAD2L2;SOX9;CDK5RAP3;SOCS5;OSBPL7;ATXN3;PAQR3;MGAT3;FLNA;RHBDF1;BAG6;FBXO32;DTL;FZR1;SMAD4;AZIN1;TSPAN17;BARD1;CLU;AXIN2;AKT1;USP19;FBXL20;RELA;PKD1;WDR91;RNF180"
"Immunoglobulin Production Involved in Immunoglobulin Mediated Immune Response","GOBP_IMMUNOGLOBULIN_PRODUCTION_INVOLVED_IN_IMMUNOGLOBULIN_MEDIATED_IMMUNE_RESPONSE",0.240876193747888,0.703703557757694,0.92338177014531,0.98286427858372,43,"TNFSF4;IL10;MSH6;MAD2L2;EXO1"
"Regulation of Double Strand Break Repair via Nonhomologous End Joining","GOBP_REGULATION_OF_DOUBLE_STRAND_BREAK_REPAIR_VIA_NONHOMOLOGOUS_END_JOINING",0.248228622895714,0.633474295440639,0.924556213017751,0.983516676040444,21,"USP51;KDM4D;MAD2L2"
"Regulation of Leukocyte Degranulation","GOBP_REGULATION_OF_LEUKOCYTE_DEGRANULATION",0.249920626496335,0.703841598881934,0.924346629986245,0.983516676040444,37,"GAB2;ADORA3;FCGR2B;SPHK2;CEACAM1;LGALS9"
"Bicellular Tight Junction Assembly","GOBP_BICELLULAR_TIGHT_JUNCTION_ASSEMBLY",0.240310603174183,0.702051223034377,0.926023778071334,0.984778777955035,43,"FZD5;MYO1C;SNAI2;MICALL2;GRHL2;SRF;TJP1;ROCK2"
"Alternative Mrna Splicing via Spliceosome","GOBP_ALTERNATIVE_MRNA_SPLICING_VIA_SPLICEOSOME",0.233225533759843,0.732118218462101,0.926952141057935,0.985273666892909,74,"TIA1;SFSWAP;ESRP2;RBM4B;RBPMS;RBMX;RBM15B;HNRNPUL1;CDK13;RBM24;CELF6;HNRNPU;RBM4;FMR1;RBM14;SLU7;DDX17;SRSF6;KHDRBS3;RBFOX2;DYRK1A;SRSF8;SRSF3;KHDRBS1;RNPS1;RBM5;SRSF7;HNRNPL;RBM19;RBM7;SCNM1;PTBP1;RSRC1;YTHDC1;RBM25;NSRP1;TRA2B"
"Golgi to Vacuole Transport","GOBP_GOLGI_TO_VACUOLE_TRANSPORT",-0.241118718846742,-0.70865445549852,0.927051671732523,0.985273666892909,22,"AP3M2;EHD3;AP3S1;VTI1A;CLN3;AP3S2;LAPTM5"
"Regulation of Intrinsic Apoptotic Signaling Pathway by P53 Class Mediator","GOBP_REGULATION_OF_INTRINSIC_APOPTOTIC_SIGNALING_PATHWAY_BY_P53_CLASS_MEDIATOR",-0.22392602161276,-0.700798101001144,0.927631578947368,0.985590967865524,28,"MDM2;RRN3;EIF5A;MIF;CD44;HNRNPK"
"Extracellular Transport","GOBP_EXTRACELLULAR_TRANSPORT",0.240035653867513,0.656216594977198,0.928270042194093,0.985917633306357,30,"GAS8;DNAAF2;STK36;OFD1;RSPH4A;DNAH1;WWP2;DNAH9;CABYR;TTLL1;TSG101"
"Peptide Biosynthetic Process","GOBP_PEPTIDE_BIOSYNTHETIC_PROCESS",-0.232583176938897,-0.643869862253974,0.928571428571429,0.985917633306357,17,"SLC1A2;GCLM"
"Pyrimidine Nucleoside Monophosphate Metabolic Process","GOBP_PYRIMIDINE_NUCLEOSIDE_MONOPHOSPHATE_METABOLIC_PROCESS",-0.226916166328596,-0.649499244485944,0.928783382789317,0.985917633306357,19,"UPP1;DCTD;DHODH;CMPK1;CDA"
"Detection of Light Stimulus","GOBP_DETECTION_OF_LIGHT_STIMULUS",0.247712766156754,0.697623688926666,0.929848693259972,0.986450627646785,37,"PITPNM1;CDS1;ROM1;PLEKHB1;ELOVL4;NR2E3;ATP8A2;GRK4;GNA11;PRPH2;CABP4;OPN1SW;PDE6B;AIPL1;RBP4"
"Torc1 Signaling","GOBP_TORC1_SIGNALING",0.221867855841071,0.731977095850863,0.929761904761905,0.986450627646785,102,"PIM1;STAMBPL1;RPS6KA6;RPS6KA5;GPR137C;DGKQ;DEPDC5;GPR155;ATXN3;CTNS;WDR24;CLEC16A;GPR137;AKT1;NLK;SESN3;RPS6KA4;MAT2A;TSC2"
"Mast Cell Activation","GOBP_MAST_CELL_ACTIVATION",-0.215007555693586,-0.760153225466032,0.931034482758621,0.986812040273358,53,"ENPP3;CD226;ADORA2B;LYN;UNC13D;LAT;RABGEF1;RASGRP1;VAMP3;SLC18A2"
"Negative Regulation of Blood Circulation","GOBP_NEGATIVE_REGULATION_OF_BLOOD_CIRCULATION",0.257689167120305,0.615876789549027,0.930513595166163,0.986812040273358,16,"AGER;BIN1;ADRA1A;SRI;FKBP1B;ADCY10;PLN;ZC3H12A;PIK3CG;TNF;ATP2A2;GJD3;PDE4D;APP;RNLS;ATP1A1"
"Negative Regulation of Ubiquitin Dependent Protein Catabolic Process","GOBP_NEGATIVE_REGULATION_OF_UBIQUITIN_DEPENDENT_PROTEIN_CATABOLIC_PROCESS",-0.214813562210277,-0.75314371546642,0.931034482758621,0.986812040273358,52,"MTM1;PARK7;UCHL5;HSP90AB1;RYBP;USP14;PSEN1;RPL5;PDCL3;SGTA;USP7;USP38;BAG5;N4BP1;RPL11"
"Poly a Plus Mrna Export from Nucleus","GOBP_POLY_A_PLUS_MRNA_EXPORT_FROM_NUCLEUS",0.251259061393394,0.61028230096316,0.935435435435435,0.990877027617276,17,"NXT1;NUP93"
"Positive Regulation of Intrinsic Apoptotic Signaling Pathway","GOBP_POSITIVE_REGULATION_OF_INTRINSIC_APOPTOTIC_SIGNALING_PATHWAY",-0.213317804954361,-0.754179158784925,0.935344827586207,0.990877027617276,53,"BCAP31;PARK7;FBXW7;EIF5A;FIS1;MTCH2;SERINC3;RPS3;NKX3-1;VNN1;SOD1"
"Negative Regulation of g Protein Coupled Receptor Signaling Pathway","GOBP_NEGATIVE_REGULATION_OF_G_PROTEIN_COUPLED_RECEPTOR_SIGNALING_PATHWAY",-0.213003088378556,-0.738571440782954,0.935897435897436,0.990933405698333,49,"MRAP;ROBO1;PLD2;SH2B3;RGS2;ARRB1;SLIT2;PPP3CA;RPGRIP1L"
"Positive Regulation of Biomineral Tissue Development","GOBP_POSITIVE_REGULATION_OF_BIOMINERAL_TISSUE_DEVELOPMENT",0.240460903346012,0.67142333183027,0.936054421768707,0.990933405698333,34,"GPM6B;BMPR2;FBXO5;ACVR2B;ALOX5;CEBPB;WNT4;SLC20A2;FAM20C;RXRB"
"Positive Regulation of Exocytosis","GOBP_POSITIVE_REGULATION_OF_EXOCYTOSIS",0.228726916441792,0.714153324786499,0.936467598475222,0.991071298325892,71,"SYTL4;RAB15;GAB2;RAB3A;ADORA3;SYT1;SPHK2;CLASP1;SMPD3"
"Lymphocyte Mediated Immunity","GOBP_LYMPHOCYTE_MEDIATED_IMMUNITY",0.216526465722759,0.773748561640726,0.937768240343348,0.991848474010491,227,"C7;TNFSF4;PRKCZ;GNL1;FZD5;C5;AZGP1;SUSD4;ARID5A;PIK3R1;RFTN1;JAG1;IL10;TRAF2;CADM1;C3;MSH6;AGER;MAD2L2;EXO1;FCGR2B;IRF7;C1QC;DENND1B;IL18;C6;C1R;MASP2;NFKBIZ;CLU;IL20RB;CEACAM1;LGALS9"
"Sulfur Amino Acid Metabolic Process","GOBP_SULFUR_AMINO_ACID_METABOLIC_PROCESS",-0.223012281304155,-0.689142081306721,0.937704918032787,0.991848474010491,27,"BPHL;GCLM;MTHFD1;BHMT2;ENOPH1;MTHFD2L;TXN2;SLC7A11;MTRR"
"Natural Killer Cell Activation","GOBP_NATURAL_KILLER_CELL_ACTIVATION",0.225815738958863,0.710681068672938,0.938131313131313,0.991932988197703,76,"MERTK;DDA1;FYN;AXL;PRDM1;DCAF15;GAS6;ELF4;TYRO3;BAG6;IL18;NFKBIZ"
"Cytoskeleton Dependent Intracellular Transport","GOBP_CYTOSKELETON_DEPENDENT_INTRACELLULAR_TRANSPORT",0.221126324849279,0.770267532685411,0.93952967525196,0.992213582275434,175,"PRICKLE1;KLC3;SYNE2;RPGR;LCA5;TMEM108;CLIP3;KIF4A;TUB;MYO1C;FEZ1;KIF1A;HOOK1;ARMCX2;STAU2;TTC21A;MYO5C;HOOK2;ARHGAP21;TUBA1A;SUN1;IFT27;DTNBP1;KIF5C;KIFC2;KIF1C;DCTN1;DYNLRB1;BICD1;MYO5A;KIF16B;HNRNPU;IFT140;FNBP1L;TMEM201;MAPK8IP3;MYO19"
"Myeloid Leukocyte Mediated Immunity","GOBP_MYELOID_LEUKOCYTE_MEDIATED_IMMUNITY",0.221819354093256,0.718012111076099,0.939024390243902,0.992213582275434,91,"NR4A3;ACE;GAB2;CXCL6;C3;ADORA3;FCGR2B;DNASE1;SPHK2;MAVS"
"Neurotransmitter Receptor Transport","GOBP_NEUROTRANSMITTER_RECEPTOR_TRANSPORT",-0.246467099528396,-0.663822077793677,0.939306358381503,0.992213582275434,15,"AKAP5;STX3;VPS35;SACM1L;RAB11A;SLC1A1;GRIP1"
"Positive Regulation of Protein Localization to Membrane","GOBP_POSITIVE_REGULATION_OF_PROTEIN_LOCALIZATION_TO_MEMBRANE",0.226669382358929,0.70772909265415,0.939008894536214,0.992213582275434,71,"SORBS1;CLIP3;PIK3CA;PIK3R1;ITGA3;WNK3;EFCAB7;FYN"
"Adaptive Immune Response","GOBP_ADAPTIVE_IMMUNE_RESPONSE",0.219053845306281,0.802839042144523,0.940809968847352,0.992585322896363,377,"C7;CLEC4M;ZBTB16;TNFSF4;PRKCZ;GNL1;FZD5;JUNB;SEMA4A;C5;KCNJ8;AZGP1;SUSD4;ARG2;PAG1;ARID5A;SOCS3;RFTN1;JAG1;ZBTB7B;IRF1;IL10;BACH2;TRAF2;CADM1;FYN;HLA-DRB5;PRKCQ;C3;PRDM1;PRKD2;MSH6;TNFAIP3;AGER;MAD2L2;EXO1;FCGR2B;TMEM98;SOCS5;IRF7;JAK1;C1QC;DENND1B;IL18;C6;C1R;PLA2G4A;MASP2;NFKBIZ;CLU;BRD2;CX3CR1;IL20RB;CEACAM1;LGALS9;C2;SIRT1;RAP1GAP;LAG3;CLEC10A;IL17RC;RAG1;BCL3;HLA-DRB1;C1QB;C1S;ALCAM"
"Negative Regulation of Toll Like Receptor Signaling Pathway","GOBP_NEGATIVE_REGULATION_OF_TOLL_LIKE_RECEPTOR_SIGNALING_PATHWAY",-0.230273842658782,-0.637476834329918,0.94047619047619,0.992585322896363,17,"IRAK3;LGR4;YWHAE"
"Positive Regulation of Transcription by Rna Polymerase Iii","GOBP_POSITIVE_REGULATION_OF_TRANSCRIPTION_BY_RNA_POLYMERASE_III",-0.222824067991584,-0.637786483684218,0.940652818991098,0.992585322896363,19,"BRF2;BAZ1B"
"Regulation of Toll Like Receptor Signaling Pathway","GOBP_REGULATION_OF_TOLL_LIKE_RECEPTOR_SIGNALING_PATHWAY",0.239500796897179,0.663669197282954,0.941015089163237,0.992585322896363,33,"IRF1;GDI1;IRF7;TYRO3;LRCH4;ESR1"
"Nuclear Transcribed Mrna Catabolic Process Nonsense Mediated Decay","GOBP_NUCLEAR_TRANSCRIBED_MRNA_CATABOLIC_PROCESS_NONSENSE_MEDIATED_DECAY",-0.218891170181146,-0.714076381952603,0.941818181818182,0.992816953105762,37,"GSPT2;GSPT1;MAGOHB;NCBP2;SMG8;MAGOH;SMG5;SYNCRIP"
"Regulation of Alternative Mrna Splicing via Spliceosome","GOBP_REGULATION_OF_ALTERNATIVE_MRNA_SPLICING_VIA_SPLICEOSOME",0.227252755541858,0.690953523260924,0.942084942084942,0.992816953105762,57,"TIA1;RBM4B;RBPMS;RBMX;RBM15B;RBM24;CELF6;HNRNPU;RBM4;FMR1;RBM14;DDX17;SRSF6;KHDRBS3;RBFOX2;DYRK1A;SRSF8;SRSF3;KHDRBS1;RNPS1;RBM5;SRSF7;HNRNPL;RBM19;RBM7"
"Regulation of Transcription by Rna Polymerase Iii","GOBP_REGULATION_OF_TRANSCRIPTION_BY_RNA_POLYMERASE_III",-0.218573595211419,-0.687745799775089,0.941580756013746,0.992816953105762,30,"BRF2;BAZ1B;DHX36;POLR3G;PRDX5;ZNF143;DDX21"
"t Cell Receptor Signaling Pathway","GOBP_T_CELL_RECEPTOR_SIGNALING_PATHWAY",0.217549702055968,0.738557378716765,0.942956926658906,0.993437026792826,132,"CACNB3;BTNL9;EIF2B2;PAWR;PIK3CA;RFTN1;FYN;FOSL2;DGKZ;PRKD2;RNF31;CBLB;IKBKG;DENND1B;SPPL3;NFKBIZ;ERMAP;CEACAM1;LAG3;PLCG1;HLA-DRB1;RBCK1;BTN2A1"
"b Cell Activation Involved in Immune Response","GOBP_B_CELL_ACTIVATION_INVOLVED_IN_IMMUNE_RESPONSE",-0.202089073804122,-0.748333075319767,0.944186046511628,0.994432868589968,71,"IFNE;PCYT1A;SLC15A4;PARP3;UNG;TFRC;LFNG;LGALS8;PTK2B;CD28;MLH1;HSPD1;MSH2;RNF8;PLCG2;XBP1;ST3GAL1;IL27RA;PMS2"
"Intrinsic Apoptotic Signaling Pathway","GOBP_INTRINSIC_APOPTOTIC_SIGNALING_PATHWAY",0.216790068432959,0.78239836987612,0.947089947089947,0.994438790060727,283,"DDIT4;CD24;HIP1R;ZNF385B;PMAIP1;SKIL;DAB2IP;IER3;RTKN2;NONO;BRCA1;MAP3K5;ING2;PIK3R1;PPP1R13B;ARHGEF2;BCL2;PDK2;MELK;IL10;TRAF2;PPP1R15A;FYN;SNAI2;TP53;MSH6;TMEM117;TOPORS;IVNS1ABP;FCGR2B;HIC1;BOK;IKBKG;ERCC2;USP28;BRCA2;CASP7;KDM1A;DDIT3;BAG6;NCK2;WWOX;CRIP1;CLU;AKT1;MAPK8IP1;CEBPB;PTGS2;E2F1;SIRT1"
"Multivesicular Body Organization","GOBP_MULTIVESICULAR_BODY_ORGANIZATION",-0.21327560816735,-0.669278393159571,0.946127946127946,0.994438790060727,29,"VTA1;VPS37A;VPS37D;STAM;RAB11A;CHMP2A;CHMP1A;CHMP2B;RAB27A;VPS25;VPS4B"
"Negative Regulation of Phosphorylation","GOBP_NEGATIVE_REGULATION_OF_PHOSPHORYLATION",0.219300109302645,0.727718670085656,0.945562130177515,0.994438790060727,106,"DAPK1;IGFBP3;PTPN13;FBLN1;SMO;HIPK3;PKIA;CADM4;NPPA;CDK5RAP3;SOCS5;PAQR3;ZGPAT;CEACAM1;MAPK8IP1;SIRT1;AGT;ZBED3"
"Negative Regulation of Protein Modification Process","GOBP_NEGATIVE_REGULATION_OF_PROTEIN_MODIFICATION_PROCESS",0.218946298180339,0.761076966447604,0.946067415730337,0.994438790060727,171,"IGFBP3;PTPN13;FBLN1;SMO;STK33;HIPK3;PRKCG;CAPN3;CDK1;FYN;BEX1;PKIA;TNFAIP3;CADM4;IVNS1ABP;FBXO5;NPPA;MAD2L2;CDK5RAP3;SOCS5;PAQR3;USP44;ZGPAT;AKT1;CEACAM1;MAPK8IP1;BEX4;RELA;SIRT1;AGT;ZBED3"
"Positive Regulation of Cytokine Production","GOBP_POSITIVE_REGULATION_OF_CYTOKINE_PRODUCTION",0.218279711147757,0.801672057793449,0.9453044375645,0.994438790060727,397,"WNT5A;NOS2;NR4A3;TNFSF4;SEMA7A;PRKCZ;AKAP12;FZD5;ADRA2A;C5;C1QTNF4;ARID5A;BRCA1;HMGB2;PIK3R1;FOXP1;F3;ARHGEF2;HMOX1;RFTN1;ZBTB7B;TMEM106A;EGR1;IRF1;IL10;HPSE;TRAF2;CADM1;THBS1;LPL;ZCCHC3;PRKCQ;ZBTB20;C3;TRIM6;PRKD2;AGPAT1;MDK"
"Positive Regulation of Neurotransmitter Transport","GOBP_POSITIVE_REGULATION_OF_NEUROTRANSMITTER_TRANSPORT",0.244402529408834,0.59362849316431,0.947447447447447,0.994438790060727,17,"TACR2;SYT1;DTNBP1"
"Regulation of Defense Response to Virus","GOBP_REGULATION_OF_DEFENSE_RESPONSE_TO_VIRUS",-0.209439842314533,-0.726015597832555,0.947598253275109,0.994438790060727,51,"APOBEC3G;C1QBP;EIF2AK4;TRIM22"
"Regulation of Defense Response to Virus by Host","GOBP_REGULATION_OF_DEFENSE_RESPONSE_TO_VIRUS_BY_HOST",-0.216061374784881,-0.686797792619466,0.945054945054945,0.994438790060727,33,"APOBEC3G;EIF2AK4;TRIM22"
"Regulation of Dna Damage Checkpoint","GOBP_REGULATION_OF_DNA_DAMAGE_CHECKPOINT",0.235114287029897,0.600006782404238,0.946745562130177,0.994438790060727,21,"BRCA1;BRCA2;RFWD3;BARD1;TELO2;RNASEH2B;WDR76;PPP1R10"
"Regulation of Intracellular Transport","GOBP_REGULATION_OF_INTRACELLULAR_TRANSPORT",0.21897955504614,0.783424799162302,0.947311827956989,0.994438790060727,234,"ATP9A;JUP;CAMK1;SMO;NUMA1;IER3;SVIP;PIK3R1;CHP2;ARHGAP44;FEZ1;EFCAB7;MTMR2;CDK1;SUFU;CDH1;ABCA12;SEC31B;PKIA;FRAT2;PLK3;NDRG4;GRIPAP1;AKAP8L;SPAG5;RANGAP1;NUP214;GAS6;MAVS;FLNA;TRIM28"
"Response to Amino Acid Starvation","GOBP_RESPONSE_TO_AMINO_ACID_STARVATION",0.230926551539806,0.689025089779548,0.946614583333333,0.994438790060727,49,"MAP1LC3A;ATF3;MAP3K5;DEPDC5;GPR155;ATXN3;WDR24;SESN3;SLC38A2;PRKD1"
"Snrna 3 End Processing","GOBP_SNRNA_3_END_PROCESSING",0.239837161516073,0.589233781856118,0.947526236881559,0.994438790060727,18,"TOE1;INTS1;TUT1"
"Myeloid Cell Apoptotic Process","GOBP_MYELOID_CELL_APOPTOTIC_PROCESS",-0.217076803686187,-0.679362812320912,0.950657894736842,0.99675384772917,28,"LIPA;HCAR2;MIF;FCAR;NOD2;ANXA1;CLEC5A;SLC7A11"
"Positive Regulation of Immunoglobulin Production","GOBP_POSITIVE_REGULATION_OF_IMMUNOGLOBULIN_PRODUCTION",-0.212171765065851,-0.696716556588982,0.950381679389313,0.99675384772917,39,"GPI;IL33;IL2RG;TFRC;CD28;VAMP3;MLH1;MSH2;GALNT2;XBP1;IL13RA1;PMS2"
"Rap Protein Signal Transduction","GOBP_RAP_PROTEIN_SIGNAL_TRANSDUCTION",0.249649617453489,0.596662275824797,0.950151057401813,0.99675384772917,16,"KIF14;PLK2;RAP2B;RAPGEF4;RAPGEFL1;CBL;RAPGEF2"
"Cellular Response to Radiation","GOBP_CELLULAR_RESPONSE_TO_RADIATION",0.211422294581854,0.722864228136485,0.952054794520548,0.997919792102178,142,"CCND2;BRCA1;PIK3R1;RHOB;EGR1;AQP1;MC1R;PTPRK;SNAI2;TP53;KDM4D;USP28;BRCA2;KDM1A;CRIP1;BARD1;AKT2;GNB5;SIRT1;XPC;GRK4;SWI5;CRY2;RAD9A;SFRP1;POLD1;BLM;CLOCK;POLD3;IFI16;RHBDD1;RAD51AP1"
"Positive Regulation of Neurotransmitter Secretion","GOBP_POSITIVE_REGULATION_OF_NEUROTRANSMITTER_SECRETION",0.25082981145196,0.590139917298348,0.952743902439024,0.998343371296411,15,"TACR2;SYT1;DTNBP1"
"Proteasome Mediated Ubiquitin Dependent Protein Catabolic Process","GOBP_PROTEASOME_MEDIATED_UBIQUITIN_DEPENDENT_PROTEIN_CATABOLIC_PROCESS",0.213445210923691,0.788563447323431,0.95398773006135,0.999139456347229,437,"PRICKLE1;SOCS2;RNF122;CBX4;TF;FBXO40;UBE2C;TRAF4;FBXO41;KLHL24;DTX4;FBXO42;STK33;PLK1;TRIM26;FBXO44;FBXO46;KLHL13;UBE2S;CDK2;HUWE1;DDA1;KCTD17;KIF14;CCNF;CDC20;APC2;LMO7;ARMC5;AMBRA1;KLHL3;SPSB3;TOPORS;CSNK1E;GSK3A;IVNS1ABP;FBXO5;AXIN1;TNFAIP1;PLK3;UBR1;HECTD3;SOCS5;FBXL19;ATXN3;KLHDC1;PAQR3;UBE4B;TRIM28;KBTBD3;DDIT3;BAG6;AGAP3;FBXO32;FBXW4;KLHL18;DTL;USP44;FZR1;TSPAN17;RMND5B;RANBP10;KLHDC3;FBXL13;CLU;AXIN2;AKT1;ANAPC2;FBXL14;FBXL20;FBXO31;RAB40A;RNF180;SIRT1;TCF25;TRIM39;FBXO25;FBXO6;KDM2B;ARIH2"
"t Helper Cell Lineage Commitment","GOBP_T_HELPER_CELL_LINEAGE_COMMITMENT",0.241431773889866,0.629288866807355,0.954074074074074,0.999139456347229,25,"SOCS3;JAK1;BRD2;LOXL3;ZFPM1;STAT6;IL6ST;MTOR;BRD4"
"Production of Molecular Mediator Involved in Inflammatory Response","GOBP_PRODUCTION_OF_MOLECULAR_MEDIATOR_INVOLVED_IN_INFLAMMATORY_RESPONSE",-0.197619423956437,-0.75829628630824,0.955,0.999534450651769,83,"FADS2;IL1RAP;LIPA;DUSP10;LYN;IL4R;GBP5;PRDX2;VAMP3;P2RX1;STAT3;PDCD4;SLC18A2;NCF1;CHID1;NOD2;RPS19;CD6;XBP1;ALOX5AP;APPL1;CLEC7A"
"Synaptic Vesicle Transport","GOBP_SYNAPTIC_VESICLE_TRANSPORT",0.232601899467866,0.658952541718913,0.955040871934605,0.999534450651769,38,"LIN7B;RAB3A;DNM3;BTBD8;DTNBP1;KIF5C;KIFC2"
"t Cell Lineage Commitment","GOBP_T_CELL_LINEAGE_COMMITMENT",0.229465187489824,0.630517568101032,0.955307262569832,0.999534450651769,31,"SOCS3;BCL2;JAK1;BRD2;LOXL3;BRAF"
"Nuclear Membrane Organization","GOBP_NUCLEAR_MEMBRANE_ORGANIZATION",0.229785706996312,0.671303448544257,0.956406869220608,0.999670660092953,43,"PLK1;CDK1;REEP4;AKAP8L;TOR1AIP1;CHMP4C;DCTN1;CHMP1B"
"Nucleic Acid Catabolic Process","GOBP_NUCLEIC_ACID_CATABOLIC_PROCESS",-0.1943342580421,-0.890413197627434,0.956521739130435,0.999670660092953,327,"CRYZ;ZCCHC17;SLFN5;NME1;NYNRIN;LRPPRC;CASP3;LSM11;DKC1;CARHSP1;C1QBP;NUDT12;RBX1;RBM47;EXOSC8;GSPT2;INTS10;SND1;NPM1;POLR2G;NUDT16;FEN1;HBS1L;SLIRP;SNIP1;MRTO4;SSB;DIS3L2;CNOT1;GSPT1;EXOSC7;ERN1;MAGOHB;FASTKD1;NSUN4;RNASEH1;NCBP2;SNRPD3;DHX36;INTS2;SMG8;FASTKD5;MAGOH;LSM1;LARP1B;ZFC3H1;RNASET2;GRSF1;FASTKD3;SAMD4A;EDC3"
"Positive Regulation of Cell Cycle G1 s Phase Transition","GOBP_POSITIVE_REGULATION_OF_CELL_CYCLE_G1_S_PHASE_TRANSITION",0.22855726560285,0.672814779107234,0.956578947368421,0.999670660092953,45,"CCND2;FAM83D;PAF1;EGFR;CDC6;AKT1;MEPCE;GLI1;DDR2;STIL"
"Synaptic Vesicle Recycling","GOBP_SYNAPTIC_VESICLE_RECYCLING",0.224559595760299,0.70491497451514,0.955919395465995,0.999670660092953,74,"SYT11;STON1;RAB3A;ACTG1;DGKQ;DNM3;GRIPAP1;BTBD8;SYT1;SNCG;ATP8A1;GAK;SYT7;CAPN2;CLTB;AP2B1;STON2;FCHO2;PPP3CC;TOR1A;SCRIB;ITSN1;GIT1;BIN1;NLGN3;ACTB"
"Regulation of Protein Tyrosine Kinase Activity","GOBP_REGULATION_OF_PROTEIN_TYROSINE_KINASE_ACTIVITY",-0.216262380503039,-0.624195299300309,0.956923076923077,0.999732042487784,20,"ERRFI1;NEDD9;UNC119"
"Activation of Innate Immune Response","GOBP_ACTIVATION_OF_INNATE_IMMUNE_RESPONSE",0.204861392281638,0.738365036146732,0.979744136460554,1,272,"CASR;PAK3;PTPRS;C1QTNF4;KCNJ8;DAB2IP;NONO;PIK3R1;RFTN1;PAK1;IRF1;IFI35;GDI1;ZDHHC1;GRAMD4;KCNK6;TRAF2;FYN;TRIM11;ZCCHC3;REG3G;TNFAIP3;SPSB3;TSPAN6;NLRC3"
"Antiviral Innate Immune Response","GOBP_ANTIVIRAL_INNATE_IMMUNE_RESPONSE",0.193342791082048,0.595165908022492,0.989795918367347,1,61,"SENP7;SERINC5;ZDHHC1;TRIM6;MAVS;USP44;RELA;DHX16;IRF3"
"Autophagosome Lysosome Fusion","GOBP_AUTOPHAGOSOME_LYSOSOME_FUSION",0.144491493819182,0.359419609452077,1,1,19,"DIAPH3;PLEKHM1;VPS41;VPS11;STX17;PIP4K2A"
"Autophagosome Maturation","GOBP_AUTOPHAGOSOME_MATURATION",0.153386243105644,0.47047920356562,0.998722860791826,1,60,"MAP1LC3A;PHF23;UVRAG;VMP1;CLEC16A;CHMP4C;TECPR1;CHMP1B"
"b Cell Activation","GOBP_B_CELL_ACTIVATION",0.191399328153521,0.682043097928672,0.996749729144095,1,220,"TNFSF4;PRLR;IRF2BP2;PAWR;MYB;VCAM1;PIK3R1;HDAC5;BCL2;ZFP36L2;IL10;CFB;FOSL2;C3;MSH6;TNFAIP3;MMP14;MAD2L2;EXO1;FCGR2B;SKAP2;IGBP1;CHRNB2;KLF6;POLM;NFKBIZ"
"b Cell Homeostasis","GOBP_B_CELL_HOMEOSTASIS",-0.207774195242146,-0.654709005813165,0.972027972027972,1,31,"CASP3;BBS4;LYN;MIF"
"b Cell Proliferation","GOBP_B_CELL_PROLIFERATION",0.195887478022223,0.611710284712618,0.988549618320611,1,70,"PRLR;PAWR;BCL2;IL10;FOSL2;FCGR2B;CHRNB2;NFKBIZ;CD22"
"Canonical Nf Kappab Signal Transduction","GOBP_CANONICAL_NF_KAPPAB_SIGNAL_TRANSDUCTION",0.199183171367971,0.71950354817881,0.991534391534391,1,292,"WNT5A;PLEKHG5;S100B;TNFSF11;TRAF4;CC2D1A;INSR;DAB2IP;HMOX1;IRAK1BP1;TMEM106A;HUWE1;CAPN3;TRAF2;PPM1B;TRIM8;NKIRAS2;KLF4;TNFAIP3;RNF31;TSPAN6;NLRC3;PLK2;TLR3;IKBKG;TMSB4X;MAPKBP1;SPHK2;MAVS;FLNA;CHRNA7;F2R;CANT1;ESR1;MYO18A;TAB3;CX3CR1;OPTN;LGALS9;BLVRA;RELA;ERC1;NFKBIA;SIRT1;TRIM39;ECM1;BCL3;TRIM59;IRF3;PRKD1;RBCK1;ZNF675;TRIM62;NDFIP1;FLOT1"
"Cellular Response to Arsenic Containing Substance","GOBP_CELLULAR_RESPONSE_TO_ARSENIC_CONTAINING_SUBSTANCE",-0.221011664275986,-0.611835953514756,0.964285714285714,1,17,"PPIF;DHX36;ZFAND2A;VCP;UROS"
"Cellular Response to Interferon Beta","GOBP_CELLULAR_RESPONSE_TO_INTERFERON_BETA",0.219963848676522,0.568395522045015,0.976190476190476,1,24,"IRF1;TRIM6;MAVS;CAPN2;IFI16;OAS1;HTRA2;TREX1"
"Cellular Response to Ph","GOBP_CELLULAR_RESPONSE_TO_PH",-0.190254589593061,-0.531992155495472,0.991044776119403,1,18,"KCNK1"
"Cell Activation Involved in Immune Response","GOBP_CELL_ACTIVATION_INVOLVED_IN_IMMUNE_RESPONSE",-0.189778744546477,-0.863221836403395,1,1,264,"ENPP3;CCR2;PSMA2;IFNE;PSMA1;PSMB8;PCYT1A;SLC15A4;RORA;IL1RAP;SEMA6D;IL33;EIF2AK4;CD46;IL6R;PSMB1;PSMA5;ENTPD7;ADORA2B;NMI;PARP3;PSMA6;UNG;TFRC;LYN;PSEN1;PSMB3;UNC13D;IL18R1;PSMA4;LFNG;ICOSLG;LGALS8;PSMB9;PTK2B;PSMB4;CD28;LAT;RABGEF1;RASGRP1;VAMP3;MLH1;HSPD1;STAT3;SLC18A2;MSH2"
"Central Nervous System Neuron Axonogenesis","GOBP_CENTRAL_NERVOUS_SYSTEM_NEURON_AXONOGENESIS",-0.186656595301384,-0.588166176246368,0.98951048951049,1,31,"PTEN;SLIT2;EPHA4;NDEL1;SCN1B"
"Central Nervous System Projection Neuron Axonogenesis","GOBP_CENTRAL_NERVOUS_SYSTEM_PROJECTION_NEURON_AXONOGENESIS",0.212236602538396,0.545992999747295,0.988183161004431,1,23,"NR4A2;CHRNB2;TSKU;SZT2;PRDM8;EPHB2;WDR47"
"Clathrin Dependent Endocytosis","GOBP_CLATHRIN_DEPENDENT_ENDOCYTOSIS",-0.200263916663447,-0.677157217074698,0.991735537190083,1,45,"SH3GL3;CANX;CLTC;UNC119;DNAJC6;SLC9B2;LMBRD1"
"Cytokine Mediated Signaling Pathway","GOBP_CYTOKINE_MEDIATED_SIGNALING_PATHWAY",0.192027628339174,0.704995502826934,0.997929606625259,1,387,"WNT5A;SOCS2;TNFSF11;CD24;PRLR;IRS1;PDGFB;C1QTNF4;KRT18;SAMHD1;DAB2IP;CXCL6;PIK3R1;F3;CISH;SOCS3;FZD4;KRT8;RPS6KA5;EGR1;IRF1;IL10;TRAF2;NKIRAS2;CMKLR1;AXL;TRIM6;GPR35;TP53;AGPAT1;TNFAIP3;CLDN18;ULK1;SOCS5;IRF7;TMSB4X;GAS6;JAK1;EXT1;MAVS;SPPL2B;PXDN;CCR9;CSF1;IL18;SMAD4;NFKBIZ;CX3CR1;AKT1;IL20RB;CEACAM1;SLC27A1;RELA;NFKBIA;RPS6KA4;SIRT1;IL17RC;ECM1;IL11;UGCG;DOK1"
"Cytoplasmic Pattern Recognition Receptor Signaling Pathway","GOBP_CYTOPLASMIC_PATTERN_RECOGNITION_RECEPTOR_SIGNALING_PATHWAY",-0.190966116274265,-0.806357199333217,0.982905982905983,1,162,"ENPP3;IRAK1;SMPDL3A;NR1H4;PELI1;SLC15A4;PPT1;C1QBP;IRAK2;IFIH1"
"Defense Response to Gram Positive Bacterium","GOBP_DEFENSE_RESPONSE_TO_GRAM_POSITIVE_BACTERIUM",0.213053470970722,0.653495550250607,0.968071519795658,1,60,"ANG;HMGB2;RNASE4;REG3G;ACP5;GBP4;IL18;PPP1R11;SSC5D;GBP6;CRP;CARD9;GSDMD"
"Defense Response to Virus","GOBP_DEFENSE_RESPONSE_TO_VIRUS",-0.186641271951654,-0.854104144743995,0.983050847457627,1,256,"BNIP3;APOBEC3G;IFNE;CXADR;C1QBP;VAPB;TRIM35;AZI2;IL33;IFIH1;NMB;EIF2AK4;G3BP1;MICA;GPAM;FADD;DDX1;DHX15;APOBEC3C;TRIM22;UNC13D;IFNGR2;DHX36;USP27X;ITGAX;SERINC3;RPSA;GBP5;USP18;IFITM1;POLR3G;IFIT2;MLKL;HSP90AA1;IFNGR1;USP7;ZMPSTE24;GPR146;EPG5;BST2;DDX21;DDX60L;POLR3B;AIM2;TRIM65;TRIM25;TANK;TLR2;POLR3H"
"Detection of Light Stimulus Involved in Sensory Perception","GOBP_DETECTION_OF_LIGHT_STIMULUS_INVOLVED_IN_SENSORY_PERCEPTION",0.186064910478383,0.437764276288457,0.996951219512195,1,15,"ROM1;ATP8A2;PRPH2"
"Dna Damage Tolerance","GOBP_DNA_DAMAGE_TOLERANCE",0.232448802434501,0.640561346228339,0.9625,1,32,"POLQ;BRCA1;MAD2L2;DTL"
"Dna Templated Transcription Elongation","GOBP_DNA_TEMPLATED_TRANSCRIPTION_ELONGATION",-0.191834638010962,-0.793684356935036,0.983870967741935,1,143,"WDR43;POLR1C;MAP2K1;POLR1B;MED6;INTS10;POLR2G;MED11;POLR2H;POLR2D;MED28;CTNNB1;CTR9;NCBP2;TCEA1;POLR2L;INTS2;POLR2I"
"Endocytic Recycling","GOBP_ENDOCYTIC_RECYCLING",0.19136983982107,0.614693368603673,0.995061728395062,1,87,"ATP9A;ARHGAP44;WASH3P;WIPF3;MICALL2;CMTM6;VPS52;NDRG4;GRIPAP1"
"Endosome to Lysosome Transport via Multivesicular Body Sorting Pathway","GOBP_ENDOSOME_TO_LYSOSOME_TRANSPORT_VIA_MULTIVESICULAR_BODY_SORTING_PATHWAY",0.227795094256554,0.544429992512051,0.978851963746224,1,16,"CHMP4C;CHMP1B;UBXN6;SNX32"
"Establishment of Organelle Localization","GOBP_ESTABLISHMENT_OF_ORGANELLE_LOCALIZATION",0.211462737624659,0.769216359703274,0.962224554039874,1,329,"ATP9A;NR4A3;LLGL2;SYNE2;CENPE;CENPA;SYT11;SHROOM2;NUMA1;MARK1;GAB2;LIN7B;RAB3A;CEP120;STARD3;MYO1C;FEZ1;SKA2;ESPL1;KIF1A;ARMCX2;SKA3;TSPAN9;TESK1;ADORA3;DNM3;SPAG5;BTBD8;IKBKG;SYT1;LMNA;MYO5C;SPHK2;ARHGAP21;TUBA1A;SUN1;NUSAP1;CLASP1;CROCC;SMPD3;DTNBP1;LGALS9;RBM10;KIF5C;PKD1;NDC80;KIFC2;EXOC2;RAB11B;KIF1C;DCTN2;ZBED3;DCTN1;SCN11A;BICD1;GPR143;CD84;EXOC6;MYO5A;KIF16B"
"Granulocyte Differentiation","GOBP_GRANULOCYTE_DIFFERENTIATION",0.235572283010327,0.649168750962691,0.959722222222222,1,32,"L3MBTL3;FOSL2;C1QC;CEACAM1;TAL1;RUNX1;ZBTB46;ZFPM1;RARA;BAP1"
"Immunoglobulin Production","GOBP_IMMUNOGLOBULIN_PRODUCTION",0.208027052600399,0.664146353769288,0.976309226932668,1,83,"TNFSF4;POLQ;SAMHD1;IL10;TRAF2;MSH6;MAD2L2;EXO1;FCGR2B"
"Immunological Synapse Formation","GOBP_IMMUNOLOGICAL_SYNAPSE_FORMATION",-0.222515954946718,-0.605423105550799,0.967647058823529,1,16,"NEDD9;CD6;CCR7;HAVCR2;EPHB1;MSN;PRF1;LGALS3"
"Late Endosome to Lysosome Transport","GOBP_LATE_ENDOSOME_TO_LYSOSOME_TRANSPORT",-0.194496778086578,-0.561373523810772,0.993846153846154,1,20,"ARL8B;VPS39;VPS35;CHMP2A;CHMP1A;CHMP2B;VPS4B"
"Late Endosome to Vacuole Transport","GOBP_LATE_ENDOSOME_TO_VACUOLE_TRANSPORT",-0.169148971148254,-0.53767657511269,0.996336996336996,1,33,"VTA1;VPS37A;TMEM50A"
"Leukocyte Degranulation","GOBP_LEUKOCYTE_DEGRANULATION",0.198770259453916,0.616640856866316,0.993556701030928,1,66,"NR4A3;GAB2;ADORA3;FCGR2B;SPHK2;CEACAM1;LGALS9;SCN11A;CD84"
"Lymphocyte Activation Involved in Immune Response","GOBP_LYMPHOCYTE_ACTIVATION_INVOLVED_IN_IMMUNE_RESPONSE",-0.183737388613939,-0.788819221310502,0.989583333333333,1,191,"PSMA2;IFNE;PSMA1;PSMB8;PCYT1A;SLC15A4;RORA;SEMA6D;EIF2AK4;CD46;IL6R;PSMB1;PSMA5;ENTPD7;PARP3;PSMA6;UNG;TFRC;PSEN1;PSMB3;UNC13D;IL18R1;PSMA4;LFNG;ICOSLG;LGALS8;PSMB9;PTK2B;PSMB4;CD28"
"Lymph Vessel Development","GOBP_LYMPH_VESSEL_DEVELOPMENT",0.222078101331058,0.573858836805783,0.974702380952381,1,24,"BMPR2;ACVR2B;NR2F2;PKD1;KDR"
"Lymph Vessel Morphogenesis","GOBP_LYMPH_VESSEL_MORPHOGENESIS",0.199465460079858,0.476722201995206,0.990936555891239,1,16,"BMPR2;ACVR2B;PKD1"
"Mast Cell Activation Involved in Immune Response","GOBP_MAST_CELL_ACTIVATION_INVOLVED_IN_IMMUNE_RESPONSE",-0.207051054589424,-0.700106730429019,0.983471074380165,1,45,"ENPP3;ADORA2B;LYN;UNC13D;LAT;RABGEF1;RASGRP1;VAMP3;SLC18A2"
"Mature b Cell Differentiation","GOBP_MATURE_B_CELL_DIFFERENTIATION",0.177688890547265,0.481247338793485,0.994326241134752,1,29,"IL10;FCGR2B;NFKBIZ;BCL3"
"Membrane Fission","GOBP_MEMBRANE_FISSION",-0.195824402376831,-0.64950312837181,0.979674796747967,1,42,"VPS37A;DNM2;EXOC6B;SLC25A46;VPS37D;DNM1L;STAM;CHMP2A;SH3GLB1;EXOC5;CHMP1A;CHMP2B;CORO1C;DNM1;VPS25;VPS4B;EXOC1;TMCC1"
"Membrane Invagination","GOBP_MEMBRANE_INVAGINATION",0.17111483505513,0.518301560173942,0.996143958868895,1,55,"PLK1;THBS1;C3;DOCK1;FCGR2B"
"Microtubule Based Transport","GOBP_MICROTUBULE_BASED_TRANSPORT",0.199088438065215,0.696843334652629,0.988888888888889,1,183,"KLC3;SYNE2;RPGR;LCA5;TMEM108;CLIP3;KIF4A;GAS8;TUB;DNAAF2;FEZ1;KIF1A;HOOK1;ARMCX2;STAU2;TTC21A;HOOK2;ARHGAP21;TUBA1A;STK36;SUN1;OFD1;IFT27;RSPH4A;DTNBP1;DNAH1"
"Microtubule Nucleation","GOBP_MICROTUBULE_NUCLEATION",0.212713219116296,0.637115966755098,0.973007712082262,1,50,"PAK1;CEP192;AKAP9;MZT1;CLASP1;PCNT;DCTN1;GOLGA2;HAUS4;TUBGCP6;TUBGCP2;HAUS7;HAUS1;GIT1;CKAP5;HAUS5;MECP2;ACTB;CLASP2"
"Mirna Processing","GOBP_MIRNA_PROCESSING",0.177378671645253,0.499064934246491,0.997286295793758,1,35,"SMAD1;LIN28A;TNRC6B;DGCR8;PUS10;TNRC6C;TNRC6A;ZC3H7B;PUM1;ZC3H10;DROSHA;ADAR;PRKRA;RIPK1;SRSF3;SRRT"
"Mitochondrial Dna Metabolic Process","GOBP_MITOCHONDRIAL_DNA_METABOLIC_PROCESS",-0.187592422120666,-0.510402891357992,0.994117647058824,1,16,"SSBP1;RRM1;DNAJA3;RRM2B;ENDOG;DNA2;TOP3A;PARP1"
"Modification of Synaptic Structure","GOBP_MODIFICATION_OF_SYNAPTIC_STRUCTURE",0.222263363555489,0.620611525722709,0.975510204081633,1,34,"FILIP1;RHOB;ARHGAP44;WASF3;DLGAP4;AMOT;CTTNBP2"
"Mrna Catabolic Process","GOBP_MRNA_CATABOLIC_PROCESS",0.182638094249709,0.653409001022106,1,1,234,"CPEB3;BTG2;BICC1;FBLL1;ARID5A;TOB1;DCP1B;ZFP36;ZFP36L2;VIM;CNOT10;EIF4ENIF1;TRAF2;PAN2;TESK1;DND1;CASC3;RBM46;SECISBP2;MEX3D;HNRNPA0;DHX34;FXR2;GTPBP2;ANGEL2;AXIN2;AKT1;ZHX2;RBM10;TUT1;FAM76B;E2F1;TNRC6B;PATL2;ROCK2;DIS3;SAMD4B;CNOT3;SMG6;CIRBP;RBM24;TNRC6C;MOV10;TNRC6A;HNRNPU"
"Mrna Processing","GOBP_MRNA_PROCESSING",-0.135988457921193,-0.634930441016164,1,1,435,"TRMT61B;RBM3;PRDX6;NOL3;CTNNBL1;LSM11;SRPK2;MBNL1;C1QBP;SNRNP40;RBM47;MBNL2;PRMT5;RPRD1A;UBL5;HNRNPF;PPIE;DDX47;NPM1;PAPOLA;SNIP1;TXNL4A;HABP4;DDX1;TRUB2;RNGTT;DHX15;ERN1;MAGOHB;AQR;SAP18;PUS7;NCBP2;SNRPD3;DHX36;FASTKD5;MAGOH;LSM1;SF3B5;PUS7L;GRSF1;PUS1;CWC15;SNRPD2;ZRANB2;HNRNPK;CBLL1;USP39;RNU6ATAC;THOC7;SNRPD1;CDC40;CDC73;SNRPA1;SNRPG;WDR33;RPUSD2;LSM4;TGS1;RBM44;SYNCRIP;USP4;THUMPD2;CLP1;CWF19L1;WDR77;SNRPB2;SRPK1;UPF3A;TSEN15;ZC3H14;PHF5A;ADARB1;RNMT;SNRPB;SNRNP25;DHX9;SNRNP48;GEMIN6;SNRNP200;LSM5;WDR70;SNRPC;THOC3;CIR1;PPIL1;SAP30BP;USP49;U2AF1;SF3B3;FRG1;PNPT1;RNU2-1"
"Mrna Transcription","GOBP_MRNA_TRANSCRIPTION",0.210890605436137,0.631656897113447,0.976863753213368,1,50,"HIPK3;TAF11;TP53;FLNA;POLR2A;NFKBIZ;TAF3;IRF3;TBP;TAF8;RXRB;NR1H2;CREB1;TAF10"
"Mrna Transport","GOBP_MRNA_TRANSPORT",-0.180499751775418,-0.732922525029116,0.993506493506494,1,116,"CETN2;LRPPRC;NUP35;AGFG1;ERH;NUP153;MAGOHB;ZC3H11A;NCBP2;NUP155;MAGOH;NUP37;NUP188;SENP2;SMG5;NUTF2;THOC7;EIF4E;CETN3;FYTTD1;SEH1L;ARC;UPF3A;NUP160;DHX9;MX2;DDX19B;RAE1;THOC3"
"Myeloid Dendritic Cell Activation","GOBP_MYELOID_DENDRITIC_CELL_ACTIVATION",-0.148809531560335,-0.442231794550737,1,1,23,"DHRS2;PSEN1;STARD7;CLEC4D;CAMK4;HAVCR2;BATF;TGFB1;CD37"
"Negative Regulation of Immune Response","GOBP_NEGATIVE_REGULATION_OF_IMMUNE_RESPONSE",0.184304367868905,0.639625943399049,0.996602491506229,1,166,"PIM1;TNFSF4;SAMHD1;DTX4;SUSD4;ARG2;ZBTB7B;IL10;FYN;SERPING1;TNFAIP3;NLRC3;PLK2;FCGR2B;SOCS5;PRKAR1B;TYRO3;IL18;CLU;IL20RB;CEACAM1;LGALS9"
"Negative Regulation of Innate Immune Response","GOBP_NEGATIVE_REGULATION_OF_INNATE_IMMUNE_RESPONSE",0.214165884902082,0.675482241822803,0.972257250945776,1,77,"PIM1;SAMHD1;DTX4;SUSD4;SERPING1;TNFAIP3;NLRC3"
"Negative Regulation of Lipid Storage","GOBP_NEGATIVE_REGULATION_OF_LIPID_STORAGE",-0.203674171587336,-0.563839837990874,0.976190476190476,1,17,"ABCA1;ITGAV;NR1H3"
"Negative Regulation of Peptidyl Tyrosine Phosphorylation","GOBP_NEGATIVE_REGULATION_OF_PEPTIDYL_TYROSINE_PHOSPHORYLATION",0.207739196903353,0.525221103636875,0.986706056129985,1,20,"CADM4;SOCS5;ZGPAT;SFRP1;TSG101;PIBF1;SOCS4"
"Negative Regulation of Post Translational Protein Modification","GOBP_NEGATIVE_REGULATION_OF_POST_TRANSLATIONAL_PROTEIN_MODIFICATION",0.214229435246043,0.672487570061594,0.973551637279597,1,74,"STK33;PRKCG;CAPN3;CDK1;FYN;BEX1;TNFAIP3;IVNS1ABP;FBXO5;MAD2L2;USP44;AKT1;BEX4;RELA;HMG20B;BEX2;HDAC8;PER2;CAMLG;UBXN1"
"Negative Regulation of Protein Binding","GOBP_NEGATIVE_REGULATION_OF_PROTEIN_BINDING",0.226281435048994,0.580510571158895,0.961367013372957,1,22,"IL10;IL11;DDX11;GOLGA2"
"Negative Regulation of Protein Localization to Nucleus","GOBP_NEGATIVE_REGULATION_OF_PROTEIN_LOCALIZATION_TO_NUCLEUS",-0.207838392232012,-0.670239582403327,0.981203007518797,1,36,"MAGED1;ANGPT1;GSK3B;UFM1;OTUD7B;FBXO4;YWHAE"
"Negative Regulation of Protein Ubiquitination","GOBP_NEGATIVE_REGULATION_OF_PROTEIN_UBIQUITINATION",0.213741531651486,0.659550374574049,0.962868117797695,1,62,"STK33;PRKCG;CDK1;FYN;BEX1;TNFAIP3;IVNS1ABP;FBXO5;MAD2L2"
"Negative Regulation of Proteolysis Involved in Protein Catabolic Process","GOBP_NEGATIVE_REGULATION_OF_PROTEOLYSIS_INVOLVED_IN_PROTEIN_CATABOLIC_PROCESS",0.208033679143558,0.645378571807304,0.979381443298969,1,66,"CBX4;STK33;SVIP;QRICH2;PRKCG;SUFU;DMWD;BAG6;FBXO32"
"Negative Regulation of Response to Biotic Stimulus","GOBP_NEGATIVE_REGULATION_OF_RESPONSE_TO_BIOTIC_STIMULUS",0.211537834162576,0.701960577398276,0.969230769230769,1,106,"PIM1;SAMHD1;DTX4;SUSD4;ARG2;PPM1B;SERPING1;TNFAIP3;NLRC3;MAPKBP1;TYRO3"
"Negative Regulation of Telomere Maintenance","GOBP_NEGATIVE_REGULATION_OF_TELOMERE_MAINTENANCE",0.220042711165704,0.609749827053822,0.978052126200274,1,33,"TP53;ACD;XRCC1;SLX4;SMG6;TNKS;HNRNPU;CTC1;TERF2IP;TINF2;DCP2;PML;RTEL1"
"Negative Regulation of Telomere Maintenance via Telomere Lengthening","GOBP_NEGATIVE_REGULATION_OF_TELOMERE_MAINTENANCE_VIA_TELOMERE_LENGTHENING",-0.202906054474852,-0.614354761675677,0.981818181818182,1,24,"PINX1"
"Negative Regulation of t Cell Receptor Signaling Pathway","GOBP_NEGATIVE_REGULATION_OF_T_CELL_RECEPTOR_SIGNALING_PATHWAY",0.217317386078163,0.606801194684382,0.983673469387755,1,34,"PAWR;FYN;DGKZ;CBLB"
"Nls Bearing Protein Import into Nucleus","GOBP_NLS_BEARING_PROTEIN_IMPORT_INTO_NUCLEUS",-0.207608509568595,-0.574731432505121,0.973214285714286,1,17,"NUP35;KPNA1;KPNA3;KPNB1;KPNA5"
"Nuclear Membrane Reassembly","GOBP_NUCLEAR_MEMBRANE_REASSEMBLY",-0.183428596515174,-0.555381316679981,0.987878787878788,1,24,"RCC1;REEP3;UBXN2B;CHMP2A;CHMP1A;CHMP2B;VPS4B;NSFL1C;SIRT2"
"Nuclear Transcribed Mrna Catabolic Process","GOBP_NUCLEAR_TRANSCRIBED_MRNA_CATABOLIC_PROCESS",0.20446642157133,0.688905137384151,0.980046948356808,1,125,"CPEB3;BTG2;TOB1;DCP1B;ZFP36;ZFP36L2;CNOT10;EIF4ENIF1;PAN2;TESK1;CASC3;SECISBP2;DHX34;GTPBP2;TUT1;TNRC6B;PATL2;DIS3;SAMD4B;CNOT3;SMG6;TNRC6C;TNRC6A;HNRNPU"
"Nucleotide Binding Domain Leucine Rich Repeat Containing Receptor Signaling Pathway","GOBP_NUCLEOTIDE_BINDING_DOMAIN_LEUCINE_RICH_REPEAT_CONTAINING_RECEPTOR_SIGNALING_PATHWAY",-0.204188358794462,-0.62747377787818,0.981651376146789,1,25,"SLC15A4;MAP3K7;PTPN22;NOD2;XIAP;BIRC3"
"Nucleotide Binding Oligomerization Domain Containing 2 Signaling Pathway","GOBP_NUCLEOTIDE_BINDING_OLIGOMERIZATION_DOMAIN_CONTAINING_2_SIGNALING_PATHWAY",-0.203030333929422,-0.546831680098728,0.985549132947977,1,15,"SLC15A4;PTPN22;NOD2;XIAP;SLC15A3;TLR4;IRGM"
"Organelle Fusion","GOBP_ORGANELLE_FUSION",0.197601280440316,0.675609435356725,0.984018264840183,1,142,"PLA2G5;SYT2;SYT11;VAT1;RAB3A;HUWE1;ERC2;CDK1;VPS8;UVRAG;ATL1;DIAPH3;SYT1;SYT5"
"Phagocytosis Engulfment","GOBP_PHAGOCYTOSIS_ENGULFMENT",0.207465518982921,0.592774369330234,0.99054054054054,1,39,"THBS1;C3;DOCK1;FCGR2B"
"Phosphatidylinositol Biosynthetic Process","GOBP_PHOSPHATIDYLINOSITOL_BIOSYNTHETIC_PROCESS",0.190247412501401,0.629811315550554,0.99880810488677,1,104,"PDGFB;PIK3CA;PIK3R1;PI4KAP2;PITPNM1;MTMR2;INPP5K;CDS1;UVRAG;INPP1;PDGFA;ITPKC;SBF1;FIG4;EFR3B;DGKE;MTMR1;PITPNM3;TTC7B;INPPL1"
"Phosphatidylinositol Phosphate Biosynthetic Process","GOBP_PHOSPHATIDYLINOSITOL_PHOSPHATE_BIOSYNTHETIC_PROCESS",0.204143816665153,0.609112337527806,0.983072916666667,1,49,"PIK3CA;PIK3R1;PI4KAP2;UVRAG;INPP1;ITPKC;FIG4;EFR3B;TTC7B"
"Positive Regulation of Actin Filament Polymerization","GOBP_POSITIVE_REGULATION_OF_ACTIN_FILAMENT_POLYMERIZATION",-0.178825810511112,-0.576679482903756,1,1,36,"BAG4;RICTOR;PTK2B;CCL26;PFN2;CDC42EP4;NCKAP1;GRB2;NCK1;RAC1;CCR7;PFN1;FER"
"Positive Regulation of Adaptive Immune Response","GOBP_POSITIVE_REGULATION_OF_ADAPTIVE_IMMUNE_RESPONSE",0.20789260828151,0.686402677190006,0.981042654028436,1,101,"TNFSF4;PRKCZ;FZD5;AZGP1;ARID5A;TRAF2;PRKCQ;C3;MAD2L2;DENND1B;IL18;PLA2G4A;NFKBIZ;BRD2"
"Positive Regulation of Alcohol Biosynthetic Process","GOBP_POSITIVE_REGULATION_OF_ALCOHOL_BIOSYNTHETIC_PROCESS",-0.214777251755143,-0.600562716289812,0.961194029850746,1,18,"PRKAA1;MAPK1;LHCGR;SREBF1;KPNB1;SNCA;SREBF2;ABCG1;MBTPS2"
"Positive Regulation of Atp Dependent Activity","GOBP_POSITIVE_REGULATION_OF_ATP_DEPENDENT_ACTIVITY",0.215453869768309,0.514934481304258,0.989425981873112,1,16,"VMP1;TOR1AIP1;HNRNPU;SETMAR"
"Positive Regulation of Bone Mineralization","GOBP_POSITIVE_REGULATION_OF_BONE_MINERALIZATION",0.199940704823157,0.546603833232252,0.990154711673699,1,30,"GPM6B;BMPR2;ACVR2B;ALOX5;WNT4;SLC20A2;FAM20C;RXRB"
"Positive Regulation of b Cell Proliferation","GOBP_POSITIVE_REGULATION_OF_B_CELL_PROLIFERATION",0.226416066873089,0.632206848949094,0.965986394557823,1,34,"PRLR;BCL2"
"Positive Regulation of Calcium Mediated Signaling","GOBP_POSITIVE_REGULATION_OF_CALCIUM_MEDIATED_SIGNALING",0.22050546732856,0.636802551574692,0.977272727272727,1,41,"IGF1;CHP2;CAMTA1"
"Positive Regulation of Canonical Nf Kappab Signal Transduction","GOBP_POSITIVE_REGULATION_OF_CANONICAL_NF_KAPPAB_SIGNAL_TRANSDUCTION",0.175683121765275,0.619760421189626,1,1,197,"PLEKHG5;S100B;TNFSF11;CC2D1A;INSR;DAB2IP;HMOX1;IRAK1BP1;TMEM106A;HUWE1;TRAF2;TRIM8;RNF31;TSPAN6;PLK2;TLR3;IKBKG;MAVS;FLNA;F2R;CANT1;TAB3;CX3CR1;LGALS9"
"Positive Regulation of Cell Substrate Junction Organization","GOBP_POSITIVE_REGULATION_OF_CELL_SUBSTRATE_JUNCTION_ORGANIZATION",0.206174658934276,0.558397351872611,0.984397163120567,1,29,"NRP1;PIK3R1;FERMT2;WNT4;KDR;SFRP1"
"Positive Regulation of Defense Response","GOBP_POSITIVE_REGULATION_OF_DEFENSE_RESPONSE",0.189494809982049,0.699154833247599,0.997948717948718,1,432,"WNT5A;PLA2G5;CASR;TNFSF11;TNFSF4;PAK3;PTPRS;C1QTNF4;KCNJ8;DAB2IP;NONO;HMGB2;PIK3R1;RFTN1;PAK1;IRF1;IFI35;GDI1;ZDHHC1;GRAMD4;KCNK6;TRAF2;CADM1;FYN;TRIM11;LPL;ZCCHC3;CPT1A;PLSCR2;REG3G;C3;TRIM6;TNFAIP3;RNF31;MDK;SPSB3;TSPAN6;NLRC3"
"Positive Regulation of Dna Recombination","GOBP_POSITIVE_REGULATION_OF_DNA_RECOMBINATION",-0.182075601545544,-0.652871775153853,0.990867579908676,1,60,"PELI1;RUVBL1;ACTL6A;MEAF6;TFRC;RUVBL2;ACTR2;CD28;MLH1;MSH2;MORF4L1;RNF8"
"Positive Regulation of Dna Templated Transcription Elongation","GOBP_POSITIVE_REGULATION_OF_DNA_TEMPLATED_TRANSCRIPTION_ELONGATION",-0.172827154143311,-0.624205024080053,1,1,62,"MAP2K1;MED6;MED11;MED28;CTNNB1;NCBP2"
"Positive Regulation of Dna Templated Transcription Initiation","GOBP_POSITIVE_REGULATION_OF_DNA_TEMPLATED_TRANSCRIPTION_INITIATION",0.202000866093599,0.630706662664288,0.982210927573062,1,71,"JUN;MED12;TAF11;TP53;MED14;SRF;TAF3;NFKBIA;TBP;MED29;TAF8;GTF2A1;CREB1;PIAS1;TAF10;KAT8"
"Positive Regulation of G1 s Transition of Mitotic Cell Cycle","GOBP_POSITIVE_REGULATION_OF_G1_S_TRANSITION_OF_MITOTIC_CELL_CYCLE",-0.186947451699593,-0.609868181591925,0.996363636363636,1,37,"LSM11;CUL4B;MDM2"
"Positive Regulation of Interferon Alpha Production","GOBP_POSITIVE_REGULATION_OF_INTERFERON_ALPHA_PRODUCTION",-0.19386909381358,-0.569786525789308,0.990881458966565,1,22,"IFIH1;NMB;DHX36;HSPD1;TRIM65;DHX9;STAT1;ZC3HAV1;TLR4"
"Positive Regulation of Leukocyte Migration","GOBP_POSITIVE_REGULATION_OF_LEUKOCYTE_MIGRATION",0.213912189719693,0.713329709027325,0.964912280701754,1,111,"WNT5A;PGF;SELE;PDGFD;CMKLR1;THBS1;MDK;MMP14;AGER;CD47;GAS6;CSF1;CX3CR1;AKIRIN1;LGALS9;SELP;XG;C3AR1"
"Positive Regulation of Myeloid Leukocyte Mediated Immunity","GOBP_POSITIVE_REGULATION_OF_MYELOID_LEUKOCYTE_MEDIATED_IMMUNITY",0.225871084172767,0.561849661278231,0.968421052631579,1,19,"C3;MAVS"
"Positive Regulation of Pattern Recognition Receptor Signaling Pathway","GOBP_POSITIVE_REGULATION_OF_PATTERN_RECOGNITION_RECEPTOR_SIGNALING_PATHWAY",0.210762135043257,0.658061944880665,0.968233799237611,1,71,"CASR;IFI35;GDI1;ZDHHC1;KCNK6;ZCCHC3"
"Positive Regulation of Protein Localization to Cell Surface","GOBP_POSITIVE_REGULATION_OF_PROTEIN_LOCALIZATION_TO_CELL_SURFACE",-0.201065806774643,-0.580333625972422,0.984615384615385,1,20,"STX3;HSP90AB1;TM9SF4"
"Positive Regulation of Protein Polymerization","GOBP_POSITIVE_REGULATION_OF_PROTEIN_POLYMERIZATION",0.207078153209204,0.646656117768767,0.977099236641221,1,70,"FCHSD1;NUMA1;PAK1;AMBRA1;CDC42EP1;AKAP9;NCK2;CLASP1"
"Positive Regulation of Response to Biotic Stimulus","GOBP_POSITIVE_REGULATION_OF_RESPONSE_TO_BIOTIC_STIMULUS",0.209827365552706,0.767726806005779,0.961618257261411,1,354,"WNT5A;PLA2G5;CASR;PAK3;PTPRS;C1QTNF4;KCNJ8;DAB2IP;NONO;HMGB2;PIK3R1;RFTN1;PAK1;IRF1;IFI35;GDI1;ZDHHC1;GRAMD4;KCNK6;TRAF2;CADM1;FYN;TRIM11;ZCCHC3;CPT1A;PLSCR2;REG3G;TRIM6;TNFAIP3;SPSB3;TSPAN6;NLRC3"
"Positive Regulation of t Cell Receptor Signaling Pathway","GOBP_POSITIVE_REGULATION_OF_T_CELL_RECEPTOR_SIGNALING_PATHWAY",-0.224220607492055,-0.610061137183765,0.967647058823529,1,16,"LIPA;CD226;CD28"
"Post Golgi Vesicle Mediated Transport","GOBP_POST_GOLGI_VESICLE_MEDIATED_TRANSPORT",0.212377910557479,0.707268295472839,0.966081871345029,1,109,"ATP9A;RAB3IP;LLGL2;KRT18;ANK3;GOPC;VPS52;RABIF;OPTN;GAK;EXOC2;SORT1;AP1G2;AP4M1;OSBPL5;EXOC6;MYO5A;KIF16B;CORO7"
"Presynaptic Endocytosis","GOBP_PRESYNAPTIC_ENDOCYTOSIS",0.202818287082769,0.633507909464689,0.980867346938776,1,69,"SYT11;STON1;ACTG1;DGKQ;DNM3;BTBD8;SNCG;ATP8A1;GAK;SYT7;CAPN2;CLTB;NECAP1;AP2B1;STON2;FCHO2;PPP3CC;TOR1A;SCRIB;ITSN1;BIN1;NLGN3;ACTB"
"Primary Mirna Processing","GOBP_PRIMARY_MIRNA_PROCESSING",0.230652507036099,0.55125920550827,0.974320241691843,1,16,"SMAD1;DGCR8;PUS10"
"Protein Destabilization","GOBP_PROTEIN_DESTABILIZATION",-0.197491862455272,-0.682853656845986,0.977678571428571,1,50,"D2HGDH;MDM2;SERF2;FBXL3;SENP2;FBXO4;CDC73;BMP2;PRKDC;VPS35;FBXW11;CCDC88C;COMMD1;XBP1"
"Protein K63 Linked Deubiquitination","GOBP_PROTEIN_K63_LINKED_DEUBIQUITINATION",0.233509508966904,0.603398058591458,0.96577380952381,1,24,"STAMBPL1;TNFAIP3;ATXN3"
"Protein K63 Linked Ubiquitination","GOBP_PROTEIN_K63_LINKED_UBIQUITINATION",0.198980990686493,0.620048531931816,0.987212276214834,1,68,"UBE2S;TRAF2;TRIM8;CBLB;SASH1;UBE2O;IL17RC;ARIH2;WWP2;RNF39;UBE2T;TRAF6;RNF126;CBL;IL17RB;TRIM32;DDX3X;PELI3;TRIM21"
"Protein Localization to Endosome","GOBP_PROTEIN_LOCALIZATION_TO_ENDOSOME",-0.210672219339342,-0.619171367526546,0.972644376899696,1,22,"ANKRD13A;ARL8B"
"Protein Quality Control for Misfolded or Incompletely Synthesized Proteins","GOBP_PROTEIN_QUALITY_CONTROL_FOR_MISFOLDED_OR_INCOMPLETELY_SYNTHESIZED_PROTEINS",-0.200106144066663,-0.618358611453713,0.986885245901639,1,27,"YME1L1;TMEM126A;LONP1;AFG3L2;AKIRIN2;VCP;ZYG11B;STUB1;CUL3;UBR4"
"Receptor Metabolic Process","GOBP_RECEPTOR_METABOLIC_PROCESS",0.207908803286127,0.644991172022551,0.979381443298969,1,66,"REP15;ZNRF3;MTMR2;PCSK5;GPRASP1;UVRAG"
"Regulation of b Cell Activation","GOBP_REGULATION_OF_B_CELL_ACTIVATION",0.208997573780367,0.691883454070722,0.970202622169249,1,104,"TNFSF4;PRLR;PAWR;BCL2;ZFP36L2;IL10;TNFAIP3;MMP14;MAD2L2;FCGR2B"
"Regulation of b Cell Differentiation","GOBP_REGULATION_OF_B_CELL_DIFFERENTIATION",0.223433240797614,0.605139984839142,0.965957446808511,1,29,"ZFP36L2;IL10;MMP14;HMGB3;SFRP1;CARD11;BAD"
"Regulation of Cytoplasmic Pattern Recognition Receptor Signaling Pathway","GOBP_REGULATION_OF_CYTOPLASMIC_PATTERN_RECOGNITION_RECEPTOR_SIGNALING_PATHWAY",0.206149996535787,0.6868784822099,0.980140186915888,1,110,"CASR;PTPRS;ZDHHC1;GRAMD4;KCNK6;TRIM11;ZCCHC3;TNFAIP3;SPSB3;TSPAN6;NLRC3"
"Regulation of Dna Recombination","GOBP_REGULATION_OF_DNA_RECOMBINATION",0.212548053060103,0.703637264525251,0.961859356376639,1,104,"TNFSF4;POLQ;PLK1;USP51;IL10;CHEK1;MSH6;MAD2L2;RMI2;ERCC2;KDM1A;HELB;ARID2;BRD8;ZCWPW1;NDFIP1;BLM;RNF126;EXOSC6;RAD51AP1;MORF4L2;WRAP53;TERF2IP;CD40;MSH3;ABL1;KPNA2;KAT5;ANKLE1;YEATS4;ACTB;STAT6;ING3;CREBBP;FANCB"
"Regulation of Dna Templated Transcription Elongation","GOBP_REGULATION_OF_DNA_TEMPLATED_TRANSCRIPTION_ELONGATION",-0.161849647915491,-0.639195063078004,1,1,96,"WDR43;MAP2K1;MED6;INTS10;MED11;MED28;CTNNB1;NCBP2;INTS2"
"Regulation of Double Strand Break Repair via Homologous Recombination","GOBP_REGULATION_OF_DOUBLE_STRAND_BREAK_REPAIR_VIA_HOMOLOGOUS_RECOMBINATION",0.196324211918051,0.610221726029753,0.990990990990991,1,67,"POLQ;PLK1;USP51;CHEK1;MAD2L2;RMI2;KDM1A;HELB;ARID2"
"Regulation of Erythrocyte Differentiation","GOBP_REGULATION_OF_ERYTHROCYTE_DIFFERENTIATION",0.208541908785807,0.611960422606582,0.988204456094364,1,44,"LDB1;HMGB2;ZFP36;CDK6;BRD1;YPEL4;TAL1;KAT7;KLF13"
"Regulation of Immunoglobulin Production","GOBP_REGULATION_OF_IMMUNOGLOBULIN_PRODUCTION",-0.197351191821039,-0.701789566969197,0.974248927038627,1,54,"GPI;SLC15A4;IL33;IL2RG;PARP3;TFRC;CD28;VAMP3;MLH1;MSH2;TMBIM6;GALNT2;XBP1;IL13RA1;IL27RA;PMS2"
"Regulation of Inflammatory Response","GOBP_REGULATION_OF_INFLAMMATORY_RESPONSE",0.208181833509918,0.757493014302318,0.970649895178197,1,325,"WNT5A;TNFSF11;NR4A3;TNFSF4;SEMA7A;PTGIS;CALHM2;IGF1;ADAMTS12;SYT11;IER3;FOXP1;SOCS3;SELE;IFI35;IL10;HPSE;CMKLR1;FYN;LPL;EDNRB;C3;KLF4;TNFAIP3;MDK;NFE2L1;NLRC3;PPP1R13L;PLK2;MGST2;NFATC1;ACP5;AGER;TLR3;CD47;FCGR2B;SOCS5;TMSB4X;DNASE1;PRKAR1B;ELF4;TYRO3;C1QTNF3"
"Regulation of Leukocyte Chemotaxis","GOBP_REGULATION_OF_LEUKOCYTE_CHEMOTAXIS",0.213499599128575,0.685533130395802,0.971357409713574,1,89,"WNT5A;PGF;C5;DUSP1;CMKLR1;THBS1;MDK;GAS6;CSF1;CX3CR1;AKIRIN1;LGALS9;C3AR1"
"Regulation of Lymphocyte Mediated Immunity","GOBP_REGULATION_OF_LYMPHOCYTE_MEDIATED_IMMUNITY",-0.189333296270349,-0.786190974551762,0.968253968253968,1,142,"HLA-G;CCR2;PIK3C3;SLC15A4;B2M;TAP2;HLA-A;PRKAA1;HLA-B;CD46;MICA;ULBP3;CD226;FADD;ZP3;PARP3;TFRC;MAP3K7;IL18R1"
"Regulation of Modification of Synaptic Structure","GOBP_REGULATION_OF_MODIFICATION_OF_SYNAPTIC_STRUCTURE",0.205778475498333,0.484145372551239,0.992378048780488,1,15,"RHOB;AMOT;CTTNBP2;ABL1;ITSN1;CYFIP1"
"Regulation of Mononuclear Cell Migration","GOBP_REGULATION_OF_MONONUCLEAR_CELL_MIGRATION",0.202737348963977,0.672757320704981,0.985798816568047,1,106,"WNT5A;C5;DUSP1;PDGFD;CMKLR1;THBS1;MDK;MMP14;AGER;CD47;GAS6;CSF1;CX3CR1;AKIRIN1;AKT1;LGALS9;C3AR1;ECM1"
"Regulation of Mrna Metabolic Process","GOBP_REGULATION_OF_MRNA_METABOLIC_PROCESS",0.201909024912207,0.728720485393756,0.986214209968187,1,279,"CPEB3;BTG2;FBLL1;ARID5A;TOB1;DCP1B;ZFP36;ZFP36L2;VIM;CNOT10;EIF4ENIF1;TRAF2;CCNL1;TIA1;PAN2;CDK9;DND1;CASC3;SFSWAP;RBM46;SECISBP2;RBM4B;MEX3D;RBM23;RBPMS;RBMX;HNRNPA0;RBM15B;DHX34;FXR2;BARD1;CSTF1;ANGEL2;AXIN2;AKT1;RBM10;FAM76B;E2F1;CCNB1;PCF11;TNRC6B;PATL2;ROCK2;DIS3;SAMD4B;CNOT3;CIRBP;RBM24;CELF6;TNRC6C;MOV10;TNRC6A;HNRNPU;ACIN1;CSTF2T;NANOS1;SNRNP70"
"Regulation of Mrna Processing","GOBP_REGULATION_OF_MRNA_PROCESSING",-0.161612337468384,-0.671607716875471,1,1,129,"PRDX6;SRPK2;C1QBP;RBM47;PRMT5;NPM1;MAGOHB;SAP18;NCBP2;SNRPD3;DHX36;MAGOH;SNRPD2;HNRNPK;SNRPD1;CDC73;SNRPG;THUMPD2;CLP1;WDR77;SRPK1;UPF3A;SNRPB;DHX9;SNRNP200"
"Regulation of Mrna Splicing via Spliceosome","GOBP_REGULATION_OF_MRNA_SPLICING_VIA_SPLICEOSOME",-0.174847236966138,-0.697908326612488,1,1,106,"PRDX6;SRPK2;C1QBP;RBM47;PRMT5;NPM1;SAP18;SNRPD3;MAGOH;SNRPD2;HNRNPK;SNRPD1;SNRPG;THUMPD2;WDR77;SRPK1;UPF3A;SNRPB;SNRNP200"
"Regulation of Myeloid Cell Apoptotic Process","GOBP_REGULATION_OF_MYELOID_CELL_APOPTOTIC_PROCESS",-0.199502412880152,-0.592880772757626,0.984615384615385,1,23,"HCAR2;MIF;FCAR;NOD2;ANXA1;CLEC5A;SLC7A11"
"Regulation of Nucleobase Containing Compound Transport","GOBP_REGULATION_OF_NUCLEOBASE_CONTAINING_COMPOUND_TRANSPORT",-0.145324289493993,-0.402307387362055,1,1,17,"NUP153;NCBP2;DHX9;THOC2;IWS1;NSUN2"
"Regulation of Pattern Recognition Receptor Signaling Pathway","GOBP_REGULATION_OF_PATTERN_RECOGNITION_RECEPTOR_SIGNALING_PATHWAY",0.212366639385371,0.731352931345046,0.963594994311718,1,158,"CASR;PTPRS;DAB2IP;PIK3R1;IRF1;IFI35;GDI1;ZDHHC1;GRAMD4;KCNK6;TRIM11;ZCCHC3;TNFAIP3;SPSB3;TSPAN6;NLRC3;IRF7;MAVS;TYRO3"
"Regulation of Protein Localization to Cell Surface","GOBP_REGULATION_OF_PROTEIN_LOCALIZATION_TO_CELL_SURFACE",0.213416509804162,0.604601045399716,0.986376021798365,1,38,"GPM6B;ABCA12;GOPC;AKT1;RAB11B;TAX1BP3;RIC3;EPHB2;TOR1A;PICALM;RAB11FIP5;MAP1A;GPD1L;BDNF"
"Regulation of Rna Splicing","GOBP_REGULATION_OF_RNA_SPLICING",-0.15425286591026,-0.657682566646165,1,1,169,"PRDX6;SRPK2;MBNL1;C1QBP;RBM47;MBNL2;PRMT5;HNRNPF;NPM1;HABP4;RPS13;HNRNPH2;ERN1;SAP18;SNRPD3;SUPT3H;MAGOH;SF3B5;GRSF1;SNRPD2;HNRNPK;SNRPD1;SNRPG;THUMPD2;TMBIM6;WDR77;ATXN7;SRPK1;TAF12;UPF3A;FASTK;SNRPB"
"Regulation of Superoxide Anion Generation","GOBP_REGULATION_OF_SUPEROXIDE_ANION_GENERATION",0.153276710596646,0.391158985293416,0.998520710059172,1,21,"ACP5;AGT;CRP;ELAVL1"
"Regulation of Superoxide Metabolic Process","GOBP_REGULATION_OF_SUPEROXIDE_METABOLIC_PROCESS",-0.148542499616618,-0.466139969373842,0.996632996632997,1,29,"GSTP1;SHC1;BST1;SOD1;CLEC7A;PRKCD;CD177;APP"
"Regulation of t Cell Receptor Signaling Pathway","GOBP_REGULATION_OF_T_CELL_RECEPTOR_SIGNALING_PATHWAY",0.189940891966113,0.570897318457905,0.98961038961039,1,52,"PAWR;FYN;DGKZ;PRKD2;CBLB;IKBKG"
"Regulation of Vasculogenesis","GOBP_REGULATION_OF_VASCULOGENESIS",0.243971844132045,0.574004832542745,0.960365853658537,1,15,"RRAS;CEACAM1;RIN2;KDR;HEY2;RAPGEF2;CD34;RTN4"
"Regulatory Ncrna Processing","GOBP_REGULATORY_NCRNA_PROCESSING",0.188420157571804,0.566326511304105,0.990909090909091,1,52,"SMAD1;MOV10L1;TDRD12;PIWIL3;LIN28A;GPAT2;TNRC6B;DGCR8;PUS10;TNRC6C;TNRC6A"
"Rescue of Stalled Ribosome","GOBP_RESCUE_OF_STALLED_RIBOSOME",-0.189888490162898,-0.586784497076988,0.986885245901639,1,27,"HBS1L;LTN1;ABCE1;KLHDC10;VCP;EIF4E2;RNF14;UFSP2;NPLOC4;USP10;TRNT1"
"Response to Acidic Ph","GOBP_RESPONSE_TO_ACIDIC_PH",-0.214119390942872,-0.576698387994128,0.973988439306358,1,15,"KCNK1"
"Response to Interferon Alpha","GOBP_RESPONSE_TO_INTERFERON_ALPHA",0.183171733675917,0.455635907971474,0.996992481203008,1,19,"AXL;GAS6"
"Response to Interferon Beta","GOBP_RESPONSE_TO_INTERFERON_BETA",-0.170993639796334,-0.538811259891833,0.996503496503496,1,31,"IFITM1;CALM1;GPR146;BST2;AIM2;IFNAR1;NDUFA13;PNPT1;TRAF3IP3;STAT1;CDC34;DDX41;IFNAR2"
"Response to Ph","GOBP_RESPONSE_TO_PH",0.185433835551221,0.475718663197962,0.99554234769688,1,22,"PKD1L3;RAB11B;GNA11;TRPV1;CLCN7;RAB11FIP5;MCOLN1;LGMN"
"Response to Tumor Cell","GOBP_RESPONSE_TO_TUMOR_CELL",0.203478785372696,0.592221239987645,0.990740740740741,1,42,"DAPK1"
"Response to Virus","GOBP_RESPONSE_TO_VIRUS",-0.184519870818771,-0.852048995685252,1,1,334,"BNIP3;APOBEC3G;ENO1;DUOX2;PSMA2;AP1S1;IFNE;CXADR;C1QBP;VAPB;TRIM35;AZI2;CCT5;IL33;CALR;IFIH1;NMB;EIF2AK4;G3BP1;EIF5A;MICA;GPAM;FADD;DDX1;IRAK3;DHX15;APOBEC3C;HYAL3;NMI;TRIM22;PIM2;UNC13D;IFNGR2;DHX36;USP27X;RPS15A;ITGAX;SERINC3;LGALS8;RPSA;GBP5;USP18;IFITM1;POLR3G;ARF1;IFIT2;MLKL;HSP90AA1;IFNGR1;USP7;ZMPSTE24;GPR146;EPG5;SMAD3;BST2;DDX21;DDX60L;POLR3B;AIM2;TRIM65;TRIM25;TANK;TLR2;POLR3H;IFNAR1;IL10RB"
"Rna Polymerase Ii Preinitiation Complex Assembly","GOBP_RNA_POLYMERASE_II_PREINITIATION_COMPLEX_ASSEMBLY",0.17747989265129,0.538241458316763,0.997422680412371,1,56,"TAF11;TP53;MED14;ESR1;TAF3;TBP;DRAP1;MED29;TAF8;GTF2A1;CREB1;TAF10;GTF2E1;HMGB1;MED26"
"Rna Splicing","GOBP_RNA_SPLICING",0.128772950608356,0.47453740889772,1,1,412,"SNRPN;PRPF40B;DNAJC17;ARVCF;NONO;PIK3R1;ILDR2;TADA3;SF3A2;CLASRP;CCNL1;TIA1;PPWD1;PRX;CASC3;SFSWAP;ESRP2;IVNS1ABP;AKAP8L;AFF2;RBM4B;CWF19L2;ZCCHC8;PSIP1;RBM23;ARMC7;RBPMS;RBMX;POLR2A;ATXN7L3;RBM15B;SCAF1;XAB2;PPP1R9B;TADA1;ANGEL2;THOC6;GPKOW;RBM10;CLK3;RALY;WT1;LUC7L2;BUD13;HNRNPUL1;PRMT7;PRPF6;SLC38A2;SF1;DHX16;BUD31;SART1;CDK13;CLK2;IK;CIRBP;RBM24;CELF6;RBM6;HNRNPU;LUC7L;RBM12;PPIL4;ACIN1;RPUSD4;SNRNP70;DHX38"
"Rna Splicing via Transesterification Reactions","GOBP_RNA_SPLICING_VIA_TRANSESTERIFICATION_REACTIONS",-0.14695440658917,-0.676049305812578,1,1,302,"RBM3;PRDX6;NOL3;CTNNBL1;SRPK2;C1QBP;SNRNP40;RBM47;PRMT5;UBL5;HNRNPF;PPIE;NPM1;SNIP1;TXNL4A;DDX1;DHX15;MAGOHB;AQR;SAP18;NCBP2;SNRPD3;MAGOH;LSM1;SF3B5;CWC15;SNRPD2;HNRNPK;USP39;RNU6ATAC;SNRPD1;CDC40;SNRPA1;SNRPG;LSM4;TGS1;RBM44;SYNCRIP;USP4;THUMPD2;CWF19L1;WDR77;SNRPB2;SRPK1;UPF3A;ZC3H14;PHF5A;SNRPB;SNRNP25;DHX9;SNRNP48;GEMIN6;SNRNP200;LSM5;WDR70;SNRPC;CIR1;PPIL1;SAP30BP;USP49;U2AF1;SF3B3;FRG1;RNU2-1"
"Snare Complex Assembly","GOBP_SNARE_COMPLEX_ASSEMBLY",0.192206502281824,0.485950233559479,0.99261447562777,1,20,"VPS8;UVRAG"
"Stress Granule Assembly","GOBP_STRESS_GRANULE_ASSEMBLY",0.196778665734821,0.545283944030909,0.991769547325103,1,33,"ANG;TIA1;BICD1;CIRBP;PRKAA2;DDX3X;FMR1;UBAP2L;LSM14A"
"Symbiont Entry into Host","GOBP_SYMBIONT_ENTRY_INTO_HOST",0.199883151120901,0.663622323861863,0.990532544378698,1,105,"CLEC4M;NRP1;ITGB5;INSR;SLC10A1;CDK1;TRIM11;AXL;UVRAG;EGFR;GAS6;TYRO3;LGALS9;DAG1;EFNB3;EXOC2;SCARB2;WWP2;TRIM62;SLC20A2"
"Transcription Preinitiation Complex Assembly","GOBP_TRANSCRIPTION_PREINITIATION_COMPLEX_ASSEMBLY",-0.199024024486907,-0.732961159524903,0.963636363636364,1,68,"BRF2;MED6;RRN3;TAF4B;MED11;PSMC6;MED28"
"Trna Wobble Base Modification","GOBP_TRNA_WOBBLE_BASE_MODIFICATION",-0.192647210961966,-0.566195378942497,0.990881458966565,1,22,"ADAT2;TRMU;ELP3;NAT10;SLC35F2;ALKBH8"
"Tumor Necrosis Factor Mediated Signaling Pathway","GOBP_TUMOR_NECROSIS_FACTOR_MEDIATED_SIGNALING_PATHWAY",0.213711158599346,0.707487708639908,0.958283671036949,1,104,"TNFSF11;KRT18;DAB2IP;KRT8;TRAF2;NKIRAS2;TP53;TNFAIP3;CLDN18;ULK1;TMSB4X;GAS6;EXT1;SPPL2B"
"Type i Interferon Production","GOBP_TYPE_I_INTERFERON_PRODUCTION",0.182641427987264,0.611176215828297,0.998812351543943,1,120,"PTPRS;DTX4;HMGB2;IRF1;IL10;PPM1B;ZCCHC3;ZBTB20;NLRC3;TLR3;IRF7;MAVS"
"Ubiquitin Dependent Protein Catabolic Process via the Multivesicular Body Sorting Pathway","GOBP_UBIQUITIN_DEPENDENT_PROTEIN_CATABOLIC_PROCESS_VIA_THE_MULTIVESICULAR_BODY_SORTING_PATHWAY",0.168851690922288,0.465306189222419,0.998611111111111,1,32,"CHMP4C;VPS36;CHMP1B;HGS;RNF126;PTPN23;VPS37B;TSG101"
"Vesicle Localization","GOBP_VESICLE_LOCALIZATION",0.195845098165393,0.684605315387873,0.991061452513966,1,185,"ATP9A;SYT11;PCDH17;SHROOM2;LIN7B;RAB3A;STARD3;MYO1C;SYNDIG1;BRSK1;KIF1A;TESK1;BSN;DNM3;BTBD8;IKBKG;SYT1;MYO5C;CLASP1;SMPD3;DTNBP1;KIF5C;SYN3;KIFC2;SYN1;EXOC2;RAB11B;KIF1C;DCTN2;DCTN1;CDH2;GPR143;EXOC6;MYO5A;KIF16B"
"Vesicle Mediated Transport to the Plasma Membrane","GOBP_VESICLE_MEDIATED_TRANSPORT_TO_THE_PLASMA_MEMBRANE",0.199654348645987,0.685458875782546,0.978359908883827,1,147,"ATP9A;RAB3IP;LLGL2;KRT18;ANK3;ARHGAP44;WASH3P;GOPC;WIPF3;MICALL2;CMTM6;VPS52;NDRG4;GRIPAP1"
"Vesicle Tethering","GOBP_VESICLE_TETHERING",-0.176017483035403,-0.550863704744094,0.993421052631579,1,28,"TRAPPC3;TBC1D23;EXOC6B;C17orf75;TRAPPC5;TRAPPC2L;EXOC5;TRAPPC8"
"Viral Budding","GOBP_VIRAL_BUDDING",-0.168618107556161,-0.495573192197295,1,1,22,"VPS37A;VPS37D;CHMP2A;CHMP1A;CHMP2B;VPS4B;MITD1;NEDD4;CHMP7;CHMP5;CHMP4B;PDCD6IP;CHMP4A;CHMP6;LRSAM1;VPS4A;VPS37C;VPS28;TSG101;VPS37B;CHMP1B;CHMP4C"
"Visual Behavior","GOBP_VISUAL_BEHAVIOR",0.213786630369461,0.617399075683579,0.979946524064171,1,41,"NDRG4;SYNGAP1;TUBA1A;CTNS;CHRNB2;RAG1;LRRN4;DYNLRB1;GRIN2A;BRAF;CREB1;PIAS1;KRAS;PDE1B;RGS14;MECP2;PDE8B"
